{
  "document": "D:/Projetos/PIRA_KG/documents/onu_85097552901.txt",
  "entities": {
    "NE-CITY-Atlanta": "Atlanta",
    "d8cfb4de-70be-467f-985d-1b6570de040d-oil-5-field-6": "oil field",
    "d8cfb4de-70be-467f-985d-1b6570de040d-post-salt-4": "post-salt",
    "NE-LOCATION-Basin": "Basin",
    "NE-CITY-Santos": "Santos",
    "NE-CITY-Rio-de-Janeiro": "Rio de Janeiro",
    "NE-COUNTRY-Brazil": "Brazil",
    "d8cfb4de-70be-467f-985d-1b6570de040d-offshore-8": "offshore",
    "d8cfb4de-70be-467f-985d-1b6570de040d-post-salt-4-located-7": "post-salt located",
    "d8cfb4de-70be-467f-985d-1b6570de040d-heavy-10-oil-13": "heavy oil",
    "d8cfb4de-70be-467f-985d-1b6570de040d-reservoir-22-conditions-23": "reservoir conditions",
    "d8cfb4de-70be-467f-985d-1b6570de040d-paper-2": "paper",
    "d8cfb4de-70be-467f-985d-1b6570de040d-performance-5": "performance",
    "d8cfb4de-70be-467f-985d-1b6570de040d-ESP-8-system-9": "ESP system",
    "d8cfb4de-70be-467f-985d-1b6570de040d-production-9-method-10": "production method",
    "d8cfb4de-70be-467f-985d-1b6570de040d-backup-17-one-18": "backup one",
    "d8cfb4de-70be-467f-985d-1b6570de040d-main-8": "main",
    "d8cfb4de-70be-467f-985d-1b6570de040d-well-4-ESP-5": "well ESP",
    "d8cfb4de-70be-467f-985d-1b6570de040d-mudline-12-ESP-13-boosting-14": "mudline ESP boosting",
    "d8cfb4de-70be-467f-985d-1b6570de040d-concepts-2": "concepts",
    "d8cfb4de-70be-467f-985d-1b6570de040d-artificial-7-lift-8-solutions-9": "artificial lift solutions",
    "d8cfb4de-70be-467f-985d-1b6570de040d-to-4": "to",
    "d8cfb4de-70be-467f-985d-1b6570de040d-flowing-13": "flowing",
    "d8cfb4de-70be-467f-985d-1b6570de040d-effective-6": "effective",
    "d8cfb4de-70be-467f-985d-1b6570de040d-conditions-14": "conditions",
    "d8cfb4de-70be-467f-985d-1b6570de040d-harsh-12": "harsh",
    "d8cfb4de-70be-467f-985d-1b6570de040d-capsule-10": "capsule",
    "d8cfb4de-70be-467f-985d-1b6570de040d-installed-7": "installed",
    "d8cfb4de-70be-467f-985d-1b6570de040d-mudline-2-ESP-3": "mudline ESP",
    "d8cfb4de-70be-467f-985d-1b6570de040d-production-12-method-13": "production method",
    "d8cfb4de-70be-467f-985d-1b6570de040d-ESP-20": "ESP",
    "d8cfb4de-70be-467f-985d-1b6570de040d-boosting-4": "boosting",
    "d8cfb4de-70be-467f-985d-1b6570de040d-case-15": "case",
    "d8cfb4de-70be-467f-985d-1b6570de040d-well-19": "well",
    "d8cfb4de-70be-467f-985d-1b6570de040d-main-11": "main",
    "d8cfb4de-70be-467f-985d-1b6570de040d-available-7": "available",
    "d8cfb4de-70be-467f-985d-1b6570de040d-readily-6": "readily",
    "d8cfb4de-70be-467f-985d-1b6570de040d-solutions-7": "solutions",
    "d8cfb4de-70be-467f-985d-1b6570de040d-successful-12": "successful",
    "d8cfb4de-70be-467f-985d-1b6570de040d-to-10": "to",
    "d8cfb4de-70be-467f-985d-1b6570de040d-challenges-5": "challenges",
    "d8cfb4de-70be-467f-985d-1b6570de040d-production-5-monitoring-6": "production monitoring",
    "d8cfb4de-70be-467f-985d-1b6570de040d-system-11-modeling-12": "system modeling",
    "d8cfb4de-70be-467f-985d-1b6570de040d-factors-9": "factors",
    "d8cfb4de-70be-467f-985d-1b6570de040d-key-8": "key",
    "d8cfb4de-70be-467f-985d-1b6570de040d-Software-1-simulations-2": "Software simulations",
    "d8cfb4de-70be-467f-985d-1b6570de040d-continuous-4": "continuous",
    "d8cfb4de-70be-467f-985d-1b6570de040d-step-24": "step",
    "d8cfb4de-70be-467f-985d-1b6570de040d-ultra-deepwater-27-production-28-system-29-boundaries-30": "ultra-deepwater production system boundaries",
    "d8cfb4de-70be-467f-985d-1b6570de040d-production-2-periods-3": "production periods",
    "d8cfb4de-70be-467f-985d-1b6570de040d-characteristics-11": "characteristics",
    "d8cfb4de-70be-467f-985d-1b6570de040d-Two-1": "Two",
    "d8cfb4de-70be-467f-985d-1b6570de040d-distinct-8": "distinct",
    "d8cfb4de-70be-467f-985d-1b6570de040d-very-7": "very",
    "d8cfb4de-70be-467f-985d-1b6570de040d-presented-5": "presented"
  },
  "graph": [
    {
      "subject_id": "NE-CITY-Atlanta",
      "relation": "is",
      "object_id": "d8cfb4de-70be-467f-985d-1b6570de040d-oil-5-field-6"
    },
    {
      "subject_id": "d8cfb4de-70be-467f-985d-1b6570de040d-oil-5-field-6",
      "relation": "is",
      "object_id": "d8cfb4de-70be-467f-985d-1b6570de040d-post-salt-4"
    },
    {
      "subject_id": "d8cfb4de-70be-467f-985d-1b6570de040d-oil-5-field-6",
      "relation": "located Brazil in",
      "object_id": "NE-LOCATION-Basin"
    },
    {
      "subject_id": "NE-LOCATION-Basin",
      "relation": "of",
      "object_id": "NE-CITY-Santos"
    },
    {
      "subject_id": "d8cfb4de-70be-467f-985d-1b6570de040d-oil-5-field-6",
      "relation": "located offshore Brazil in",
      "object_id": "NE-LOCATION-Basin"
    },
    {
      "subject_id": "d8cfb4de-70be-467f-985d-1b6570de040d-oil-5-field-6",
      "relation": "southeast of",
      "object_id": "NE-CITY-Rio-de-Janeiro"
    },
    {
      "subject_id": "d8cfb4de-70be-467f-985d-1b6570de040d-oil-5-field-6",
      "relation": "located",
      "object_id": "NE-COUNTRY-Brazil"
    },
    {
      "subject_id": "NE-COUNTRY-Brazil",
      "relation": "at",
      "object_id": "d8cfb4de-70be-467f-985d-1b6570de040d-offshore-8"
    },
    {
      "subject_id": "NE-CITY-Atlanta",
      "relation": "is",
      "object_id": "d8cfb4de-70be-467f-985d-1b6570de040d-post-salt-4-located-7"
    },
    {
      "subject_id": "NE-LOCATION-Basin",
      "relation": "is in",
      "object_id": "NE-CITY-Santos"
    },
    {
      "subject_id": "d8cfb4de-70be-467f-985d-1b6570de040d-heavy-10-oil-13",
      "relation": "API at",
      "object_id": "d8cfb4de-70be-467f-985d-1b6570de040d-reservoir-22-conditions-23"
    },
    {
      "subject_id": "d8cfb4de-70be-467f-985d-1b6570de040d-paper-2",
      "relation": "discusses",
      "object_id": "d8cfb4de-70be-467f-985d-1b6570de040d-performance-5"
    },
    {
      "subject_id": "d8cfb4de-70be-467f-985d-1b6570de040d-performance-5",
      "relation": "of",
      "object_id": "d8cfb4de-70be-467f-985d-1b6570de040d-ESP-8-system-9"
    },
    {
      "subject_id": "d8cfb4de-70be-467f-985d-1b6570de040d-production-9-method-10",
      "relation": "is",
      "object_id": "d8cfb4de-70be-467f-985d-1b6570de040d-backup-17-one-18"
    },
    {
      "subject_id": "d8cfb4de-70be-467f-985d-1b6570de040d-production-9-method-10",
      "relation": "is",
      "object_id": "d8cfb4de-70be-467f-985d-1b6570de040d-main-8"
    },
    {
      "subject_id": "d8cfb4de-70be-467f-985d-1b6570de040d-well-4-ESP-5",
      "relation": "is",
      "object_id": "d8cfb4de-70be-467f-985d-1b6570de040d-production-9-method-10"
    },
    {
      "subject_id": "d8cfb4de-70be-467f-985d-1b6570de040d-mudline-12-ESP-13-boosting-14",
      "relation": "is",
      "object_id": "d8cfb4de-70be-467f-985d-1b6570de040d-backup-17-one-18"
    },
    {
      "subject_id": "d8cfb4de-70be-467f-985d-1b6570de040d-concepts-2",
      "relation": "proved",
      "object_id": "d8cfb4de-70be-467f-985d-1b6570de040d-artificial-7-lift-8-solutions-9"
    },
    {
      "subject_id": "d8cfb4de-70be-467f-985d-1b6570de040d-concepts-2",
      "relation": "be",
      "object_id": "d8cfb4de-70be-467f-985d-1b6570de040d-artificial-7-lift-8-solutions-9"
    },
    {
      "subject_id": "d8cfb4de-70be-467f-985d-1b6570de040d-artificial-7-lift-8-solutions-9",
      "relation": "mark",
      "object_id": "d8cfb4de-70be-467f-985d-1b6570de040d-to-4"
    },
    {
      "subject_id": "d8cfb4de-70be-467f-985d-1b6570de040d-artificial-7-lift-8-solutions-9",
      "relation": "is",
      "object_id": "d8cfb4de-70be-467f-985d-1b6570de040d-flowing-13"
    },
    {
      "subject_id": "d8cfb4de-70be-467f-985d-1b6570de040d-artificial-7-lift-8-solutions-9",
      "relation": "is",
      "object_id": "d8cfb4de-70be-467f-985d-1b6570de040d-effective-6"
    },
    {
      "subject_id": "d8cfb4de-70be-467f-985d-1b6570de040d-artificial-7-lift-8-solutions-9",
      "relation": "of",
      "object_id": "d8cfb4de-70be-467f-985d-1b6570de040d-conditions-14"
    },
    {
      "subject_id": "d8cfb4de-70be-467f-985d-1b6570de040d-artificial-7-lift-8-solutions-9",
      "relation": "is",
      "object_id": "d8cfb4de-70be-467f-985d-1b6570de040d-harsh-12"
    },
    {
      "subject_id": "d8cfb4de-70be-467f-985d-1b6570de040d-well-4-ESP-5",
      "relation": "is installed inside",
      "object_id": "d8cfb4de-70be-467f-985d-1b6570de040d-capsule-10"
    },
    {
      "subject_id": "d8cfb4de-70be-467f-985d-1b6570de040d-well-4-ESP-5",
      "relation": "is",
      "object_id": "d8cfb4de-70be-467f-985d-1b6570de040d-installed-7"
    },
    {
      "subject_id": "d8cfb4de-70be-467f-985d-1b6570de040d-mudline-2-ESP-3",
      "relation": "become",
      "object_id": "d8cfb4de-70be-467f-985d-1b6570de040d-production-12-method-13"
    },
    {
      "subject_id": "d8cfb4de-70be-467f-985d-1b6570de040d-production-12-method-13",
      "relation": "at",
      "object_id": "d8cfb4de-70be-467f-985d-1b6570de040d-ESP-20"
    },
    {
      "subject_id": "d8cfb4de-70be-467f-985d-1b6570de040d-mudline-2-ESP-3",
      "relation": "is",
      "object_id": "d8cfb4de-70be-467f-985d-1b6570de040d-boosting-4"
    },
    {
      "subject_id": "d8cfb4de-70be-467f-985d-1b6570de040d-production-12-method-13",
      "relation": "at",
      "object_id": "d8cfb4de-70be-467f-985d-1b6570de040d-case-15"
    },
    {
      "subject_id": "d8cfb4de-70be-467f-985d-1b6570de040d-production-12-method-13",
      "relation": "fails in",
      "object_id": "d8cfb4de-70be-467f-985d-1b6570de040d-well-19"
    },
    {
      "subject_id": "d8cfb4de-70be-467f-985d-1b6570de040d-production-12-method-13",
      "relation": "is",
      "object_id": "d8cfb4de-70be-467f-985d-1b6570de040d-main-11"
    },
    {
      "subject_id": "d8cfb4de-70be-467f-985d-1b6570de040d-mudline-2-ESP-3",
      "relation": "become",
      "object_id": "d8cfb4de-70be-467f-985d-1b6570de040d-ESP-20"
    },
    {
      "subject_id": "d8cfb4de-70be-467f-985d-1b6570de040d-mudline-2-ESP-3",
      "relation": "is",
      "object_id": "d8cfb4de-70be-467f-985d-1b6570de040d-available-7"
    },
    {
      "subject_id": "d8cfb4de-70be-467f-985d-1b6570de040d-ESP-20",
      "relation": "fails in",
      "object_id": "d8cfb4de-70be-467f-985d-1b6570de040d-well-19"
    },
    {
      "subject_id": "d8cfb4de-70be-467f-985d-1b6570de040d-ESP-20",
      "relation": "at",
      "object_id": "d8cfb4de-70be-467f-985d-1b6570de040d-case-15"
    },
    {
      "subject_id": "d8cfb4de-70be-467f-985d-1b6570de040d-available-7",
      "relation": "at",
      "object_id": "d8cfb4de-70be-467f-985d-1b6570de040d-readily-6"
    },
    {
      "subject_id": "d8cfb4de-70be-467f-985d-1b6570de040d-ESP-20",
      "relation": "at",
      "object_id": "d8cfb4de-70be-467f-985d-1b6570de040d-well-19"
    },
    {
      "subject_id": "d8cfb4de-70be-467f-985d-1b6570de040d-production-12-method-13",
      "relation": "at",
      "object_id": "d8cfb4de-70be-467f-985d-1b6570de040d-well-19"
    },
    {
      "subject_id": "d8cfb4de-70be-467f-985d-1b6570de040d-ESP-20",
      "relation": "fails in",
      "object_id": "d8cfb4de-70be-467f-985d-1b6570de040d-case-15"
    },
    {
      "subject_id": "d8cfb4de-70be-467f-985d-1b6570de040d-production-12-method-13",
      "relation": "fails in",
      "object_id": "d8cfb4de-70be-467f-985d-1b6570de040d-case-15"
    },
    {
      "subject_id": "d8cfb4de-70be-467f-985d-1b6570de040d-solutions-7",
      "relation": "proved",
      "object_id": "d8cfb4de-70be-467f-985d-1b6570de040d-successful-12"
    },
    {
      "subject_id": "d8cfb4de-70be-467f-985d-1b6570de040d-successful-12",
      "relation": "mark",
      "object_id": "d8cfb4de-70be-467f-985d-1b6570de040d-to-10"
    },
    {
      "subject_id": "d8cfb4de-70be-467f-985d-1b6570de040d-paper-2",
      "relation": "discusses",
      "object_id": "d8cfb4de-70be-467f-985d-1b6570de040d-challenges-5"
    },
    {
      "subject_id": "d8cfb4de-70be-467f-985d-1b6570de040d-production-5-monitoring-6",
      "relation": "were factors for",
      "object_id": "d8cfb4de-70be-467f-985d-1b6570de040d-system-11-modeling-12"
    },
    {
      "subject_id": "d8cfb4de-70be-467f-985d-1b6570de040d-production-5-monitoring-6",
      "relation": "were",
      "object_id": "d8cfb4de-70be-467f-985d-1b6570de040d-factors-9"
    },
    {
      "subject_id": "d8cfb4de-70be-467f-985d-1b6570de040d-factors-9",
      "relation": "is",
      "object_id": "d8cfb4de-70be-467f-985d-1b6570de040d-key-8"
    },
    {
      "subject_id": "d8cfb4de-70be-467f-985d-1b6570de040d-Software-1-simulations-2",
      "relation": "were",
      "object_id": "d8cfb4de-70be-467f-985d-1b6570de040d-factors-9"
    },
    {
      "subject_id": "d8cfb4de-70be-467f-985d-1b6570de040d-Software-1-simulations-2",
      "relation": "were key factors for",
      "object_id": "d8cfb4de-70be-467f-985d-1b6570de040d-system-11-modeling-12"
    },
    {
      "subject_id": "d8cfb4de-70be-467f-985d-1b6570de040d-factors-9",
      "relation": "of",
      "object_id": "d8cfb4de-70be-467f-985d-1b6570de040d-system-11-modeling-12"
    },
    {
      "subject_id": "d8cfb4de-70be-467f-985d-1b6570de040d-production-5-monitoring-6",
      "relation": "is",
      "object_id": "d8cfb4de-70be-467f-985d-1b6570de040d-continuous-4"
    },
    {
      "subject_id": "d8cfb4de-70be-467f-985d-1b6570de040d-production-5-monitoring-6",
      "relation": "were key factors for",
      "object_id": "d8cfb4de-70be-467f-985d-1b6570de040d-system-11-modeling-12"
    },
    {
      "subject_id": "d8cfb4de-70be-467f-985d-1b6570de040d-Software-1-simulations-2",
      "relation": "were factors for",
      "object_id": "d8cfb4de-70be-467f-985d-1b6570de040d-system-11-modeling-12"
    },
    {
      "subject_id": "d8cfb4de-70be-467f-985d-1b6570de040d-step-24",
      "relation": "is in",
      "object_id": "d8cfb4de-70be-467f-985d-1b6570de040d-ultra-deepwater-27-production-28-system-29-boundaries-30"
    },
    {
      "subject_id": "d8cfb4de-70be-467f-985d-1b6570de040d-production-2-periods-3",
      "relation": "are presented with",
      "object_id": "d8cfb4de-70be-467f-985d-1b6570de040d-characteristics-11"
    },
    {
      "subject_id": "d8cfb4de-70be-467f-985d-1b6570de040d-production-2-periods-3",
      "relation": "amount to",
      "object_id": "d8cfb4de-70be-467f-985d-1b6570de040d-Two-1"
    },
    {
      "subject_id": "d8cfb4de-70be-467f-985d-1b6570de040d-characteristics-11",
      "relation": "is",
      "object_id": "d8cfb4de-70be-467f-985d-1b6570de040d-distinct-8"
    },
    {
      "subject_id": "d8cfb4de-70be-467f-985d-1b6570de040d-characteristics-11",
      "relation": "at",
      "object_id": "d8cfb4de-70be-467f-985d-1b6570de040d-very-7"
    },
    {
      "subject_id": "d8cfb4de-70be-467f-985d-1b6570de040d-production-2-periods-3",
      "relation": "are",
      "object_id": "d8cfb4de-70be-467f-985d-1b6570de040d-presented-5"
    }
  ],
  "links": {
    "NE-CITY-Atlanta": [],
    "d8cfb4de-70be-467f-985d-1b6570de040d-oil-5-field-6": [],
    "d8cfb4de-70be-467f-985d-1b6570de040d-post-salt-4": [],
    "NE-LOCATION-Basin": [],
    "NE-CITY-Santos": [],
    "NE-CITY-Rio-de-Janeiro": [],
    "NE-COUNTRY-Brazil": [],
    "d8cfb4de-70be-467f-985d-1b6570de040d-offshore-8": [],
    "d8cfb4de-70be-467f-985d-1b6570de040d-post-salt-4-located-7": [],
    "d8cfb4de-70be-467f-985d-1b6570de040d-heavy-10-oil-13": [],
    "d8cfb4de-70be-467f-985d-1b6570de040d-reservoir-22-conditions-23": [],
    "d8cfb4de-70be-467f-985d-1b6570de040d-paper-2": [],
    "d8cfb4de-70be-467f-985d-1b6570de040d-performance-5": [],
    "d8cfb4de-70be-467f-985d-1b6570de040d-ESP-8-system-9": [],
    "d8cfb4de-70be-467f-985d-1b6570de040d-production-9-method-10": [
      "d8cfb4de-70be-467f-985d-1b6570de040d-production-12-method-13"
    ],
    "d8cfb4de-70be-467f-985d-1b6570de040d-backup-17-one-18": [],
    "d8cfb4de-70be-467f-985d-1b6570de040d-main-8": [
      "d8cfb4de-70be-467f-985d-1b6570de040d-main-11"
    ],
    "d8cfb4de-70be-467f-985d-1b6570de040d-well-4-ESP-5": [],
    "d8cfb4de-70be-467f-985d-1b6570de040d-mudline-12-ESP-13-boosting-14": [],
    "d8cfb4de-70be-467f-985d-1b6570de040d-concepts-2": [],
    "d8cfb4de-70be-467f-985d-1b6570de040d-artificial-7-lift-8-solutions-9": [],
    "d8cfb4de-70be-467f-985d-1b6570de040d-to-4": [],
    "d8cfb4de-70be-467f-985d-1b6570de040d-flowing-13": [],
    "d8cfb4de-70be-467f-985d-1b6570de040d-effective-6": [],
    "d8cfb4de-70be-467f-985d-1b6570de040d-conditions-14": [],
    "d8cfb4de-70be-467f-985d-1b6570de040d-harsh-12": [],
    "d8cfb4de-70be-467f-985d-1b6570de040d-capsule-10": [],
    "d8cfb4de-70be-467f-985d-1b6570de040d-installed-7": [],
    "d8cfb4de-70be-467f-985d-1b6570de040d-mudline-2-ESP-3": [],
    "d8cfb4de-70be-467f-985d-1b6570de040d-production-12-method-13": [
      "d8cfb4de-70be-467f-985d-1b6570de040d-production-9-method-10"
    ],
    "d8cfb4de-70be-467f-985d-1b6570de040d-ESP-20": [],
    "d8cfb4de-70be-467f-985d-1b6570de040d-boosting-4": [],
    "d8cfb4de-70be-467f-985d-1b6570de040d-case-15": [],
    "d8cfb4de-70be-467f-985d-1b6570de040d-well-19": [],
    "d8cfb4de-70be-467f-985d-1b6570de040d-main-11": [
      "d8cfb4de-70be-467f-985d-1b6570de040d-main-8"
    ],
    "d8cfb4de-70be-467f-985d-1b6570de040d-available-7": [],
    "d8cfb4de-70be-467f-985d-1b6570de040d-readily-6": [],
    "d8cfb4de-70be-467f-985d-1b6570de040d-solutions-7": [],
    "d8cfb4de-70be-467f-985d-1b6570de040d-successful-12": [],
    "d8cfb4de-70be-467f-985d-1b6570de040d-to-10": [],
    "d8cfb4de-70be-467f-985d-1b6570de040d-challenges-5": [],
    "d8cfb4de-70be-467f-985d-1b6570de040d-production-5-monitoring-6": [],
    "d8cfb4de-70be-467f-985d-1b6570de040d-system-11-modeling-12": [],
    "d8cfb4de-70be-467f-985d-1b6570de040d-factors-9": [],
    "d8cfb4de-70be-467f-985d-1b6570de040d-key-8": [],
    "d8cfb4de-70be-467f-985d-1b6570de040d-Software-1-simulations-2": [],
    "d8cfb4de-70be-467f-985d-1b6570de040d-continuous-4": [],
    "d8cfb4de-70be-467f-985d-1b6570de040d-step-24": [],
    "d8cfb4de-70be-467f-985d-1b6570de040d-ultra-deepwater-27-production-28-system-29-boundaries-30": [],
    "d8cfb4de-70be-467f-985d-1b6570de040d-production-2-periods-3": [],
    "d8cfb4de-70be-467f-985d-1b6570de040d-characteristics-11": [],
    "d8cfb4de-70be-467f-985d-1b6570de040d-Two-1": [],
    "d8cfb4de-70be-467f-985d-1b6570de040d-distinct-8": [],
    "d8cfb4de-70be-467f-985d-1b6570de040d-very-7": [],
    "d8cfb4de-70be-467f-985d-1b6570de040d-presented-5": []
  }
}