{
  "document": "D:/Projetos/PIRA_KG/documents/onu_85046290497.txt",
  "entities": {
    "35192ccb-675a-4bdd-a038-ce44e68614f3-plankton-30-biostratigraphy-31": "plankton biostratigraphy",
    "35192ccb-675a-4bdd-a038-ce44e68614f3-refined-33": "refined",
    "35192ccb-675a-4bdd-a038-ce44e68614f3-formalization-3": "formalization",
    "35192ccb-675a-4bdd-a038-ce44e68614f3-ocean-37-Deep-38-Sea-39-Drilling-40-Project-41-Ocean-43-Drilling-44-Program-45-sites-46": "ocean Deep Sea Drilling Project Ocean Drilling Program sites",
    "35192ccb-675a-4bdd-a038-ce44e68614f3-calcareous-29": "calcareous",
    "35192ccb-675a-4bdd-a038-ce44e68614f3-base-6": "base",
    "35192ccb-675a-4bdd-a038-ce44e68614f3-Lemme-12-Carrosio-14-section-15": "Lemme Carrosio section",
    "35192ccb-675a-4bdd-a038-ce44e68614f3-Subchron-23-C6Cn-24": "Subchron C6Cn",
    "35192ccb-675a-4bdd-a038-ce44e68614f3-base-21": "base",
    "NE-MISC-Miocene": "Miocene",
    "35192ccb-675a-4bdd-a038-ce44e68614f3-we-3": "we",
    "35192ccb-675a-4bdd-a038-ce44e68614f3-reinvestigation-6": "reinvestigation",
    "NE-LOCATION-Basin": "Basin",
    "NE-CITY-Campos": "Campos",
    "35192ccb-675a-4bdd-a038-ce44e68614f3-4-20-oil-21-wells-22": "4 oil wells",
    "NE-ORGANIZATION-Petróbras-Brasileiro-SA": "Petróbras Brasileiro SA",
    "35192ccb-675a-4bdd-a038-ce44e68614f3-Deep-8-Sea-9-Drilling-10-Project-11-Hole-12-516F-13": "Deep Sea Drilling Project Hole 516F",
    "35192ccb-675a-4bdd-a038-ce44e68614f3-correlation-24": "correlation",
    "35192ccb-675a-4bdd-a038-ce44e68614f3-GPTS-27": "GPTS",
    "35192ccb-675a-4bdd-a038-ce44e68614f3-12-3-foraminiferal-5": "12 foraminiferal",
    "35192ccb-675a-4bdd-a038-ce44e68614f3-planktonic-4": "planktonic",
    "NE-MISC-Sphenolithus-ciperoensis-Top": "Sphenolithus ciperoensis Top",
    "35192ccb-675a-4bdd-a038-ce44e68614f3-events-45": "events",
    "35192ccb-675a-4bdd-a038-ce44e68614f3-scale-49": "scale",
    "35192ccb-675a-4bdd-a038-ce44e68614f3-our-3-results-4": "our results",
    "35192ccb-675a-4bdd-a038-ce44e68614f3-insights-7": "insights",
    "35192ccb-675a-4bdd-a038-ce44e68614f3-global-48": "global",
    "35192ccb-675a-4bdd-a038-ce44e68614f3-major-12": "major",
    "NE-MISC-Sphenolithus-cometa-Base": "Sphenolithus cometa Base",
    "35192ccb-675a-4bdd-a038-ce44e68614f3-Oligocene-18-Miocene-20-transition-21": "Oligocene Miocene transition",
    "35192ccb-675a-4bdd-a038-ce44e68614f3-calcareous-13": "calcareous",
    "35192ccb-675a-4bdd-a038-ce44e68614f3-Bases-55": "Bases",
    "35192ccb-675a-4bdd-a038-ce44e68614f3-study-71-sector-72": "study sector",
    "35192ccb-675a-4bdd-a038-ce44e68614f3-only-68": "only",
    "35192ccb-675a-4bdd-a038-ce44e68614f3-reliable-44": "reliable",
    "35192ccb-675a-4bdd-a038-ce44e68614f3-events-67": "events",
    "35192ccb-675a-4bdd-a038-ce44e68614f3-correlatable-66": "correlatable",
    "35192ccb-675a-4bdd-a038-ce44e68614f3-reliability-10": "reliability",
    "35192ccb-675a-4bdd-a038-ce44e68614f3-new-6": "new",
    "NE-LOCATION-Atlantic-Ocean": "Atlantic Ocean",
    "35192ccb-675a-4bdd-a038-ce44e68614f3-SW-75": "SW",
    "35192ccb-675a-4bdd-a038-ce44e68614f3-plankton-14-events-15": "plankton events"
  },
  "graph": [
    {
      "subject_id": "35192ccb-675a-4bdd-a038-ce44e68614f3-plankton-30-biostratigraphy-31",
      "relation": "was",
      "object_id": "35192ccb-675a-4bdd-a038-ce44e68614f3-refined-33"
    },
    {
      "subject_id": "35192ccb-675a-4bdd-a038-ce44e68614f3-refined-33",
      "relation": "of",
      "object_id": "35192ccb-675a-4bdd-a038-ce44e68614f3-formalization-3"
    },
    {
      "subject_id": "35192ccb-675a-4bdd-a038-ce44e68614f3-plankton-30-biostratigraphy-31",
      "relation": "was refined in",
      "object_id": "35192ccb-675a-4bdd-a038-ce44e68614f3-ocean-37-Deep-38-Sea-39-Drilling-40-Project-41-Ocean-43-Drilling-44-Program-45-sites-46"
    },
    {
      "subject_id": "35192ccb-675a-4bdd-a038-ce44e68614f3-plankton-30-biostratigraphy-31",
      "relation": "is",
      "object_id": "35192ccb-675a-4bdd-a038-ce44e68614f3-calcareous-29"
    },
    {
      "subject_id": "35192ccb-675a-4bdd-a038-ce44e68614f3-base-6",
      "relation": "is in",
      "object_id": "35192ccb-675a-4bdd-a038-ce44e68614f3-Lemme-12-Carrosio-14-section-15"
    },
    {
      "subject_id": "35192ccb-675a-4bdd-a038-ce44e68614f3-plankton-30-biostratigraphy-31",
      "relation": "was refined After",
      "object_id": "35192ccb-675a-4bdd-a038-ce44e68614f3-formalization-3"
    },
    {
      "subject_id": "35192ccb-675a-4bdd-a038-ce44e68614f3-formalization-3",
      "relation": "of",
      "object_id": "35192ccb-675a-4bdd-a038-ce44e68614f3-Lemme-12-Carrosio-14-section-15"
    },
    {
      "subject_id": "35192ccb-675a-4bdd-a038-ce44e68614f3-formalization-3",
      "relation": "of",
      "object_id": "35192ccb-675a-4bdd-a038-ce44e68614f3-Subchron-23-C6Cn-24"
    },
    {
      "subject_id": "35192ccb-675a-4bdd-a038-ce44e68614f3-formalization-3",
      "relation": "of",
      "object_id": "35192ccb-675a-4bdd-a038-ce44e68614f3-base-6"
    },
    {
      "subject_id": "35192ccb-675a-4bdd-a038-ce44e68614f3-formalization-3",
      "relation": "of",
      "object_id": "35192ccb-675a-4bdd-a038-ce44e68614f3-base-21"
    },
    {
      "subject_id": "35192ccb-675a-4bdd-a038-ce44e68614f3-refined-33",
      "relation": "at",
      "object_id": "35192ccb-675a-4bdd-a038-ce44e68614f3-ocean-37-Deep-38-Sea-39-Drilling-40-Project-41-Ocean-43-Drilling-44-Program-45-sites-46"
    },
    {
      "subject_id": "35192ccb-675a-4bdd-a038-ce44e68614f3-refined-33",
      "relation": "at",
      "object_id": "35192ccb-675a-4bdd-a038-ce44e68614f3-formalization-3"
    },
    {
      "subject_id": "35192ccb-675a-4bdd-a038-ce44e68614f3-formalization-3",
      "relation": "of",
      "object_id": "NE-MISC-Miocene"
    },
    {
      "subject_id": "35192ccb-675a-4bdd-a038-ce44e68614f3-we-3",
      "relation": "Here present",
      "object_id": "35192ccb-675a-4bdd-a038-ce44e68614f3-reinvestigation-6"
    },
    {
      "subject_id": "NE-LOCATION-Basin",
      "relation": "is in",
      "object_id": "NE-CITY-Campos"
    },
    {
      "subject_id": "35192ccb-675a-4bdd-a038-ce44e68614f3-4-20-oil-21-wells-22",
      "relation": "drilled by",
      "object_id": "NE-ORGANIZATION-Petróbras-Brasileiro-SA"
    },
    {
      "subject_id": "35192ccb-675a-4bdd-a038-ce44e68614f3-reinvestigation-6",
      "relation": "of",
      "object_id": "35192ccb-675a-4bdd-a038-ce44e68614f3-Deep-8-Sea-9-Drilling-10-Project-11-Hole-12-516F-13"
    },
    {
      "subject_id": "35192ccb-675a-4bdd-a038-ce44e68614f3-we-3",
      "relation": "present",
      "object_id": "35192ccb-675a-4bdd-a038-ce44e68614f3-reinvestigation-6"
    },
    {
      "subject_id": "35192ccb-675a-4bdd-a038-ce44e68614f3-4-20-oil-21-wells-22",
      "relation": "drilled in",
      "object_id": "NE-LOCATION-Basin"
    },
    {
      "subject_id": "NE-LOCATION-Basin",
      "relation": "of",
      "object_id": "NE-CITY-Campos"
    },
    {
      "subject_id": "35192ccb-675a-4bdd-a038-ce44e68614f3-correlation-24",
      "relation": "is with",
      "object_id": "35192ccb-675a-4bdd-a038-ce44e68614f3-GPTS-27"
    },
    {
      "subject_id": "35192ccb-675a-4bdd-a038-ce44e68614f3-we-3",
      "relation": "identified",
      "object_id": "35192ccb-675a-4bdd-a038-ce44e68614f3-12-3-foraminiferal-5"
    },
    {
      "subject_id": "35192ccb-675a-4bdd-a038-ce44e68614f3-12-3-foraminiferal-5",
      "relation": "is",
      "object_id": "35192ccb-675a-4bdd-a038-ce44e68614f3-planktonic-4"
    },
    {
      "subject_id": "NE-MISC-Sphenolithus-ciperoensis-Top",
      "relation": "are",
      "object_id": "35192ccb-675a-4bdd-a038-ce44e68614f3-events-45"
    },
    {
      "subject_id": "35192ccb-675a-4bdd-a038-ce44e68614f3-events-45",
      "relation": "of",
      "object_id": "35192ccb-675a-4bdd-a038-ce44e68614f3-scale-49"
    },
    {
      "subject_id": "35192ccb-675a-4bdd-a038-ce44e68614f3-our-3-results-4",
      "relation": "give",
      "object_id": "35192ccb-675a-4bdd-a038-ce44e68614f3-insights-7"
    },
    {
      "subject_id": "NE-MISC-Sphenolithus-ciperoensis-Top",
      "relation": "are events at",
      "object_id": "35192ccb-675a-4bdd-a038-ce44e68614f3-scale-49"
    },
    {
      "subject_id": "35192ccb-675a-4bdd-a038-ce44e68614f3-scale-49",
      "relation": "is",
      "object_id": "35192ccb-675a-4bdd-a038-ce44e68614f3-global-48"
    },
    {
      "subject_id": "35192ccb-675a-4bdd-a038-ce44e68614f3-our-3-results-4",
      "relation": "Furthermore give",
      "object_id": "35192ccb-675a-4bdd-a038-ce44e68614f3-insights-7"
    },
    {
      "subject_id": "35192ccb-675a-4bdd-a038-ce44e68614f3-insights-7",
      "relation": "is",
      "object_id": "35192ccb-675a-4bdd-a038-ce44e68614f3-major-12"
    },
    {
      "subject_id": "NE-MISC-Sphenolithus-cometa-Base",
      "relation": "are reliable events at",
      "object_id": "35192ccb-675a-4bdd-a038-ce44e68614f3-scale-49"
    },
    {
      "subject_id": "NE-MISC-Sphenolithus-ciperoensis-Top",
      "relation": "are reliable events at",
      "object_id": "35192ccb-675a-4bdd-a038-ce44e68614f3-scale-49"
    },
    {
      "subject_id": "35192ccb-675a-4bdd-a038-ce44e68614f3-insights-7",
      "relation": "of",
      "object_id": "35192ccb-675a-4bdd-a038-ce44e68614f3-Oligocene-18-Miocene-20-transition-21"
    },
    {
      "subject_id": "NE-MISC-Sphenolithus-cometa-Base",
      "relation": "are",
      "object_id": "35192ccb-675a-4bdd-a038-ce44e68614f3-events-45"
    },
    {
      "subject_id": "35192ccb-675a-4bdd-a038-ce44e68614f3-insights-7",
      "relation": "is",
      "object_id": "35192ccb-675a-4bdd-a038-ce44e68614f3-calcareous-13"
    },
    {
      "subject_id": "35192ccb-675a-4bdd-a038-ce44e68614f3-Bases-55",
      "relation": "are correlatable events within",
      "object_id": "35192ccb-675a-4bdd-a038-ce44e68614f3-study-71-sector-72"
    },
    {
      "subject_id": "35192ccb-675a-4bdd-a038-ce44e68614f3-study-71-sector-72",
      "relation": "at",
      "object_id": "35192ccb-675a-4bdd-a038-ce44e68614f3-only-68"
    },
    {
      "subject_id": "35192ccb-675a-4bdd-a038-ce44e68614f3-events-45",
      "relation": "is",
      "object_id": "35192ccb-675a-4bdd-a038-ce44e68614f3-reliable-44"
    },
    {
      "subject_id": "35192ccb-675a-4bdd-a038-ce44e68614f3-Bases-55",
      "relation": "are",
      "object_id": "35192ccb-675a-4bdd-a038-ce44e68614f3-events-67"
    },
    {
      "subject_id": "NE-MISC-Sphenolithus-cometa-Base",
      "relation": "are events at",
      "object_id": "35192ccb-675a-4bdd-a038-ce44e68614f3-scale-49"
    },
    {
      "subject_id": "35192ccb-675a-4bdd-a038-ce44e68614f3-Bases-55",
      "relation": "are events within",
      "object_id": "35192ccb-675a-4bdd-a038-ce44e68614f3-study-71-sector-72"
    },
    {
      "subject_id": "35192ccb-675a-4bdd-a038-ce44e68614f3-events-67",
      "relation": "is",
      "object_id": "35192ccb-675a-4bdd-a038-ce44e68614f3-correlatable-66"
    },
    {
      "subject_id": "35192ccb-675a-4bdd-a038-ce44e68614f3-insights-7",
      "relation": "of",
      "object_id": "35192ccb-675a-4bdd-a038-ce44e68614f3-reliability-10"
    },
    {
      "subject_id": "35192ccb-675a-4bdd-a038-ce44e68614f3-insights-7",
      "relation": "is",
      "object_id": "35192ccb-675a-4bdd-a038-ce44e68614f3-new-6"
    },
    {
      "subject_id": "35192ccb-675a-4bdd-a038-ce44e68614f3-study-71-sector-72",
      "relation": "of",
      "object_id": "NE-LOCATION-Atlantic-Ocean"
    },
    {
      "subject_id": "35192ccb-675a-4bdd-a038-ce44e68614f3-study-71-sector-72",
      "relation": "case",
      "object_id": "35192ccb-675a-4bdd-a038-ce44e68614f3-SW-75"
    },
    {
      "subject_id": "35192ccb-675a-4bdd-a038-ce44e68614f3-insights-7",
      "relation": "of",
      "object_id": "35192ccb-675a-4bdd-a038-ce44e68614f3-plankton-14-events-15"
    }
  ],
  "links": {
    "35192ccb-675a-4bdd-a038-ce44e68614f3-plankton-30-biostratigraphy-31": [],
    "35192ccb-675a-4bdd-a038-ce44e68614f3-refined-33": [],
    "35192ccb-675a-4bdd-a038-ce44e68614f3-formalization-3": [],
    "35192ccb-675a-4bdd-a038-ce44e68614f3-ocean-37-Deep-38-Sea-39-Drilling-40-Project-41-Ocean-43-Drilling-44-Program-45-sites-46": [],
    "35192ccb-675a-4bdd-a038-ce44e68614f3-calcareous-29": [
      "35192ccb-675a-4bdd-a038-ce44e68614f3-calcareous-13"
    ],
    "35192ccb-675a-4bdd-a038-ce44e68614f3-base-6": [],
    "35192ccb-675a-4bdd-a038-ce44e68614f3-Lemme-12-Carrosio-14-section-15": [],
    "35192ccb-675a-4bdd-a038-ce44e68614f3-Subchron-23-C6Cn-24": [],
    "35192ccb-675a-4bdd-a038-ce44e68614f3-base-21": [],
    "NE-MISC-Miocene": [],
    "35192ccb-675a-4bdd-a038-ce44e68614f3-we-3": [],
    "35192ccb-675a-4bdd-a038-ce44e68614f3-reinvestigation-6": [],
    "NE-LOCATION-Basin": [],
    "NE-CITY-Campos": [],
    "35192ccb-675a-4bdd-a038-ce44e68614f3-4-20-oil-21-wells-22": [],
    "NE-ORGANIZATION-Petróbras-Brasileiro-SA": [],
    "35192ccb-675a-4bdd-a038-ce44e68614f3-Deep-8-Sea-9-Drilling-10-Project-11-Hole-12-516F-13": [],
    "35192ccb-675a-4bdd-a038-ce44e68614f3-correlation-24": [],
    "35192ccb-675a-4bdd-a038-ce44e68614f3-GPTS-27": [],
    "35192ccb-675a-4bdd-a038-ce44e68614f3-12-3-foraminiferal-5": [],
    "35192ccb-675a-4bdd-a038-ce44e68614f3-planktonic-4": [],
    "NE-MISC-Sphenolithus-ciperoensis-Top": [],
    "35192ccb-675a-4bdd-a038-ce44e68614f3-events-45": [],
    "35192ccb-675a-4bdd-a038-ce44e68614f3-scale-49": [],
    "35192ccb-675a-4bdd-a038-ce44e68614f3-our-3-results-4": [],
    "35192ccb-675a-4bdd-a038-ce44e68614f3-insights-7": [],
    "35192ccb-675a-4bdd-a038-ce44e68614f3-global-48": [],
    "35192ccb-675a-4bdd-a038-ce44e68614f3-major-12": [],
    "NE-MISC-Sphenolithus-cometa-Base": [],
    "35192ccb-675a-4bdd-a038-ce44e68614f3-Oligocene-18-Miocene-20-transition-21": [],
    "35192ccb-675a-4bdd-a038-ce44e68614f3-calcareous-13": [
      "35192ccb-675a-4bdd-a038-ce44e68614f3-calcareous-29"
    ],
    "35192ccb-675a-4bdd-a038-ce44e68614f3-Bases-55": [],
    "35192ccb-675a-4bdd-a038-ce44e68614f3-study-71-sector-72": [],
    "35192ccb-675a-4bdd-a038-ce44e68614f3-only-68": [],
    "35192ccb-675a-4bdd-a038-ce44e68614f3-reliable-44": [],
    "35192ccb-675a-4bdd-a038-ce44e68614f3-events-67": [],
    "35192ccb-675a-4bdd-a038-ce44e68614f3-correlatable-66": [],
    "35192ccb-675a-4bdd-a038-ce44e68614f3-reliability-10": [],
    "35192ccb-675a-4bdd-a038-ce44e68614f3-new-6": [],
    "NE-LOCATION-Atlantic-Ocean": [],
    "35192ccb-675a-4bdd-a038-ce44e68614f3-SW-75": [],
    "35192ccb-675a-4bdd-a038-ce44e68614f3-plankton-14-events-15": []
  }
}