{
  "document": "D:/Projetos/PIRA_KG/documents/onu_85088799870.txt",
  "entities": {
    "a03ca6d2-0a37-4888-8976-63f43be4ad56-Hybridization-1": "Hybridization",
    "a03ca6d2-0a37-4888-8976-63f43be4ad56-two-12-areas-15": "two areas",
    "a03ca6d2-0a37-4888-8976-63f43be4ad56-nesting-14": "nesting",
    "a03ca6d2-0a37-4888-8976-63f43be4ad56-frequency-10": "frequency",
    "a03ca6d2-0a37-4888-8976-63f43be4ad56-high-9": "high",
    "a03ca6d2-0a37-4888-8976-63f43be4ad56-particularly-8": "particularly",
    "a03ca6d2-0a37-4888-8976-63f43be4ad56-adjacent-13": "adjacent",
    "NE-COUNTRY-Brazil": "Brazil",
    "a03ca6d2-0a37-4888-8976-63f43be4ad56-northeastern-17": "northeastern",
    "a03ca6d2-0a37-4888-8976-63f43be4ad56-extent-20": "extent",
    "a03ca6d2-0a37-4888-8976-63f43be4ad56-hybrid-30-progeny-31": "hybrid progeny",
    "a03ca6d2-0a37-4888-8976-63f43be4ad56-we-15": "we",
    "a03ca6d2-0a37-4888-8976-63f43be4ad56-hybridization-22-occurrence-23": "hybridization occurrence",
    "a03ca6d2-0a37-4888-8976-63f43be4ad56-outcomes-4": "outcomes",
    "a03ca6d2-0a37-4888-8976-63f43be4ad56-hybridization-6": "hybridization",
    "a03ca6d2-0a37-4888-8976-63f43be4ad56-possible-25-deleterious-26-effects-27": "possible deleterious effects",
    "a03ca6d2-0a37-4888-8976-63f43be4ad56-hypothesis-6": "hypothesis",
    "a03ca6d2-0a37-4888-8976-63f43be4ad56-existence-9": "existence",
    "a03ca6d2-0a37-4888-8976-63f43be4ad56-new-12": "new",
    "a03ca6d2-0a37-4888-8976-63f43be4ad56-northeastern-19-coast-20": "northeastern coast",
    "a03ca6d2-0a37-4888-8976-63f43be4ad56-coast-20": "coast",
    "a03ca6d2-0a37-4888-8976-63f43be4ad56-hybrid-13-spot-14": "hybrid spot",
    "a03ca6d2-0a37-4888-8976-63f43be4ad56-offshore-15": "offshore",
    "NE-LOCATION-Abrolhos-Archipelago": "Abrolhos Archipelago",
    "a03ca6d2-0a37-4888-8976-63f43be4ad56-coral-11-reefs-12": "coral reefs",
    "NE-LOCATION-South-Atlantic": "South Atlantic",
    "a03ca6d2-0a37-4888-8976-63f43be4ad56-site-24": "site",
    "a03ca6d2-0a37-4888-8976-63f43be4ad56-known-19": "known",
    "a03ca6d2-0a37-4888-8976-63f43be4ad56-loggerhead-26-turtles-27": "loggerhead turtles",
    "a03ca6d2-0a37-4888-8976-63f43be4ad56-to-20": "to",
    "a03ca6d2-0a37-4888-8976-63f43be4ad56-largest-8": "largest",
    "a03ca6d2-0a37-4888-8976-63f43be4ad56-nesting-23": "nesting",
    "a03ca6d2-0a37-4888-8976-63f43be4ad56-investigation-9": "investigation",
    "a03ca6d2-0a37-4888-8976-63f43be4ad56-multidisciplinary-8": "multidisciplinary",
    "a03ca6d2-0a37-4888-8976-63f43be4ad56-levels-11": "levels",
    "a03ca6d2-0a37-4888-8976-63f43be4ad56-sea-15-turtles-16": "sea turtles",
    "a03ca6d2-0a37-4888-8976-63f43be4ad56-hybridization-13": "hybridization",
    "a03ca6d2-0a37-4888-8976-63f43be4ad56-study-3": "study",
    "a03ca6d2-0a37-4888-8976-63f43be4ad56-Abrolhos-23-beaches-24": "Abrolhos beaches",
    "a03ca6d2-0a37-4888-8976-63f43be4ad56-generation-19-hybrid-20-females-21": "generation hybrid females",
    "a03ca6d2-0a37-4888-8976-63f43be4ad56-crossings-28": "crossings",
    "NE-LOCATION-Abrolhos": "Abrolhos",
    "a03ca6d2-0a37-4888-8976-63f43be4ad56-hawksbill-30-males-31": "hawksbill males",
    "a03ca6d2-0a37-4888-8976-63f43be4ad56-parental-44-species-45": "parental species",
    "a03ca6d2-0a37-4888-8976-63f43be4ad56-type-2": "type",
    "a03ca6d2-0a37-4888-8976-63f43be4ad56-characterized-8": "characterized",
    "a03ca6d2-0a37-4888-8976-63f43be4ad56-output-3-data-4": "output data",
    "a03ca6d2-0a37-4888-8976-63f43be4ad56-disadvantage-10": "disadvantage",
    "a03ca6d2-0a37-4888-8976-63f43be4ad56-hybrids-12": "hybrids",
    "a03ca6d2-0a37-4888-8976-63f43be4ad56-reproductive-2": "reproductive",
    "a03ca6d2-0a37-4888-8976-63f43be4ad56-loggerheads-16": "loggerheads",
    "a03ca6d2-0a37-4888-8976-63f43be4ad56-when-13": "when",
    "a03ca6d2-0a37-4888-8976-63f43be4ad56-time-4": "time",
    "NE-ORDINAL-first": "first",
    "a03ca6d2-0a37-4888-8976-63f43be4ad56-association-10": "association",
    "a03ca6d2-0a37-4888-8976-63f43be4ad56-hybridization-12": "hybridization"
  },
  "graph": [
    {
      "subject_id": "a03ca6d2-0a37-4888-8976-63f43be4ad56-Hybridization-1",
      "relation": "occurs at",
      "object_id": "a03ca6d2-0a37-4888-8976-63f43be4ad56-two-12-areas-15"
    },
    {
      "subject_id": "a03ca6d2-0a37-4888-8976-63f43be4ad56-two-12-areas-15",
      "relation": "is",
      "object_id": "a03ca6d2-0a37-4888-8976-63f43be4ad56-nesting-14"
    },
    {
      "subject_id": "a03ca6d2-0a37-4888-8976-63f43be4ad56-Hybridization-1",
      "relation": "occurs with",
      "object_id": "a03ca6d2-0a37-4888-8976-63f43be4ad56-frequency-10"
    },
    {
      "subject_id": "a03ca6d2-0a37-4888-8976-63f43be4ad56-frequency-10",
      "relation": "is",
      "object_id": "a03ca6d2-0a37-4888-8976-63f43be4ad56-high-9"
    },
    {
      "subject_id": "a03ca6d2-0a37-4888-8976-63f43be4ad56-frequency-10",
      "relation": "at",
      "object_id": "a03ca6d2-0a37-4888-8976-63f43be4ad56-particularly-8"
    },
    {
      "subject_id": "a03ca6d2-0a37-4888-8976-63f43be4ad56-two-12-areas-15",
      "relation": "is",
      "object_id": "a03ca6d2-0a37-4888-8976-63f43be4ad56-adjacent-13"
    },
    {
      "subject_id": "a03ca6d2-0a37-4888-8976-63f43be4ad56-two-12-areas-15",
      "relation": "of",
      "object_id": "NE-COUNTRY-Brazil"
    },
    {
      "subject_id": "a03ca6d2-0a37-4888-8976-63f43be4ad56-two-12-areas-15",
      "relation": "is in",
      "object_id": "NE-COUNTRY-Brazil"
    },
    {
      "subject_id": "a03ca6d2-0a37-4888-8976-63f43be4ad56-two-12-areas-15",
      "relation": "is",
      "object_id": "a03ca6d2-0a37-4888-8976-63f43be4ad56-northeastern-17"
    },
    {
      "subject_id": "a03ca6d2-0a37-4888-8976-63f43be4ad56-extent-20",
      "relation": "possible deleterious effects in",
      "object_id": "a03ca6d2-0a37-4888-8976-63f43be4ad56-hybrid-30-progeny-31"
    },
    {
      "subject_id": "a03ca6d2-0a37-4888-8976-63f43be4ad56-we-15",
      "relation": "evaluate",
      "object_id": "a03ca6d2-0a37-4888-8976-63f43be4ad56-extent-20"
    },
    {
      "subject_id": "a03ca6d2-0a37-4888-8976-63f43be4ad56-extent-20",
      "relation": "of",
      "object_id": "a03ca6d2-0a37-4888-8976-63f43be4ad56-hybridization-22-occurrence-23"
    },
    {
      "subject_id": "a03ca6d2-0a37-4888-8976-63f43be4ad56-we-15",
      "relation": "understand",
      "object_id": "a03ca6d2-0a37-4888-8976-63f43be4ad56-outcomes-4"
    },
    {
      "subject_id": "a03ca6d2-0a37-4888-8976-63f43be4ad56-extent-20",
      "relation": "possible effects in",
      "object_id": "a03ca6d2-0a37-4888-8976-63f43be4ad56-hybrid-30-progeny-31"
    },
    {
      "subject_id": "a03ca6d2-0a37-4888-8976-63f43be4ad56-outcomes-4",
      "relation": "of",
      "object_id": "a03ca6d2-0a37-4888-8976-63f43be4ad56-hybridization-6"
    },
    {
      "subject_id": "a03ca6d2-0a37-4888-8976-63f43be4ad56-possible-25-deleterious-26-effects-27",
      "relation": "is in",
      "object_id": "a03ca6d2-0a37-4888-8976-63f43be4ad56-hybrid-30-progeny-31"
    },
    {
      "subject_id": "a03ca6d2-0a37-4888-8976-63f43be4ad56-we-15",
      "relation": "investigated",
      "object_id": "a03ca6d2-0a37-4888-8976-63f43be4ad56-hypothesis-6"
    },
    {
      "subject_id": "a03ca6d2-0a37-4888-8976-63f43be4ad56-hypothesis-6",
      "relation": "of",
      "object_id": "a03ca6d2-0a37-4888-8976-63f43be4ad56-existence-9"
    },
    {
      "subject_id": "a03ca6d2-0a37-4888-8976-63f43be4ad56-hypothesis-6",
      "relation": "is",
      "object_id": "a03ca6d2-0a37-4888-8976-63f43be4ad56-new-12"
    },
    {
      "subject_id": "a03ca6d2-0a37-4888-8976-63f43be4ad56-hypothesis-6",
      "relation": "at",
      "object_id": "a03ca6d2-0a37-4888-8976-63f43be4ad56-northeastern-19-coast-20"
    },
    {
      "subject_id": "a03ca6d2-0a37-4888-8976-63f43be4ad56-we-15",
      "relation": "Thus investigated",
      "object_id": "a03ca6d2-0a37-4888-8976-63f43be4ad56-hypothesis-6"
    },
    {
      "subject_id": "NE-COUNTRY-Brazil",
      "relation": "has",
      "object_id": "a03ca6d2-0a37-4888-8976-63f43be4ad56-hypothesis-6"
    },
    {
      "subject_id": "a03ca6d2-0a37-4888-8976-63f43be4ad56-hypothesis-6",
      "relation": "at",
      "object_id": "a03ca6d2-0a37-4888-8976-63f43be4ad56-coast-20"
    },
    {
      "subject_id": "NE-COUNTRY-Brazil",
      "relation": "of",
      "object_id": "a03ca6d2-0a37-4888-8976-63f43be4ad56-northeastern-19-coast-20"
    },
    {
      "subject_id": "a03ca6d2-0a37-4888-8976-63f43be4ad56-hypothesis-6",
      "relation": "of",
      "object_id": "a03ca6d2-0a37-4888-8976-63f43be4ad56-hybrid-13-spot-14"
    },
    {
      "subject_id": "a03ca6d2-0a37-4888-8976-63f43be4ad56-hypothesis-6",
      "relation": "at",
      "object_id": "a03ca6d2-0a37-4888-8976-63f43be4ad56-offshore-15"
    },
    {
      "subject_id": "NE-LOCATION-Abrolhos-Archipelago",
      "relation": "is surrounded by",
      "object_id": "a03ca6d2-0a37-4888-8976-63f43be4ad56-coral-11-reefs-12"
    },
    {
      "subject_id": "a03ca6d2-0a37-4888-8976-63f43be4ad56-coral-11-reefs-12",
      "relation": "of",
      "object_id": "NE-LOCATION-South-Atlantic"
    },
    {
      "subject_id": "NE-LOCATION-Abrolhos-Archipelago",
      "relation": "is known",
      "object_id": "a03ca6d2-0a37-4888-8976-63f43be4ad56-site-24"
    },
    {
      "subject_id": "NE-LOCATION-Abrolhos-Archipelago",
      "relation": "is",
      "object_id": "a03ca6d2-0a37-4888-8976-63f43be4ad56-known-19"
    },
    {
      "subject_id": "a03ca6d2-0a37-4888-8976-63f43be4ad56-site-24",
      "relation": "of",
      "object_id": "a03ca6d2-0a37-4888-8976-63f43be4ad56-loggerhead-26-turtles-27"
    },
    {
      "subject_id": "a03ca6d2-0a37-4888-8976-63f43be4ad56-site-24",
      "relation": "mark",
      "object_id": "a03ca6d2-0a37-4888-8976-63f43be4ad56-to-20"
    },
    {
      "subject_id": "a03ca6d2-0a37-4888-8976-63f43be4ad56-coral-11-reefs-12",
      "relation": "is in",
      "object_id": "NE-LOCATION-South-Atlantic"
    },
    {
      "subject_id": "a03ca6d2-0a37-4888-8976-63f43be4ad56-coral-11-reefs-12",
      "relation": "is",
      "object_id": "a03ca6d2-0a37-4888-8976-63f43be4ad56-largest-8"
    },
    {
      "subject_id": "a03ca6d2-0a37-4888-8976-63f43be4ad56-site-24",
      "relation": "is",
      "object_id": "a03ca6d2-0a37-4888-8976-63f43be4ad56-nesting-23"
    },
    {
      "subject_id": "a03ca6d2-0a37-4888-8976-63f43be4ad56-we-15",
      "relation": "performed",
      "object_id": "a03ca6d2-0a37-4888-8976-63f43be4ad56-investigation-9"
    },
    {
      "subject_id": "a03ca6d2-0a37-4888-8976-63f43be4ad56-investigation-9",
      "relation": "is",
      "object_id": "a03ca6d2-0a37-4888-8976-63f43be4ad56-multidisciplinary-8"
    },
    {
      "subject_id": "a03ca6d2-0a37-4888-8976-63f43be4ad56-levels-11",
      "relation": "is in",
      "object_id": "a03ca6d2-0a37-4888-8976-63f43be4ad56-sea-15-turtles-16"
    },
    {
      "subject_id": "a03ca6d2-0a37-4888-8976-63f43be4ad56-investigation-9",
      "relation": "of",
      "object_id": "a03ca6d2-0a37-4888-8976-63f43be4ad56-hybridization-13"
    },
    {
      "subject_id": "a03ca6d2-0a37-4888-8976-63f43be4ad56-we-15",
      "relation": "performed investigation In",
      "object_id": "a03ca6d2-0a37-4888-8976-63f43be4ad56-study-3"
    },
    {
      "subject_id": "a03ca6d2-0a37-4888-8976-63f43be4ad56-investigation-9",
      "relation": "of",
      "object_id": "a03ca6d2-0a37-4888-8976-63f43be4ad56-levels-11"
    },
    {
      "subject_id": "a03ca6d2-0a37-4888-8976-63f43be4ad56-investigation-9",
      "relation": "of",
      "object_id": "a03ca6d2-0a37-4888-8976-63f43be4ad56-sea-15-turtles-16"
    },
    {
      "subject_id": "a03ca6d2-0a37-4888-8976-63f43be4ad56-we-15",
      "relation": "performed investigation in",
      "object_id": "a03ca6d2-0a37-4888-8976-63f43be4ad56-Abrolhos-23-beaches-24"
    },
    {
      "subject_id": "a03ca6d2-0a37-4888-8976-63f43be4ad56-generation-19-hybrid-20-females-21",
      "relation": "resulting from",
      "object_id": "a03ca6d2-0a37-4888-8976-63f43be4ad56-crossings-28"
    },
    {
      "subject_id": "a03ca6d2-0a37-4888-8976-63f43be4ad56-generation-19-hybrid-20-females-21",
      "relation": "nesting in",
      "object_id": "NE-LOCATION-Abrolhos"
    },
    {
      "subject_id": "a03ca6d2-0a37-4888-8976-63f43be4ad56-crossings-28",
      "relation": "of",
      "object_id": "a03ca6d2-0a37-4888-8976-63f43be4ad56-hawksbill-30-males-31"
    },
    {
      "subject_id": "a03ca6d2-0a37-4888-8976-63f43be4ad56-generation-19-hybrid-20-females-21",
      "relation": "backcrossed hatchlings from",
      "object_id": "a03ca6d2-0a37-4888-8976-63f43be4ad56-parental-44-species-45"
    },
    {
      "subject_id": "a03ca6d2-0a37-4888-8976-63f43be4ad56-type-2",
      "relation": "were",
      "object_id": "a03ca6d2-0a37-4888-8976-63f43be4ad56-characterized-8"
    },
    {
      "subject_id": "a03ca6d2-0a37-4888-8976-63f43be4ad56-output-3-data-4",
      "relation": "suggests",
      "object_id": "a03ca6d2-0a37-4888-8976-63f43be4ad56-disadvantage-10"
    },
    {
      "subject_id": "a03ca6d2-0a37-4888-8976-63f43be4ad56-disadvantage-10",
      "relation": "of",
      "object_id": "a03ca6d2-0a37-4888-8976-63f43be4ad56-hybrids-12"
    },
    {
      "subject_id": "a03ca6d2-0a37-4888-8976-63f43be4ad56-output-3-data-4",
      "relation": "is",
      "object_id": "a03ca6d2-0a37-4888-8976-63f43be4ad56-reproductive-2"
    },
    {
      "subject_id": "a03ca6d2-0a37-4888-8976-63f43be4ad56-output-3-data-4",
      "relation": "suggests disadvantage compared",
      "object_id": "a03ca6d2-0a37-4888-8976-63f43be4ad56-loggerheads-16"
    },
    {
      "subject_id": "a03ca6d2-0a37-4888-8976-63f43be4ad56-loggerheads-16",
      "relation": "at",
      "object_id": "a03ca6d2-0a37-4888-8976-63f43be4ad56-when-13"
    },
    {
      "subject_id": "a03ca6d2-0a37-4888-8976-63f43be4ad56-we-15",
      "relation": "have shown association For",
      "object_id": "a03ca6d2-0a37-4888-8976-63f43be4ad56-time-4"
    },
    {
      "subject_id": "a03ca6d2-0a37-4888-8976-63f43be4ad56-time-4",
      "relation": "is",
      "object_id": "NE-ORDINAL-first"
    },
    {
      "subject_id": "a03ca6d2-0a37-4888-8976-63f43be4ad56-we-15",
      "relation": "have shown",
      "object_id": "a03ca6d2-0a37-4888-8976-63f43be4ad56-association-10"
    },
    {
      "subject_id": "a03ca6d2-0a37-4888-8976-63f43be4ad56-association-10",
      "relation": "of",
      "object_id": "a03ca6d2-0a37-4888-8976-63f43be4ad56-hybridization-12"
    }
  ],
  "links": {
    "a03ca6d2-0a37-4888-8976-63f43be4ad56-Hybridization-1": [],
    "a03ca6d2-0a37-4888-8976-63f43be4ad56-two-12-areas-15": [],
    "a03ca6d2-0a37-4888-8976-63f43be4ad56-nesting-14": [],
    "a03ca6d2-0a37-4888-8976-63f43be4ad56-frequency-10": [],
    "a03ca6d2-0a37-4888-8976-63f43be4ad56-high-9": [],
    "a03ca6d2-0a37-4888-8976-63f43be4ad56-particularly-8": [],
    "a03ca6d2-0a37-4888-8976-63f43be4ad56-adjacent-13": [],
    "NE-COUNTRY-Brazil": [],
    "a03ca6d2-0a37-4888-8976-63f43be4ad56-northeastern-17": [],
    "a03ca6d2-0a37-4888-8976-63f43be4ad56-extent-20": [],
    "a03ca6d2-0a37-4888-8976-63f43be4ad56-hybrid-30-progeny-31": [],
    "a03ca6d2-0a37-4888-8976-63f43be4ad56-we-15": [],
    "a03ca6d2-0a37-4888-8976-63f43be4ad56-hybridization-22-occurrence-23": [],
    "a03ca6d2-0a37-4888-8976-63f43be4ad56-outcomes-4": [],
    "a03ca6d2-0a37-4888-8976-63f43be4ad56-hybridization-6": [
      "a03ca6d2-0a37-4888-8976-63f43be4ad56-hybridization-13"
    ],
    "a03ca6d2-0a37-4888-8976-63f43be4ad56-possible-25-deleterious-26-effects-27": [],
    "a03ca6d2-0a37-4888-8976-63f43be4ad56-hypothesis-6": [],
    "a03ca6d2-0a37-4888-8976-63f43be4ad56-existence-9": [],
    "a03ca6d2-0a37-4888-8976-63f43be4ad56-new-12": [],
    "a03ca6d2-0a37-4888-8976-63f43be4ad56-northeastern-19-coast-20": [],
    "a03ca6d2-0a37-4888-8976-63f43be4ad56-coast-20": [],
    "a03ca6d2-0a37-4888-8976-63f43be4ad56-hybrid-13-spot-14": [],
    "a03ca6d2-0a37-4888-8976-63f43be4ad56-offshore-15": [],
    "NE-LOCATION-Abrolhos-Archipelago": [],
    "a03ca6d2-0a37-4888-8976-63f43be4ad56-coral-11-reefs-12": [],
    "NE-LOCATION-South-Atlantic": [],
    "a03ca6d2-0a37-4888-8976-63f43be4ad56-site-24": [],
    "a03ca6d2-0a37-4888-8976-63f43be4ad56-known-19": [],
    "a03ca6d2-0a37-4888-8976-63f43be4ad56-loggerhead-26-turtles-27": [],
    "a03ca6d2-0a37-4888-8976-63f43be4ad56-to-20": [],
    "a03ca6d2-0a37-4888-8976-63f43be4ad56-largest-8": [],
    "a03ca6d2-0a37-4888-8976-63f43be4ad56-nesting-23": [],
    "a03ca6d2-0a37-4888-8976-63f43be4ad56-investigation-9": [],
    "a03ca6d2-0a37-4888-8976-63f43be4ad56-multidisciplinary-8": [],
    "a03ca6d2-0a37-4888-8976-63f43be4ad56-levels-11": [],
    "a03ca6d2-0a37-4888-8976-63f43be4ad56-sea-15-turtles-16": [],
    "a03ca6d2-0a37-4888-8976-63f43be4ad56-hybridization-13": [
      "a03ca6d2-0a37-4888-8976-63f43be4ad56-hybridization-6",
      "a03ca6d2-0a37-4888-8976-63f43be4ad56-hybridization-12"
    ],
    "a03ca6d2-0a37-4888-8976-63f43be4ad56-study-3": [],
    "a03ca6d2-0a37-4888-8976-63f43be4ad56-Abrolhos-23-beaches-24": [],
    "a03ca6d2-0a37-4888-8976-63f43be4ad56-generation-19-hybrid-20-females-21": [],
    "a03ca6d2-0a37-4888-8976-63f43be4ad56-crossings-28": [],
    "NE-LOCATION-Abrolhos": [],
    "a03ca6d2-0a37-4888-8976-63f43be4ad56-hawksbill-30-males-31": [],
    "a03ca6d2-0a37-4888-8976-63f43be4ad56-parental-44-species-45": [],
    "a03ca6d2-0a37-4888-8976-63f43be4ad56-type-2": [],
    "a03ca6d2-0a37-4888-8976-63f43be4ad56-characterized-8": [],
    "a03ca6d2-0a37-4888-8976-63f43be4ad56-output-3-data-4": [],
    "a03ca6d2-0a37-4888-8976-63f43be4ad56-disadvantage-10": [],
    "a03ca6d2-0a37-4888-8976-63f43be4ad56-hybrids-12": [],
    "a03ca6d2-0a37-4888-8976-63f43be4ad56-reproductive-2": [],
    "a03ca6d2-0a37-4888-8976-63f43be4ad56-loggerheads-16": [],
    "a03ca6d2-0a37-4888-8976-63f43be4ad56-when-13": [],
    "a03ca6d2-0a37-4888-8976-63f43be4ad56-time-4": [],
    "NE-ORDINAL-first": [],
    "a03ca6d2-0a37-4888-8976-63f43be4ad56-association-10": [],
    "a03ca6d2-0a37-4888-8976-63f43be4ad56-hybridization-12": [
      "a03ca6d2-0a37-4888-8976-63f43be4ad56-hybridization-13"
    ]
  }
}