{
  "document": "D:/Projetos/PIRA_KG/documents/onu_344309110.txt",
  "entities": {
    "NE-ORGANIZATION-Petrobras": "Petrobras",
    "8fb8097e-c81f-447a-a4d8-43a43dba6438-steel-8-catenary-9-riser-10": "steel catenary riser",
    "NE-ORDINAL-first": "first",
    "8fb8097e-c81f-447a-a4d8-43a43dba6438-P-13-18-15-platform-17": "P 18 platform",
    "NE-LOCATION-Marlim-Field": "Marlim Field",
    "8fb8097e-c81f-447a-a4d8-43a43dba6438-semi-submersible-16": "semi-submersible",
    "8fb8097e-c81f-447a-a4d8-43a43dba6438-910-24-m-25-water-26-depth-27": "910 m water depth",
    "NE-DATE-1998": "1998",
    "8fb8097e-c81f-447a-a4d8-43a43dba6438-monitoring-7-system-8": "monitoring system",
    "8fb8097e-c81f-447a-a4d8-43a43dba6438-riser-12-design-13-methodology-14": "riser design methodology",
    "8fb8097e-c81f-447a-a4d8-43a43dba6438-including-16-Vortex-17-Induced-18-Vibrations-19": "including Vortex Induced Vibrations",
    "8fb8097e-c81f-447a-a4d8-43a43dba6438-decided-3": "decided",
    "8fb8097e-c81f-447a-a4d8-43a43dba6438-riser-6": "riser",
    "8fb8097e-c81f-447a-a4d8-43a43dba6438-instrumented-8": "instrumented",
    "8fb8097e-c81f-447a-a4d8-43a43dba6438-points-16": "points",
    "8fb8097e-c81f-447a-a4d8-43a43dba6438-bottles-10": "bottles",
    "8fb8097e-c81f-447a-a4d8-43a43dba6438-sophisticated-12-accelerometers-13": "sophisticated accelerometers",
    "8fb8097e-c81f-447a-a4d8-43a43dba6438-VIV-2-monitoring-3": "VIV monitoring",
    "8fb8097e-c81f-447a-a4d8-43a43dba6438-accelerometers-13": "accelerometers",
    "8fb8097e-c81f-447a-a4d8-43a43dba6438-different-15": "different",
    "8fb8097e-c81f-447a-a4d8-43a43dba6438-wind-30-Profiles-39": "wind Profiles",
    "8fb8097e-c81f-447a-a4d8-43a43dba6438-velocity-49": "velocity",
    "8fb8097e-c81f-447a-a4d8-43a43dba6438-monitoring-3-systems-4-installed-5": "monitoring systems installed",
    "8fb8097e-c81f-447a-a4d8-43a43dba6438-buoy-9": "buoy",
    "8fb8097e-c81f-447a-a4d8-43a43dba6438-other-2": "other",
    "8fb8097e-c81f-447a-a4d8-43a43dba6438-oceanographic-8": "oceanographic",
    "8fb8097e-c81f-447a-a4d8-43a43dba6438-surface-22-value-25": "surface value",
    "8fb8097e-c81f-447a-a4d8-43a43dba6438-direction-27": "direction",
    "NE-DATE-current": "current",
    "NE-DATE-Current": "Current",
    "8fb8097e-c81f-447a-a4d8-43a43dba6438-positioning-4-system-5": "positioning system",
    "8fb8097e-c81f-447a-a4d8-43a43dba6438-GPS-11-receiver-12": "GPS receiver",
    "8fb8097e-c81f-447a-a4d8-43a43dba6438-phase-14-correction-15-blended-16-with-17-inertial-18-sensors-19": "phase correction blended with inertial sensors",
    "NE-ORGANIZATION-Kalman-Filter": "Kalman Filter",
    "8fb8097e-c81f-447a-a4d8-43a43dba6438-phase-14-correction-15": "phase correction",
    "8fb8097e-c81f-447a-a4d8-43a43dba6438-sensors-19": "sensors",
    "8fb8097e-c81f-447a-a4d8-43a43dba6438-inertial-18": "inertial",
    "8fb8097e-c81f-447a-a4d8-43a43dba6438-blended-16": "blended",
    "8fb8097e-c81f-447a-a4d8-43a43dba6438-reanalysis-20": "reanalysis",
    "8fb8097e-c81f-447a-a4d8-43a43dba6438-more-22-reality-23": "more reality",
    "8fb8097e-c81f-447a-a4d8-43a43dba6438-systems-3": "systems",
    "8fb8097e-c81f-447a-a4d8-43a43dba6438-synchronized-5": "synchronized",
    "8fb8097e-c81f-447a-a4d8-43a43dba6438-period-12": "period",
    "8fb8097e-c81f-447a-a4d8-43a43dba6438-time-14": "time",
    "8fb8097e-c81f-447a-a4d8-43a43dba6438-same-11": "same",
    "8fb8097e-c81f-447a-a4d8-43a43dba6438-data-8": "data",
    "8fb8097e-c81f-447a-a4d8-43a43dba6438-paper-2": "paper",
    "8fb8097e-c81f-447a-a4d8-43a43dba6438-VIV-5-monitoring-6-system-7": "VIV monitoring system",
    "8fb8097e-c81f-447a-a4d8-43a43dba6438-including-9-system-12-description-13": "including system description",
    "8fb8097e-c81f-447a-a4d8-43a43dba6438-eletronical-11": "eletronical",
    "8fb8097e-c81f-447a-a4d8-43a43dba6438-used-17": "used"
  },
  "graph": [
    {
      "subject_id": "NE-ORGANIZATION-Petrobras",
      "relation": "installed",
      "object_id": "8fb8097e-c81f-447a-a4d8-43a43dba6438-steel-8-catenary-9-riser-10"
    },
    {
      "subject_id": "8fb8097e-c81f-447a-a4d8-43a43dba6438-steel-8-catenary-9-riser-10",
      "relation": "is",
      "object_id": "NE-ORDINAL-first"
    },
    {
      "subject_id": "8fb8097e-c81f-447a-a4d8-43a43dba6438-steel-8-catenary-9-riser-10",
      "relation": "of",
      "object_id": "8fb8097e-c81f-447a-a4d8-43a43dba6438-P-13-18-15-platform-17"
    },
    {
      "subject_id": "NE-ORGANIZATION-Petrobras",
      "relation": "installed steel catenary riser in",
      "object_id": "NE-LOCATION-Marlim-Field"
    },
    {
      "subject_id": "8fb8097e-c81f-447a-a4d8-43a43dba6438-steel-8-catenary-9-riser-10",
      "relation": "is",
      "object_id": "8fb8097e-c81f-447a-a4d8-43a43dba6438-semi-submersible-16"
    },
    {
      "subject_id": "NE-LOCATION-Marlim-Field",
      "relation": "of",
      "object_id": "8fb8097e-c81f-447a-a4d8-43a43dba6438-910-24-m-25-water-26-depth-27"
    },
    {
      "subject_id": "NE-ORGANIZATION-Petrobras",
      "relation": "installed steel catenary riser In",
      "object_id": "NE-DATE-1998"
    },
    {
      "subject_id": "8fb8097e-c81f-447a-a4d8-43a43dba6438-monitoring-7-system-8",
      "relation": "check",
      "object_id": "8fb8097e-c81f-447a-a4d8-43a43dba6438-riser-12-design-13-methodology-14"
    },
    {
      "subject_id": "8fb8097e-c81f-447a-a4d8-43a43dba6438-riser-12-design-13-methodology-14",
      "relation": "of",
      "object_id": "8fb8097e-c81f-447a-a4d8-43a43dba6438-including-16-Vortex-17-Induced-18-Vibrations-19"
    },
    {
      "subject_id": "NE-ORGANIZATION-Petrobras",
      "relation": "was",
      "object_id": "8fb8097e-c81f-447a-a4d8-43a43dba6438-decided-3"
    },
    {
      "subject_id": "NE-ORGANIZATION-Petrobras",
      "relation": "install",
      "object_id": "8fb8097e-c81f-447a-a4d8-43a43dba6438-monitoring-7-system-8"
    },
    {
      "subject_id": "8fb8097e-c81f-447a-a4d8-43a43dba6438-riser-6",
      "relation": "was",
      "object_id": "8fb8097e-c81f-447a-a4d8-43a43dba6438-instrumented-8"
    },
    {
      "subject_id": "8fb8097e-c81f-447a-a4d8-43a43dba6438-instrumented-8",
      "relation": "at",
      "object_id": "8fb8097e-c81f-447a-a4d8-43a43dba6438-points-16"
    },
    {
      "subject_id": "8fb8097e-c81f-447a-a4d8-43a43dba6438-instrumented-8",
      "relation": "at",
      "object_id": "8fb8097e-c81f-447a-a4d8-43a43dba6438-bottles-10"
    },
    {
      "subject_id": "8fb8097e-c81f-447a-a4d8-43a43dba6438-riser-6",
      "relation": "was instrumented with",
      "object_id": "8fb8097e-c81f-447a-a4d8-43a43dba6438-bottles-10"
    },
    {
      "subject_id": "8fb8097e-c81f-447a-a4d8-43a43dba6438-bottles-10",
      "relation": "of",
      "object_id": "8fb8097e-c81f-447a-a4d8-43a43dba6438-sophisticated-12-accelerometers-13"
    },
    {
      "subject_id": "8fb8097e-c81f-447a-a4d8-43a43dba6438-bottles-10",
      "relation": "is with",
      "object_id": "8fb8097e-c81f-447a-a4d8-43a43dba6438-sophisticated-12-accelerometers-13"
    },
    {
      "subject_id": "8fb8097e-c81f-447a-a4d8-43a43dba6438-riser-6",
      "relation": "was instrumented in",
      "object_id": "8fb8097e-c81f-447a-a4d8-43a43dba6438-points-16"
    },
    {
      "subject_id": "8fb8097e-c81f-447a-a4d8-43a43dba6438-riser-6",
      "relation": "was instrumented For",
      "object_id": "8fb8097e-c81f-447a-a4d8-43a43dba6438-VIV-2-monitoring-3"
    },
    {
      "subject_id": "8fb8097e-c81f-447a-a4d8-43a43dba6438-bottles-10",
      "relation": "of",
      "object_id": "8fb8097e-c81f-447a-a4d8-43a43dba6438-accelerometers-13"
    },
    {
      "subject_id": "8fb8097e-c81f-447a-a4d8-43a43dba6438-instrumented-8",
      "relation": "of",
      "object_id": "8fb8097e-c81f-447a-a4d8-43a43dba6438-VIV-2-monitoring-3"
    },
    {
      "subject_id": "8fb8097e-c81f-447a-a4d8-43a43dba6438-points-16",
      "relation": "is",
      "object_id": "8fb8097e-c81f-447a-a4d8-43a43dba6438-different-15"
    },
    {
      "subject_id": "8fb8097e-c81f-447a-a4d8-43a43dba6438-wind-30-Profiles-39",
      "relation": "measure",
      "object_id": "8fb8097e-c81f-447a-a4d8-43a43dba6438-velocity-49"
    },
    {
      "subject_id": "8fb8097e-c81f-447a-a4d8-43a43dba6438-monitoring-3-systems-4-installed-5",
      "relation": "are",
      "object_id": "8fb8097e-c81f-447a-a4d8-43a43dba6438-buoy-9"
    },
    {
      "subject_id": "8fb8097e-c81f-447a-a4d8-43a43dba6438-monitoring-3-systems-4-installed-5",
      "relation": "is",
      "object_id": "8fb8097e-c81f-447a-a4d8-43a43dba6438-other-2"
    },
    {
      "subject_id": "8fb8097e-c81f-447a-a4d8-43a43dba6438-buoy-9",
      "relation": "is",
      "object_id": "8fb8097e-c81f-447a-a4d8-43a43dba6438-oceanographic-8"
    },
    {
      "subject_id": "8fb8097e-c81f-447a-a4d8-43a43dba6438-surface-22-value-25",
      "relation": "waves",
      "object_id": "8fb8097e-c81f-447a-a4d8-43a43dba6438-direction-27"
    },
    {
      "subject_id": "8fb8097e-c81f-447a-a4d8-43a43dba6438-surface-22-value-25",
      "relation": "is",
      "object_id": "NE-DATE-current"
    },
    {
      "subject_id": "8fb8097e-c81f-447a-a4d8-43a43dba6438-wind-30-Profiles-39",
      "relation": "is",
      "object_id": "NE-DATE-Current"
    },
    {
      "subject_id": "8fb8097e-c81f-447a-a4d8-43a43dba6438-positioning-4-system-5",
      "relation": "consisting of",
      "object_id": "8fb8097e-c81f-447a-a4d8-43a43dba6438-GPS-11-receiver-12"
    },
    {
      "subject_id": "8fb8097e-c81f-447a-a4d8-43a43dba6438-GPS-11-receiver-12",
      "relation": "is with",
      "object_id": "8fb8097e-c81f-447a-a4d8-43a43dba6438-phase-14-correction-15-blended-16-with-17-inertial-18-sensors-19"
    },
    {
      "subject_id": "8fb8097e-c81f-447a-a4d8-43a43dba6438-phase-14-correction-15-blended-16-with-17-inertial-18-sensors-19",
      "relation": "at",
      "object_id": "NE-ORGANIZATION-Kalman-Filter"
    },
    {
      "subject_id": "8fb8097e-c81f-447a-a4d8-43a43dba6438-GPS-11-receiver-12",
      "relation": "of",
      "object_id": "8fb8097e-c81f-447a-a4d8-43a43dba6438-phase-14-correction-15"
    },
    {
      "subject_id": "8fb8097e-c81f-447a-a4d8-43a43dba6438-GPS-11-receiver-12",
      "relation": "at",
      "object_id": "NE-ORGANIZATION-Kalman-Filter"
    },
    {
      "subject_id": "8fb8097e-c81f-447a-a4d8-43a43dba6438-GPS-11-receiver-12",
      "relation": "at",
      "object_id": "8fb8097e-c81f-447a-a4d8-43a43dba6438-sensors-19"
    },
    {
      "subject_id": "8fb8097e-c81f-447a-a4d8-43a43dba6438-GPS-11-receiver-12",
      "relation": "is",
      "object_id": "8fb8097e-c81f-447a-a4d8-43a43dba6438-inertial-18"
    },
    {
      "subject_id": "8fb8097e-c81f-447a-a4d8-43a43dba6438-GPS-11-receiver-12",
      "relation": "is",
      "object_id": "8fb8097e-c81f-447a-a4d8-43a43dba6438-blended-16"
    },
    {
      "subject_id": "8fb8097e-c81f-447a-a4d8-43a43dba6438-reanalysis-20",
      "relation": "is with",
      "object_id": "8fb8097e-c81f-447a-a4d8-43a43dba6438-more-22-reality-23"
    },
    {
      "subject_id": "8fb8097e-c81f-447a-a4d8-43a43dba6438-systems-3",
      "relation": "are",
      "object_id": "8fb8097e-c81f-447a-a4d8-43a43dba6438-synchronized-5"
    },
    {
      "subject_id": "8fb8097e-c81f-447a-a4d8-43a43dba6438-systems-3",
      "relation": "acquire data at",
      "object_id": "8fb8097e-c81f-447a-a4d8-43a43dba6438-period-12"
    },
    {
      "subject_id": "8fb8097e-c81f-447a-a4d8-43a43dba6438-period-12",
      "relation": "of",
      "object_id": "8fb8097e-c81f-447a-a4d8-43a43dba6438-time-14"
    },
    {
      "subject_id": "8fb8097e-c81f-447a-a4d8-43a43dba6438-period-12",
      "relation": "is",
      "object_id": "8fb8097e-c81f-447a-a4d8-43a43dba6438-same-11"
    },
    {
      "subject_id": "8fb8097e-c81f-447a-a4d8-43a43dba6438-systems-3",
      "relation": "acquire",
      "object_id": "8fb8097e-c81f-447a-a4d8-43a43dba6438-data-8"
    },
    {
      "subject_id": "8fb8097e-c81f-447a-a4d8-43a43dba6438-paper-2",
      "relation": "describes",
      "object_id": "8fb8097e-c81f-447a-a4d8-43a43dba6438-VIV-5-monitoring-6-system-7"
    },
    {
      "subject_id": "8fb8097e-c81f-447a-a4d8-43a43dba6438-VIV-5-monitoring-6-system-7",
      "relation": "of",
      "object_id": "8fb8097e-c81f-447a-a4d8-43a43dba6438-including-9-system-12-description-13"
    },
    {
      "subject_id": "8fb8097e-c81f-447a-a4d8-43a43dba6438-VIV-5-monitoring-6-system-7",
      "relation": "is",
      "object_id": "8fb8097e-c81f-447a-a4d8-43a43dba6438-eletronical-11"
    },
    {
      "subject_id": "8fb8097e-c81f-447a-a4d8-43a43dba6438-VIV-5-monitoring-6-system-7",
      "relation": "is",
      "object_id": "8fb8097e-c81f-447a-a4d8-43a43dba6438-used-17"
    }
  ],
  "links": {
    "NE-ORGANIZATION-Petrobras": [],
    "8fb8097e-c81f-447a-a4d8-43a43dba6438-steel-8-catenary-9-riser-10": [],
    "NE-ORDINAL-first": [],
    "8fb8097e-c81f-447a-a4d8-43a43dba6438-P-13-18-15-platform-17": [],
    "NE-LOCATION-Marlim-Field": [],
    "8fb8097e-c81f-447a-a4d8-43a43dba6438-semi-submersible-16": [],
    "8fb8097e-c81f-447a-a4d8-43a43dba6438-910-24-m-25-water-26-depth-27": [],
    "NE-DATE-1998": [],
    "8fb8097e-c81f-447a-a4d8-43a43dba6438-monitoring-7-system-8": [],
    "8fb8097e-c81f-447a-a4d8-43a43dba6438-riser-12-design-13-methodology-14": [],
    "8fb8097e-c81f-447a-a4d8-43a43dba6438-including-16-Vortex-17-Induced-18-Vibrations-19": [],
    "8fb8097e-c81f-447a-a4d8-43a43dba6438-decided-3": [],
    "8fb8097e-c81f-447a-a4d8-43a43dba6438-riser-6": [],
    "8fb8097e-c81f-447a-a4d8-43a43dba6438-instrumented-8": [],
    "8fb8097e-c81f-447a-a4d8-43a43dba6438-points-16": [],
    "8fb8097e-c81f-447a-a4d8-43a43dba6438-bottles-10": [],
    "8fb8097e-c81f-447a-a4d8-43a43dba6438-sophisticated-12-accelerometers-13": [
      "8fb8097e-c81f-447a-a4d8-43a43dba6438-accelerometers-13"
    ],
    "8fb8097e-c81f-447a-a4d8-43a43dba6438-VIV-2-monitoring-3": [],
    "8fb8097e-c81f-447a-a4d8-43a43dba6438-accelerometers-13": [
      "8fb8097e-c81f-447a-a4d8-43a43dba6438-sophisticated-12-accelerometers-13"
    ],
    "8fb8097e-c81f-447a-a4d8-43a43dba6438-different-15": [],
    "8fb8097e-c81f-447a-a4d8-43a43dba6438-wind-30-Profiles-39": [],
    "8fb8097e-c81f-447a-a4d8-43a43dba6438-velocity-49": [],
    "8fb8097e-c81f-447a-a4d8-43a43dba6438-monitoring-3-systems-4-installed-5": [],
    "8fb8097e-c81f-447a-a4d8-43a43dba6438-buoy-9": [],
    "8fb8097e-c81f-447a-a4d8-43a43dba6438-other-2": [],
    "8fb8097e-c81f-447a-a4d8-43a43dba6438-oceanographic-8": [],
    "8fb8097e-c81f-447a-a4d8-43a43dba6438-surface-22-value-25": [],
    "8fb8097e-c81f-447a-a4d8-43a43dba6438-direction-27": [],
    "NE-DATE-current": [],
    "NE-DATE-Current": [],
    "8fb8097e-c81f-447a-a4d8-43a43dba6438-positioning-4-system-5": [],
    "8fb8097e-c81f-447a-a4d8-43a43dba6438-GPS-11-receiver-12": [],
    "8fb8097e-c81f-447a-a4d8-43a43dba6438-phase-14-correction-15-blended-16-with-17-inertial-18-sensors-19": [],
    "NE-ORGANIZATION-Kalman-Filter": [],
    "8fb8097e-c81f-447a-a4d8-43a43dba6438-phase-14-correction-15": [],
    "8fb8097e-c81f-447a-a4d8-43a43dba6438-sensors-19": [],
    "8fb8097e-c81f-447a-a4d8-43a43dba6438-inertial-18": [],
    "8fb8097e-c81f-447a-a4d8-43a43dba6438-blended-16": [],
    "8fb8097e-c81f-447a-a4d8-43a43dba6438-reanalysis-20": [],
    "8fb8097e-c81f-447a-a4d8-43a43dba6438-more-22-reality-23": [],
    "8fb8097e-c81f-447a-a4d8-43a43dba6438-systems-3": [],
    "8fb8097e-c81f-447a-a4d8-43a43dba6438-synchronized-5": [],
    "8fb8097e-c81f-447a-a4d8-43a43dba6438-period-12": [],
    "8fb8097e-c81f-447a-a4d8-43a43dba6438-time-14": [],
    "8fb8097e-c81f-447a-a4d8-43a43dba6438-same-11": [],
    "8fb8097e-c81f-447a-a4d8-43a43dba6438-data-8": [],
    "8fb8097e-c81f-447a-a4d8-43a43dba6438-paper-2": [],
    "8fb8097e-c81f-447a-a4d8-43a43dba6438-VIV-5-monitoring-6-system-7": [],
    "8fb8097e-c81f-447a-a4d8-43a43dba6438-including-9-system-12-description-13": [],
    "8fb8097e-c81f-447a-a4d8-43a43dba6438-eletronical-11": [],
    "8fb8097e-c81f-447a-a4d8-43a43dba6438-used-17": []
  }
}