{
  "document": "D:/Projetos/PIRA_KG/documents/onu_345603650.txt",
  "entities": {
    "NE-ORGANIZATION-PETROBRAS": "PETROBRAS",
    "03f9bd13-9d39-41a8-8125-8924075f6e7b-drilling-37-rig-38": "drilling rig",
    "03f9bd13-9d39-41a8-8125-8924075f6e7b-semi-submersible-36": "semi-submersible",
    "03f9bd13-9d39-41a8-8125-8924075f6e7b-owned-35": "owned",
    "03f9bd13-9d39-41a8-8125-8924075f6e7b-continuous-2-discoveries-3": "continuous discoveries",
    "03f9bd13-9d39-41a8-8125-8924075f6e7b-waters-12": "waters",
    "NE-NATIONALITY-Brazilian": "Brazilian",
    "03f9bd13-9d39-41a8-8125-8924075f6e7b-deep-8": "deep",
    "03f9bd13-9d39-41a8-8125-8924075f6e7b-paper-2": "paper",
    "03f9bd13-9d39-41a8-8125-8924075f6e7b-overview-7": "overview",
    "03f9bd13-9d39-41a8-8125-8924075f6e7b-design-15": "design",
    "03f9bd13-9d39-41a8-8125-8924075f6e7b-semi-submersible-22": "semi-submersible",
    "03f9bd13-9d39-41a8-8125-8924075f6e7b-technical-11": "technical",
    "03f9bd13-9d39-41a8-8125-8924075f6e7b-drilling-23-rig-24-P-25-10-27-unit-28-capacity-29": "drilling rig P 10 unit capacity",
    "03f9bd13-9d39-41a8-8125-8924075f6e7b-aspects-12": "aspects",
    "03f9bd13-9d39-41a8-8125-8924075f6e7b-main-10": "main",
    "03f9bd13-9d39-41a8-8125-8924075f6e7b-500-31-m-32": "500 m",
    "03f9bd13-9d39-41a8-8125-8924075f6e7b-upgrading-20": "upgrading",
    "03f9bd13-9d39-41a8-8125-8924075f6e7b-waters-4-scenario-5": "waters scenario",
    "03f9bd13-9d39-41a8-8125-8924075f6e7b-step-32": "step",
    "03f9bd13-9d39-41a8-8125-8924075f6e7b-offshore-8": "offshore",
    "03f9bd13-9d39-41a8-8125-8924075f6e7b-further-31": "further",
    "03f9bd13-9d39-41a8-8125-8924075f6e7b-ultra-deep-3": "ultra-deep",
    "03f9bd13-9d39-41a8-8125-8924075f6e7b-upcoming-2": "upcoming",
    "03f9bd13-9d39-41a8-8125-8924075f6e7b-studies-4": "studies",
    "03f9bd13-9d39-41a8-8125-8924075f6e7b-water-11-depth-12-limit-13": "water depth limit",
    "03f9bd13-9d39-41a8-8125-8924075f6e7b-preliminary-3": "preliminary",
    "03f9bd13-9d39-41a8-8125-8924075f6e7b-hull-16-upgrading-17": "hull upgrading",
    "03f9bd13-9d39-41a8-8125-8924075f6e7b-technologies-22": "technologies",
    "03f9bd13-9d39-41a8-8125-8924075f6e7b-water-5-technologies-6": "water technologies",
    "03f9bd13-9d39-41a8-8125-8924075f6e7b-polyester-13-rope-14-for-17-slender-18-wells-19": "polyester rope for slender wells",
    "03f9bd13-9d39-41a8-8125-8924075f6e7b-deep-4": "deep",
    "03f9bd13-9d39-41a8-8125-8924075f6e7b-may-20-considered-23": "may considered",
    "NE-DATE-Now": "Now",
    "03f9bd13-9d39-41a8-8125-8924075f6e7b-pile-3-anchor-4-installation-5-concept-6": "pile anchor installation concept",
    "03f9bd13-9d39-41a8-8125-8924075f6e7b-developed-8": "developed",
    "03f9bd13-9d39-41a8-8125-8924075f6e7b-new-2": "new",
    "03f9bd13-9d39-41a8-8125-8924075f6e7b-one-5": "one",
    "03f9bd13-9d39-41a8-8125-8924075f6e7b-feasibility-9": "feasibility",
    "03f9bd13-9d39-41a8-8125-8924075f6e7b-keeping-23": "keeping",
    "03f9bd13-9d39-41a8-8125-8924075f6e7b-utilization-26-of-27-anchor-29-moored-30-drilling-31-unit-32-at-33-waters-34": "utilization of anchor moored drilling unit at waters",
    "03f9bd13-9d39-41a8-8125-8924075f6e7b-thought-47": "thought",
    "03f9bd13-9d39-41a8-8125-8924075f6e7b-the-25": "the",
    "03f9bd13-9d39-41a8-8125-8924075f6e7b-this-28": "this",
    "03f9bd13-9d39-41a8-8125-8924075f6e7b-initially-46": "initially",
    "03f9bd13-9d39-41a8-8125-8924075f6e7b-budget-21": "budget",
    "03f9bd13-9d39-41a8-8125-8924075f6e7b-very-19-limited-20-budget-21": "very limited budget",
    "03f9bd13-9d39-41a8-8125-8924075f6e7b-new-12-upgrading-13": "new upgrading",
    "03f9bd13-9d39-41a8-8125-8924075f6e7b-upgrading-13": "upgrading",
    "03f9bd13-9d39-41a8-8125-8924075f6e7b-limited-20": "limited",
    "03f9bd13-9d39-41a8-8125-8924075f6e7b-P-15-10-17": "P 10",
    "03f9bd13-9d39-41a8-8125-8924075f6e7b-they-3": "they"
  },
  "graph": [
    {
      "subject_id": "NE-ORGANIZATION-PETROBRAS",
      "relation": "capability of",
      "object_id": "NE-ORGANIZATION-PETROBRAS"
    },
    {
      "subject_id": "NE-ORGANIZATION-PETROBRAS",
      "relation": "of",
      "object_id": "03f9bd13-9d39-41a8-8125-8924075f6e7b-drilling-37-rig-38"
    },
    {
      "subject_id": "NE-ORGANIZATION-PETROBRAS",
      "relation": "is",
      "object_id": "03f9bd13-9d39-41a8-8125-8924075f6e7b-semi-submersible-36"
    },
    {
      "subject_id": "NE-ORGANIZATION-PETROBRAS",
      "relation": "is",
      "object_id": "03f9bd13-9d39-41a8-8125-8924075f6e7b-owned-35"
    },
    {
      "subject_id": "03f9bd13-9d39-41a8-8125-8924075f6e7b-continuous-2-discoveries-3",
      "relation": "is in",
      "object_id": "03f9bd13-9d39-41a8-8125-8924075f6e7b-waters-12"
    },
    {
      "subject_id": "03f9bd13-9d39-41a8-8125-8924075f6e7b-waters-12",
      "relation": "is",
      "object_id": "NE-NATIONALITY-Brazilian"
    },
    {
      "subject_id": "03f9bd13-9d39-41a8-8125-8924075f6e7b-waters-12",
      "relation": "is",
      "object_id": "03f9bd13-9d39-41a8-8125-8924075f6e7b-deep-8"
    },
    {
      "subject_id": "03f9bd13-9d39-41a8-8125-8924075f6e7b-paper-2",
      "relation": "present",
      "object_id": "03f9bd13-9d39-41a8-8125-8924075f6e7b-overview-7"
    },
    {
      "subject_id": "03f9bd13-9d39-41a8-8125-8924075f6e7b-overview-7",
      "relation": "of",
      "object_id": "03f9bd13-9d39-41a8-8125-8924075f6e7b-design-15"
    },
    {
      "subject_id": "03f9bd13-9d39-41a8-8125-8924075f6e7b-overview-7",
      "relation": "is",
      "object_id": "03f9bd13-9d39-41a8-8125-8924075f6e7b-semi-submersible-22"
    },
    {
      "subject_id": "03f9bd13-9d39-41a8-8125-8924075f6e7b-overview-7",
      "relation": "is",
      "object_id": "03f9bd13-9d39-41a8-8125-8924075f6e7b-technical-11"
    },
    {
      "subject_id": "03f9bd13-9d39-41a8-8125-8924075f6e7b-overview-7",
      "relation": "of",
      "object_id": "03f9bd13-9d39-41a8-8125-8924075f6e7b-drilling-23-rig-24-P-25-10-27-unit-28-capacity-29"
    },
    {
      "subject_id": "03f9bd13-9d39-41a8-8125-8924075f6e7b-overview-7",
      "relation": "of",
      "object_id": "03f9bd13-9d39-41a8-8125-8924075f6e7b-aspects-12"
    },
    {
      "subject_id": "03f9bd13-9d39-41a8-8125-8924075f6e7b-overview-7",
      "relation": "is",
      "object_id": "03f9bd13-9d39-41a8-8125-8924075f6e7b-main-10"
    },
    {
      "subject_id": "03f9bd13-9d39-41a8-8125-8924075f6e7b-paper-2",
      "relation": "present overview from",
      "object_id": "03f9bd13-9d39-41a8-8125-8924075f6e7b-500-31-m-32"
    },
    {
      "subject_id": "03f9bd13-9d39-41a8-8125-8924075f6e7b-overview-7",
      "relation": "of",
      "object_id": "03f9bd13-9d39-41a8-8125-8924075f6e7b-upgrading-20"
    },
    {
      "subject_id": "03f9bd13-9d39-41a8-8125-8924075f6e7b-waters-4-scenario-5",
      "relation": "demands",
      "object_id": "03f9bd13-9d39-41a8-8125-8924075f6e7b-step-32"
    },
    {
      "subject_id": "03f9bd13-9d39-41a8-8125-8924075f6e7b-waters-4-scenario-5",
      "relation": "is in",
      "object_id": "03f9bd13-9d39-41a8-8125-8924075f6e7b-offshore-8"
    },
    {
      "subject_id": "03f9bd13-9d39-41a8-8125-8924075f6e7b-offshore-8",
      "relation": "is",
      "object_id": "NE-NATIONALITY-Brazilian"
    },
    {
      "subject_id": "03f9bd13-9d39-41a8-8125-8924075f6e7b-step-32",
      "relation": "is",
      "object_id": "03f9bd13-9d39-41a8-8125-8924075f6e7b-further-31"
    },
    {
      "subject_id": "03f9bd13-9d39-41a8-8125-8924075f6e7b-waters-4-scenario-5",
      "relation": "is",
      "object_id": "03f9bd13-9d39-41a8-8125-8924075f6e7b-ultra-deep-3"
    },
    {
      "subject_id": "03f9bd13-9d39-41a8-8125-8924075f6e7b-waters-4-scenario-5",
      "relation": "is",
      "object_id": "03f9bd13-9d39-41a8-8125-8924075f6e7b-upcoming-2"
    },
    {
      "subject_id": "03f9bd13-9d39-41a8-8125-8924075f6e7b-studies-4",
      "relation": "probe",
      "object_id": "03f9bd13-9d39-41a8-8125-8924075f6e7b-water-11-depth-12-limit-13"
    },
    {
      "subject_id": "03f9bd13-9d39-41a8-8125-8924075f6e7b-studies-4",
      "relation": "is",
      "object_id": "03f9bd13-9d39-41a8-8125-8924075f6e7b-preliminary-3"
    },
    {
      "subject_id": "03f9bd13-9d39-41a8-8125-8924075f6e7b-studies-4",
      "relation": "probe water depth limit without",
      "object_id": "03f9bd13-9d39-41a8-8125-8924075f6e7b-hull-16-upgrading-17"
    },
    {
      "subject_id": "03f9bd13-9d39-41a8-8125-8924075f6e7b-water-11-depth-12-limit-13",
      "relation": "applying",
      "object_id": "03f9bd13-9d39-41a8-8125-8924075f6e7b-technologies-22"
    },
    {
      "subject_id": "03f9bd13-9d39-41a8-8125-8924075f6e7b-water-11-depth-12-limit-13",
      "relation": "just applying",
      "object_id": "03f9bd13-9d39-41a8-8125-8924075f6e7b-technologies-22"
    },
    {
      "subject_id": "03f9bd13-9d39-41a8-8125-8924075f6e7b-water-5-technologies-6",
      "relation": "is with",
      "object_id": "03f9bd13-9d39-41a8-8125-8924075f6e7b-polyester-13-rope-14-for-17-slender-18-wells-19"
    },
    {
      "subject_id": "03f9bd13-9d39-41a8-8125-8924075f6e7b-water-5-technologies-6",
      "relation": "is",
      "object_id": "03f9bd13-9d39-41a8-8125-8924075f6e7b-deep-4"
    },
    {
      "subject_id": "03f9bd13-9d39-41a8-8125-8924075f6e7b-water-5-technologies-6",
      "relation": "may",
      "object_id": "03f9bd13-9d39-41a8-8125-8924075f6e7b-may-20-considered-23"
    },
    {
      "subject_id": "03f9bd13-9d39-41a8-8125-8924075f6e7b-may-20-considered-23",
      "relation": "at",
      "object_id": "NE-DATE-Now"
    },
    {
      "subject_id": "03f9bd13-9d39-41a8-8125-8924075f6e7b-pile-3-anchor-4-installation-5-concept-6",
      "relation": "was",
      "object_id": "03f9bd13-9d39-41a8-8125-8924075f6e7b-developed-8"
    },
    {
      "subject_id": "03f9bd13-9d39-41a8-8125-8924075f6e7b-pile-3-anchor-4-installation-5-concept-6",
      "relation": "is",
      "object_id": "03f9bd13-9d39-41a8-8125-8924075f6e7b-new-2"
    },
    {
      "subject_id": "03f9bd13-9d39-41a8-8125-8924075f6e7b-one-5",
      "relation": "predict",
      "object_id": "03f9bd13-9d39-41a8-8125-8924075f6e7b-feasibility-9"
    },
    {
      "subject_id": "03f9bd13-9d39-41a8-8125-8924075f6e7b-feasibility-9",
      "relation": "is",
      "object_id": "03f9bd13-9d39-41a8-8125-8924075f6e7b-keeping-23"
    },
    {
      "subject_id": "03f9bd13-9d39-41a8-8125-8924075f6e7b-utilization-26-of-27-anchor-29-moored-30-drilling-31-unit-32-at-33-waters-34",
      "relation": "was",
      "object_id": "03f9bd13-9d39-41a8-8125-8924075f6e7b-thought-47"
    },
    {
      "subject_id": "03f9bd13-9d39-41a8-8125-8924075f6e7b-utilization-26-of-27-anchor-29-moored-30-drilling-31-unit-32-at-33-waters-34",
      "relation": "of",
      "object_id": "03f9bd13-9d39-41a8-8125-8924075f6e7b-the-25"
    },
    {
      "subject_id": "03f9bd13-9d39-41a8-8125-8924075f6e7b-utilization-26-of-27-anchor-29-moored-30-drilling-31-unit-32-at-33-waters-34",
      "relation": "of",
      "object_id": "03f9bd13-9d39-41a8-8125-8924075f6e7b-this-28"
    },
    {
      "subject_id": "03f9bd13-9d39-41a8-8125-8924075f6e7b-thought-47",
      "relation": "at",
      "object_id": "03f9bd13-9d39-41a8-8125-8924075f6e7b-initially-46"
    },
    {
      "subject_id": "03f9bd13-9d39-41a8-8125-8924075f6e7b-feasibility-9",
      "relation": "of",
      "object_id": "03f9bd13-9d39-41a8-8125-8924075f6e7b-budget-21"
    },
    {
      "subject_id": "03f9bd13-9d39-41a8-8125-8924075f6e7b-feasibility-9",
      "relation": "of",
      "object_id": "03f9bd13-9d39-41a8-8125-8924075f6e7b-very-19-limited-20-budget-21"
    },
    {
      "subject_id": "03f9bd13-9d39-41a8-8125-8924075f6e7b-new-12-upgrading-13",
      "relation": "is with",
      "object_id": "03f9bd13-9d39-41a8-8125-8924075f6e7b-very-19-limited-20-budget-21"
    },
    {
      "subject_id": "03f9bd13-9d39-41a8-8125-8924075f6e7b-feasibility-9",
      "relation": "of",
      "object_id": "03f9bd13-9d39-41a8-8125-8924075f6e7b-upgrading-13"
    },
    {
      "subject_id": "03f9bd13-9d39-41a8-8125-8924075f6e7b-feasibility-9",
      "relation": "is",
      "object_id": "03f9bd13-9d39-41a8-8125-8924075f6e7b-limited-20"
    },
    {
      "subject_id": "03f9bd13-9d39-41a8-8125-8924075f6e7b-feasibility-9",
      "relation": "of",
      "object_id": "03f9bd13-9d39-41a8-8125-8924075f6e7b-P-15-10-17"
    },
    {
      "subject_id": "03f9bd13-9d39-41a8-8125-8924075f6e7b-they-3",
      "relation": "Altogether allow",
      "object_id": "03f9bd13-9d39-41a8-8125-8924075f6e7b-one-5"
    },
    {
      "subject_id": "03f9bd13-9d39-41a8-8125-8924075f6e7b-they-3",
      "relation": "allow",
      "object_id": "03f9bd13-9d39-41a8-8125-8924075f6e7b-one-5"
    },
    {
      "subject_id": "03f9bd13-9d39-41a8-8125-8924075f6e7b-feasibility-9",
      "relation": "of",
      "object_id": "03f9bd13-9d39-41a8-8125-8924075f6e7b-new-12-upgrading-13"
    }
  ],
  "links": {
    "NE-ORGANIZATION-PETROBRAS": [],
    "03f9bd13-9d39-41a8-8125-8924075f6e7b-drilling-37-rig-38": [],
    "03f9bd13-9d39-41a8-8125-8924075f6e7b-semi-submersible-36": [
      "03f9bd13-9d39-41a8-8125-8924075f6e7b-semi-submersible-22"
    ],
    "03f9bd13-9d39-41a8-8125-8924075f6e7b-owned-35": [],
    "03f9bd13-9d39-41a8-8125-8924075f6e7b-continuous-2-discoveries-3": [],
    "03f9bd13-9d39-41a8-8125-8924075f6e7b-waters-12": [],
    "NE-NATIONALITY-Brazilian": [],
    "03f9bd13-9d39-41a8-8125-8924075f6e7b-deep-8": [],
    "03f9bd13-9d39-41a8-8125-8924075f6e7b-paper-2": [],
    "03f9bd13-9d39-41a8-8125-8924075f6e7b-overview-7": [],
    "03f9bd13-9d39-41a8-8125-8924075f6e7b-design-15": [],
    "03f9bd13-9d39-41a8-8125-8924075f6e7b-semi-submersible-22": [
      "03f9bd13-9d39-41a8-8125-8924075f6e7b-semi-submersible-36"
    ],
    "03f9bd13-9d39-41a8-8125-8924075f6e7b-technical-11": [],
    "03f9bd13-9d39-41a8-8125-8924075f6e7b-drilling-23-rig-24-P-25-10-27-unit-28-capacity-29": [],
    "03f9bd13-9d39-41a8-8125-8924075f6e7b-aspects-12": [],
    "03f9bd13-9d39-41a8-8125-8924075f6e7b-main-10": [],
    "03f9bd13-9d39-41a8-8125-8924075f6e7b-500-31-m-32": [],
    "03f9bd13-9d39-41a8-8125-8924075f6e7b-upgrading-20": [],
    "03f9bd13-9d39-41a8-8125-8924075f6e7b-waters-4-scenario-5": [],
    "03f9bd13-9d39-41a8-8125-8924075f6e7b-step-32": [],
    "03f9bd13-9d39-41a8-8125-8924075f6e7b-offshore-8": [],
    "03f9bd13-9d39-41a8-8125-8924075f6e7b-further-31": [],
    "03f9bd13-9d39-41a8-8125-8924075f6e7b-ultra-deep-3": [],
    "03f9bd13-9d39-41a8-8125-8924075f6e7b-upcoming-2": [],
    "03f9bd13-9d39-41a8-8125-8924075f6e7b-studies-4": [],
    "03f9bd13-9d39-41a8-8125-8924075f6e7b-water-11-depth-12-limit-13": [],
    "03f9bd13-9d39-41a8-8125-8924075f6e7b-preliminary-3": [],
    "03f9bd13-9d39-41a8-8125-8924075f6e7b-hull-16-upgrading-17": [],
    "03f9bd13-9d39-41a8-8125-8924075f6e7b-technologies-22": [],
    "03f9bd13-9d39-41a8-8125-8924075f6e7b-water-5-technologies-6": [],
    "03f9bd13-9d39-41a8-8125-8924075f6e7b-polyester-13-rope-14-for-17-slender-18-wells-19": [],
    "03f9bd13-9d39-41a8-8125-8924075f6e7b-deep-4": [],
    "03f9bd13-9d39-41a8-8125-8924075f6e7b-may-20-considered-23": [],
    "NE-DATE-Now": [],
    "03f9bd13-9d39-41a8-8125-8924075f6e7b-pile-3-anchor-4-installation-5-concept-6": [],
    "03f9bd13-9d39-41a8-8125-8924075f6e7b-developed-8": [],
    "03f9bd13-9d39-41a8-8125-8924075f6e7b-new-2": [],
    "03f9bd13-9d39-41a8-8125-8924075f6e7b-one-5": [],
    "03f9bd13-9d39-41a8-8125-8924075f6e7b-feasibility-9": [],
    "03f9bd13-9d39-41a8-8125-8924075f6e7b-keeping-23": [],
    "03f9bd13-9d39-41a8-8125-8924075f6e7b-utilization-26-of-27-anchor-29-moored-30-drilling-31-unit-32-at-33-waters-34": [],
    "03f9bd13-9d39-41a8-8125-8924075f6e7b-thought-47": [],
    "03f9bd13-9d39-41a8-8125-8924075f6e7b-the-25": [],
    "03f9bd13-9d39-41a8-8125-8924075f6e7b-this-28": [],
    "03f9bd13-9d39-41a8-8125-8924075f6e7b-initially-46": [],
    "03f9bd13-9d39-41a8-8125-8924075f6e7b-budget-21": [],
    "03f9bd13-9d39-41a8-8125-8924075f6e7b-very-19-limited-20-budget-21": [],
    "03f9bd13-9d39-41a8-8125-8924075f6e7b-new-12-upgrading-13": [],
    "03f9bd13-9d39-41a8-8125-8924075f6e7b-upgrading-13": [],
    "03f9bd13-9d39-41a8-8125-8924075f6e7b-limited-20": [],
    "03f9bd13-9d39-41a8-8125-8924075f6e7b-P-15-10-17": [],
    "03f9bd13-9d39-41a8-8125-8924075f6e7b-they-3": []
  }
}