{
  "document": "D:/Projetos/PIRA_KG/documents/onu_85099520347.txt",
  "entities": {
    "NE-CAUSE_OF_DEATH-disaster": "disaster",
    "NE-DATE-2015": "2015",
    "a50a7fb9-6555-46dc-bbad-e40754fb61eb-we-18": "we",
    "a50a7fb9-6555-46dc-bbad-e40754fb61eb-changes-21": "changes",
    "a50a7fb9-6555-46dc-bbad-e40754fb61eb-concentrations-23-of-24-metal-25": "concentrations of metal",
    "a50a7fb9-6555-46dc-bbad-e40754fb61eb-concentrations-23": "concentrations",
    "a50a7fb9-6555-46dc-bbad-e40754fb61eb-context-3": "context",
    "NE-TITLE-river": "river",
    "a50a7fb9-6555-46dc-bbad-e40754fb61eb-Doce-6": "Doce",
    "a50a7fb9-6555-46dc-bbad-e40754fb61eb-Samples-1": "Samples",
    "a50a7fb9-6555-46dc-bbad-e40754fb61eb-collected-3": "collected",
    "a50a7fb9-6555-46dc-bbad-e40754fb61eb-before-4": "before",
    "a50a7fb9-6555-46dc-bbad-e40754fb61eb-arrival-13": "arrival",
    "a50a7fb9-6555-46dc-bbad-e40754fb61eb-Doce-16": "Doce",
    "a50a7fb9-6555-46dc-bbad-e40754fb61eb-estuary-18": "estuary",
    "a50a7fb9-6555-46dc-bbad-e40754fb61eb-metal-5-concentrations-9": "metal concentrations",
    "a50a7fb9-6555-46dc-bbad-e40754fb61eb-their-19-chemical-20-partitioning-21": "their chemical partitioning",
    "a50a7fb9-6555-46dc-bbad-e40754fb61eb-time-13": "time",
    "a50a7fb9-6555-46dc-bbad-e40754fb61eb-Al-28": "Al",
    "a50a7fb9-6555-46dc-bbad-e40754fb61eb-levels-57": "levels",
    "a50a7fb9-6555-46dc-bbad-e40754fb61eb-aqueous-27": "aqueous",
    "a50a7fb9-6555-46dc-bbad-e40754fb61eb-mg-2-Fe-3-L-4-−1-5": "mg Fe L −1",
    "a50a7fb9-6555-46dc-bbad-e40754fb61eb-observed-13": "observed",
    "a50a7fb9-6555-46dc-bbad-e40754fb61eb-35.2-1": "35.2",
    "a50a7fb9-6555-46dc-bbad-e40754fb61eb-Cd-32": "Cd",
    "a50a7fb9-6555-46dc-bbad-e40754fb61eb-total-16": "total",
    "a50a7fb9-6555-46dc-bbad-e40754fb61eb-unfiltered-18": "unfiltered",
    "a50a7fb9-6555-46dc-bbad-e40754fb61eb-Cu-36-concentrations-49": "Cu concentrations",
    "a50a7fb9-6555-46dc-bbad-e40754fb61eb-Al-2-coefficient-8-Kd-11-decrease-13": "Al coefficient Kd decrease",
    "a50a7fb9-6555-46dc-bbad-e40754fb61eb-could-18-related-20": "could related",
    "a50a7fb9-6555-46dc-bbad-e40754fb61eb-partitioning-7": "partitioning",
    "a50a7fb9-6555-46dc-bbad-e40754fb61eb-acute-16-stage-17": "acute stage",
    "a50a7fb9-6555-46dc-bbad-e40754fb61eb-colloid-24-content-25": "colloid content",
    "a50a7fb9-6555-46dc-bbad-e40754fb61eb-high-23-colloid-24-content-25": "high colloid content",
    "a50a7fb9-6555-46dc-bbad-e40754fb61eb-tailings-28": "tailings",
    "a50a7fb9-6555-46dc-bbad-e40754fb61eb-We-1": "We",
    "a50a7fb9-6555-46dc-bbad-e40754fb61eb-concentrations-6": "concentrations",
    "a50a7fb9-6555-46dc-bbad-e40754fb61eb-Al-8": "Al",
    "a50a7fb9-6555-46dc-bbad-e40754fb61eb-high-5": "high",
    "a50a7fb9-6555-46dc-bbad-e40754fb61eb-estuary-6": "estuary",
    "a50a7fb9-6555-46dc-bbad-e40754fb61eb-had-7-contaminated-10": "had contaminated",
    "a50a7fb9-6555-46dc-bbad-e40754fb61eb-Doce-4": "Doce",
    "a50a7fb9-6555-46dc-bbad-e40754fb61eb-Furthermore-1": "Furthermore",
    "a50a7fb9-6555-46dc-bbad-e40754fb61eb-further-28-increase-29": "further increase",
    "a50a7fb9-6555-46dc-bbad-e40754fb61eb-sediment-31": "sediment",
    "a50a7fb9-6555-46dc-bbad-e40754fb61eb-32.16-54-20.94-56-μg-57": "32.16 20.94 μg",
    "a50a7fb9-6555-46dc-bbad-e40754fb61eb-chronic-63-stage-64": "chronic stage",
    "a50a7fb9-6555-46dc-bbad-e40754fb61eb-3.61-44-2.19-46-μg-47-g-48-−1-49": "3.61 2.19 μg g −1",
    "a50a7fb9-6555-46dc-bbad-e40754fb61eb-pre-impact-52": "pre-impact",
    "NE-DATE-previously": "previously",
    "a50a7fb9-6555-46dc-bbad-e40754fb61eb-samples-7": "samples",
    "a50a7fb9-6555-46dc-bbad-e40754fb61eb-loid-13-composition-15": "loid composition",
    "a50a7fb9-6555-46dc-bbad-e40754fb61eb-original-5": "original",
    "a50a7fb9-6555-46dc-bbad-e40754fb61eb-Al-17": "Al",
    "a50a7fb9-6555-46dc-bbad-e40754fb61eb-sediments-3": "sediments",
    "a50a7fb9-6555-46dc-bbad-e40754fb61eb-Doce-1": "Doce",
    "a50a7fb9-6555-46dc-bbad-e40754fb61eb-tailing-6": "tailing",
    "a50a7fb9-6555-46dc-bbad-e40754fb61eb-similar-9": "similar",
    "a50a7fb9-6555-46dc-bbad-e40754fb61eb-elements-6": "elements",
    "a50a7fb9-6555-46dc-bbad-e40754fb61eb-parameters-21": "parameters",
    "a50a7fb9-6555-46dc-bbad-e40754fb61eb-other-19": "other",
    "a50a7fb9-6555-46dc-bbad-e40754fb61eb-key-20": "key",
    "a50a7fb9-6555-46dc-bbad-e40754fb61eb-could-7-used-9": "could used",
    "a50a7fb9-6555-46dc-bbad-e40754fb61eb-result-3": "result",
    "a50a7fb9-6555-46dc-bbad-e40754fb61eb-geochemical-11": "geochemical",
    "a50a7fb9-6555-46dc-bbad-e40754fb61eb-markers-12": "markers",
    "a50a7fb9-6555-46dc-bbad-e40754fb61eb-Fundão-15-tailings-16": "Fundão tailings"
  },
  "graph": [
    {
      "subject_id": "NE-CAUSE_OF_DEATH-disaster",
      "relation": "is in",
      "object_id": "NE-DATE-2015"
    },
    {
      "subject_id": "a50a7fb9-6555-46dc-bbad-e40754fb61eb-we-18",
      "relation": "monitored",
      "object_id": "a50a7fb9-6555-46dc-bbad-e40754fb61eb-changes-21"
    },
    {
      "subject_id": "a50a7fb9-6555-46dc-bbad-e40754fb61eb-changes-21",
      "relation": "of",
      "object_id": "a50a7fb9-6555-46dc-bbad-e40754fb61eb-concentrations-23-of-24-metal-25"
    },
    {
      "subject_id": "a50a7fb9-6555-46dc-bbad-e40754fb61eb-changes-21",
      "relation": "of",
      "object_id": "a50a7fb9-6555-46dc-bbad-e40754fb61eb-concentrations-23"
    },
    {
      "subject_id": "a50a7fb9-6555-46dc-bbad-e40754fb61eb-changes-21",
      "relation": "is in",
      "object_id": "a50a7fb9-6555-46dc-bbad-e40754fb61eb-concentrations-23-of-24-metal-25"
    },
    {
      "subject_id": "a50a7fb9-6555-46dc-bbad-e40754fb61eb-we-18",
      "relation": "monitored changes In",
      "object_id": "a50a7fb9-6555-46dc-bbad-e40754fb61eb-context-3"
    },
    {
      "subject_id": "a50a7fb9-6555-46dc-bbad-e40754fb61eb-context-3",
      "relation": "of",
      "object_id": "NE-TITLE-river"
    },
    {
      "subject_id": "a50a7fb9-6555-46dc-bbad-e40754fb61eb-context-3",
      "relation": "case",
      "object_id": "a50a7fb9-6555-46dc-bbad-e40754fb61eb-Doce-6"
    },
    {
      "subject_id": "a50a7fb9-6555-46dc-bbad-e40754fb61eb-Samples-1",
      "relation": "were",
      "object_id": "a50a7fb9-6555-46dc-bbad-e40754fb61eb-collected-3"
    },
    {
      "subject_id": "a50a7fb9-6555-46dc-bbad-e40754fb61eb-collected-3",
      "relation": "at",
      "object_id": "a50a7fb9-6555-46dc-bbad-e40754fb61eb-before-4"
    },
    {
      "subject_id": "a50a7fb9-6555-46dc-bbad-e40754fb61eb-Samples-1",
      "relation": "were collected before during",
      "object_id": "a50a7fb9-6555-46dc-bbad-e40754fb61eb-arrival-13"
    },
    {
      "subject_id": "a50a7fb9-6555-46dc-bbad-e40754fb61eb-arrival-13",
      "relation": "of",
      "object_id": "NE-TITLE-river"
    },
    {
      "subject_id": "a50a7fb9-6555-46dc-bbad-e40754fb61eb-arrival-13",
      "relation": "case",
      "object_id": "a50a7fb9-6555-46dc-bbad-e40754fb61eb-Doce-16"
    },
    {
      "subject_id": "a50a7fb9-6555-46dc-bbad-e40754fb61eb-arrival-13",
      "relation": "of",
      "object_id": "a50a7fb9-6555-46dc-bbad-e40754fb61eb-estuary-18"
    },
    {
      "subject_id": "a50a7fb9-6555-46dc-bbad-e40754fb61eb-Samples-1",
      "relation": "were collected during",
      "object_id": "a50a7fb9-6555-46dc-bbad-e40754fb61eb-arrival-13"
    },
    {
      "subject_id": "a50a7fb9-6555-46dc-bbad-e40754fb61eb-metal-5-concentrations-9",
      "relation": "increased after",
      "object_id": "NE-CAUSE_OF_DEATH-disaster"
    },
    {
      "subject_id": "a50a7fb9-6555-46dc-bbad-e40754fb61eb-metal-5-concentrations-9",
      "relation": "changed",
      "object_id": "a50a7fb9-6555-46dc-bbad-e40754fb61eb-their-19-chemical-20-partitioning-21"
    },
    {
      "subject_id": "a50a7fb9-6555-46dc-bbad-e40754fb61eb-metal-5-concentrations-9",
      "relation": "significantly increased after",
      "object_id": "NE-CAUSE_OF_DEATH-disaster"
    },
    {
      "subject_id": "a50a7fb9-6555-46dc-bbad-e40754fb61eb-metal-5-concentrations-9",
      "relation": "increased with",
      "object_id": "a50a7fb9-6555-46dc-bbad-e40754fb61eb-time-13"
    },
    {
      "subject_id": "a50a7fb9-6555-46dc-bbad-e40754fb61eb-metal-5-concentrations-9",
      "relation": "significantly increased with",
      "object_id": "a50a7fb9-6555-46dc-bbad-e40754fb61eb-time-13"
    },
    {
      "subject_id": "a50a7fb9-6555-46dc-bbad-e40754fb61eb-Al-28",
      "relation": "exceeded",
      "object_id": "a50a7fb9-6555-46dc-bbad-e40754fb61eb-levels-57"
    },
    {
      "subject_id": "a50a7fb9-6555-46dc-bbad-e40754fb61eb-Al-28",
      "relation": "is",
      "object_id": "a50a7fb9-6555-46dc-bbad-e40754fb61eb-aqueous-27"
    },
    {
      "subject_id": "a50a7fb9-6555-46dc-bbad-e40754fb61eb-mg-2-Fe-3-L-4-−1-5",
      "relation": "were",
      "object_id": "a50a7fb9-6555-46dc-bbad-e40754fb61eb-observed-13"
    },
    {
      "subject_id": "a50a7fb9-6555-46dc-bbad-e40754fb61eb-mg-2-Fe-3-L-4-−1-5",
      "relation": "amount to",
      "object_id": "a50a7fb9-6555-46dc-bbad-e40754fb61eb-35.2-1"
    },
    {
      "subject_id": "a50a7fb9-6555-46dc-bbad-e40754fb61eb-Cd-32",
      "relation": "exceeded",
      "object_id": "a50a7fb9-6555-46dc-bbad-e40754fb61eb-levels-57"
    },
    {
      "subject_id": "a50a7fb9-6555-46dc-bbad-e40754fb61eb-observed-13",
      "relation": "at",
      "object_id": "a50a7fb9-6555-46dc-bbad-e40754fb61eb-total-16"
    },
    {
      "subject_id": "a50a7fb9-6555-46dc-bbad-e40754fb61eb-observed-13",
      "relation": "is",
      "object_id": "a50a7fb9-6555-46dc-bbad-e40754fb61eb-unfiltered-18"
    },
    {
      "subject_id": "a50a7fb9-6555-46dc-bbad-e40754fb61eb-Cu-36-concentrations-49",
      "relation": "exceeded",
      "object_id": "a50a7fb9-6555-46dc-bbad-e40754fb61eb-levels-57"
    },
    {
      "subject_id": "a50a7fb9-6555-46dc-bbad-e40754fb61eb-Al-2-coefficient-8-Kd-11-decrease-13",
      "relation": "could",
      "object_id": "a50a7fb9-6555-46dc-bbad-e40754fb61eb-could-18-related-20"
    },
    {
      "subject_id": "a50a7fb9-6555-46dc-bbad-e40754fb61eb-Al-2-coefficient-8-Kd-11-decrease-13",
      "relation": "is",
      "object_id": "a50a7fb9-6555-46dc-bbad-e40754fb61eb-partitioning-7"
    },
    {
      "subject_id": "a50a7fb9-6555-46dc-bbad-e40754fb61eb-Al-2-coefficient-8-Kd-11-decrease-13",
      "relation": "is in",
      "object_id": "a50a7fb9-6555-46dc-bbad-e40754fb61eb-acute-16-stage-17"
    },
    {
      "subject_id": "a50a7fb9-6555-46dc-bbad-e40754fb61eb-could-18-related-20",
      "relation": "at",
      "object_id": "a50a7fb9-6555-46dc-bbad-e40754fb61eb-colloid-24-content-25"
    },
    {
      "subject_id": "a50a7fb9-6555-46dc-bbad-e40754fb61eb-high-23-colloid-24-content-25",
      "relation": "is in",
      "object_id": "a50a7fb9-6555-46dc-bbad-e40754fb61eb-tailings-28"
    },
    {
      "subject_id": "a50a7fb9-6555-46dc-bbad-e40754fb61eb-We-1",
      "relation": "observe",
      "object_id": "a50a7fb9-6555-46dc-bbad-e40754fb61eb-concentrations-6"
    },
    {
      "subject_id": "a50a7fb9-6555-46dc-bbad-e40754fb61eb-concentrations-6",
      "relation": "of",
      "object_id": "a50a7fb9-6555-46dc-bbad-e40754fb61eb-Al-8"
    },
    {
      "subject_id": "a50a7fb9-6555-46dc-bbad-e40754fb61eb-concentrations-6",
      "relation": "is",
      "object_id": "a50a7fb9-6555-46dc-bbad-e40754fb61eb-high-5"
    },
    {
      "subject_id": "a50a7fb9-6555-46dc-bbad-e40754fb61eb-estuary-6",
      "relation": "had",
      "object_id": "a50a7fb9-6555-46dc-bbad-e40754fb61eb-had-7-contaminated-10"
    },
    {
      "subject_id": "a50a7fb9-6555-46dc-bbad-e40754fb61eb-estuary-6",
      "relation": "of",
      "object_id": "NE-TITLE-river"
    },
    {
      "subject_id": "a50a7fb9-6555-46dc-bbad-e40754fb61eb-estuary-6",
      "relation": "of",
      "object_id": "a50a7fb9-6555-46dc-bbad-e40754fb61eb-Doce-4"
    },
    {
      "subject_id": "a50a7fb9-6555-46dc-bbad-e40754fb61eb-had-7-contaminated-10",
      "relation": "at",
      "object_id": "a50a7fb9-6555-46dc-bbad-e40754fb61eb-Furthermore-1"
    },
    {
      "subject_id": "a50a7fb9-6555-46dc-bbad-e40754fb61eb-further-28-increase-29",
      "relation": "is in",
      "object_id": "a50a7fb9-6555-46dc-bbad-e40754fb61eb-sediment-31"
    },
    {
      "subject_id": "a50a7fb9-6555-46dc-bbad-e40754fb61eb-32.16-54-20.94-56-μg-57",
      "relation": "is in",
      "object_id": "a50a7fb9-6555-46dc-bbad-e40754fb61eb-chronic-63-stage-64"
    },
    {
      "subject_id": "a50a7fb9-6555-46dc-bbad-e40754fb61eb-3.61-44-2.19-46-μg-47-g-48-−1-49",
      "relation": "is in",
      "object_id": "a50a7fb9-6555-46dc-bbad-e40754fb61eb-pre-impact-52"
    },
    {
      "subject_id": "a50a7fb9-6555-46dc-bbad-e40754fb61eb-had-7-contaminated-10",
      "relation": "at",
      "object_id": "NE-DATE-previously"
    },
    {
      "subject_id": "a50a7fb9-6555-46dc-bbad-e40754fb61eb-samples-7",
      "relation": "were similar in",
      "object_id": "a50a7fb9-6555-46dc-bbad-e40754fb61eb-loid-13-composition-15"
    },
    {
      "subject_id": "a50a7fb9-6555-46dc-bbad-e40754fb61eb-samples-7",
      "relation": "is",
      "object_id": "a50a7fb9-6555-46dc-bbad-e40754fb61eb-original-5"
    },
    {
      "subject_id": "a50a7fb9-6555-46dc-bbad-e40754fb61eb-loid-13-composition-15",
      "relation": "of",
      "object_id": "a50a7fb9-6555-46dc-bbad-e40754fb61eb-Al-17"
    },
    {
      "subject_id": "a50a7fb9-6555-46dc-bbad-e40754fb61eb-sediments-3",
      "relation": "were similar in",
      "object_id": "a50a7fb9-6555-46dc-bbad-e40754fb61eb-loid-13-composition-15"
    },
    {
      "subject_id": "a50a7fb9-6555-46dc-bbad-e40754fb61eb-sediments-3",
      "relation": "of",
      "object_id": "NE-TITLE-river"
    },
    {
      "subject_id": "a50a7fb9-6555-46dc-bbad-e40754fb61eb-sediments-3",
      "relation": "of",
      "object_id": "a50a7fb9-6555-46dc-bbad-e40754fb61eb-Doce-1"
    },
    {
      "subject_id": "a50a7fb9-6555-46dc-bbad-e40754fb61eb-samples-7",
      "relation": "is",
      "object_id": "a50a7fb9-6555-46dc-bbad-e40754fb61eb-tailing-6"
    },
    {
      "subject_id": "a50a7fb9-6555-46dc-bbad-e40754fb61eb-samples-7",
      "relation": "were",
      "object_id": "a50a7fb9-6555-46dc-bbad-e40754fb61eb-similar-9"
    },
    {
      "subject_id": "a50a7fb9-6555-46dc-bbad-e40754fb61eb-sediments-3",
      "relation": "were",
      "object_id": "a50a7fb9-6555-46dc-bbad-e40754fb61eb-similar-9"
    },
    {
      "subject_id": "a50a7fb9-6555-46dc-bbad-e40754fb61eb-similar-9",
      "relation": "at",
      "object_id": "a50a7fb9-6555-46dc-bbad-e40754fb61eb-loid-13-composition-15"
    },
    {
      "subject_id": "a50a7fb9-6555-46dc-bbad-e40754fb61eb-elements-6",
      "relation": "considering",
      "object_id": "a50a7fb9-6555-46dc-bbad-e40754fb61eb-parameters-21"
    },
    {
      "subject_id": "a50a7fb9-6555-46dc-bbad-e40754fb61eb-parameters-21",
      "relation": "is",
      "object_id": "a50a7fb9-6555-46dc-bbad-e40754fb61eb-other-19"
    },
    {
      "subject_id": "a50a7fb9-6555-46dc-bbad-e40754fb61eb-parameters-21",
      "relation": "is",
      "object_id": "a50a7fb9-6555-46dc-bbad-e40754fb61eb-key-20"
    },
    {
      "subject_id": "a50a7fb9-6555-46dc-bbad-e40754fb61eb-elements-6",
      "relation": "could",
      "object_id": "a50a7fb9-6555-46dc-bbad-e40754fb61eb-could-7-used-9"
    },
    {
      "subject_id": "a50a7fb9-6555-46dc-bbad-e40754fb61eb-could-7-used-9",
      "relation": "case",
      "object_id": "a50a7fb9-6555-46dc-bbad-e40754fb61eb-result-3"
    },
    {
      "subject_id": "a50a7fb9-6555-46dc-bbad-e40754fb61eb-could-7-used-9",
      "relation": "is",
      "object_id": "a50a7fb9-6555-46dc-bbad-e40754fb61eb-geochemical-11"
    },
    {
      "subject_id": "a50a7fb9-6555-46dc-bbad-e40754fb61eb-could-7-used-9",
      "relation": "at",
      "object_id": "a50a7fb9-6555-46dc-bbad-e40754fb61eb-markers-12"
    },
    {
      "subject_id": "a50a7fb9-6555-46dc-bbad-e40754fb61eb-could-7-used-9",
      "relation": "of",
      "object_id": "a50a7fb9-6555-46dc-bbad-e40754fb61eb-Fundão-15-tailings-16"
    }
  ],
  "links": {
    "NE-CAUSE_OF_DEATH-disaster": [],
    "NE-DATE-2015": [],
    "a50a7fb9-6555-46dc-bbad-e40754fb61eb-we-18": [],
    "a50a7fb9-6555-46dc-bbad-e40754fb61eb-changes-21": [],
    "a50a7fb9-6555-46dc-bbad-e40754fb61eb-concentrations-23-of-24-metal-25": [],
    "a50a7fb9-6555-46dc-bbad-e40754fb61eb-concentrations-23": [],
    "a50a7fb9-6555-46dc-bbad-e40754fb61eb-context-3": [],
    "NE-TITLE-river": [],
    "a50a7fb9-6555-46dc-bbad-e40754fb61eb-Doce-6": [
      "a50a7fb9-6555-46dc-bbad-e40754fb61eb-Doce-16"
    ],
    "a50a7fb9-6555-46dc-bbad-e40754fb61eb-Samples-1": [],
    "a50a7fb9-6555-46dc-bbad-e40754fb61eb-collected-3": [],
    "a50a7fb9-6555-46dc-bbad-e40754fb61eb-before-4": [],
    "a50a7fb9-6555-46dc-bbad-e40754fb61eb-arrival-13": [],
    "a50a7fb9-6555-46dc-bbad-e40754fb61eb-Doce-16": [
      "a50a7fb9-6555-46dc-bbad-e40754fb61eb-Doce-6"
    ],
    "a50a7fb9-6555-46dc-bbad-e40754fb61eb-estuary-18": [],
    "a50a7fb9-6555-46dc-bbad-e40754fb61eb-metal-5-concentrations-9": [],
    "a50a7fb9-6555-46dc-bbad-e40754fb61eb-their-19-chemical-20-partitioning-21": [],
    "a50a7fb9-6555-46dc-bbad-e40754fb61eb-time-13": [],
    "a50a7fb9-6555-46dc-bbad-e40754fb61eb-Al-28": [],
    "a50a7fb9-6555-46dc-bbad-e40754fb61eb-levels-57": [],
    "a50a7fb9-6555-46dc-bbad-e40754fb61eb-aqueous-27": [],
    "a50a7fb9-6555-46dc-bbad-e40754fb61eb-mg-2-Fe-3-L-4-−1-5": [],
    "a50a7fb9-6555-46dc-bbad-e40754fb61eb-observed-13": [],
    "a50a7fb9-6555-46dc-bbad-e40754fb61eb-35.2-1": [],
    "a50a7fb9-6555-46dc-bbad-e40754fb61eb-Cd-32": [],
    "a50a7fb9-6555-46dc-bbad-e40754fb61eb-total-16": [],
    "a50a7fb9-6555-46dc-bbad-e40754fb61eb-unfiltered-18": [],
    "a50a7fb9-6555-46dc-bbad-e40754fb61eb-Cu-36-concentrations-49": [],
    "a50a7fb9-6555-46dc-bbad-e40754fb61eb-Al-2-coefficient-8-Kd-11-decrease-13": [],
    "a50a7fb9-6555-46dc-bbad-e40754fb61eb-could-18-related-20": [],
    "a50a7fb9-6555-46dc-bbad-e40754fb61eb-partitioning-7": [],
    "a50a7fb9-6555-46dc-bbad-e40754fb61eb-acute-16-stage-17": [],
    "a50a7fb9-6555-46dc-bbad-e40754fb61eb-colloid-24-content-25": [],
    "a50a7fb9-6555-46dc-bbad-e40754fb61eb-high-23-colloid-24-content-25": [],
    "a50a7fb9-6555-46dc-bbad-e40754fb61eb-tailings-28": [],
    "a50a7fb9-6555-46dc-bbad-e40754fb61eb-We-1": [],
    "a50a7fb9-6555-46dc-bbad-e40754fb61eb-concentrations-6": [],
    "a50a7fb9-6555-46dc-bbad-e40754fb61eb-Al-8": [],
    "a50a7fb9-6555-46dc-bbad-e40754fb61eb-high-5": [],
    "a50a7fb9-6555-46dc-bbad-e40754fb61eb-estuary-6": [],
    "a50a7fb9-6555-46dc-bbad-e40754fb61eb-had-7-contaminated-10": [],
    "a50a7fb9-6555-46dc-bbad-e40754fb61eb-Doce-4": [
      "a50a7fb9-6555-46dc-bbad-e40754fb61eb-Doce-1"
    ],
    "a50a7fb9-6555-46dc-bbad-e40754fb61eb-Furthermore-1": [],
    "a50a7fb9-6555-46dc-bbad-e40754fb61eb-further-28-increase-29": [],
    "a50a7fb9-6555-46dc-bbad-e40754fb61eb-sediment-31": [],
    "a50a7fb9-6555-46dc-bbad-e40754fb61eb-32.16-54-20.94-56-μg-57": [],
    "a50a7fb9-6555-46dc-bbad-e40754fb61eb-chronic-63-stage-64": [],
    "a50a7fb9-6555-46dc-bbad-e40754fb61eb-3.61-44-2.19-46-μg-47-g-48-−1-49": [],
    "a50a7fb9-6555-46dc-bbad-e40754fb61eb-pre-impact-52": [],
    "NE-DATE-previously": [],
    "a50a7fb9-6555-46dc-bbad-e40754fb61eb-samples-7": [],
    "a50a7fb9-6555-46dc-bbad-e40754fb61eb-loid-13-composition-15": [],
    "a50a7fb9-6555-46dc-bbad-e40754fb61eb-original-5": [],
    "a50a7fb9-6555-46dc-bbad-e40754fb61eb-Al-17": [],
    "a50a7fb9-6555-46dc-bbad-e40754fb61eb-sediments-3": [],
    "a50a7fb9-6555-46dc-bbad-e40754fb61eb-Doce-1": [
      "a50a7fb9-6555-46dc-bbad-e40754fb61eb-Doce-4"
    ],
    "a50a7fb9-6555-46dc-bbad-e40754fb61eb-tailing-6": [],
    "a50a7fb9-6555-46dc-bbad-e40754fb61eb-similar-9": [],
    "a50a7fb9-6555-46dc-bbad-e40754fb61eb-elements-6": [],
    "a50a7fb9-6555-46dc-bbad-e40754fb61eb-parameters-21": [],
    "a50a7fb9-6555-46dc-bbad-e40754fb61eb-other-19": [],
    "a50a7fb9-6555-46dc-bbad-e40754fb61eb-key-20": [],
    "a50a7fb9-6555-46dc-bbad-e40754fb61eb-could-7-used-9": [],
    "a50a7fb9-6555-46dc-bbad-e40754fb61eb-result-3": [],
    "a50a7fb9-6555-46dc-bbad-e40754fb61eb-geochemical-11": [],
    "a50a7fb9-6555-46dc-bbad-e40754fb61eb-markers-12": [],
    "a50a7fb9-6555-46dc-bbad-e40754fb61eb-Fundão-15-tailings-16": []
  }
}