{
  "document": "D:/Projetos/PIRA_KG/documents/onu_85103724572.txt",
  "entities": {
    "5bcbf8eb-bee5-42ff-a88b-aa278d59675d-flooding-2": "flooding",
    "5bcbf8eb-bee5-42ff-a88b-aa278d59675d-aims-10": "aims",
    "5bcbf8eb-bee5-42ff-a88b-aa278d59675d-oil-7-recovery-8": "oil recovery",
    "5bcbf8eb-bee5-42ff-a88b-aa278d59675d-Polymer-1": "Polymer",
    "5bcbf8eb-bee5-42ff-a88b-aa278d59675d-enhanced-6": "enhanced",
    "5bcbf8eb-bee5-42ff-a88b-aa278d59675d-polymer-13-flooding-14": "polymer flooding",
    "5bcbf8eb-bee5-42ff-a88b-aa278d59675d-fingering-21": "fingering",
    "5bcbf8eb-bee5-42ff-a88b-aa278d59675d-viscous-20": "viscous",
    "5bcbf8eb-bee5-42ff-a88b-aa278d59675d-reservoir-27": "reservoir",
    "5bcbf8eb-bee5-42ff-a88b-aa278d59675d-formation-18": "formation",
    "5bcbf8eb-bee5-42ff-a88b-aa278d59675d-possible-3": "possible",
    "5bcbf8eb-bee5-42ff-a88b-aa278d59675d-gains-9": "gains",
    "5bcbf8eb-bee5-42ff-a88b-aa278d59675d-polymer-11-flooding-12": "polymer flooding",
    "5bcbf8eb-bee5-42ff-a88b-aa278d59675d-however-5": "however",
    "5bcbf8eb-bee5-42ff-a88b-aa278d59675d-strategies-2": "strategies",
    "5bcbf8eb-bee5-42ff-a88b-aa278d59675d-tested-4": "tested",
    "5bcbf8eb-bee5-42ff-a88b-aa278d59675d-offshore-15-field-16": "offshore field",
    "NE-COUNTRY-Brazil": "Brazil",
    "5bcbf8eb-bee5-42ff-a88b-aa278d59675d-reservoir-2": "reservoir",
    "5bcbf8eb-bee5-42ff-a88b-aa278d59675d-sandstone-4": "sandstone",
    "5bcbf8eb-bee5-42ff-a88b-aa278d59675d-phase-3": "phase",
    "5bcbf8eb-bee5-42ff-a88b-aa278d59675d-oil-7": "oil",
    "5bcbf8eb-bee5-42ff-a88b-aa278d59675d-viscous-6": "viscous",
    "5bcbf8eb-bee5-42ff-a88b-aa278d59675d-oleic-2": "oleic",
    "5bcbf8eb-bee5-42ff-a88b-aa278d59675d-heavy-5": "heavy",
    "5bcbf8eb-bee5-42ff-a88b-aa278d59675d-simulation-3-approach-4": "simulation approach",
    "5bcbf8eb-bee5-42ff-a88b-aa278d59675d-economic-15": "economic",
    "NE-ORDINAL-first": "first",
    "5bcbf8eb-bee5-42ff-a88b-aa278d59675d-strategy-7": "strategy",
    "5bcbf8eb-bee5-42ff-a88b-aa278d59675d-value-9": "value",
    "5bcbf8eb-bee5-42ff-a88b-aa278d59675d-case-3": "case",
    "5bcbf8eb-bee5-42ff-a88b-aa278d59675d-reached-14": "reached",
    "5bcbf8eb-bee5-42ff-a88b-aa278d59675d-maximum-6": "maximum",
    "NE-DURATION-15-years": "15 years",
    "5bcbf8eb-bee5-42ff-a88b-aa278d59675d-net-7": "net",
    "NE-DATE-present": "present",
    "5bcbf8eb-bee5-42ff-a88b-aa278d59675d-production-19": "production",
    "5bcbf8eb-bee5-42ff-a88b-aa278d59675d-recovery-22-factor-23": "recovery factor",
    "NE-PERCENT-25%": "25 %",
    "5bcbf8eb-bee5-42ff-a88b-aa278d59675d-revitalization-2-strategy-3": "revitalization strategy",
    "5bcbf8eb-bee5-42ff-a88b-aa278d59675d-status-10-for-11-wells-13": "status for wells",
    "NE-CRIMINAL_CHARGE-abandonment": "abandonment",
    "5bcbf8eb-bee5-42ff-a88b-aa278d59675d-converted-17": "converted",
    "5bcbf8eb-bee5-42ff-a88b-aa278d59675d-to-15": "to",
    "5bcbf8eb-bee5-42ff-a88b-aa278d59675d-approach-3": "approach",
    "5bcbf8eb-bee5-42ff-a88b-aa278d59675d-degree-7": "degree",
    "NE-ORDINAL-second": "second",
    "5bcbf8eb-bee5-42ff-a88b-aa278d59675d-additional-6": "additional",
    "5bcbf8eb-bee5-42ff-a88b-aa278d59675d-producers-21": "producers",
    "5bcbf8eb-bee5-42ff-a88b-aa278d59675d-freedom-9": "freedom",
    "5bcbf8eb-bee5-42ff-a88b-aa278d59675d-injectors-19": "injectors",
    "5bcbf8eb-bee5-42ff-a88b-aa278d59675d-approach-5": "approach",
    "5bcbf8eb-bee5-42ff-a88b-aa278d59675d-addition-9": "addition",
    "NE-ORDINAL-third": "third",
    "5bcbf8eb-bee5-42ff-a88b-aa278d59675d-new-11": "new",
    "5bcbf8eb-bee5-42ff-a88b-aa278d59675d-wells-12": "wells",
    "5bcbf8eb-bee5-42ff-a88b-aa278d59675d-Equations-1": "Equations",
    "5bcbf8eb-bee5-42ff-a88b-aa278d59675d-presented-11": "presented",
    "5bcbf8eb-bee5-42ff-a88b-aa278d59675d-injectors-8": "injectors",
    "5bcbf8eb-bee5-42ff-a88b-aa278d59675d-oil-20-spots-21": "oil spots",
    "5bcbf8eb-bee5-42ff-a88b-aa278d59675d-producers-6": "producers",
    "5bcbf8eb-bee5-42ff-a88b-aa278d59675d-could-9-placed-11": "could placed",
    "5bcbf8eb-bee5-42ff-a88b-aa278d59675d-new-5": "new",
    "5bcbf8eb-bee5-42ff-a88b-aa278d59675d-locations-15": "locations",
    "5bcbf8eb-bee5-42ff-a88b-aa278d59675d-best-14": "best",
    "5bcbf8eb-bee5-42ff-a88b-aa278d59675d-remaining-19": "remaining",
    "5bcbf8eb-bee5-42ff-a88b-aa278d59675d-equations-3": "equations",
    "5bcbf8eb-bee5-42ff-a88b-aa278d59675d-three-2-approaches-3": "three approaches",
    "5bcbf8eb-bee5-42ff-a88b-aa278d59675d-oil-6-recovery-7-factor-8": "oil recovery factor",
    "5bcbf8eb-bee5-42ff-a88b-aa278d59675d-variations-6": "variations",
    "5bcbf8eb-bee5-42ff-a88b-aa278d59675d-NPV-8": "NPV",
    "5bcbf8eb-bee5-42ff-a88b-aa278d59675d-waterflood-20": "waterflood",
    "5bcbf8eb-bee5-42ff-a88b-aa278d59675d-standard-19": "standard",
    "5bcbf8eb-bee5-42ff-a88b-aa278d59675d-oil-3-recovery-4": "oil recovery",
    "5bcbf8eb-bee5-42ff-a88b-aa278d59675d-higher-10": "higher",
    "5bcbf8eb-bee5-42ff-a88b-aa278d59675d-additional-2": "additional",
    "5bcbf8eb-bee5-42ff-a88b-aa278d59675d-significant-2-increase-3": "significant increase",
    "5bcbf8eb-bee5-42ff-a88b-aa278d59675d-oil-5-production-6": "oil production",
    "5bcbf8eb-bee5-42ff-a88b-aa278d59675d-methodologies-2": "methodologies",
    "5bcbf8eb-bee5-42ff-a88b-aa278d59675d-easy-8": "easy",
    "5bcbf8eb-bee5-42ff-a88b-aa278d59675d-paper-6": "paper",
    "5bcbf8eb-bee5-42ff-a88b-aa278d59675d-fields-15": "fields",
    "5bcbf8eb-bee5-42ff-a88b-aa278d59675d-oil-20": "oil",
    "5bcbf8eb-bee5-42ff-a88b-aa278d59675d-mature-14": "mature",
    "5bcbf8eb-bee5-42ff-a88b-aa278d59675d-more-19": "more",
    "5bcbf8eb-bee5-42ff-a88b-aa278d59675d-possible-7": "possible",
    "5bcbf8eb-bee5-42ff-a88b-aa278d59675d-stages-23": "stages",
    "5bcbf8eb-bee5-42ff-a88b-aa278d59675d-later-22": "later",
    "5bcbf8eb-bee5-42ff-a88b-aa278d59675d-recovery-12-factor-13": "recovery factor",
    "5bcbf8eb-bee5-42ff-a88b-aa278d59675d-fields-19": "fields"
  },
  "graph": [
    {
      "subject_id": "5bcbf8eb-bee5-42ff-a88b-aa278d59675d-flooding-2",
      "relation": "is enhanced",
      "object_id": "5bcbf8eb-bee5-42ff-a88b-aa278d59675d-aims-10"
    },
    {
      "subject_id": "5bcbf8eb-bee5-42ff-a88b-aa278d59675d-flooding-2",
      "relation": "is",
      "object_id": "5bcbf8eb-bee5-42ff-a88b-aa278d59675d-oil-7-recovery-8"
    },
    {
      "subject_id": "5bcbf8eb-bee5-42ff-a88b-aa278d59675d-flooding-2",
      "relation": "of",
      "object_id": "5bcbf8eb-bee5-42ff-a88b-aa278d59675d-Polymer-1"
    },
    {
      "subject_id": "5bcbf8eb-bee5-42ff-a88b-aa278d59675d-oil-7-recovery-8",
      "relation": "is",
      "object_id": "5bcbf8eb-bee5-42ff-a88b-aa278d59675d-enhanced-6"
    },
    {
      "subject_id": "5bcbf8eb-bee5-42ff-a88b-aa278d59675d-polymer-13-flooding-14",
      "relation": "formation of",
      "object_id": "5bcbf8eb-bee5-42ff-a88b-aa278d59675d-fingering-21"
    },
    {
      "subject_id": "5bcbf8eb-bee5-42ff-a88b-aa278d59675d-fingering-21",
      "relation": "is",
      "object_id": "5bcbf8eb-bee5-42ff-a88b-aa278d59675d-viscous-20"
    },
    {
      "subject_id": "5bcbf8eb-bee5-42ff-a88b-aa278d59675d-polymer-13-flooding-14",
      "relation": "sweeps more efficiently",
      "object_id": "5bcbf8eb-bee5-42ff-a88b-aa278d59675d-reservoir-27"
    },
    {
      "subject_id": "5bcbf8eb-bee5-42ff-a88b-aa278d59675d-polymer-13-flooding-14",
      "relation": "sweeps efficiently",
      "object_id": "5bcbf8eb-bee5-42ff-a88b-aa278d59675d-reservoir-27"
    },
    {
      "subject_id": "5bcbf8eb-bee5-42ff-a88b-aa278d59675d-polymer-13-flooding-14",
      "relation": "prevents",
      "object_id": "5bcbf8eb-bee5-42ff-a88b-aa278d59675d-formation-18"
    },
    {
      "subject_id": "5bcbf8eb-bee5-42ff-a88b-aa278d59675d-polymer-13-flooding-14",
      "relation": "sweeps",
      "object_id": "5bcbf8eb-bee5-42ff-a88b-aa278d59675d-reservoir-27"
    },
    {
      "subject_id": "5bcbf8eb-bee5-42ff-a88b-aa278d59675d-formation-18",
      "relation": "of",
      "object_id": "5bcbf8eb-bee5-42ff-a88b-aa278d59675d-fingering-21"
    },
    {
      "subject_id": "5bcbf8eb-bee5-42ff-a88b-aa278d59675d-polymer-13-flooding-14",
      "relation": "is",
      "object_id": "5bcbf8eb-bee5-42ff-a88b-aa278d59675d-possible-3"
    },
    {
      "subject_id": "5bcbf8eb-bee5-42ff-a88b-aa278d59675d-gains-9",
      "relation": "is with",
      "object_id": "5bcbf8eb-bee5-42ff-a88b-aa278d59675d-polymer-11-flooding-12"
    },
    {
      "subject_id": "5bcbf8eb-bee5-42ff-a88b-aa278d59675d-possible-3",
      "relation": "at",
      "object_id": "5bcbf8eb-bee5-42ff-a88b-aa278d59675d-however-5"
    },
    {
      "subject_id": "5bcbf8eb-bee5-42ff-a88b-aa278d59675d-strategies-2",
      "relation": "were",
      "object_id": "5bcbf8eb-bee5-42ff-a88b-aa278d59675d-tested-4"
    },
    {
      "subject_id": "5bcbf8eb-bee5-42ff-a88b-aa278d59675d-offshore-15-field-16",
      "relation": "is in",
      "object_id": "NE-COUNTRY-Brazil"
    },
    {
      "subject_id": "5bcbf8eb-bee5-42ff-a88b-aa278d59675d-reservoir-2",
      "relation": "is",
      "object_id": "5bcbf8eb-bee5-42ff-a88b-aa278d59675d-sandstone-4"
    },
    {
      "subject_id": "5bcbf8eb-bee5-42ff-a88b-aa278d59675d-phase-3",
      "relation": "is",
      "object_id": "5bcbf8eb-bee5-42ff-a88b-aa278d59675d-oil-7"
    },
    {
      "subject_id": "5bcbf8eb-bee5-42ff-a88b-aa278d59675d-oil-7",
      "relation": "is",
      "object_id": "5bcbf8eb-bee5-42ff-a88b-aa278d59675d-viscous-6"
    },
    {
      "subject_id": "5bcbf8eb-bee5-42ff-a88b-aa278d59675d-phase-3",
      "relation": "is",
      "object_id": "5bcbf8eb-bee5-42ff-a88b-aa278d59675d-oleic-2"
    },
    {
      "subject_id": "5bcbf8eb-bee5-42ff-a88b-aa278d59675d-oil-7",
      "relation": "is",
      "object_id": "5bcbf8eb-bee5-42ff-a88b-aa278d59675d-heavy-5"
    },
    {
      "subject_id": "5bcbf8eb-bee5-42ff-a88b-aa278d59675d-simulation-3-approach-4",
      "relation": "considered strategy until",
      "object_id": "5bcbf8eb-bee5-42ff-a88b-aa278d59675d-simulation-3-approach-4"
    },
    {
      "subject_id": "5bcbf8eb-bee5-42ff-a88b-aa278d59675d-simulation-3-approach-4",
      "relation": "is",
      "object_id": "5bcbf8eb-bee5-42ff-a88b-aa278d59675d-economic-15"
    },
    {
      "subject_id": "5bcbf8eb-bee5-42ff-a88b-aa278d59675d-simulation-3-approach-4",
      "relation": "is",
      "object_id": "NE-ORDINAL-first"
    },
    {
      "subject_id": "5bcbf8eb-bee5-42ff-a88b-aa278d59675d-simulation-3-approach-4",
      "relation": "considered",
      "object_id": "5bcbf8eb-bee5-42ff-a88b-aa278d59675d-strategy-7"
    },
    {
      "subject_id": "5bcbf8eb-bee5-42ff-a88b-aa278d59675d-value-9",
      "relation": "was reached For",
      "object_id": "5bcbf8eb-bee5-42ff-a88b-aa278d59675d-case-3"
    },
    {
      "subject_id": "5bcbf8eb-bee5-42ff-a88b-aa278d59675d-value-9",
      "relation": "was",
      "object_id": "5bcbf8eb-bee5-42ff-a88b-aa278d59675d-reached-14"
    },
    {
      "subject_id": "5bcbf8eb-bee5-42ff-a88b-aa278d59675d-value-9",
      "relation": "is",
      "object_id": "5bcbf8eb-bee5-42ff-a88b-aa278d59675d-maximum-6"
    },
    {
      "subject_id": "5bcbf8eb-bee5-42ff-a88b-aa278d59675d-reached-14",
      "relation": "at",
      "object_id": "5bcbf8eb-bee5-42ff-a88b-aa278d59675d-case-3"
    },
    {
      "subject_id": "5bcbf8eb-bee5-42ff-a88b-aa278d59675d-reached-14",
      "relation": "at",
      "object_id": "NE-DURATION-15-years"
    },
    {
      "subject_id": "5bcbf8eb-bee5-42ff-a88b-aa278d59675d-value-9",
      "relation": "is",
      "object_id": "5bcbf8eb-bee5-42ff-a88b-aa278d59675d-net-7"
    },
    {
      "subject_id": "5bcbf8eb-bee5-42ff-a88b-aa278d59675d-value-9",
      "relation": "was reached after",
      "object_id": "NE-DURATION-15-years"
    },
    {
      "subject_id": "5bcbf8eb-bee5-42ff-a88b-aa278d59675d-value-9",
      "relation": "is",
      "object_id": "NE-DATE-present"
    },
    {
      "subject_id": "NE-DURATION-15-years",
      "relation": "of",
      "object_id": "5bcbf8eb-bee5-42ff-a88b-aa278d59675d-production-19"
    },
    {
      "subject_id": "5bcbf8eb-bee5-42ff-a88b-aa278d59675d-production-19",
      "relation": "is with",
      "object_id": "5bcbf8eb-bee5-42ff-a88b-aa278d59675d-recovery-22-factor-23"
    },
    {
      "subject_id": "5bcbf8eb-bee5-42ff-a88b-aa278d59675d-recovery-22-factor-23",
      "relation": "of",
      "object_id": "NE-PERCENT-25%"
    },
    {
      "subject_id": "5bcbf8eb-bee5-42ff-a88b-aa278d59675d-reached-14",
      "relation": "of",
      "object_id": "5bcbf8eb-bee5-42ff-a88b-aa278d59675d-recovery-22-factor-23"
    },
    {
      "subject_id": "5bcbf8eb-bee5-42ff-a88b-aa278d59675d-revitalization-2-strategy-3",
      "relation": "considers",
      "object_id": "5bcbf8eb-bee5-42ff-a88b-aa278d59675d-status-10-for-11-wells-13"
    },
    {
      "subject_id": "5bcbf8eb-bee5-42ff-a88b-aa278d59675d-status-10-for-11-wells-13",
      "relation": "of",
      "object_id": "NE-CRIMINAL_CHARGE-abandonment"
    },
    {
      "subject_id": "5bcbf8eb-bee5-42ff-a88b-aa278d59675d-simulation-3-approach-4",
      "relation": "allows",
      "object_id": "5bcbf8eb-bee5-42ff-a88b-aa278d59675d-converted-17"
    },
    {
      "subject_id": "5bcbf8eb-bee5-42ff-a88b-aa278d59675d-simulation-3-approach-4",
      "relation": "of",
      "object_id": "NE-ORDINAL-first"
    },
    {
      "subject_id": "5bcbf8eb-bee5-42ff-a88b-aa278d59675d-converted-17",
      "relation": "mark",
      "object_id": "5bcbf8eb-bee5-42ff-a88b-aa278d59675d-to-15"
    },
    {
      "subject_id": "5bcbf8eb-bee5-42ff-a88b-aa278d59675d-approach-3",
      "relation": "has",
      "object_id": "5bcbf8eb-bee5-42ff-a88b-aa278d59675d-degree-7"
    },
    {
      "subject_id": "5bcbf8eb-bee5-42ff-a88b-aa278d59675d-approach-3",
      "relation": "is",
      "object_id": "NE-ORDINAL-second"
    },
    {
      "subject_id": "5bcbf8eb-bee5-42ff-a88b-aa278d59675d-degree-7",
      "relation": "is",
      "object_id": "5bcbf8eb-bee5-42ff-a88b-aa278d59675d-additional-6"
    },
    {
      "subject_id": "5bcbf8eb-bee5-42ff-a88b-aa278d59675d-converted-17",
      "relation": "at",
      "object_id": "5bcbf8eb-bee5-42ff-a88b-aa278d59675d-producers-21"
    },
    {
      "subject_id": "5bcbf8eb-bee5-42ff-a88b-aa278d59675d-degree-7",
      "relation": "of",
      "object_id": "5bcbf8eb-bee5-42ff-a88b-aa278d59675d-freedom-9"
    },
    {
      "subject_id": "5bcbf8eb-bee5-42ff-a88b-aa278d59675d-converted-17",
      "relation": "at",
      "object_id": "5bcbf8eb-bee5-42ff-a88b-aa278d59675d-injectors-19"
    },
    {
      "subject_id": "5bcbf8eb-bee5-42ff-a88b-aa278d59675d-approach-5",
      "relation": "Finally consists of",
      "object_id": "5bcbf8eb-bee5-42ff-a88b-aa278d59675d-addition-9"
    },
    {
      "subject_id": "5bcbf8eb-bee5-42ff-a88b-aa278d59675d-approach-5",
      "relation": "is",
      "object_id": "NE-ORDINAL-third"
    },
    {
      "subject_id": "5bcbf8eb-bee5-42ff-a88b-aa278d59675d-approach-5",
      "relation": "consists of",
      "object_id": "5bcbf8eb-bee5-42ff-a88b-aa278d59675d-addition-9"
    },
    {
      "subject_id": "5bcbf8eb-bee5-42ff-a88b-aa278d59675d-addition-9",
      "relation": "is",
      "object_id": "5bcbf8eb-bee5-42ff-a88b-aa278d59675d-new-11"
    },
    {
      "subject_id": "5bcbf8eb-bee5-42ff-a88b-aa278d59675d-addition-9",
      "relation": "of",
      "object_id": "5bcbf8eb-bee5-42ff-a88b-aa278d59675d-wells-12"
    },
    {
      "subject_id": "5bcbf8eb-bee5-42ff-a88b-aa278d59675d-Equations-1",
      "relation": "are",
      "object_id": "5bcbf8eb-bee5-42ff-a88b-aa278d59675d-presented-11"
    },
    {
      "subject_id": "5bcbf8eb-bee5-42ff-a88b-aa278d59675d-injectors-8",
      "relation": "produce",
      "object_id": "5bcbf8eb-bee5-42ff-a88b-aa278d59675d-oil-20-spots-21"
    },
    {
      "subject_id": "5bcbf8eb-bee5-42ff-a88b-aa278d59675d-producers-6",
      "relation": "could",
      "object_id": "5bcbf8eb-bee5-42ff-a88b-aa278d59675d-could-9-placed-11"
    },
    {
      "subject_id": "5bcbf8eb-bee5-42ff-a88b-aa278d59675d-producers-6",
      "relation": "is",
      "object_id": "5bcbf8eb-bee5-42ff-a88b-aa278d59675d-new-5"
    },
    {
      "subject_id": "5bcbf8eb-bee5-42ff-a88b-aa278d59675d-could-9-placed-11",
      "relation": "at",
      "object_id": "5bcbf8eb-bee5-42ff-a88b-aa278d59675d-locations-15"
    },
    {
      "subject_id": "5bcbf8eb-bee5-42ff-a88b-aa278d59675d-could-9-placed-11",
      "relation": "is",
      "object_id": "5bcbf8eb-bee5-42ff-a88b-aa278d59675d-best-14"
    },
    {
      "subject_id": "5bcbf8eb-bee5-42ff-a88b-aa278d59675d-oil-20-spots-21",
      "relation": "is",
      "object_id": "5bcbf8eb-bee5-42ff-a88b-aa278d59675d-remaining-19"
    },
    {
      "subject_id": "5bcbf8eb-bee5-42ff-a88b-aa278d59675d-injectors-8",
      "relation": "Using",
      "object_id": "5bcbf8eb-bee5-42ff-a88b-aa278d59675d-equations-3"
    },
    {
      "subject_id": "5bcbf8eb-bee5-42ff-a88b-aa278d59675d-three-2-approaches-3",
      "relation": "increased",
      "object_id": "5bcbf8eb-bee5-42ff-a88b-aa278d59675d-oil-6-recovery-7-factor-8"
    },
    {
      "subject_id": "5bcbf8eb-bee5-42ff-a88b-aa278d59675d-variations-6",
      "relation": "is in",
      "object_id": "5bcbf8eb-bee5-42ff-a88b-aa278d59675d-NPV-8"
    },
    {
      "subject_id": "5bcbf8eb-bee5-42ff-a88b-aa278d59675d-variations-6",
      "relation": "ensuring life compared",
      "object_id": "5bcbf8eb-bee5-42ff-a88b-aa278d59675d-waterflood-20"
    },
    {
      "subject_id": "5bcbf8eb-bee5-42ff-a88b-aa278d59675d-waterflood-20",
      "relation": "is",
      "object_id": "5bcbf8eb-bee5-42ff-a88b-aa278d59675d-standard-19"
    },
    {
      "subject_id": "5bcbf8eb-bee5-42ff-a88b-aa278d59675d-oil-3-recovery-4",
      "relation": "were",
      "object_id": "5bcbf8eb-bee5-42ff-a88b-aa278d59675d-higher-10"
    },
    {
      "subject_id": "5bcbf8eb-bee5-42ff-a88b-aa278d59675d-oil-3-recovery-4",
      "relation": "is",
      "object_id": "5bcbf8eb-bee5-42ff-a88b-aa278d59675d-additional-2"
    },
    {
      "subject_id": "5bcbf8eb-bee5-42ff-a88b-aa278d59675d-higher-10",
      "relation": "at",
      "object_id": "5bcbf8eb-bee5-42ff-a88b-aa278d59675d-polymer-13-flooding-14"
    },
    {
      "subject_id": "5bcbf8eb-bee5-42ff-a88b-aa278d59675d-oil-3-recovery-4",
      "relation": "were higher for",
      "object_id": "5bcbf8eb-bee5-42ff-a88b-aa278d59675d-polymer-13-flooding-14"
    },
    {
      "subject_id": "5bcbf8eb-bee5-42ff-a88b-aa278d59675d-variations-6",
      "relation": "were",
      "object_id": "5bcbf8eb-bee5-42ff-a88b-aa278d59675d-higher-10"
    },
    {
      "subject_id": "5bcbf8eb-bee5-42ff-a88b-aa278d59675d-variations-6",
      "relation": "were higher for",
      "object_id": "5bcbf8eb-bee5-42ff-a88b-aa278d59675d-polymer-13-flooding-14"
    },
    {
      "subject_id": "5bcbf8eb-bee5-42ff-a88b-aa278d59675d-significant-2-increase-3",
      "relation": "is in",
      "object_id": "5bcbf8eb-bee5-42ff-a88b-aa278d59675d-oil-5-production-6"
    },
    {
      "subject_id": "5bcbf8eb-bee5-42ff-a88b-aa278d59675d-methodologies-2",
      "relation": "are",
      "object_id": "5bcbf8eb-bee5-42ff-a88b-aa278d59675d-easy-8"
    },
    {
      "subject_id": "5bcbf8eb-bee5-42ff-a88b-aa278d59675d-methodologies-2",
      "relation": "presented in",
      "object_id": "5bcbf8eb-bee5-42ff-a88b-aa278d59675d-paper-6"
    },
    {
      "subject_id": "5bcbf8eb-bee5-42ff-a88b-aa278d59675d-methodologies-2",
      "relation": "allow",
      "object_id": "5bcbf8eb-bee5-42ff-a88b-aa278d59675d-fields-15"
    },
    {
      "subject_id": "5bcbf8eb-bee5-42ff-a88b-aa278d59675d-fields-15",
      "relation": "produce",
      "object_id": "5bcbf8eb-bee5-42ff-a88b-aa278d59675d-oil-20"
    },
    {
      "subject_id": "5bcbf8eb-bee5-42ff-a88b-aa278d59675d-fields-15",
      "relation": "is",
      "object_id": "5bcbf8eb-bee5-42ff-a88b-aa278d59675d-mature-14"
    },
    {
      "subject_id": "5bcbf8eb-bee5-42ff-a88b-aa278d59675d-fields-15",
      "relation": "economically produce",
      "object_id": "5bcbf8eb-bee5-42ff-a88b-aa278d59675d-oil-20"
    },
    {
      "subject_id": "5bcbf8eb-bee5-42ff-a88b-aa278d59675d-oil-20",
      "relation": "is",
      "object_id": "5bcbf8eb-bee5-42ff-a88b-aa278d59675d-more-19"
    },
    {
      "subject_id": "5bcbf8eb-bee5-42ff-a88b-aa278d59675d-paper-6",
      "relation": "is",
      "object_id": "5bcbf8eb-bee5-42ff-a88b-aa278d59675d-possible-7"
    },
    {
      "subject_id": "5bcbf8eb-bee5-42ff-a88b-aa278d59675d-paper-6",
      "relation": "increase recovery factor in",
      "object_id": "5bcbf8eb-bee5-42ff-a88b-aa278d59675d-stages-23"
    },
    {
      "subject_id": "5bcbf8eb-bee5-42ff-a88b-aa278d59675d-stages-23",
      "relation": "is",
      "object_id": "5bcbf8eb-bee5-42ff-a88b-aa278d59675d-later-22"
    },
    {
      "subject_id": "5bcbf8eb-bee5-42ff-a88b-aa278d59675d-paper-6",
      "relation": "increase",
      "object_id": "5bcbf8eb-bee5-42ff-a88b-aa278d59675d-recovery-12-factor-13"
    },
    {
      "subject_id": "5bcbf8eb-bee5-42ff-a88b-aa278d59675d-recovery-12-factor-13",
      "relation": "of",
      "object_id": "5bcbf8eb-bee5-42ff-a88b-aa278d59675d-fields-19"
    }
  ],
  "links": {
    "5bcbf8eb-bee5-42ff-a88b-aa278d59675d-flooding-2": [],
    "5bcbf8eb-bee5-42ff-a88b-aa278d59675d-aims-10": [],
    "5bcbf8eb-bee5-42ff-a88b-aa278d59675d-oil-7-recovery-8": [],
    "5bcbf8eb-bee5-42ff-a88b-aa278d59675d-Polymer-1": [],
    "5bcbf8eb-bee5-42ff-a88b-aa278d59675d-enhanced-6": [],
    "5bcbf8eb-bee5-42ff-a88b-aa278d59675d-polymer-13-flooding-14": [],
    "5bcbf8eb-bee5-42ff-a88b-aa278d59675d-fingering-21": [],
    "5bcbf8eb-bee5-42ff-a88b-aa278d59675d-viscous-20": [
      "5bcbf8eb-bee5-42ff-a88b-aa278d59675d-viscous-6"
    ],
    "5bcbf8eb-bee5-42ff-a88b-aa278d59675d-reservoir-27": [],
    "5bcbf8eb-bee5-42ff-a88b-aa278d59675d-formation-18": [],
    "5bcbf8eb-bee5-42ff-a88b-aa278d59675d-possible-3": [],
    "5bcbf8eb-bee5-42ff-a88b-aa278d59675d-gains-9": [],
    "5bcbf8eb-bee5-42ff-a88b-aa278d59675d-polymer-11-flooding-12": [],
    "5bcbf8eb-bee5-42ff-a88b-aa278d59675d-however-5": [],
    "5bcbf8eb-bee5-42ff-a88b-aa278d59675d-strategies-2": [],
    "5bcbf8eb-bee5-42ff-a88b-aa278d59675d-tested-4": [],
    "5bcbf8eb-bee5-42ff-a88b-aa278d59675d-offshore-15-field-16": [],
    "NE-COUNTRY-Brazil": [],
    "5bcbf8eb-bee5-42ff-a88b-aa278d59675d-reservoir-2": [],
    "5bcbf8eb-bee5-42ff-a88b-aa278d59675d-sandstone-4": [],
    "5bcbf8eb-bee5-42ff-a88b-aa278d59675d-phase-3": [],
    "5bcbf8eb-bee5-42ff-a88b-aa278d59675d-oil-7": [],
    "5bcbf8eb-bee5-42ff-a88b-aa278d59675d-viscous-6": [
      "5bcbf8eb-bee5-42ff-a88b-aa278d59675d-viscous-20"
    ],
    "5bcbf8eb-bee5-42ff-a88b-aa278d59675d-oleic-2": [],
    "5bcbf8eb-bee5-42ff-a88b-aa278d59675d-heavy-5": [],
    "5bcbf8eb-bee5-42ff-a88b-aa278d59675d-simulation-3-approach-4": [],
    "5bcbf8eb-bee5-42ff-a88b-aa278d59675d-economic-15": [],
    "NE-ORDINAL-first": [],
    "5bcbf8eb-bee5-42ff-a88b-aa278d59675d-strategy-7": [],
    "5bcbf8eb-bee5-42ff-a88b-aa278d59675d-value-9": [],
    "5bcbf8eb-bee5-42ff-a88b-aa278d59675d-case-3": [],
    "5bcbf8eb-bee5-42ff-a88b-aa278d59675d-reached-14": [],
    "5bcbf8eb-bee5-42ff-a88b-aa278d59675d-maximum-6": [],
    "NE-DURATION-15-years": [],
    "5bcbf8eb-bee5-42ff-a88b-aa278d59675d-net-7": [],
    "NE-DATE-present": [],
    "5bcbf8eb-bee5-42ff-a88b-aa278d59675d-production-19": [],
    "5bcbf8eb-bee5-42ff-a88b-aa278d59675d-recovery-22-factor-23": [
      "5bcbf8eb-bee5-42ff-a88b-aa278d59675d-recovery-12-factor-13"
    ],
    "NE-PERCENT-25%": [],
    "5bcbf8eb-bee5-42ff-a88b-aa278d59675d-revitalization-2-strategy-3": [],
    "5bcbf8eb-bee5-42ff-a88b-aa278d59675d-status-10-for-11-wells-13": [],
    "NE-CRIMINAL_CHARGE-abandonment": [],
    "5bcbf8eb-bee5-42ff-a88b-aa278d59675d-converted-17": [],
    "5bcbf8eb-bee5-42ff-a88b-aa278d59675d-to-15": [],
    "5bcbf8eb-bee5-42ff-a88b-aa278d59675d-approach-3": [
      "5bcbf8eb-bee5-42ff-a88b-aa278d59675d-approach-5"
    ],
    "5bcbf8eb-bee5-42ff-a88b-aa278d59675d-degree-7": [],
    "NE-ORDINAL-second": [
      "NE-ORDINAL-third"
    ],
    "5bcbf8eb-bee5-42ff-a88b-aa278d59675d-additional-6": [],
    "5bcbf8eb-bee5-42ff-a88b-aa278d59675d-producers-21": [],
    "5bcbf8eb-bee5-42ff-a88b-aa278d59675d-freedom-9": [],
    "5bcbf8eb-bee5-42ff-a88b-aa278d59675d-injectors-19": [],
    "5bcbf8eb-bee5-42ff-a88b-aa278d59675d-approach-5": [
      "5bcbf8eb-bee5-42ff-a88b-aa278d59675d-approach-3"
    ],
    "5bcbf8eb-bee5-42ff-a88b-aa278d59675d-addition-9": [],
    "NE-ORDINAL-third": [
      "NE-ORDINAL-second"
    ],
    "5bcbf8eb-bee5-42ff-a88b-aa278d59675d-new-11": [],
    "5bcbf8eb-bee5-42ff-a88b-aa278d59675d-wells-12": [],
    "5bcbf8eb-bee5-42ff-a88b-aa278d59675d-Equations-1": [],
    "5bcbf8eb-bee5-42ff-a88b-aa278d59675d-presented-11": [],
    "5bcbf8eb-bee5-42ff-a88b-aa278d59675d-injectors-8": [],
    "5bcbf8eb-bee5-42ff-a88b-aa278d59675d-oil-20-spots-21": [],
    "5bcbf8eb-bee5-42ff-a88b-aa278d59675d-producers-6": [],
    "5bcbf8eb-bee5-42ff-a88b-aa278d59675d-could-9-placed-11": [],
    "5bcbf8eb-bee5-42ff-a88b-aa278d59675d-new-5": [],
    "5bcbf8eb-bee5-42ff-a88b-aa278d59675d-locations-15": [],
    "5bcbf8eb-bee5-42ff-a88b-aa278d59675d-best-14": [],
    "5bcbf8eb-bee5-42ff-a88b-aa278d59675d-remaining-19": [],
    "5bcbf8eb-bee5-42ff-a88b-aa278d59675d-equations-3": [],
    "5bcbf8eb-bee5-42ff-a88b-aa278d59675d-three-2-approaches-3": [],
    "5bcbf8eb-bee5-42ff-a88b-aa278d59675d-oil-6-recovery-7-factor-8": [],
    "5bcbf8eb-bee5-42ff-a88b-aa278d59675d-variations-6": [],
    "5bcbf8eb-bee5-42ff-a88b-aa278d59675d-NPV-8": [],
    "5bcbf8eb-bee5-42ff-a88b-aa278d59675d-waterflood-20": [],
    "5bcbf8eb-bee5-42ff-a88b-aa278d59675d-standard-19": [],
    "5bcbf8eb-bee5-42ff-a88b-aa278d59675d-oil-3-recovery-4": [],
    "5bcbf8eb-bee5-42ff-a88b-aa278d59675d-higher-10": [],
    "5bcbf8eb-bee5-42ff-a88b-aa278d59675d-additional-2": [],
    "5bcbf8eb-bee5-42ff-a88b-aa278d59675d-significant-2-increase-3": [],
    "5bcbf8eb-bee5-42ff-a88b-aa278d59675d-oil-5-production-6": [],
    "5bcbf8eb-bee5-42ff-a88b-aa278d59675d-methodologies-2": [],
    "5bcbf8eb-bee5-42ff-a88b-aa278d59675d-easy-8": [],
    "5bcbf8eb-bee5-42ff-a88b-aa278d59675d-paper-6": [],
    "5bcbf8eb-bee5-42ff-a88b-aa278d59675d-fields-15": [],
    "5bcbf8eb-bee5-42ff-a88b-aa278d59675d-oil-20": [],
    "5bcbf8eb-bee5-42ff-a88b-aa278d59675d-mature-14": [],
    "5bcbf8eb-bee5-42ff-a88b-aa278d59675d-more-19": [],
    "5bcbf8eb-bee5-42ff-a88b-aa278d59675d-possible-7": [],
    "5bcbf8eb-bee5-42ff-a88b-aa278d59675d-stages-23": [],
    "5bcbf8eb-bee5-42ff-a88b-aa278d59675d-later-22": [],
    "5bcbf8eb-bee5-42ff-a88b-aa278d59675d-recovery-12-factor-13": [
      "5bcbf8eb-bee5-42ff-a88b-aa278d59675d-recovery-22-factor-23"
    ],
    "5bcbf8eb-bee5-42ff-a88b-aa278d59675d-fields-19": []
  }
}