{
  "document": "D:/Projetos/PIRA_KG/documents/onu_27744595461.txt",
  "entities": {
    "aaaef65d-ece5-45c4-84f7-99c65719921a-new-4-FPSOs-5-designs-6": "new FPSOs designs",
    "aaaef65d-ece5-45c4-84f7-99c65719921a-concerns-10": "concerns",
    "aaaef65d-ece5-45c4-84f7-99c65719921a-about-11": "about",
    "aaaef65d-ece5-45c4-84f7-99c65719921a-good-12": "good",
    "aaaef65d-ece5-45c4-84f7-99c65719921a-seakeeping-13-behavior-14": "seakeeping behavior",
    "aaaef65d-ece5-45c4-84f7-99c65719921a-it-7": "it",
    "aaaef65d-ece5-45c4-84f7-99c65719921a-conditions-5": "conditions",
    "aaaef65d-ece5-45c4-84f7-99c65719921a-specific-4": "specific",
    "NE-NATIONALITY-Brazilian": "Brazilian",
    "aaaef65d-ece5-45c4-84f7-99c65719921a-dimensions-17": "dimensions",
    "aaaef65d-ece5-45c4-84f7-99c65719921a-project-6": "project",
    "aaaef65d-ece5-45c4-84f7-99c65719921a-best-16": "best",
    "aaaef65d-ece5-45c4-84f7-99c65719921a-studied-23": "studied",
    "aaaef65d-ece5-45c4-84f7-99c65719921a-Thus-1": "Thus",
    "aaaef65d-ece5-45c4-84f7-99c65719921a-University-8": "University",
    "NE-ORGANIZATION-University-of-Sao-Paulo": "University of Sao Paulo",
    "aaaef65d-ece5-45c4-84f7-99c65719921a-cooperative-5": "cooperative",
    "NE-LOCATION-Basin": "Basin",
    "NE-CITY-Campos": "Campos",
    "aaaef65d-ece5-45c4-84f7-99c65719921a-roll-6-motion-7": "roll motion",
    "aaaef65d-ece5-45c4-84f7-99c65719921a-study-3": "study",
    "aaaef65d-ece5-45c4-84f7-99c65719921a-focused-20": "focused",
    "aaaef65d-ece5-45c4-84f7-99c65719921a-breath-10-relations-13": "breath relations",
    "aaaef65d-ece5-45c4-84f7-99c65719921a-structured-21-skirt-22-in-23-ship-25-bilge-26": "structured skirt in ship bilge",
    "aaaef65d-ece5-45c4-84f7-99c65719921a-best-9": "best",
    "aaaef65d-ece5-45c4-84f7-99c65719921a-It-1": "It",
    "aaaef65d-ece5-45c4-84f7-99c65719921a-possible-3": "possible",
    "aaaef65d-ece5-45c4-84f7-99c65719921a-results-19": "results",
    "aaaef65d-ece5-45c4-84f7-99c65719921a-vessel-26": "vessel",
    "aaaef65d-ece5-45c4-84f7-99c65719921a-interesting-18": "interesting",
    "aaaef65d-ece5-45c4-84f7-99c65719921a-influence-2": "influence",
    "aaaef65d-ece5-45c4-84f7-99c65719921a-evaluated-15": "evaluated",
    "aaaef65d-ece5-45c4-84f7-99c65719921a-also-14": "also",
    "aaaef65d-ece5-45c4-84f7-99c65719921a-ship-8": "ship",
    "aaaef65d-ece5-45c4-84f7-99c65719921a-bow-10": "bow",
    "aaaef65d-ece5-45c4-84f7-99c65719921a-dimensions-13": "dimensions",
    "NE-TITLE-model": "model",
    "aaaef65d-ece5-45c4-84f7-99c65719921a-scaled-18": "scaled",
    "aaaef65d-ece5-45c4-84f7-99c65719921a-final-12": "final",
    "aaaef65d-ece5-45c4-84f7-99c65719921a-allowed-22": "allowed",
    "aaaef65d-ece5-45c4-84f7-99c65719921a-unit-31": "unit",
    "aaaef65d-ece5-45c4-84f7-99c65719921a-behavior-27": "behavior",
    "aaaef65d-ece5-45c4-84f7-99c65719921a-real-26": "real",
    "aaaef65d-ece5-45c4-84f7-99c65719921a-projected-30": "projected",
    "aaaef65d-ece5-45c4-84f7-99c65719921a-test-34-basin-35": "test basin",
    "aaaef65d-ece5-45c4-84f7-99c65719921a-applied-15": "applied",
    "aaaef65d-ece5-45c4-84f7-99c65719921a-analyses-3": "analyses",
    "aaaef65d-ece5-45c4-84f7-99c65719921a-analysis-8": "analysis",
    "aaaef65d-ece5-45c4-84f7-99c65719921a-numerical-7": "numerical",
    "aaaef65d-ece5-45c4-84f7-99c65719921a-it-5": "it",
    "aaaef65d-ece5-45c4-84f7-99c65719921a-premises-16": "premises",
    "aaaef65d-ece5-45c4-84f7-99c65719921a-hull-12": "hull",
    "NE-ORGANIZATION-PETROBRAS": "PETROBRAS",
    "aaaef65d-ece5-45c4-84f7-99c65719921a-possible-7": "possible",
    "aaaef65d-ece5-45c4-84f7-99c65719921a-optimized-11": "optimized",
    "aaaef65d-ece5-45c4-84f7-99c65719921a-conclusion-3": "conclusion"
  },
  "graph": [
    {
      "subject_id": "aaaef65d-ece5-45c4-84f7-99c65719921a-new-4-FPSOs-5-designs-6",
      "relation": "However carried out worldwide",
      "object_id": "aaaef65d-ece5-45c4-84f7-99c65719921a-concerns-10"
    },
    {
      "subject_id": "aaaef65d-ece5-45c4-84f7-99c65719921a-concerns-10",
      "relation": "at",
      "object_id": "aaaef65d-ece5-45c4-84f7-99c65719921a-about-11"
    },
    {
      "subject_id": "aaaef65d-ece5-45c4-84f7-99c65719921a-concerns-10",
      "relation": "is",
      "object_id": "aaaef65d-ece5-45c4-84f7-99c65719921a-good-12"
    },
    {
      "subject_id": "aaaef65d-ece5-45c4-84f7-99c65719921a-new-4-FPSOs-5-designs-6",
      "relation": "However carried out",
      "object_id": "aaaef65d-ece5-45c4-84f7-99c65719921a-concerns-10"
    },
    {
      "subject_id": "aaaef65d-ece5-45c4-84f7-99c65719921a-new-4-FPSOs-5-designs-6",
      "relation": "carried out worldwide",
      "object_id": "aaaef65d-ece5-45c4-84f7-99c65719921a-concerns-10"
    },
    {
      "subject_id": "aaaef65d-ece5-45c4-84f7-99c65719921a-concerns-10",
      "relation": "of",
      "object_id": "aaaef65d-ece5-45c4-84f7-99c65719921a-seakeeping-13-behavior-14"
    },
    {
      "subject_id": "aaaef65d-ece5-45c4-84f7-99c65719921a-new-4-FPSOs-5-designs-6",
      "relation": "carried out",
      "object_id": "aaaef65d-ece5-45c4-84f7-99c65719921a-concerns-10"
    },
    {
      "subject_id": "aaaef65d-ece5-45c4-84f7-99c65719921a-it-7",
      "relation": "Analyzing",
      "object_id": "aaaef65d-ece5-45c4-84f7-99c65719921a-conditions-5"
    },
    {
      "subject_id": "aaaef65d-ece5-45c4-84f7-99c65719921a-conditions-5",
      "relation": "is",
      "object_id": "aaaef65d-ece5-45c4-84f7-99c65719921a-specific-4"
    },
    {
      "subject_id": "aaaef65d-ece5-45c4-84f7-99c65719921a-conditions-5",
      "relation": "is",
      "object_id": "NE-NATIONALITY-Brazilian"
    },
    {
      "subject_id": "aaaef65d-ece5-45c4-84f7-99c65719921a-dimensions-17",
      "relation": "Thus were studied in",
      "object_id": "aaaef65d-ece5-45c4-84f7-99c65719921a-project-6"
    },
    {
      "subject_id": "aaaef65d-ece5-45c4-84f7-99c65719921a-dimensions-17",
      "relation": "is",
      "object_id": "aaaef65d-ece5-45c4-84f7-99c65719921a-best-16"
    },
    {
      "subject_id": "aaaef65d-ece5-45c4-84f7-99c65719921a-dimensions-17",
      "relation": "were",
      "object_id": "aaaef65d-ece5-45c4-84f7-99c65719921a-studied-23"
    },
    {
      "subject_id": "aaaef65d-ece5-45c4-84f7-99c65719921a-studied-23",
      "relation": "at",
      "object_id": "aaaef65d-ece5-45c4-84f7-99c65719921a-Thus-1"
    },
    {
      "subject_id": "aaaef65d-ece5-45c4-84f7-99c65719921a-project-6",
      "relation": "of",
      "object_id": "aaaef65d-ece5-45c4-84f7-99c65719921a-University-8"
    },
    {
      "subject_id": "aaaef65d-ece5-45c4-84f7-99c65719921a-dimensions-17",
      "relation": "were studied in",
      "object_id": "aaaef65d-ece5-45c4-84f7-99c65719921a-project-6"
    },
    {
      "subject_id": "aaaef65d-ece5-45c4-84f7-99c65719921a-project-6",
      "relation": "of",
      "object_id": "NE-ORGANIZATION-University-of-Sao-Paulo"
    },
    {
      "subject_id": "aaaef65d-ece5-45c4-84f7-99c65719921a-project-6",
      "relation": "is",
      "object_id": "aaaef65d-ece5-45c4-84f7-99c65719921a-cooperative-5"
    },
    {
      "subject_id": "NE-LOCATION-Basin",
      "relation": "is from",
      "object_id": "NE-CITY-Campos"
    },
    {
      "subject_id": "aaaef65d-ece5-45c4-84f7-99c65719921a-roll-6-motion-7",
      "relation": "was focused During",
      "object_id": "aaaef65d-ece5-45c4-84f7-99c65719921a-study-3"
    },
    {
      "subject_id": "aaaef65d-ece5-45c4-84f7-99c65719921a-roll-6-motion-7",
      "relation": "was",
      "object_id": "aaaef65d-ece5-45c4-84f7-99c65719921a-focused-20"
    },
    {
      "subject_id": "aaaef65d-ece5-45c4-84f7-99c65719921a-breath-10-relations-13",
      "relation": "also inclusion of",
      "object_id": "aaaef65d-ece5-45c4-84f7-99c65719921a-structured-21-skirt-22-in-23-ship-25-bilge-26"
    },
    {
      "subject_id": "aaaef65d-ece5-45c4-84f7-99c65719921a-breath-10-relations-13",
      "relation": "is",
      "object_id": "aaaef65d-ece5-45c4-84f7-99c65719921a-best-9"
    },
    {
      "subject_id": "aaaef65d-ece5-45c4-84f7-99c65719921a-It-1",
      "relation": "was",
      "object_id": "aaaef65d-ece5-45c4-84f7-99c65719921a-possible-3"
    },
    {
      "subject_id": "aaaef65d-ece5-45c4-84f7-99c65719921a-results-19",
      "relation": "applied on",
      "object_id": "aaaef65d-ece5-45c4-84f7-99c65719921a-vessel-26"
    },
    {
      "subject_id": "aaaef65d-ece5-45c4-84f7-99c65719921a-results-19",
      "relation": "is",
      "object_id": "aaaef65d-ece5-45c4-84f7-99c65719921a-interesting-18"
    },
    {
      "subject_id": "aaaef65d-ece5-45c4-84f7-99c65719921a-influence-2",
      "relation": "were",
      "object_id": "aaaef65d-ece5-45c4-84f7-99c65719921a-evaluated-15"
    },
    {
      "subject_id": "aaaef65d-ece5-45c4-84f7-99c65719921a-evaluated-15",
      "relation": "at",
      "object_id": "aaaef65d-ece5-45c4-84f7-99c65719921a-also-14"
    },
    {
      "subject_id": "aaaef65d-ece5-45c4-84f7-99c65719921a-ship-8",
      "relation": "in",
      "object_id": "aaaef65d-ece5-45c4-84f7-99c65719921a-bow-10"
    },
    {
      "subject_id": "aaaef65d-ece5-45c4-84f7-99c65719921a-influence-2",
      "relation": "is in",
      "object_id": "aaaef65d-ece5-45c4-84f7-99c65719921a-bow-10"
    },
    {
      "subject_id": "aaaef65d-ece5-45c4-84f7-99c65719921a-ship-8",
      "relation": "has",
      "object_id": "aaaef65d-ece5-45c4-84f7-99c65719921a-bow-10"
    },
    {
      "subject_id": "aaaef65d-ece5-45c4-84f7-99c65719921a-dimensions-13",
      "relation": "were applied to",
      "object_id": "NE-TITLE-model"
    },
    {
      "subject_id": "NE-TITLE-model",
      "relation": "is",
      "object_id": "aaaef65d-ece5-45c4-84f7-99c65719921a-scaled-18"
    },
    {
      "subject_id": "aaaef65d-ece5-45c4-84f7-99c65719921a-dimensions-13",
      "relation": "is",
      "object_id": "aaaef65d-ece5-45c4-84f7-99c65719921a-final-12"
    },
    {
      "subject_id": "aaaef65d-ece5-45c4-84f7-99c65719921a-allowed-22",
      "relation": "verify",
      "object_id": "aaaef65d-ece5-45c4-84f7-99c65719921a-unit-31"
    },
    {
      "subject_id": "aaaef65d-ece5-45c4-84f7-99c65719921a-unit-31",
      "relation": "is",
      "object_id": "aaaef65d-ece5-45c4-84f7-99c65719921a-behavior-27"
    },
    {
      "subject_id": "aaaef65d-ece5-45c4-84f7-99c65719921a-allowed-22",
      "relation": "verify",
      "object_id": "aaaef65d-ece5-45c4-84f7-99c65719921a-behavior-27"
    },
    {
      "subject_id": "aaaef65d-ece5-45c4-84f7-99c65719921a-behavior-27",
      "relation": "is",
      "object_id": "aaaef65d-ece5-45c4-84f7-99c65719921a-real-26"
    },
    {
      "subject_id": "aaaef65d-ece5-45c4-84f7-99c65719921a-allowed-22",
      "relation": "behavior of",
      "object_id": "aaaef65d-ece5-45c4-84f7-99c65719921a-unit-31"
    },
    {
      "subject_id": "aaaef65d-ece5-45c4-84f7-99c65719921a-unit-31",
      "relation": "is",
      "object_id": "aaaef65d-ece5-45c4-84f7-99c65719921a-projected-30"
    },
    {
      "subject_id": "aaaef65d-ece5-45c4-84f7-99c65719921a-allowed-22",
      "relation": "verify behavior in",
      "object_id": "aaaef65d-ece5-45c4-84f7-99c65719921a-test-34-basin-35"
    },
    {
      "subject_id": "aaaef65d-ece5-45c4-84f7-99c65719921a-allowed-22",
      "relation": "real behavior of",
      "object_id": "aaaef65d-ece5-45c4-84f7-99c65719921a-unit-31"
    },
    {
      "subject_id": "aaaef65d-ece5-45c4-84f7-99c65719921a-dimensions-13",
      "relation": "were",
      "object_id": "aaaef65d-ece5-45c4-84f7-99c65719921a-applied-15"
    },
    {
      "subject_id": "aaaef65d-ece5-45c4-84f7-99c65719921a-analyses-3",
      "relation": "were conducted considering",
      "object_id": "aaaef65d-ece5-45c4-84f7-99c65719921a-analysis-8"
    },
    {
      "subject_id": "aaaef65d-ece5-45c4-84f7-99c65719921a-analysis-8",
      "relation": "is",
      "object_id": "aaaef65d-ece5-45c4-84f7-99c65719921a-numerical-7"
    },
    {
      "subject_id": "aaaef65d-ece5-45c4-84f7-99c65719921a-it-5",
      "relation": "define",
      "object_id": "aaaef65d-ece5-45c4-84f7-99c65719921a-premises-16"
    },
    {
      "subject_id": "aaaef65d-ece5-45c4-84f7-99c65719921a-premises-16",
      "relation": "is",
      "object_id": "aaaef65d-ece5-45c4-84f7-99c65719921a-hull-12"
    },
    {
      "subject_id": "aaaef65d-ece5-45c4-84f7-99c65719921a-hull-12",
      "relation": "giving",
      "object_id": "aaaef65d-ece5-45c4-84f7-99c65719921a-premises-16"
    },
    {
      "subject_id": "aaaef65d-ece5-45c4-84f7-99c65719921a-premises-16",
      "relation": "of",
      "object_id": "NE-ORGANIZATION-PETROBRAS"
    },
    {
      "subject_id": "aaaef65d-ece5-45c4-84f7-99c65719921a-it-5",
      "relation": "was",
      "object_id": "aaaef65d-ece5-45c4-84f7-99c65719921a-possible-7"
    },
    {
      "subject_id": "aaaef65d-ece5-45c4-84f7-99c65719921a-hull-12",
      "relation": "is",
      "object_id": "aaaef65d-ece5-45c4-84f7-99c65719921a-optimized-11"
    },
    {
      "subject_id": "aaaef65d-ece5-45c4-84f7-99c65719921a-it-5",
      "relation": "was possible As",
      "object_id": "aaaef65d-ece5-45c4-84f7-99c65719921a-conclusion-3"
    }
  ],
  "links": {
    "aaaef65d-ece5-45c4-84f7-99c65719921a-new-4-FPSOs-5-designs-6": [],
    "aaaef65d-ece5-45c4-84f7-99c65719921a-concerns-10": [],
    "aaaef65d-ece5-45c4-84f7-99c65719921a-about-11": [],
    "aaaef65d-ece5-45c4-84f7-99c65719921a-good-12": [],
    "aaaef65d-ece5-45c4-84f7-99c65719921a-seakeeping-13-behavior-14": [],
    "aaaef65d-ece5-45c4-84f7-99c65719921a-it-7": [],
    "aaaef65d-ece5-45c4-84f7-99c65719921a-conditions-5": [],
    "aaaef65d-ece5-45c4-84f7-99c65719921a-specific-4": [],
    "NE-NATIONALITY-Brazilian": [],
    "aaaef65d-ece5-45c4-84f7-99c65719921a-dimensions-17": [
      "aaaef65d-ece5-45c4-84f7-99c65719921a-dimensions-13"
    ],
    "aaaef65d-ece5-45c4-84f7-99c65719921a-project-6": [],
    "aaaef65d-ece5-45c4-84f7-99c65719921a-best-16": [
      "aaaef65d-ece5-45c4-84f7-99c65719921a-best-9"
    ],
    "aaaef65d-ece5-45c4-84f7-99c65719921a-studied-23": [],
    "aaaef65d-ece5-45c4-84f7-99c65719921a-Thus-1": [],
    "aaaef65d-ece5-45c4-84f7-99c65719921a-University-8": [],
    "NE-ORGANIZATION-University-of-Sao-Paulo": [],
    "aaaef65d-ece5-45c4-84f7-99c65719921a-cooperative-5": [],
    "NE-LOCATION-Basin": [],
    "NE-CITY-Campos": [],
    "aaaef65d-ece5-45c4-84f7-99c65719921a-roll-6-motion-7": [],
    "aaaef65d-ece5-45c4-84f7-99c65719921a-study-3": [],
    "aaaef65d-ece5-45c4-84f7-99c65719921a-focused-20": [],
    "aaaef65d-ece5-45c4-84f7-99c65719921a-breath-10-relations-13": [],
    "aaaef65d-ece5-45c4-84f7-99c65719921a-structured-21-skirt-22-in-23-ship-25-bilge-26": [],
    "aaaef65d-ece5-45c4-84f7-99c65719921a-best-9": [
      "aaaef65d-ece5-45c4-84f7-99c65719921a-best-16"
    ],
    "aaaef65d-ece5-45c4-84f7-99c65719921a-It-1": [
      "aaaef65d-ece5-45c4-84f7-99c65719921a-it-5"
    ],
    "aaaef65d-ece5-45c4-84f7-99c65719921a-possible-3": [
      "aaaef65d-ece5-45c4-84f7-99c65719921a-possible-7"
    ],
    "aaaef65d-ece5-45c4-84f7-99c65719921a-results-19": [],
    "aaaef65d-ece5-45c4-84f7-99c65719921a-vessel-26": [],
    "aaaef65d-ece5-45c4-84f7-99c65719921a-interesting-18": [],
    "aaaef65d-ece5-45c4-84f7-99c65719921a-influence-2": [],
    "aaaef65d-ece5-45c4-84f7-99c65719921a-evaluated-15": [],
    "aaaef65d-ece5-45c4-84f7-99c65719921a-also-14": [],
    "aaaef65d-ece5-45c4-84f7-99c65719921a-ship-8": [],
    "aaaef65d-ece5-45c4-84f7-99c65719921a-bow-10": [],
    "aaaef65d-ece5-45c4-84f7-99c65719921a-dimensions-13": [
      "aaaef65d-ece5-45c4-84f7-99c65719921a-dimensions-17"
    ],
    "NE-TITLE-model": [],
    "aaaef65d-ece5-45c4-84f7-99c65719921a-scaled-18": [],
    "aaaef65d-ece5-45c4-84f7-99c65719921a-final-12": [],
    "aaaef65d-ece5-45c4-84f7-99c65719921a-allowed-22": [],
    "aaaef65d-ece5-45c4-84f7-99c65719921a-unit-31": [],
    "aaaef65d-ece5-45c4-84f7-99c65719921a-behavior-27": [],
    "aaaef65d-ece5-45c4-84f7-99c65719921a-real-26": [],
    "aaaef65d-ece5-45c4-84f7-99c65719921a-projected-30": [],
    "aaaef65d-ece5-45c4-84f7-99c65719921a-test-34-basin-35": [],
    "aaaef65d-ece5-45c4-84f7-99c65719921a-applied-15": [],
    "aaaef65d-ece5-45c4-84f7-99c65719921a-analyses-3": [],
    "aaaef65d-ece5-45c4-84f7-99c65719921a-analysis-8": [],
    "aaaef65d-ece5-45c4-84f7-99c65719921a-numerical-7": [],
    "aaaef65d-ece5-45c4-84f7-99c65719921a-it-5": [
      "aaaef65d-ece5-45c4-84f7-99c65719921a-It-1"
    ],
    "aaaef65d-ece5-45c4-84f7-99c65719921a-premises-16": [],
    "aaaef65d-ece5-45c4-84f7-99c65719921a-hull-12": [],
    "NE-ORGANIZATION-PETROBRAS": [],
    "aaaef65d-ece5-45c4-84f7-99c65719921a-possible-7": [
      "aaaef65d-ece5-45c4-84f7-99c65719921a-possible-3"
    ],
    "aaaef65d-ece5-45c4-84f7-99c65719921a-optimized-11": [],
    "aaaef65d-ece5-45c4-84f7-99c65719921a-conclusion-3": []
  }
}