{
  "document": "D:/Projetos/PIRA_KG/documents/onu_85077945350.txt",
  "entities": {
    "e5183355-b1b6-474b-bef3-dcc000293be4-study-2": "study",
    "e5183355-b1b6-474b-bef3-dcc000293be4-carbon-6-data-10": "carbon data",
    "e5183355-b1b6-474b-bef3-dcc000293be4-lacustrine-14-carbonate-15-rock-16-samples-17": "lacustrine carbonate rock samples",
    "e5183355-b1b6-474b-bef3-dcc000293be4-drilled-22": "drilled",
    "e5183355-b1b6-474b-bef3-dcc000293be4-well-21": "well",
    "NE-LOCATION-Basin": "Basin",
    "NE-CITY-Santos": "Santos",
    "e5183355-b1b6-474b-bef3-dcc000293be4-Cretaceous-13": "Cretaceous",
    "e5183355-b1b6-474b-bef3-dcc000293be4-new-4": "new",
    "e5183355-b1b6-474b-bef3-dcc000293be4-stable-5": "stable",
    "e5183355-b1b6-474b-bef3-dcc000293be4-recovered-18": "recovered",
    "e5183355-b1b6-474b-bef3-dcc000293be4-Lower-12": "Lower",
    "e5183355-b1b6-474b-bef3-dcc000293be4-samples-2": "samples",
    "e5183355-b1b6-474b-bef3-dcc000293be4-record-5": "record",
    "e5183355-b1b6-474b-bef3-dcc000293be4-continental-8": "continental",
    "e5183355-b1b6-474b-bef3-dcc000293be4-opening-14": "opening",
    "e5183355-b1b6-474b-bef3-dcc000293be4-just-10": "just",
    "e5183355-b1b6-474b-bef3-dcc000293be4-prior-11": "prior",
    "NE-LOCATION-South-Atlantic-Ocean": "South Atlantic Ocean",
    "e5183355-b1b6-474b-bef3-dcc000293be4-environment-9": "environment",
    "e5183355-b1b6-474b-bef3-dcc000293be4-data-3": "data",
    "e5183355-b1b6-474b-bef3-dcc000293be4-carbonate-7-mineralogy-8": "carbonate mineralogy",
    "e5183355-b1b6-474b-bef3-dcc000293be4-geochemical-2": "geochemical",
    "e5183355-b1b6-474b-bef3-dcc000293be4-cycles-12": "cycles",
    "e5183355-b1b6-474b-bef3-dcc000293be4-lake-14-level-15-variation-16": "lake level variation",
    "e5183355-b1b6-474b-bef3-dcc000293be4-repeated-11": "repeated",
    "e5183355-b1b6-474b-bef3-dcc000293be4-facies-12-analysis-13": "facies analysis",
    "e5183355-b1b6-474b-bef3-dcc000293be4-absence-3": "absence",
    "e5183355-b1b6-474b-bef3-dcc000293be4-correlations-5": "correlations",
    "e5183355-b1b6-474b-bef3-dcc000293be4-data-19": "data",
    "e5183355-b1b6-474b-bef3-dcc000293be4-isotopic-16": "isotopic",
    "e5183355-b1b6-474b-bef3-dcc000293be4-δ13C-7": "δ13C",
    "e5183355-b1b6-474b-bef3-dcc000293be4-lake-22-hydrology-23": "lake hydrology",
    "e5183355-b1b6-474b-bef3-dcc000293be4-most-28": "most",
    "e5183355-b1b6-474b-bef3-dcc000293be4-here-34": "here",
    "e5183355-b1b6-474b-bef3-dcc000293be4-depositional-31": "depositional",
    "e5183355-b1b6-474b-bef3-dcc000293be4-interval-32": "interval",
    "e5183355-b1b6-474b-bef3-dcc000293be4-studied-33": "studied",
    "e5183355-b1b6-474b-bef3-dcc000293be4-closed-26": "closed",
    "e5183355-b1b6-474b-bef3-dcc000293be4-essentially-25": "essentially",
    "e5183355-b1b6-474b-bef3-dcc000293be4-water-21-residence-22-times-23": "water residence times",
    "e5183355-b1b6-474b-bef3-dcc000293be4-palaeolake-26": "palaeolake",
    "e5183355-b1b6-474b-bef3-dcc000293be4-long-20": "long",
    "e5183355-b1b6-474b-bef3-dcc000293be4-trends-5": "trends",
    "e5183355-b1b6-474b-bef3-dcc000293be4-persisting-4": "persisting",
    "e5183355-b1b6-474b-bef3-dcc000293be4-nearly-7": "nearly",
    "e5183355-b1b6-474b-bef3-dcc000293be4-constant-8": "constant",
    "e5183355-b1b6-474b-bef3-dcc000293be4-δ13C-9-values-10": "δ13C values",
    "e5183355-b1b6-474b-bef3-dcc000293be4-spread-13": "spread",
    "e5183355-b1b6-474b-bef3-dcc000293be4-δ18O-15-values-16": "δ18O values",
    "e5183355-b1b6-474b-bef3-dcc000293be4-atmosphere-30": "atmosphere",
    "e5183355-b1b6-474b-bef3-dcc000293be4-existence-2": "existence",
    "NE-TITLE-model": "model",
    "e5183355-b1b6-474b-bef3-dcc000293be4-picture-11": "picture",
    "e5183355-b1b6-474b-bef3-dcc000293be4-conditions-15": "conditions",
    "e5183355-b1b6-474b-bef3-dcc000293be4-emerges-6": "emerges",
    "e5183355-b1b6-474b-bef3-dcc000293be4-comprehensive-10": "comprehensive",
    "e5183355-b1b6-474b-bef3-dcc000293be4-geological-3": "geological",
    "e5183355-b1b6-474b-bef3-dcc000293be4-studies-35": "studies",
    "e5183355-b1b6-474b-bef3-dcc000293be4-carbonate-23-factory-24": "carbonate factory",
    "e5183355-b1b6-474b-bef3-dcc000293be4-corroborating-33": "corroborating",
    "e5183355-b1b6-474b-bef3-dcc000293be4-significant-22": "significant",
    "e5183355-b1b6-474b-bef3-dcc000293be4-overall-2": "overall",
    "e5183355-b1b6-474b-bef3-dcc000293be4-more-9": "more",
    "e5183355-b1b6-474b-bef3-dcc000293be4-depositional-14": "depositional",
    "e5183355-b1b6-474b-bef3-dcc000293be4-previous-34": "previous",
    "e5183355-b1b6-474b-bef3-dcc000293be4-lasting-39-existence-40": "lasting existence",
    "e5183355-b1b6-474b-bef3-dcc000293be4-area-51": "area",
    "e5183355-b1b6-474b-bef3-dcc000293be4-data-26": "data",
    "e5183355-b1b6-474b-bef3-dcc000293be4-lacustrine-31-deposition-32": "lacustrine deposition",
    "e5183355-b1b6-474b-bef3-dcc000293be4-suggestions-42": "suggestions",
    "e5183355-b1b6-474b-bef3-dcc000293be4-carbonates-48": "carbonates",
    "e5183355-b1b6-474b-bef3-dcc000293be4-consistent-29": "consistent",
    "e5183355-b1b6-474b-bef3-dcc000293be4-result-3": "result",
    "e5183355-b1b6-474b-bef3-dcc000293be4-equilibrium-10": "equilibrium",
    "e5183355-b1b6-474b-bef3-dcc000293be4-genesis-45": "genesis",
    "e5183355-b1b6-474b-bef3-dcc000293be4-contrasting-39": "contrasting",
    "e5183355-b1b6-474b-bef3-dcc000293be4-lake-12-waters-13-DIC-14": "lake waters DIC",
    "NE-ORGANIZATION-Barra-Velha-Formation": "Barra Velha Formation",
    "e5183355-b1b6-474b-bef3-dcc000293be4-apparent-4-equilibrium-5": "apparent equilibrium",
    "e5183355-b1b6-474b-bef3-dcc000293be4-record-13": "record",
    "e5183355-b1b6-474b-bef3-dcc000293be4-preserved-12": "preserved",
    "e5183355-b1b6-474b-bef3-dcc000293be4-carbonates-17": "carbonates",
    "e5183355-b1b6-474b-bef3-dcc000293be4-final-20": "final",
    "e5183355-b1b6-474b-bef3-dcc000293be4-atmosphere-8": "atmosphere",
    "e5183355-b1b6-474b-bef3-dcc000293be4-stages-21": "stages",
    "e5183355-b1b6-474b-bef3-dcc000293be4-increase-32": "increase",
    "e5183355-b1b6-474b-bef3-dcc000293be4-atmospheric-34-CO2-35": "atmospheric CO2",
    "e5183355-b1b6-474b-bef3-dcc000293be4-continental-16": "continental",
    "e5183355-b1b6-474b-bef3-dcc000293be4-this-2": "this",
    "e5183355-b1b6-474b-bef3-dcc000293be4-correct-4": "correct"
  },
  "graph": [
    {
      "subject_id": "e5183355-b1b6-474b-bef3-dcc000293be4-study-2",
      "relation": "presents",
      "object_id": "e5183355-b1b6-474b-bef3-dcc000293be4-carbon-6-data-10"
    },
    {
      "subject_id": "e5183355-b1b6-474b-bef3-dcc000293be4-study-2",
      "relation": "presents carbon data from",
      "object_id": "e5183355-b1b6-474b-bef3-dcc000293be4-lacustrine-14-carbonate-15-rock-16-samples-17"
    },
    {
      "subject_id": "e5183355-b1b6-474b-bef3-dcc000293be4-lacustrine-14-carbonate-15-rock-16-samples-17",
      "relation": "recovered from",
      "object_id": "e5183355-b1b6-474b-bef3-dcc000293be4-drilled-22"
    },
    {
      "subject_id": "e5183355-b1b6-474b-bef3-dcc000293be4-drilled-22",
      "relation": "at",
      "object_id": "e5183355-b1b6-474b-bef3-dcc000293be4-well-21"
    },
    {
      "subject_id": "e5183355-b1b6-474b-bef3-dcc000293be4-drilled-22",
      "relation": "at",
      "object_id": "NE-LOCATION-Basin"
    },
    {
      "subject_id": "e5183355-b1b6-474b-bef3-dcc000293be4-drilled-22",
      "relation": "of",
      "object_id": "NE-CITY-Santos"
    },
    {
      "subject_id": "e5183355-b1b6-474b-bef3-dcc000293be4-lacustrine-14-carbonate-15-rock-16-samples-17",
      "relation": "is",
      "object_id": "e5183355-b1b6-474b-bef3-dcc000293be4-Cretaceous-13"
    },
    {
      "subject_id": "e5183355-b1b6-474b-bef3-dcc000293be4-carbon-6-data-10",
      "relation": "is",
      "object_id": "e5183355-b1b6-474b-bef3-dcc000293be4-new-4"
    },
    {
      "subject_id": "e5183355-b1b6-474b-bef3-dcc000293be4-lacustrine-14-carbonate-15-rock-16-samples-17",
      "relation": "at",
      "object_id": "e5183355-b1b6-474b-bef3-dcc000293be4-carbon-6-data-10"
    },
    {
      "subject_id": "e5183355-b1b6-474b-bef3-dcc000293be4-carbon-6-data-10",
      "relation": "is",
      "object_id": "e5183355-b1b6-474b-bef3-dcc000293be4-stable-5"
    },
    {
      "subject_id": "NE-LOCATION-Basin",
      "relation": "is in",
      "object_id": "NE-CITY-Santos"
    },
    {
      "subject_id": "e5183355-b1b6-474b-bef3-dcc000293be4-lacustrine-14-carbonate-15-rock-16-samples-17",
      "relation": "is",
      "object_id": "e5183355-b1b6-474b-bef3-dcc000293be4-recovered-18"
    },
    {
      "subject_id": "e5183355-b1b6-474b-bef3-dcc000293be4-lacustrine-14-carbonate-15-rock-16-samples-17",
      "relation": "is",
      "object_id": "e5183355-b1b6-474b-bef3-dcc000293be4-Lower-12"
    },
    {
      "subject_id": "e5183355-b1b6-474b-bef3-dcc000293be4-samples-2",
      "relation": "represent",
      "object_id": "e5183355-b1b6-474b-bef3-dcc000293be4-record-5"
    },
    {
      "subject_id": "e5183355-b1b6-474b-bef3-dcc000293be4-record-5",
      "relation": "is",
      "object_id": "e5183355-b1b6-474b-bef3-dcc000293be4-continental-8"
    },
    {
      "subject_id": "e5183355-b1b6-474b-bef3-dcc000293be4-samples-2",
      "relation": "represent record to",
      "object_id": "e5183355-b1b6-474b-bef3-dcc000293be4-opening-14"
    },
    {
      "subject_id": "e5183355-b1b6-474b-bef3-dcc000293be4-opening-14",
      "relation": "at",
      "object_id": "e5183355-b1b6-474b-bef3-dcc000293be4-just-10"
    },
    {
      "subject_id": "e5183355-b1b6-474b-bef3-dcc000293be4-opening-14",
      "relation": "at",
      "object_id": "e5183355-b1b6-474b-bef3-dcc000293be4-prior-11"
    },
    {
      "subject_id": "e5183355-b1b6-474b-bef3-dcc000293be4-opening-14",
      "relation": "of",
      "object_id": "NE-LOCATION-South-Atlantic-Ocean"
    },
    {
      "subject_id": "e5183355-b1b6-474b-bef3-dcc000293be4-record-5",
      "relation": "of",
      "object_id": "e5183355-b1b6-474b-bef3-dcc000293be4-environment-9"
    },
    {
      "subject_id": "e5183355-b1b6-474b-bef3-dcc000293be4-data-3",
      "relation": "indicate cycles along",
      "object_id": "e5183355-b1b6-474b-bef3-dcc000293be4-carbonate-7-mineralogy-8"
    },
    {
      "subject_id": "e5183355-b1b6-474b-bef3-dcc000293be4-data-3",
      "relation": "is",
      "object_id": "e5183355-b1b6-474b-bef3-dcc000293be4-geochemical-2"
    },
    {
      "subject_id": "e5183355-b1b6-474b-bef3-dcc000293be4-data-3",
      "relation": "indicate",
      "object_id": "e5183355-b1b6-474b-bef3-dcc000293be4-cycles-12"
    },
    {
      "subject_id": "e5183355-b1b6-474b-bef3-dcc000293be4-cycles-12",
      "relation": "of",
      "object_id": "e5183355-b1b6-474b-bef3-dcc000293be4-lake-14-level-15-variation-16"
    },
    {
      "subject_id": "e5183355-b1b6-474b-bef3-dcc000293be4-cycles-12",
      "relation": "is",
      "object_id": "e5183355-b1b6-474b-bef3-dcc000293be4-repeated-11"
    },
    {
      "subject_id": "e5183355-b1b6-474b-bef3-dcc000293be4-facies-12-analysis-13",
      "relation": "suggest Despite",
      "object_id": "e5183355-b1b6-474b-bef3-dcc000293be4-absence-3"
    },
    {
      "subject_id": "e5183355-b1b6-474b-bef3-dcc000293be4-absence-3",
      "relation": "of",
      "object_id": "e5183355-b1b6-474b-bef3-dcc000293be4-correlations-5"
    },
    {
      "subject_id": "e5183355-b1b6-474b-bef3-dcc000293be4-data-19",
      "relation": "suggest Despite",
      "object_id": "e5183355-b1b6-474b-bef3-dcc000293be4-absence-3"
    },
    {
      "subject_id": "e5183355-b1b6-474b-bef3-dcc000293be4-data-19",
      "relation": "is",
      "object_id": "e5183355-b1b6-474b-bef3-dcc000293be4-isotopic-16"
    },
    {
      "subject_id": "e5183355-b1b6-474b-bef3-dcc000293be4-absence-3",
      "relation": "of",
      "object_id": "e5183355-b1b6-474b-bef3-dcc000293be4-δ13C-7"
    },
    {
      "subject_id": "e5183355-b1b6-474b-bef3-dcc000293be4-lake-22-hydrology-23",
      "relation": "was essentially closed for",
      "object_id": "e5183355-b1b6-474b-bef3-dcc000293be4-most-28"
    },
    {
      "subject_id": "e5183355-b1b6-474b-bef3-dcc000293be4-most-28",
      "relation": "at",
      "object_id": "e5183355-b1b6-474b-bef3-dcc000293be4-here-34"
    },
    {
      "subject_id": "e5183355-b1b6-474b-bef3-dcc000293be4-most-28",
      "relation": "is",
      "object_id": "e5183355-b1b6-474b-bef3-dcc000293be4-depositional-31"
    },
    {
      "subject_id": "e5183355-b1b6-474b-bef3-dcc000293be4-lake-22-hydrology-23",
      "relation": "was closed for",
      "object_id": "e5183355-b1b6-474b-bef3-dcc000293be4-most-28"
    },
    {
      "subject_id": "e5183355-b1b6-474b-bef3-dcc000293be4-most-28",
      "relation": "of",
      "object_id": "e5183355-b1b6-474b-bef3-dcc000293be4-interval-32"
    },
    {
      "subject_id": "e5183355-b1b6-474b-bef3-dcc000293be4-most-28",
      "relation": "is",
      "object_id": "e5183355-b1b6-474b-bef3-dcc000293be4-studied-33"
    },
    {
      "subject_id": "e5183355-b1b6-474b-bef3-dcc000293be4-lake-22-hydrology-23",
      "relation": "was",
      "object_id": "e5183355-b1b6-474b-bef3-dcc000293be4-closed-26"
    },
    {
      "subject_id": "e5183355-b1b6-474b-bef3-dcc000293be4-closed-26",
      "relation": "at",
      "object_id": "e5183355-b1b6-474b-bef3-dcc000293be4-essentially-25"
    },
    {
      "subject_id": "e5183355-b1b6-474b-bef3-dcc000293be4-water-21-residence-22-times-23",
      "relation": "is in",
      "object_id": "e5183355-b1b6-474b-bef3-dcc000293be4-palaeolake-26"
    },
    {
      "subject_id": "e5183355-b1b6-474b-bef3-dcc000293be4-water-21-residence-22-times-23",
      "relation": "is",
      "object_id": "e5183355-b1b6-474b-bef3-dcc000293be4-long-20"
    },
    {
      "subject_id": "e5183355-b1b6-474b-bef3-dcc000293be4-water-21-residence-22-times-23",
      "relation": "existence of",
      "object_id": "e5183355-b1b6-474b-bef3-dcc000293be4-trends-5"
    },
    {
      "subject_id": "e5183355-b1b6-474b-bef3-dcc000293be4-trends-5",
      "relation": "is",
      "object_id": "e5183355-b1b6-474b-bef3-dcc000293be4-persisting-4"
    },
    {
      "subject_id": "e5183355-b1b6-474b-bef3-dcc000293be4-trends-5",
      "relation": "at",
      "object_id": "e5183355-b1b6-474b-bef3-dcc000293be4-nearly-7"
    },
    {
      "subject_id": "e5183355-b1b6-474b-bef3-dcc000293be4-trends-5",
      "relation": "is",
      "object_id": "e5183355-b1b6-474b-bef3-dcc000293be4-constant-8"
    },
    {
      "subject_id": "e5183355-b1b6-474b-bef3-dcc000293be4-trends-5",
      "relation": "of",
      "object_id": "e5183355-b1b6-474b-bef3-dcc000293be4-δ13C-9-values-10"
    },
    {
      "subject_id": "e5183355-b1b6-474b-bef3-dcc000293be4-trends-5",
      "relation": "of",
      "object_id": "e5183355-b1b6-474b-bef3-dcc000293be4-spread-13"
    },
    {
      "subject_id": "e5183355-b1b6-474b-bef3-dcc000293be4-spread-13",
      "relation": "is in",
      "object_id": "e5183355-b1b6-474b-bef3-dcc000293be4-δ18O-15-values-16"
    },
    {
      "subject_id": "e5183355-b1b6-474b-bef3-dcc000293be4-trends-5",
      "relation": "is with",
      "object_id": "e5183355-b1b6-474b-bef3-dcc000293be4-spread-13"
    },
    {
      "subject_id": "e5183355-b1b6-474b-bef3-dcc000293be4-spread-13",
      "relation": "of",
      "object_id": "e5183355-b1b6-474b-bef3-dcc000293be4-δ18O-15-values-16"
    },
    {
      "subject_id": "e5183355-b1b6-474b-bef3-dcc000293be4-water-21-residence-22-times-23",
      "relation": "equilibrium between",
      "object_id": "e5183355-b1b6-474b-bef3-dcc000293be4-atmosphere-30"
    },
    {
      "subject_id": "e5183355-b1b6-474b-bef3-dcc000293be4-existence-2",
      "relation": "suggests",
      "object_id": "e5183355-b1b6-474b-bef3-dcc000293be4-water-21-residence-22-times-23"
    },
    {
      "subject_id": "e5183355-b1b6-474b-bef3-dcc000293be4-existence-2",
      "relation": "though suggests",
      "object_id": "e5183355-b1b6-474b-bef3-dcc000293be4-water-21-residence-22-times-23"
    },
    {
      "subject_id": "NE-TITLE-model",
      "relation": "unveils",
      "object_id": "e5183355-b1b6-474b-bef3-dcc000293be4-picture-11"
    },
    {
      "subject_id": "e5183355-b1b6-474b-bef3-dcc000293be4-picture-11",
      "relation": "of",
      "object_id": "e5183355-b1b6-474b-bef3-dcc000293be4-conditions-15"
    },
    {
      "subject_id": "e5183355-b1b6-474b-bef3-dcc000293be4-picture-11",
      "relation": "overall geological model",
      "object_id": "e5183355-b1b6-474b-bef3-dcc000293be4-emerges-6"
    },
    {
      "subject_id": "e5183355-b1b6-474b-bef3-dcc000293be4-picture-11",
      "relation": "is",
      "object_id": "e5183355-b1b6-474b-bef3-dcc000293be4-comprehensive-10"
    },
    {
      "subject_id": "NE-TITLE-model",
      "relation": "is",
      "object_id": "e5183355-b1b6-474b-bef3-dcc000293be4-geological-3"
    },
    {
      "subject_id": "e5183355-b1b6-474b-bef3-dcc000293be4-studies-35",
      "relation": "continuity of",
      "object_id": "e5183355-b1b6-474b-bef3-dcc000293be4-carbonate-23-factory-24"
    },
    {
      "subject_id": "e5183355-b1b6-474b-bef3-dcc000293be4-studies-35",
      "relation": "is",
      "object_id": "e5183355-b1b6-474b-bef3-dcc000293be4-corroborating-33"
    },
    {
      "subject_id": "e5183355-b1b6-474b-bef3-dcc000293be4-carbonate-23-factory-24",
      "relation": "is",
      "object_id": "e5183355-b1b6-474b-bef3-dcc000293be4-significant-22"
    },
    {
      "subject_id": "e5183355-b1b6-474b-bef3-dcc000293be4-picture-11",
      "relation": "geological model",
      "object_id": "e5183355-b1b6-474b-bef3-dcc000293be4-emerges-6"
    },
    {
      "subject_id": "NE-TITLE-model",
      "relation": "is",
      "object_id": "e5183355-b1b6-474b-bef3-dcc000293be4-overall-2"
    },
    {
      "subject_id": "e5183355-b1b6-474b-bef3-dcc000293be4-picture-11",
      "relation": "at",
      "object_id": "e5183355-b1b6-474b-bef3-dcc000293be4-more-9"
    },
    {
      "subject_id": "e5183355-b1b6-474b-bef3-dcc000293be4-picture-11",
      "relation": "is",
      "object_id": "e5183355-b1b6-474b-bef3-dcc000293be4-depositional-14"
    },
    {
      "subject_id": "e5183355-b1b6-474b-bef3-dcc000293be4-picture-11",
      "relation": "overall model",
      "object_id": "e5183355-b1b6-474b-bef3-dcc000293be4-emerges-6"
    },
    {
      "subject_id": "e5183355-b1b6-474b-bef3-dcc000293be4-studies-35",
      "relation": "is",
      "object_id": "e5183355-b1b6-474b-bef3-dcc000293be4-previous-34"
    },
    {
      "subject_id": "e5183355-b1b6-474b-bef3-dcc000293be4-lasting-39-existence-40",
      "relation": "is in",
      "object_id": "e5183355-b1b6-474b-bef3-dcc000293be4-area-51"
    },
    {
      "subject_id": "e5183355-b1b6-474b-bef3-dcc000293be4-picture-11",
      "relation": "model",
      "object_id": "e5183355-b1b6-474b-bef3-dcc000293be4-emerges-6"
    },
    {
      "subject_id": "e5183355-b1b6-474b-bef3-dcc000293be4-data-26",
      "relation": "are consistent with",
      "object_id": "e5183355-b1b6-474b-bef3-dcc000293be4-lacustrine-31-deposition-32"
    },
    {
      "subject_id": "e5183355-b1b6-474b-bef3-dcc000293be4-lacustrine-31-deposition-32",
      "relation": "at",
      "object_id": "e5183355-b1b6-474b-bef3-dcc000293be4-suggestions-42"
    },
    {
      "subject_id": "e5183355-b1b6-474b-bef3-dcc000293be4-data-26",
      "relation": "are most consistent with",
      "object_id": "e5183355-b1b6-474b-bef3-dcc000293be4-lacustrine-31-deposition-32"
    },
    {
      "subject_id": "e5183355-b1b6-474b-bef3-dcc000293be4-lacustrine-31-deposition-32",
      "relation": "of",
      "object_id": "e5183355-b1b6-474b-bef3-dcc000293be4-carbonates-48"
    },
    {
      "subject_id": "e5183355-b1b6-474b-bef3-dcc000293be4-data-26",
      "relation": "are",
      "object_id": "e5183355-b1b6-474b-bef3-dcc000293be4-consistent-29"
    },
    {
      "subject_id": "e5183355-b1b6-474b-bef3-dcc000293be4-consistent-29",
      "relation": "at",
      "object_id": "e5183355-b1b6-474b-bef3-dcc000293be4-most-28"
    },
    {
      "subject_id": "e5183355-b1b6-474b-bef3-dcc000293be4-result-3",
      "relation": "suggesting",
      "object_id": "e5183355-b1b6-474b-bef3-dcc000293be4-equilibrium-10"
    },
    {
      "subject_id": "e5183355-b1b6-474b-bef3-dcc000293be4-result-3",
      "relation": "strongly suggesting",
      "object_id": "e5183355-b1b6-474b-bef3-dcc000293be4-equilibrium-10"
    },
    {
      "subject_id": "e5183355-b1b6-474b-bef3-dcc000293be4-lacustrine-31-deposition-32",
      "relation": "of",
      "object_id": "e5183355-b1b6-474b-bef3-dcc000293be4-genesis-45"
    },
    {
      "subject_id": "e5183355-b1b6-474b-bef3-dcc000293be4-lacustrine-31-deposition-32",
      "relation": "is",
      "object_id": "e5183355-b1b6-474b-bef3-dcc000293be4-contrasting-39"
    },
    {
      "subject_id": "e5183355-b1b6-474b-bef3-dcc000293be4-equilibrium-10",
      "relation": "of",
      "object_id": "e5183355-b1b6-474b-bef3-dcc000293be4-lake-12-waters-13-DIC-14"
    },
    {
      "subject_id": "e5183355-b1b6-474b-bef3-dcc000293be4-lacustrine-31-deposition-32",
      "relation": "of",
      "object_id": "NE-ORGANIZATION-Barra-Velha-Formation"
    },
    {
      "subject_id": "e5183355-b1b6-474b-bef3-dcc000293be4-apparent-4-equilibrium-5",
      "relation": "Finally likely left",
      "object_id": "e5183355-b1b6-474b-bef3-dcc000293be4-record-13"
    },
    {
      "subject_id": "e5183355-b1b6-474b-bef3-dcc000293be4-record-13",
      "relation": "is",
      "object_id": "e5183355-b1b6-474b-bef3-dcc000293be4-preserved-12"
    },
    {
      "subject_id": "e5183355-b1b6-474b-bef3-dcc000293be4-apparent-4-equilibrium-5",
      "relation": "Finally left record in",
      "object_id": "e5183355-b1b6-474b-bef3-dcc000293be4-carbonates-17"
    },
    {
      "subject_id": "e5183355-b1b6-474b-bef3-dcc000293be4-carbonates-17",
      "relation": "is",
      "object_id": "e5183355-b1b6-474b-bef3-dcc000293be4-final-20"
    },
    {
      "subject_id": "e5183355-b1b6-474b-bef3-dcc000293be4-record-13",
      "relation": "apparent equilibrium with",
      "object_id": "e5183355-b1b6-474b-bef3-dcc000293be4-atmosphere-8"
    },
    {
      "subject_id": "e5183355-b1b6-474b-bef3-dcc000293be4-apparent-4-equilibrium-5",
      "relation": "left record in",
      "object_id": "e5183355-b1b6-474b-bef3-dcc000293be4-carbonates-17"
    },
    {
      "subject_id": "e5183355-b1b6-474b-bef3-dcc000293be4-carbonates-17",
      "relation": "of",
      "object_id": "e5183355-b1b6-474b-bef3-dcc000293be4-stages-21"
    },
    {
      "subject_id": "e5183355-b1b6-474b-bef3-dcc000293be4-apparent-4-equilibrium-5",
      "relation": "likely left",
      "object_id": "e5183355-b1b6-474b-bef3-dcc000293be4-record-13"
    },
    {
      "subject_id": "e5183355-b1b6-474b-bef3-dcc000293be4-apparent-4-equilibrium-5",
      "relation": "left",
      "object_id": "e5183355-b1b6-474b-bef3-dcc000293be4-record-13"
    },
    {
      "subject_id": "e5183355-b1b6-474b-bef3-dcc000293be4-apparent-4-equilibrium-5",
      "relation": "Finally likely left record in",
      "object_id": "e5183355-b1b6-474b-bef3-dcc000293be4-carbonates-17"
    },
    {
      "subject_id": "e5183355-b1b6-474b-bef3-dcc000293be4-apparent-4-equilibrium-5",
      "relation": "likely left record in",
      "object_id": "e5183355-b1b6-474b-bef3-dcc000293be4-carbonates-17"
    },
    {
      "subject_id": "e5183355-b1b6-474b-bef3-dcc000293be4-apparent-4-equilibrium-5",
      "relation": "Finally left",
      "object_id": "e5183355-b1b6-474b-bef3-dcc000293be4-record-13"
    },
    {
      "subject_id": "e5183355-b1b6-474b-bef3-dcc000293be4-increase-32",
      "relation": "is in",
      "object_id": "e5183355-b1b6-474b-bef3-dcc000293be4-atmospheric-34-CO2-35"
    },
    {
      "subject_id": "e5183355-b1b6-474b-bef3-dcc000293be4-apparent-4-equilibrium-5",
      "relation": "is with",
      "object_id": "e5183355-b1b6-474b-bef3-dcc000293be4-atmosphere-8"
    },
    {
      "subject_id": "e5183355-b1b6-474b-bef3-dcc000293be4-carbonates-17",
      "relation": "is",
      "object_id": "e5183355-b1b6-474b-bef3-dcc000293be4-continental-16"
    },
    {
      "subject_id": "e5183355-b1b6-474b-bef3-dcc000293be4-this-2",
      "relation": "is",
      "object_id": "e5183355-b1b6-474b-bef3-dcc000293be4-correct-4"
    }
  ],
  "links": {
    "e5183355-b1b6-474b-bef3-dcc000293be4-study-2": [],
    "e5183355-b1b6-474b-bef3-dcc000293be4-carbon-6-data-10": [],
    "e5183355-b1b6-474b-bef3-dcc000293be4-lacustrine-14-carbonate-15-rock-16-samples-17": [],
    "e5183355-b1b6-474b-bef3-dcc000293be4-drilled-22": [],
    "e5183355-b1b6-474b-bef3-dcc000293be4-well-21": [],
    "NE-LOCATION-Basin": [],
    "NE-CITY-Santos": [],
    "e5183355-b1b6-474b-bef3-dcc000293be4-Cretaceous-13": [],
    "e5183355-b1b6-474b-bef3-dcc000293be4-new-4": [],
    "e5183355-b1b6-474b-bef3-dcc000293be4-stable-5": [],
    "e5183355-b1b6-474b-bef3-dcc000293be4-recovered-18": [],
    "e5183355-b1b6-474b-bef3-dcc000293be4-Lower-12": [],
    "e5183355-b1b6-474b-bef3-dcc000293be4-samples-2": [],
    "e5183355-b1b6-474b-bef3-dcc000293be4-record-5": [],
    "e5183355-b1b6-474b-bef3-dcc000293be4-continental-8": [],
    "e5183355-b1b6-474b-bef3-dcc000293be4-opening-14": [],
    "e5183355-b1b6-474b-bef3-dcc000293be4-just-10": [],
    "e5183355-b1b6-474b-bef3-dcc000293be4-prior-11": [],
    "NE-LOCATION-South-Atlantic-Ocean": [],
    "e5183355-b1b6-474b-bef3-dcc000293be4-environment-9": [],
    "e5183355-b1b6-474b-bef3-dcc000293be4-data-3": [
      "e5183355-b1b6-474b-bef3-dcc000293be4-data-19"
    ],
    "e5183355-b1b6-474b-bef3-dcc000293be4-carbonate-7-mineralogy-8": [],
    "e5183355-b1b6-474b-bef3-dcc000293be4-geochemical-2": [],
    "e5183355-b1b6-474b-bef3-dcc000293be4-cycles-12": [],
    "e5183355-b1b6-474b-bef3-dcc000293be4-lake-14-level-15-variation-16": [],
    "e5183355-b1b6-474b-bef3-dcc000293be4-repeated-11": [],
    "e5183355-b1b6-474b-bef3-dcc000293be4-facies-12-analysis-13": [],
    "e5183355-b1b6-474b-bef3-dcc000293be4-absence-3": [],
    "e5183355-b1b6-474b-bef3-dcc000293be4-correlations-5": [],
    "e5183355-b1b6-474b-bef3-dcc000293be4-data-19": [
      "e5183355-b1b6-474b-bef3-dcc000293be4-data-3"
    ],
    "e5183355-b1b6-474b-bef3-dcc000293be4-isotopic-16": [],
    "e5183355-b1b6-474b-bef3-dcc000293be4-δ13C-7": [
      "e5183355-b1b6-474b-bef3-dcc000293be4-δ13C-9-values-10"
    ],
    "e5183355-b1b6-474b-bef3-dcc000293be4-lake-22-hydrology-23": [],
    "e5183355-b1b6-474b-bef3-dcc000293be4-most-28": [],
    "e5183355-b1b6-474b-bef3-dcc000293be4-here-34": [],
    "e5183355-b1b6-474b-bef3-dcc000293be4-depositional-31": [
      "e5183355-b1b6-474b-bef3-dcc000293be4-depositional-14"
    ],
    "e5183355-b1b6-474b-bef3-dcc000293be4-interval-32": [],
    "e5183355-b1b6-474b-bef3-dcc000293be4-studied-33": [],
    "e5183355-b1b6-474b-bef3-dcc000293be4-closed-26": [],
    "e5183355-b1b6-474b-bef3-dcc000293be4-essentially-25": [],
    "e5183355-b1b6-474b-bef3-dcc000293be4-water-21-residence-22-times-23": [],
    "e5183355-b1b6-474b-bef3-dcc000293be4-palaeolake-26": [],
    "e5183355-b1b6-474b-bef3-dcc000293be4-long-20": [],
    "e5183355-b1b6-474b-bef3-dcc000293be4-trends-5": [],
    "e5183355-b1b6-474b-bef3-dcc000293be4-persisting-4": [],
    "e5183355-b1b6-474b-bef3-dcc000293be4-nearly-7": [],
    "e5183355-b1b6-474b-bef3-dcc000293be4-constant-8": [],
    "e5183355-b1b6-474b-bef3-dcc000293be4-δ13C-9-values-10": [
      "e5183355-b1b6-474b-bef3-dcc000293be4-δ13C-7"
    ],
    "e5183355-b1b6-474b-bef3-dcc000293be4-spread-13": [],
    "e5183355-b1b6-474b-bef3-dcc000293be4-δ18O-15-values-16": [],
    "e5183355-b1b6-474b-bef3-dcc000293be4-atmosphere-30": [],
    "e5183355-b1b6-474b-bef3-dcc000293be4-existence-2": [],
    "NE-TITLE-model": [],
    "e5183355-b1b6-474b-bef3-dcc000293be4-picture-11": [],
    "e5183355-b1b6-474b-bef3-dcc000293be4-conditions-15": [],
    "e5183355-b1b6-474b-bef3-dcc000293be4-emerges-6": [],
    "e5183355-b1b6-474b-bef3-dcc000293be4-comprehensive-10": [],
    "e5183355-b1b6-474b-bef3-dcc000293be4-geological-3": [],
    "e5183355-b1b6-474b-bef3-dcc000293be4-studies-35": [],
    "e5183355-b1b6-474b-bef3-dcc000293be4-carbonate-23-factory-24": [],
    "e5183355-b1b6-474b-bef3-dcc000293be4-corroborating-33": [],
    "e5183355-b1b6-474b-bef3-dcc000293be4-significant-22": [],
    "e5183355-b1b6-474b-bef3-dcc000293be4-overall-2": [],
    "e5183355-b1b6-474b-bef3-dcc000293be4-more-9": [],
    "e5183355-b1b6-474b-bef3-dcc000293be4-depositional-14": [
      "e5183355-b1b6-474b-bef3-dcc000293be4-depositional-31"
    ],
    "e5183355-b1b6-474b-bef3-dcc000293be4-previous-34": [],
    "e5183355-b1b6-474b-bef3-dcc000293be4-lasting-39-existence-40": [],
    "e5183355-b1b6-474b-bef3-dcc000293be4-area-51": [],
    "e5183355-b1b6-474b-bef3-dcc000293be4-data-26": [],
    "e5183355-b1b6-474b-bef3-dcc000293be4-lacustrine-31-deposition-32": [],
    "e5183355-b1b6-474b-bef3-dcc000293be4-suggestions-42": [],
    "e5183355-b1b6-474b-bef3-dcc000293be4-carbonates-48": [],
    "e5183355-b1b6-474b-bef3-dcc000293be4-consistent-29": [],
    "e5183355-b1b6-474b-bef3-dcc000293be4-result-3": [],
    "e5183355-b1b6-474b-bef3-dcc000293be4-equilibrium-10": [],
    "e5183355-b1b6-474b-bef3-dcc000293be4-genesis-45": [],
    "e5183355-b1b6-474b-bef3-dcc000293be4-contrasting-39": [],
    "e5183355-b1b6-474b-bef3-dcc000293be4-lake-12-waters-13-DIC-14": [],
    "NE-ORGANIZATION-Barra-Velha-Formation": [],
    "e5183355-b1b6-474b-bef3-dcc000293be4-apparent-4-equilibrium-5": [],
    "e5183355-b1b6-474b-bef3-dcc000293be4-record-13": [],
    "e5183355-b1b6-474b-bef3-dcc000293be4-preserved-12": [],
    "e5183355-b1b6-474b-bef3-dcc000293be4-carbonates-17": [],
    "e5183355-b1b6-474b-bef3-dcc000293be4-final-20": [],
    "e5183355-b1b6-474b-bef3-dcc000293be4-atmosphere-8": [],
    "e5183355-b1b6-474b-bef3-dcc000293be4-stages-21": [],
    "e5183355-b1b6-474b-bef3-dcc000293be4-increase-32": [],
    "e5183355-b1b6-474b-bef3-dcc000293be4-atmospheric-34-CO2-35": [],
    "e5183355-b1b6-474b-bef3-dcc000293be4-continental-16": [],
    "e5183355-b1b6-474b-bef3-dcc000293be4-this-2": [],
    "e5183355-b1b6-474b-bef3-dcc000293be4-correct-4": []
  }
}