{
  "document": "D:/Projetos/PIRA_KG/documents/onu_80053931244.txt",
  "entities": {
    "9e4d781b-b75d-4d08-a406-e18605539fdf-government-3": "government",
    "9e4d781b-b75d-4d08-a406-e18605539fdf-built-16-by-19-contractors-21": "built by contractors",
    "NE-COUNTRY-Brazil": "Brazil",
    "9e4d781b-b75d-4d08-a406-e18605539fdf-Build-25": "Build",
    "9e4d781b-b75d-4d08-a406-e18605539fdf-Initiative-28": "Initiative",
    "9e4d781b-b75d-4d08-a406-e18605539fdf-to-14": "to",
    "NE-NATIONALITY-Brazilian": "Brazilian",
    "9e4d781b-b75d-4d08-a406-e18605539fdf-country-18": "country",
    "9e4d781b-b75d-4d08-a406-e18605539fdf-government-2": "government",
    "9e4d781b-b75d-4d08-a406-e18605539fdf-seven-8-rigs-9": "seven rigs",
    "9e4d781b-b75d-4d08-a406-e18605539fdf-contracts-4": "contracts",
    "9e4d781b-b75d-4d08-a406-e18605539fdf-based-13": "based",
    "NE-ORGANIZATION-Sete": "Sete",
    "NE-ORDINAL-first": "first",
    "9e4d781b-b75d-4d08-a406-e18605539fdf-company-17": "company",
    "NE-ORGANIZATION-Petrobras": "Petrobras",
    "9e4d781b-b75d-4d08-a406-e18605539fdf-national-11-oil-12-company-13": "national oil company",
    "9e4d781b-b75d-4d08-a406-e18605539fdf-very-19-receptive-20-to-21-allowing-22-other-23-oil-24-companies-25": "very receptive to allowing other oil companies",
    "9e4d781b-b75d-4d08-a406-e18605539fdf-waters-28": "waters",
    "NE-ORGANIZATION-Shell": "Shell",
    "NE-ORGANIZATION-BP": "BP",
    "NE-ORGANIZATION-ExxonMobil": "ExxonMobil",
    "NE-ORGANIZATION-BG": "BG",
    "9e4d781b-b75d-4d08-a406-e18605539fdf-companies-15": "companies",
    "9e4d781b-b75d-4d08-a406-e18605539fdf-have-16-invited-18": "have invited",
    "9e4d781b-b75d-4d08-a406-e18605539fdf-multinational-14": "multinational",
    "NE-ORGANIZATION-Ensco": "Ensco",
    "9e4d781b-b75d-4d08-a406-e18605539fdf-leading-6-contractors-7": "leading contractors",
    "9e4d781b-b75d-4d08-a406-e18605539fdf-fleet-13": "fleet"
  },
  "graph": [
    {
      "subject_id": "9e4d781b-b75d-4d08-a406-e18605539fdf-government-3",
      "relation": "has requested",
      "object_id": "9e4d781b-b75d-4d08-a406-e18605539fdf-built-16-by-19-contractors-21"
    },
    {
      "subject_id": "NE-COUNTRY-Brazil",
      "relation": "has",
      "object_id": "9e4d781b-b75d-4d08-a406-e18605539fdf-government-3"
    },
    {
      "subject_id": "9e4d781b-b75d-4d08-a406-e18605539fdf-built-16-by-19-contractors-21",
      "relation": "at",
      "object_id": "9e4d781b-b75d-4d08-a406-e18605539fdf-Build-25"
    },
    {
      "subject_id": "9e4d781b-b75d-4d08-a406-e18605539fdf-Build-25",
      "relation": "is in",
      "object_id": "9e4d781b-b75d-4d08-a406-e18605539fdf-Initiative-28"
    },
    {
      "subject_id": "9e4d781b-b75d-4d08-a406-e18605539fdf-Initiative-28",
      "relation": "of",
      "object_id": "NE-COUNTRY-Brazil"
    },
    {
      "subject_id": "9e4d781b-b75d-4d08-a406-e18605539fdf-built-16-by-19-contractors-21",
      "relation": "mark",
      "object_id": "9e4d781b-b75d-4d08-a406-e18605539fdf-to-14"
    },
    {
      "subject_id": "9e4d781b-b75d-4d08-a406-e18605539fdf-built-16-by-19-contractors-21",
      "relation": "of",
      "object_id": "9e4d781b-b75d-4d08-a406-e18605539fdf-Initiative-28"
    },
    {
      "subject_id": "9e4d781b-b75d-4d08-a406-e18605539fdf-built-16-by-19-contractors-21",
      "relation": "is",
      "object_id": "NE-NATIONALITY-Brazilian"
    },
    {
      "subject_id": "9e4d781b-b75d-4d08-a406-e18605539fdf-built-16-by-19-contractors-21",
      "relation": "at",
      "object_id": "9e4d781b-b75d-4d08-a406-e18605539fdf-country-18"
    },
    {
      "subject_id": "9e4d781b-b75d-4d08-a406-e18605539fdf-government-2",
      "relation": "awarded contracts for",
      "object_id": "9e4d781b-b75d-4d08-a406-e18605539fdf-seven-8-rigs-9"
    },
    {
      "subject_id": "9e4d781b-b75d-4d08-a406-e18605539fdf-government-2",
      "relation": "awarded",
      "object_id": "9e4d781b-b75d-4d08-a406-e18605539fdf-contracts-4"
    },
    {
      "subject_id": "9e4d781b-b75d-4d08-a406-e18605539fdf-seven-8-rigs-9",
      "relation": "is",
      "object_id": "9e4d781b-b75d-4d08-a406-e18605539fdf-based-13"
    },
    {
      "subject_id": "9e4d781b-b75d-4d08-a406-e18605539fdf-seven-8-rigs-9",
      "relation": "of",
      "object_id": "NE-ORGANIZATION-Sete"
    },
    {
      "subject_id": "9e4d781b-b75d-4d08-a406-e18605539fdf-seven-8-rigs-9",
      "relation": "is",
      "object_id": "NE-ORDINAL-first"
    },
    {
      "subject_id": "9e4d781b-b75d-4d08-a406-e18605539fdf-seven-8-rigs-9",
      "relation": "at",
      "object_id": "NE-COUNTRY-Brazil"
    },
    {
      "subject_id": "9e4d781b-b75d-4d08-a406-e18605539fdf-company-17",
      "relation": "associated with",
      "object_id": "NE-ORGANIZATION-Petrobras"
    },
    {
      "subject_id": "NE-COUNTRY-Brazil",
      "relation": "as",
      "object_id": "9e4d781b-b75d-4d08-a406-e18605539fdf-national-11-oil-12-company-13"
    },
    {
      "subject_id": "NE-COUNTRY-Brazil",
      "relation": "has proven",
      "object_id": "9e4d781b-b75d-4d08-a406-e18605539fdf-very-19-receptive-20-to-21-allowing-22-other-23-oil-24-companies-25"
    },
    {
      "subject_id": "NE-COUNTRY-Brazil",
      "relation": "has",
      "object_id": "9e4d781b-b75d-4d08-a406-e18605539fdf-very-19-receptive-20-to-21-allowing-22-other-23-oil-24-companies-25"
    },
    {
      "subject_id": "9e4d781b-b75d-4d08-a406-e18605539fdf-very-19-receptive-20-to-21-allowing-22-other-23-oil-24-companies-25",
      "relation": "at",
      "object_id": "9e4d781b-b75d-4d08-a406-e18605539fdf-waters-28"
    },
    {
      "subject_id": "NE-ORGANIZATION-Shell",
      "relation": "is",
      "object_id": "NE-ORGANIZATION-BP"
    },
    {
      "subject_id": "NE-ORGANIZATION-ExxonMobil",
      "relation": "is",
      "object_id": "NE-ORGANIZATION-BG"
    },
    {
      "subject_id": "9e4d781b-b75d-4d08-a406-e18605539fdf-companies-15",
      "relation": "have",
      "object_id": "9e4d781b-b75d-4d08-a406-e18605539fdf-have-16-invited-18"
    },
    {
      "subject_id": "9e4d781b-b75d-4d08-a406-e18605539fdf-companies-15",
      "relation": "participate including",
      "object_id": "NE-ORGANIZATION-Shell"
    },
    {
      "subject_id": "9e4d781b-b75d-4d08-a406-e18605539fdf-companies-15",
      "relation": "is",
      "object_id": "9e4d781b-b75d-4d08-a406-e18605539fdf-multinational-14"
    },
    {
      "subject_id": "NE-ORGANIZATION-Ensco",
      "relation": "contractors in",
      "object_id": "NE-COUNTRY-Brazil"
    },
    {
      "subject_id": "9e4d781b-b75d-4d08-a406-e18605539fdf-leading-6-contractors-7",
      "relation": "is in",
      "object_id": "NE-COUNTRY-Brazil"
    },
    {
      "subject_id": "NE-ORGANIZATION-Ensco",
      "relation": "has expanded",
      "object_id": "9e4d781b-b75d-4d08-a406-e18605539fdf-fleet-13"
    }
  ],
  "links": {
    "9e4d781b-b75d-4d08-a406-e18605539fdf-government-3": [],
    "9e4d781b-b75d-4d08-a406-e18605539fdf-built-16-by-19-contractors-21": [],
    "NE-COUNTRY-Brazil": [],
    "9e4d781b-b75d-4d08-a406-e18605539fdf-Build-25": [],
    "9e4d781b-b75d-4d08-a406-e18605539fdf-Initiative-28": [],
    "9e4d781b-b75d-4d08-a406-e18605539fdf-to-14": [],
    "NE-NATIONALITY-Brazilian": [],
    "9e4d781b-b75d-4d08-a406-e18605539fdf-country-18": [],
    "9e4d781b-b75d-4d08-a406-e18605539fdf-government-2": [],
    "9e4d781b-b75d-4d08-a406-e18605539fdf-seven-8-rigs-9": [],
    "9e4d781b-b75d-4d08-a406-e18605539fdf-contracts-4": [],
    "9e4d781b-b75d-4d08-a406-e18605539fdf-based-13": [],
    "NE-ORGANIZATION-Sete": [],
    "NE-ORDINAL-first": [],
    "9e4d781b-b75d-4d08-a406-e18605539fdf-company-17": [],
    "NE-ORGANIZATION-Petrobras": [],
    "9e4d781b-b75d-4d08-a406-e18605539fdf-national-11-oil-12-company-13": [],
    "9e4d781b-b75d-4d08-a406-e18605539fdf-very-19-receptive-20-to-21-allowing-22-other-23-oil-24-companies-25": [],
    "9e4d781b-b75d-4d08-a406-e18605539fdf-waters-28": [],
    "NE-ORGANIZATION-Shell": [],
    "NE-ORGANIZATION-BP": [],
    "NE-ORGANIZATION-ExxonMobil": [],
    "NE-ORGANIZATION-BG": [],
    "9e4d781b-b75d-4d08-a406-e18605539fdf-companies-15": [],
    "9e4d781b-b75d-4d08-a406-e18605539fdf-have-16-invited-18": [],
    "9e4d781b-b75d-4d08-a406-e18605539fdf-multinational-14": [],
    "NE-ORGANIZATION-Ensco": [],
    "9e4d781b-b75d-4d08-a406-e18605539fdf-leading-6-contractors-7": [],
    "9e4d781b-b75d-4d08-a406-e18605539fdf-fleet-13": []
  }
}