{
  "document": "D:/Projetos/PIRA_KG/documents/onu_85087227840.txt",
  "entities": {
    "0977f9a2-edd3-48e0-a260-bde6dc43aab1-implementation-2": "implementation",
    "0977f9a2-edd3-48e0-a260-bde6dc43aab1-robustness-26": "robustness",
    "0977f9a2-edd3-48e0-a260-bde6dc43aab1-Successful-1": "Successful",
    "0977f9a2-edd3-48e0-a260-bde6dc43aab1-Pre-Salt-5-DP&P-6-projects-7": "Pre-Salt DP&P projects",
    "0977f9a2-edd3-48e0-a260-bde6dc43aab1-ultra-deep-10-waters-11": "ultra-deep waters",
    "NE-NATIONALITY-Brazilian": "Brazilian",
    "0977f9a2-edd3-48e0-a260-bde6dc43aab1-investments-16": "investments",
    "0977f9a2-edd3-48e0-a260-bde6dc43aab1-major-19": "major",
    "0977f9a2-edd3-48e0-a260-bde6dc43aab1-discovery-3-found-11": "discovery found",
    "0977f9a2-edd3-48e0-a260-bde6dc43aab1-chapter-27": "chapter",
    "NE-ORDINAL-first": "first",
    "0977f9a2-edd3-48e0-a260-bde6dc43aab1-new-26": "new",
    "NE-DATE-2006": "2006",
    "0977f9a2-edd3-48e0-a260-bde6dc43aab1-oil-31-history-32": "oil history",
    "0977f9a2-edd3-48e0-a260-bde6dc43aab1-global-30-oil-31-history-32": "global oil history",
    "0977f9a2-edd3-48e0-a260-bde6dc43aab1-made-19": "made",
    "0977f9a2-edd3-48e0-a260-bde6dc43aab1-technology-29": "technology",
    "0977f9a2-edd3-48e0-a260-bde6dc43aab1-massive-41-investments-42": "massive investments",
    "0977f9a2-edd3-48e0-a260-bde6dc43aab1-R&D-44": "R&D",
    "0977f9a2-edd3-48e0-a260-bde6dc43aab1-collaboration-48": "collaboration",
    "0977f9a2-edd3-48e0-a260-bde6dc43aab1-partners-50": "partners"
  },
  "graph": [
    {
      "subject_id": "0977f9a2-edd3-48e0-a260-bde6dc43aab1-implementation-2",
      "relation": "depends on",
      "object_id": "0977f9a2-edd3-48e0-a260-bde6dc43aab1-robustness-26"
    },
    {
      "subject_id": "0977f9a2-edd3-48e0-a260-bde6dc43aab1-implementation-2",
      "relation": "is",
      "object_id": "0977f9a2-edd3-48e0-a260-bde6dc43aab1-Successful-1"
    },
    {
      "subject_id": "0977f9a2-edd3-48e0-a260-bde6dc43aab1-Pre-Salt-5-DP&P-6-projects-7",
      "relation": "is in",
      "object_id": "0977f9a2-edd3-48e0-a260-bde6dc43aab1-ultra-deep-10-waters-11"
    },
    {
      "subject_id": "0977f9a2-edd3-48e0-a260-bde6dc43aab1-ultra-deep-10-waters-11",
      "relation": "is",
      "object_id": "NE-NATIONALITY-Brazilian"
    },
    {
      "subject_id": "0977f9a2-edd3-48e0-a260-bde6dc43aab1-investments-16",
      "relation": "are",
      "object_id": "0977f9a2-edd3-48e0-a260-bde6dc43aab1-major-19"
    },
    {
      "subject_id": "0977f9a2-edd3-48e0-a260-bde6dc43aab1-discovery-3-found-11",
      "relation": "represented",
      "object_id": "0977f9a2-edd3-48e0-a260-bde6dc43aab1-chapter-27"
    },
    {
      "subject_id": "0977f9a2-edd3-48e0-a260-bde6dc43aab1-discovery-3-found-11",
      "relation": "is",
      "object_id": "NE-ORDINAL-first"
    },
    {
      "subject_id": "0977f9a2-edd3-48e0-a260-bde6dc43aab1-chapter-27",
      "relation": "is",
      "object_id": "0977f9a2-edd3-48e0-a260-bde6dc43aab1-new-26"
    },
    {
      "subject_id": "0977f9a2-edd3-48e0-a260-bde6dc43aab1-discovery-3-found-11",
      "relation": "was made in",
      "object_id": "NE-DATE-2006"
    },
    {
      "subject_id": "0977f9a2-edd3-48e0-a260-bde6dc43aab1-chapter-27",
      "relation": "of",
      "object_id": "0977f9a2-edd3-48e0-a260-bde6dc43aab1-oil-31-history-32"
    },
    {
      "subject_id": "0977f9a2-edd3-48e0-a260-bde6dc43aab1-chapter-27",
      "relation": "is in",
      "object_id": "0977f9a2-edd3-48e0-a260-bde6dc43aab1-global-30-oil-31-history-32"
    },
    {
      "subject_id": "0977f9a2-edd3-48e0-a260-bde6dc43aab1-chapter-27",
      "relation": "of",
      "object_id": "0977f9a2-edd3-48e0-a260-bde6dc43aab1-global-30-oil-31-history-32"
    },
    {
      "subject_id": "0977f9a2-edd3-48e0-a260-bde6dc43aab1-discovery-3-found-11",
      "relation": "was",
      "object_id": "0977f9a2-edd3-48e0-a260-bde6dc43aab1-made-19"
    },
    {
      "subject_id": "0977f9a2-edd3-48e0-a260-bde6dc43aab1-technology-29",
      "relation": "is with",
      "object_id": "0977f9a2-edd3-48e0-a260-bde6dc43aab1-massive-41-investments-42"
    },
    {
      "subject_id": "0977f9a2-edd3-48e0-a260-bde6dc43aab1-massive-41-investments-42",
      "relation": "of",
      "object_id": "0977f9a2-edd3-48e0-a260-bde6dc43aab1-R&D-44"
    },
    {
      "subject_id": "0977f9a2-edd3-48e0-a260-bde6dc43aab1-massive-41-investments-42",
      "relation": "is in",
      "object_id": "0977f9a2-edd3-48e0-a260-bde6dc43aab1-R&D-44"
    },
    {
      "subject_id": "0977f9a2-edd3-48e0-a260-bde6dc43aab1-collaboration-48",
      "relation": "is with",
      "object_id": "0977f9a2-edd3-48e0-a260-bde6dc43aab1-partners-50"
    }
  ],
  "links": {
    "0977f9a2-edd3-48e0-a260-bde6dc43aab1-implementation-2": [],
    "0977f9a2-edd3-48e0-a260-bde6dc43aab1-robustness-26": [],
    "0977f9a2-edd3-48e0-a260-bde6dc43aab1-Successful-1": [],
    "0977f9a2-edd3-48e0-a260-bde6dc43aab1-Pre-Salt-5-DP&P-6-projects-7": [],
    "0977f9a2-edd3-48e0-a260-bde6dc43aab1-ultra-deep-10-waters-11": [],
    "NE-NATIONALITY-Brazilian": [],
    "0977f9a2-edd3-48e0-a260-bde6dc43aab1-investments-16": [],
    "0977f9a2-edd3-48e0-a260-bde6dc43aab1-major-19": [],
    "0977f9a2-edd3-48e0-a260-bde6dc43aab1-discovery-3-found-11": [],
    "0977f9a2-edd3-48e0-a260-bde6dc43aab1-chapter-27": [],
    "NE-ORDINAL-first": [],
    "0977f9a2-edd3-48e0-a260-bde6dc43aab1-new-26": [],
    "NE-DATE-2006": [],
    "0977f9a2-edd3-48e0-a260-bde6dc43aab1-oil-31-history-32": [],
    "0977f9a2-edd3-48e0-a260-bde6dc43aab1-global-30-oil-31-history-32": [],
    "0977f9a2-edd3-48e0-a260-bde6dc43aab1-made-19": [],
    "0977f9a2-edd3-48e0-a260-bde6dc43aab1-technology-29": [],
    "0977f9a2-edd3-48e0-a260-bde6dc43aab1-massive-41-investments-42": [],
    "0977f9a2-edd3-48e0-a260-bde6dc43aab1-R&D-44": [],
    "0977f9a2-edd3-48e0-a260-bde6dc43aab1-collaboration-48": [],
    "0977f9a2-edd3-48e0-a260-bde6dc43aab1-partners-50": []
  }
}