{
  "document": "D:/Projetos/PIRA_KG/documents/onu_85087970879.txt",
  "entities": {
    "f621e98e-60cb-4cb5-ae34-4032e1759b6c-rocks-2": "rocks",
    "f621e98e-60cb-4cb5-ae34-4032e1759b6c-hydrocarbon-8-bearing-10-sedimentary-11-basins-12": "hydrocarbon bearing sedimentary basins",
    "NE-COUNTRY-Brazil": "Brazil",
    "f621e98e-60cb-4cb5-ae34-4032e1759b6c-rocks-19": "rocks",
    "f621e98e-60cb-4cb5-ae34-4032e1759b6c-oil-25-accumulation-28-process-29": "oil accumulation process",
    "f621e98e-60cb-4cb5-ae34-4032e1759b6c-roles-22": "roles",
    "f621e98e-60cb-4cb5-ae34-4032e1759b6c-igneous-18": "igneous",
    "f621e98e-60cb-4cb5-ae34-4032e1759b6c-positive-21": "positive",
    "f621e98e-60cb-4cb5-ae34-4032e1759b6c-Igneous-1": "Igneous",
    "f621e98e-60cb-4cb5-ae34-4032e1759b6c-many-7-bearing-10-sedimentary-11-basins-12": "many bearing sedimentary basins",
    "f621e98e-60cb-4cb5-ae34-4032e1759b6c-cases-12": "cases",
    "f621e98e-60cb-4cb5-ae34-4032e1759b6c-literatures-6": "literatures",
    "f621e98e-60cb-4cb5-ae34-4032e1759b6c-inaccurate-19": "inaccurate",
    "f621e98e-60cb-4cb5-ae34-4032e1759b6c-published-7": "published",
    "f621e98e-60cb-4cb5-ae34-4032e1759b6c-igneous-14-reservoirs-15": "igneous reservoirs",
    "f621e98e-60cb-4cb5-ae34-4032e1759b6c-researchers-10": "researchers",
    "NE-DATE-present": "present",
    "NE-ORGANIZATION-Barra-Bonita-gasfield": "Barra Bonita gasfield",
    "f621e98e-60cb-4cb5-ae34-4032e1759b6c-rocks-33": "rocks",
    "f621e98e-60cb-4cb5-ae34-4032e1759b6c-volcanic-32": "volcanic",
    "f621e98e-60cb-4cb5-ae34-4032e1759b6c-igneous-46-rocks-47": "igneous rocks",
    "f621e98e-60cb-4cb5-ae34-4032e1759b6c-three-50-oil-51-field-54": "three oil field",
    "NE-LOCATION-Cuia": "Cuia",
    "NE-CITY-Igarape": "Igarape",
    "f621e98e-60cb-4cb5-ae34-4032e1759b6c-lithology-2": "lithology",
    "f621e98e-60cb-4cb5-ae34-4032e1759b6c-oil-9-field-12": "oil field",
    "f621e98e-60cb-4cb5-ae34-4032e1759b6c-rock-4-reservoirs-5": "rock reservoirs",
    "f621e98e-60cb-4cb5-ae34-4032e1759b6c-offshore-16": "offshore",
    "f621e98e-60cb-4cb5-ae34-4032e1759b6c-igneous-3": "igneous",
    "NE-NATIONALITY-Brazilian": "Brazilian",
    "NE-LOCATION-Basin": "Basin",
    "NE-CITY-Santos": "Santos",
    "f621e98e-60cb-4cb5-ae34-4032e1759b6c-analyzed-19": "analyzed",
    "f621e98e-60cb-4cb5-ae34-4032e1759b6c-Furthermore-1": "Furthermore",
    "NE-CITY-Campos": "Campos",
    "f621e98e-60cb-4cb5-ae34-4032e1759b6c-briefly-18": "briefly",
    "f621e98e-60cb-4cb5-ae34-4032e1759b6c-rock-11-reservoirs-12": "rock reservoirs",
    "f621e98e-60cb-4cb5-ae34-4032e1759b6c-basalts-15": "basalts",
    "f621e98e-60cb-4cb5-ae34-4032e1759b6c-igneous-10": "igneous",
    "f621e98e-60cb-4cb5-ae34-4032e1759b6c-storage-29-space-30": "storage space",
    "f621e98e-60cb-4cb5-ae34-4032e1759b6c-vesicules-32": "vesicules",
    "f621e98e-60cb-4cb5-ae34-4032e1759b6c-porosity-41": "porosity",
    "NE-PERCENT-10%": "10 %",
    "NE-PERCENT-15%": "15 %",
    "f621e98e-60cb-4cb5-ae34-4032e1759b6c-oilfield-4": "oilfield",
    "NE-TITLE-representative": "representative",
    "NE-PERSON-Badejo": "Badejo",
    "f621e98e-60cb-4cb5-ae34-4032e1759b6c-rock-73-reservoirs-74": "rock reservoirs",
    "f621e98e-60cb-4cb5-ae34-4032e1759b6c-hydrocarbon-84-accumulation-85": "hydrocarbon accumulation",
    "f621e98e-60cb-4cb5-ae34-4032e1759b6c-conditions-82": "conditions",
    "f621e98e-60cb-4cb5-ae34-4032e1759b6c-reservoir-44-intervals-45": "reservoir intervals",
    "f621e98e-60cb-4cb5-ae34-4032e1759b6c-concentrated-48": "concentrated",
    "f621e98e-60cb-4cb5-ae34-4032e1759b6c-better-43": "better",
    "f621e98e-60cb-4cb5-ae34-4032e1759b6c-it-87": "it",
    "NE-TITLE-layer": "layer",
    "f621e98e-60cb-4cb5-ae34-4032e1759b6c-new-91": "new",
    "f621e98e-60cb-4cb5-ae34-4032e1759b6c-igneous-9-rocks-10": "igneous rocks",
    "f621e98e-60cb-4cb5-ae34-4032e1759b6c-addition-2": "addition",
    "f621e98e-60cb-4cb5-ae34-4032e1759b6c-igneous-72": "igneous",
    "f621e98e-60cb-4cb5-ae34-4032e1759b6c-rocks-23": "rocks",
    "f621e98e-60cb-4cb5-ae34-4032e1759b6c-spaces-27": "spaces",
    "f621e98e-60cb-4cb5-ae34-4032e1759b6c-often-47": "often",
    "f621e98e-60cb-4cb5-ae34-4032e1759b6c-necessary-81": "necessary",
    "f621e98e-60cb-4cb5-ae34-4032e1759b6c-exploration-96": "exploration",
    "f621e98e-60cb-4cb5-ae34-4032e1759b6c-hydrocarbon-95": "hydrocarbon",
    "f621e98e-60cb-4cb5-ae34-4032e1759b6c-local-70": "local",
    "f621e98e-60cb-4cb5-ae34-4032e1759b6c-pre-salt-71": "pre-salt",
    "f621e98e-60cb-4cb5-ae34-4032e1759b6c-pores-32": "pores",
    "f621e98e-60cb-4cb5-ae34-4032e1759b6c-moldic-31": "moldic",
    "f621e98e-60cb-4cb5-ae34-4032e1759b6c-mainly-29": "mainly",
    "f621e98e-60cb-4cb5-ae34-4032e1759b6c-good-25": "good",
    "f621e98e-60cb-4cb5-ae34-4032e1759b6c-porosity-60": "porosity",
    "f621e98e-60cb-4cb5-ae34-4032e1759b6c-micro-26": "micro",
    "f621e98e-60cb-4cb5-ae34-4032e1759b6c-crystal-30": "crystal",
    "f621e98e-60cb-4cb5-ae34-4032e1759b6c-basin-13": "basin",
    "f621e98e-60cb-4cb5-ae34-4032e1759b6c-will-88-target-92": "will target",
    "NE-PERCENT-9%": "9 %"
  },
  "graph": [
    {
      "subject_id": "f621e98e-60cb-4cb5-ae34-4032e1759b6c-rocks-2",
      "relation": "are widely developed in",
      "object_id": "f621e98e-60cb-4cb5-ae34-4032e1759b6c-hydrocarbon-8-bearing-10-sedimentary-11-basins-12"
    },
    {
      "subject_id": "f621e98e-60cb-4cb5-ae34-4032e1759b6c-hydrocarbon-8-bearing-10-sedimentary-11-basins-12",
      "relation": "of",
      "object_id": "NE-COUNTRY-Brazil"
    },
    {
      "subject_id": "f621e98e-60cb-4cb5-ae34-4032e1759b6c-rocks-19",
      "relation": "play roles in",
      "object_id": "f621e98e-60cb-4cb5-ae34-4032e1759b6c-oil-25-accumulation-28-process-29"
    },
    {
      "subject_id": "f621e98e-60cb-4cb5-ae34-4032e1759b6c-rocks-19",
      "relation": "play",
      "object_id": "f621e98e-60cb-4cb5-ae34-4032e1759b6c-roles-22"
    },
    {
      "subject_id": "f621e98e-60cb-4cb5-ae34-4032e1759b6c-rocks-19",
      "relation": "is",
      "object_id": "f621e98e-60cb-4cb5-ae34-4032e1759b6c-igneous-18"
    },
    {
      "subject_id": "f621e98e-60cb-4cb5-ae34-4032e1759b6c-roles-22",
      "relation": "is",
      "object_id": "f621e98e-60cb-4cb5-ae34-4032e1759b6c-positive-21"
    },
    {
      "subject_id": "f621e98e-60cb-4cb5-ae34-4032e1759b6c-rocks-2",
      "relation": "are developed in",
      "object_id": "f621e98e-60cb-4cb5-ae34-4032e1759b6c-hydrocarbon-8-bearing-10-sedimentary-11-basins-12"
    },
    {
      "subject_id": "f621e98e-60cb-4cb5-ae34-4032e1759b6c-rocks-2",
      "relation": "is",
      "object_id": "f621e98e-60cb-4cb5-ae34-4032e1759b6c-Igneous-1"
    },
    {
      "subject_id": "f621e98e-60cb-4cb5-ae34-4032e1759b6c-hydrocarbon-8-bearing-10-sedimentary-11-basins-12",
      "relation": "is",
      "object_id": "f621e98e-60cb-4cb5-ae34-4032e1759b6c-many-7-bearing-10-sedimentary-11-basins-12"
    },
    {
      "subject_id": "f621e98e-60cb-4cb5-ae34-4032e1759b6c-many-7-bearing-10-sedimentary-11-basins-12",
      "relation": "is in",
      "object_id": "NE-COUNTRY-Brazil"
    },
    {
      "subject_id": "f621e98e-60cb-4cb5-ae34-4032e1759b6c-cases-12",
      "relation": "are inaccurate in",
      "object_id": "f621e98e-60cb-4cb5-ae34-4032e1759b6c-literatures-6"
    },
    {
      "subject_id": "f621e98e-60cb-4cb5-ae34-4032e1759b6c-cases-12",
      "relation": "are",
      "object_id": "f621e98e-60cb-4cb5-ae34-4032e1759b6c-inaccurate-19"
    },
    {
      "subject_id": "f621e98e-60cb-4cb5-ae34-4032e1759b6c-literatures-6",
      "relation": "is",
      "object_id": "f621e98e-60cb-4cb5-ae34-4032e1759b6c-published-7"
    },
    {
      "subject_id": "f621e98e-60cb-4cb5-ae34-4032e1759b6c-igneous-14-reservoirs-15",
      "relation": "is in",
      "object_id": "NE-COUNTRY-Brazil"
    },
    {
      "subject_id": "f621e98e-60cb-4cb5-ae34-4032e1759b6c-literatures-6",
      "relation": "at",
      "object_id": "f621e98e-60cb-4cb5-ae34-4032e1759b6c-researchers-10"
    },
    {
      "subject_id": "f621e98e-60cb-4cb5-ae34-4032e1759b6c-cases-12",
      "relation": "are inaccurate At",
      "object_id": "NE-DATE-present"
    },
    {
      "subject_id": "NE-ORGANIZATION-Barra-Bonita-gasfield",
      "relation": "be",
      "object_id": "f621e98e-60cb-4cb5-ae34-4032e1759b6c-rocks-33"
    },
    {
      "subject_id": "f621e98e-60cb-4cb5-ae34-4032e1759b6c-rocks-33",
      "relation": "is",
      "object_id": "f621e98e-60cb-4cb5-ae34-4032e1759b6c-volcanic-32"
    },
    {
      "subject_id": "f621e98e-60cb-4cb5-ae34-4032e1759b6c-igneous-46-rocks-47",
      "relation": "is in",
      "object_id": "f621e98e-60cb-4cb5-ae34-4032e1759b6c-three-50-oil-51-field-54"
    },
    {
      "subject_id": "NE-LOCATION-Cuia",
      "relation": "is",
      "object_id": "NE-CITY-Igarape"
    },
    {
      "subject_id": "f621e98e-60cb-4cb5-ae34-4032e1759b6c-lithology-2",
      "relation": "is in",
      "object_id": "f621e98e-60cb-4cb5-ae34-4032e1759b6c-oil-9-field-12"
    },
    {
      "subject_id": "f621e98e-60cb-4cb5-ae34-4032e1759b6c-oil-9-field-12",
      "relation": "of",
      "object_id": "NE-LOCATION-Cuia"
    },
    {
      "subject_id": "f621e98e-60cb-4cb5-ae34-4032e1759b6c-oil-9-field-12",
      "relation": "of",
      "object_id": "NE-CITY-Igarape"
    },
    {
      "subject_id": "f621e98e-60cb-4cb5-ae34-4032e1759b6c-rock-4-reservoirs-5",
      "relation": "is in",
      "object_id": "f621e98e-60cb-4cb5-ae34-4032e1759b6c-offshore-16"
    },
    {
      "subject_id": "f621e98e-60cb-4cb5-ae34-4032e1759b6c-rock-4-reservoirs-5",
      "relation": "is",
      "object_id": "f621e98e-60cb-4cb5-ae34-4032e1759b6c-igneous-3"
    },
    {
      "subject_id": "f621e98e-60cb-4cb5-ae34-4032e1759b6c-offshore-16",
      "relation": "is",
      "object_id": "NE-NATIONALITY-Brazilian"
    },
    {
      "subject_id": "NE-LOCATION-Basin",
      "relation": "is",
      "object_id": "NE-CITY-Santos"
    },
    {
      "subject_id": "f621e98e-60cb-4cb5-ae34-4032e1759b6c-rock-4-reservoirs-5",
      "relation": "are",
      "object_id": "f621e98e-60cb-4cb5-ae34-4032e1759b6c-analyzed-19"
    },
    {
      "subject_id": "f621e98e-60cb-4cb5-ae34-4032e1759b6c-analyzed-19",
      "relation": "at",
      "object_id": "f621e98e-60cb-4cb5-ae34-4032e1759b6c-Furthermore-1"
    },
    {
      "subject_id": "f621e98e-60cb-4cb5-ae34-4032e1759b6c-rock-4-reservoirs-5",
      "relation": "is in",
      "object_id": "NE-LOCATION-Basin"
    },
    {
      "subject_id": "NE-LOCATION-Basin",
      "relation": "is in",
      "object_id": "NE-CITY-Campos"
    },
    {
      "subject_id": "f621e98e-60cb-4cb5-ae34-4032e1759b6c-analyzed-19",
      "relation": "at",
      "object_id": "f621e98e-60cb-4cb5-ae34-4032e1759b6c-briefly-18"
    },
    {
      "subject_id": "f621e98e-60cb-4cb5-ae34-4032e1759b6c-rock-11-reservoirs-12",
      "relation": "dominated by",
      "object_id": "f621e98e-60cb-4cb5-ae34-4032e1759b6c-basalts-15"
    },
    {
      "subject_id": "f621e98e-60cb-4cb5-ae34-4032e1759b6c-rock-11-reservoirs-12",
      "relation": "is",
      "object_id": "f621e98e-60cb-4cb5-ae34-4032e1759b6c-igneous-10"
    },
    {
      "subject_id": "f621e98e-60cb-4cb5-ae34-4032e1759b6c-storage-29-space-30",
      "relation": "are",
      "object_id": "f621e98e-60cb-4cb5-ae34-4032e1759b6c-vesicules-32"
    },
    {
      "subject_id": "f621e98e-60cb-4cb5-ae34-4032e1759b6c-porosity-41",
      "relation": "ranges from",
      "object_id": "NE-PERCENT-10%"
    },
    {
      "subject_id": "NE-PERCENT-10%",
      "relation": "at",
      "object_id": "NE-PERCENT-15%"
    },
    {
      "subject_id": "f621e98e-60cb-4cb5-ae34-4032e1759b6c-oilfield-4",
      "relation": "is in",
      "object_id": "NE-LOCATION-Basin"
    },
    {
      "subject_id": "f621e98e-60cb-4cb5-ae34-4032e1759b6c-oilfield-4",
      "relation": "is",
      "object_id": "NE-TITLE-representative"
    },
    {
      "subject_id": "f621e98e-60cb-4cb5-ae34-4032e1759b6c-oilfield-4",
      "relation": "of",
      "object_id": "NE-PERSON-Badejo"
    },
    {
      "subject_id": "f621e98e-60cb-4cb5-ae34-4032e1759b6c-rock-73-reservoirs-74",
      "relation": "have",
      "object_id": "f621e98e-60cb-4cb5-ae34-4032e1759b6c-hydrocarbon-84-accumulation-85"
    },
    {
      "subject_id": "f621e98e-60cb-4cb5-ae34-4032e1759b6c-hydrocarbon-84-accumulation-85",
      "relation": "is",
      "object_id": "f621e98e-60cb-4cb5-ae34-4032e1759b6c-conditions-82"
    },
    {
      "subject_id": "f621e98e-60cb-4cb5-ae34-4032e1759b6c-reservoir-44-intervals-45",
      "relation": "are",
      "object_id": "f621e98e-60cb-4cb5-ae34-4032e1759b6c-concentrated-48"
    },
    {
      "subject_id": "f621e98e-60cb-4cb5-ae34-4032e1759b6c-reservoir-44-intervals-45",
      "relation": "is",
      "object_id": "f621e98e-60cb-4cb5-ae34-4032e1759b6c-better-43"
    },
    {
      "subject_id": "f621e98e-60cb-4cb5-ae34-4032e1759b6c-it-87",
      "relation": "will",
      "object_id": "NE-TITLE-layer"
    },
    {
      "subject_id": "NE-TITLE-layer",
      "relation": "is",
      "object_id": "f621e98e-60cb-4cb5-ae34-4032e1759b6c-new-91"
    },
    {
      "subject_id": "f621e98e-60cb-4cb5-ae34-4032e1759b6c-igneous-9-rocks-10",
      "relation": "is In",
      "object_id": "f621e98e-60cb-4cb5-ae34-4032e1759b6c-addition-2"
    },
    {
      "subject_id": "f621e98e-60cb-4cb5-ae34-4032e1759b6c-rock-73-reservoirs-74",
      "relation": "is",
      "object_id": "f621e98e-60cb-4cb5-ae34-4032e1759b6c-igneous-72"
    },
    {
      "subject_id": "f621e98e-60cb-4cb5-ae34-4032e1759b6c-rocks-23",
      "relation": "develop",
      "object_id": "f621e98e-60cb-4cb5-ae34-4032e1759b6c-spaces-27"
    },
    {
      "subject_id": "f621e98e-60cb-4cb5-ae34-4032e1759b6c-concentrated-48",
      "relation": "at",
      "object_id": "f621e98e-60cb-4cb5-ae34-4032e1759b6c-often-47"
    },
    {
      "subject_id": "f621e98e-60cb-4cb5-ae34-4032e1759b6c-rock-73-reservoirs-74",
      "relation": "have",
      "object_id": "f621e98e-60cb-4cb5-ae34-4032e1759b6c-conditions-82"
    },
    {
      "subject_id": "f621e98e-60cb-4cb5-ae34-4032e1759b6c-conditions-82",
      "relation": "is",
      "object_id": "f621e98e-60cb-4cb5-ae34-4032e1759b6c-necessary-81"
    },
    {
      "subject_id": "f621e98e-60cb-4cb5-ae34-4032e1759b6c-rock-73-reservoirs-74",
      "relation": "necessary conditions for",
      "object_id": "f621e98e-60cb-4cb5-ae34-4032e1759b6c-hydrocarbon-84-accumulation-85"
    },
    {
      "subject_id": "NE-TITLE-layer",
      "relation": "of",
      "object_id": "f621e98e-60cb-4cb5-ae34-4032e1759b6c-exploration-96"
    },
    {
      "subject_id": "NE-TITLE-layer",
      "relation": "case",
      "object_id": "f621e98e-60cb-4cb5-ae34-4032e1759b6c-hydrocarbon-95"
    },
    {
      "subject_id": "f621e98e-60cb-4cb5-ae34-4032e1759b6c-rock-73-reservoirs-74",
      "relation": "conditions for",
      "object_id": "f621e98e-60cb-4cb5-ae34-4032e1759b6c-hydrocarbon-84-accumulation-85"
    },
    {
      "subject_id": "f621e98e-60cb-4cb5-ae34-4032e1759b6c-it-87",
      "relation": "be new",
      "object_id": "f621e98e-60cb-4cb5-ae34-4032e1759b6c-exploration-96"
    },
    {
      "subject_id": "f621e98e-60cb-4cb5-ae34-4032e1759b6c-rock-73-reservoirs-74",
      "relation": "is",
      "object_id": "f621e98e-60cb-4cb5-ae34-4032e1759b6c-local-70"
    },
    {
      "subject_id": "f621e98e-60cb-4cb5-ae34-4032e1759b6c-rock-73-reservoirs-74",
      "relation": "is",
      "object_id": "f621e98e-60cb-4cb5-ae34-4032e1759b6c-pre-salt-71"
    },
    {
      "subject_id": "f621e98e-60cb-4cb5-ae34-4032e1759b6c-rocks-23",
      "relation": "develop",
      "object_id": "f621e98e-60cb-4cb5-ae34-4032e1759b6c-pores-32"
    },
    {
      "subject_id": "f621e98e-60cb-4cb5-ae34-4032e1759b6c-pores-32",
      "relation": "is",
      "object_id": "f621e98e-60cb-4cb5-ae34-4032e1759b6c-moldic-31"
    },
    {
      "subject_id": "f621e98e-60cb-4cb5-ae34-4032e1759b6c-pores-32",
      "relation": "at",
      "object_id": "f621e98e-60cb-4cb5-ae34-4032e1759b6c-mainly-29"
    },
    {
      "subject_id": "NE-LOCATION-Basin",
      "relation": "is for",
      "object_id": "NE-CITY-Santos"
    },
    {
      "subject_id": "f621e98e-60cb-4cb5-ae34-4032e1759b6c-spaces-27",
      "relation": "is",
      "object_id": "f621e98e-60cb-4cb5-ae34-4032e1759b6c-good-25"
    },
    {
      "subject_id": "f621e98e-60cb-4cb5-ae34-4032e1759b6c-rocks-23",
      "relation": "have",
      "object_id": "f621e98e-60cb-4cb5-ae34-4032e1759b6c-porosity-60"
    },
    {
      "subject_id": "NE-LOCATION-Basin",
      "relation": "is in",
      "object_id": "NE-CITY-Santos"
    },
    {
      "subject_id": "f621e98e-60cb-4cb5-ae34-4032e1759b6c-spaces-27",
      "relation": "is",
      "object_id": "f621e98e-60cb-4cb5-ae34-4032e1759b6c-micro-26"
    },
    {
      "subject_id": "f621e98e-60cb-4cb5-ae34-4032e1759b6c-rock-73-reservoirs-74",
      "relation": "is in",
      "object_id": "NE-LOCATION-Basin"
    },
    {
      "subject_id": "f621e98e-60cb-4cb5-ae34-4032e1759b6c-pores-32",
      "relation": "is",
      "object_id": "f621e98e-60cb-4cb5-ae34-4032e1759b6c-crystal-30"
    },
    {
      "subject_id": "f621e98e-60cb-4cb5-ae34-4032e1759b6c-igneous-9-rocks-10",
      "relation": "is in",
      "object_id": "f621e98e-60cb-4cb5-ae34-4032e1759b6c-basin-13"
    },
    {
      "subject_id": "NE-TITLE-layer",
      "relation": "aux",
      "object_id": "f621e98e-60cb-4cb5-ae34-4032e1759b6c-will-88-target-92"
    },
    {
      "subject_id": "f621e98e-60cb-4cb5-ae34-4032e1759b6c-porosity-60",
      "relation": "of",
      "object_id": "NE-PERCENT-9%"
    }
  ],
  "links": {
    "f621e98e-60cb-4cb5-ae34-4032e1759b6c-rocks-2": [],
    "f621e98e-60cb-4cb5-ae34-4032e1759b6c-hydrocarbon-8-bearing-10-sedimentary-11-basins-12": [],
    "NE-COUNTRY-Brazil": [],
    "f621e98e-60cb-4cb5-ae34-4032e1759b6c-rocks-19": [],
    "f621e98e-60cb-4cb5-ae34-4032e1759b6c-oil-25-accumulation-28-process-29": [],
    "f621e98e-60cb-4cb5-ae34-4032e1759b6c-roles-22": [],
    "f621e98e-60cb-4cb5-ae34-4032e1759b6c-igneous-18": [
      "f621e98e-60cb-4cb5-ae34-4032e1759b6c-Igneous-1",
      "f621e98e-60cb-4cb5-ae34-4032e1759b6c-igneous-3",
      "f621e98e-60cb-4cb5-ae34-4032e1759b6c-igneous-10",
      "f621e98e-60cb-4cb5-ae34-4032e1759b6c-igneous-72"
    ],
    "f621e98e-60cb-4cb5-ae34-4032e1759b6c-positive-21": [],
    "f621e98e-60cb-4cb5-ae34-4032e1759b6c-Igneous-1": [
      "f621e98e-60cb-4cb5-ae34-4032e1759b6c-igneous-18",
      "f621e98e-60cb-4cb5-ae34-4032e1759b6c-igneous-3",
      "f621e98e-60cb-4cb5-ae34-4032e1759b6c-igneous-10",
      "f621e98e-60cb-4cb5-ae34-4032e1759b6c-igneous-72"
    ],
    "f621e98e-60cb-4cb5-ae34-4032e1759b6c-many-7-bearing-10-sedimentary-11-basins-12": [],
    "f621e98e-60cb-4cb5-ae34-4032e1759b6c-cases-12": [],
    "f621e98e-60cb-4cb5-ae34-4032e1759b6c-literatures-6": [],
    "f621e98e-60cb-4cb5-ae34-4032e1759b6c-inaccurate-19": [],
    "f621e98e-60cb-4cb5-ae34-4032e1759b6c-published-7": [],
    "f621e98e-60cb-4cb5-ae34-4032e1759b6c-igneous-14-reservoirs-15": [
      "f621e98e-60cb-4cb5-ae34-4032e1759b6c-igneous-46-rocks-47",
      "f621e98e-60cb-4cb5-ae34-4032e1759b6c-igneous-9-rocks-10"
    ],
    "f621e98e-60cb-4cb5-ae34-4032e1759b6c-researchers-10": [],
    "NE-DATE-present": [],
    "NE-ORGANIZATION-Barra-Bonita-gasfield": [],
    "f621e98e-60cb-4cb5-ae34-4032e1759b6c-rocks-33": [],
    "f621e98e-60cb-4cb5-ae34-4032e1759b6c-volcanic-32": [],
    "f621e98e-60cb-4cb5-ae34-4032e1759b6c-igneous-46-rocks-47": [
      "f621e98e-60cb-4cb5-ae34-4032e1759b6c-igneous-14-reservoirs-15",
      "f621e98e-60cb-4cb5-ae34-4032e1759b6c-igneous-9-rocks-10"
    ],
    "f621e98e-60cb-4cb5-ae34-4032e1759b6c-three-50-oil-51-field-54": [],
    "NE-LOCATION-Cuia": [],
    "NE-CITY-Igarape": [],
    "f621e98e-60cb-4cb5-ae34-4032e1759b6c-lithology-2": [],
    "f621e98e-60cb-4cb5-ae34-4032e1759b6c-oil-9-field-12": [],
    "f621e98e-60cb-4cb5-ae34-4032e1759b6c-rock-4-reservoirs-5": [
      "f621e98e-60cb-4cb5-ae34-4032e1759b6c-rock-11-reservoirs-12",
      "f621e98e-60cb-4cb5-ae34-4032e1759b6c-rock-73-reservoirs-74"
    ],
    "f621e98e-60cb-4cb5-ae34-4032e1759b6c-offshore-16": [],
    "f621e98e-60cb-4cb5-ae34-4032e1759b6c-igneous-3": [
      "f621e98e-60cb-4cb5-ae34-4032e1759b6c-igneous-18",
      "f621e98e-60cb-4cb5-ae34-4032e1759b6c-Igneous-1",
      "f621e98e-60cb-4cb5-ae34-4032e1759b6c-igneous-10",
      "f621e98e-60cb-4cb5-ae34-4032e1759b6c-igneous-72"
    ],
    "NE-NATIONALITY-Brazilian": [],
    "NE-LOCATION-Basin": [],
    "NE-CITY-Santos": [],
    "f621e98e-60cb-4cb5-ae34-4032e1759b6c-analyzed-19": [],
    "f621e98e-60cb-4cb5-ae34-4032e1759b6c-Furthermore-1": [],
    "NE-CITY-Campos": [],
    "f621e98e-60cb-4cb5-ae34-4032e1759b6c-briefly-18": [],
    "f621e98e-60cb-4cb5-ae34-4032e1759b6c-rock-11-reservoirs-12": [
      "f621e98e-60cb-4cb5-ae34-4032e1759b6c-rock-4-reservoirs-5",
      "f621e98e-60cb-4cb5-ae34-4032e1759b6c-rock-73-reservoirs-74"
    ],
    "f621e98e-60cb-4cb5-ae34-4032e1759b6c-basalts-15": [],
    "f621e98e-60cb-4cb5-ae34-4032e1759b6c-igneous-10": [
      "f621e98e-60cb-4cb5-ae34-4032e1759b6c-igneous-18",
      "f621e98e-60cb-4cb5-ae34-4032e1759b6c-Igneous-1",
      "f621e98e-60cb-4cb5-ae34-4032e1759b6c-igneous-3",
      "f621e98e-60cb-4cb5-ae34-4032e1759b6c-igneous-72"
    ],
    "f621e98e-60cb-4cb5-ae34-4032e1759b6c-storage-29-space-30": [],
    "f621e98e-60cb-4cb5-ae34-4032e1759b6c-vesicules-32": [],
    "f621e98e-60cb-4cb5-ae34-4032e1759b6c-porosity-41": [],
    "NE-PERCENT-10%": [],
    "NE-PERCENT-15%": [],
    "f621e98e-60cb-4cb5-ae34-4032e1759b6c-oilfield-4": [],
    "NE-TITLE-representative": [],
    "NE-PERSON-Badejo": [],
    "f621e98e-60cb-4cb5-ae34-4032e1759b6c-rock-73-reservoirs-74": [
      "f621e98e-60cb-4cb5-ae34-4032e1759b6c-rock-4-reservoirs-5",
      "f621e98e-60cb-4cb5-ae34-4032e1759b6c-rock-11-reservoirs-12"
    ],
    "f621e98e-60cb-4cb5-ae34-4032e1759b6c-hydrocarbon-84-accumulation-85": [],
    "f621e98e-60cb-4cb5-ae34-4032e1759b6c-conditions-82": [],
    "f621e98e-60cb-4cb5-ae34-4032e1759b6c-reservoir-44-intervals-45": [],
    "f621e98e-60cb-4cb5-ae34-4032e1759b6c-concentrated-48": [],
    "f621e98e-60cb-4cb5-ae34-4032e1759b6c-better-43": [],
    "f621e98e-60cb-4cb5-ae34-4032e1759b6c-it-87": [],
    "NE-TITLE-layer": [],
    "f621e98e-60cb-4cb5-ae34-4032e1759b6c-new-91": [],
    "f621e98e-60cb-4cb5-ae34-4032e1759b6c-igneous-9-rocks-10": [
      "f621e98e-60cb-4cb5-ae34-4032e1759b6c-igneous-14-reservoirs-15",
      "f621e98e-60cb-4cb5-ae34-4032e1759b6c-igneous-46-rocks-47"
    ],
    "f621e98e-60cb-4cb5-ae34-4032e1759b6c-addition-2": [],
    "f621e98e-60cb-4cb5-ae34-4032e1759b6c-igneous-72": [
      "f621e98e-60cb-4cb5-ae34-4032e1759b6c-igneous-18",
      "f621e98e-60cb-4cb5-ae34-4032e1759b6c-Igneous-1",
      "f621e98e-60cb-4cb5-ae34-4032e1759b6c-igneous-3",
      "f621e98e-60cb-4cb5-ae34-4032e1759b6c-igneous-10"
    ],
    "f621e98e-60cb-4cb5-ae34-4032e1759b6c-rocks-23": [],
    "f621e98e-60cb-4cb5-ae34-4032e1759b6c-spaces-27": [],
    "f621e98e-60cb-4cb5-ae34-4032e1759b6c-often-47": [],
    "f621e98e-60cb-4cb5-ae34-4032e1759b6c-necessary-81": [],
    "f621e98e-60cb-4cb5-ae34-4032e1759b6c-exploration-96": [],
    "f621e98e-60cb-4cb5-ae34-4032e1759b6c-hydrocarbon-95": [],
    "f621e98e-60cb-4cb5-ae34-4032e1759b6c-local-70": [],
    "f621e98e-60cb-4cb5-ae34-4032e1759b6c-pre-salt-71": [],
    "f621e98e-60cb-4cb5-ae34-4032e1759b6c-pores-32": [],
    "f621e98e-60cb-4cb5-ae34-4032e1759b6c-moldic-31": [],
    "f621e98e-60cb-4cb5-ae34-4032e1759b6c-mainly-29": [],
    "f621e98e-60cb-4cb5-ae34-4032e1759b6c-good-25": [],
    "f621e98e-60cb-4cb5-ae34-4032e1759b6c-porosity-60": [],
    "f621e98e-60cb-4cb5-ae34-4032e1759b6c-micro-26": [],
    "f621e98e-60cb-4cb5-ae34-4032e1759b6c-crystal-30": [],
    "f621e98e-60cb-4cb5-ae34-4032e1759b6c-basin-13": [],
    "f621e98e-60cb-4cb5-ae34-4032e1759b6c-will-88-target-92": [],
    "NE-PERCENT-9%": []
  }
}