{
  "document": "D:/Projetos/PIRA_KG/documents/onu_85085776540.txt",
  "entities": {
    "544389f0-af01-489c-a71e-5e23542d32c5-lift-4": "lift",
    "544389f0-af01-489c-a71e-5e23542d32c5-artificial-10-lift-11-method-12": "artificial lift method",
    "544389f0-af01-489c-a71e-5e23542d32c5-gas-2": "gas",
    "544389f0-af01-489c-a71e-5e23542d32c5-instance-15": "instance",
    "544389f0-af01-489c-a71e-5e23542d32c5-still-6": "still",
    "544389f0-af01-489c-a71e-5e23542d32c5-expressive-9": "expressive",
    "544389f0-af01-489c-a71e-5e23542d32c5-very-8": "very",
    "544389f0-af01-489c-a71e-5e23542d32c5-gas-24": "gas",
    "544389f0-af01-489c-a71e-5e23542d32c5-wells-26": "wells",
    "544389f0-af01-489c-a71e-5e23542d32c5-Nowadays-1": "Nowadays",
    "544389f0-af01-489c-a71e-5e23542d32c5-injection-7-efficiency-8": "injection efficiency",
    "544389f0-af01-489c-a71e-5e23542d32c5-importance-4-should-9-ensured-11": "importance should ensured",
    "544389f0-af01-489c-a71e-5e23542d32c5-huge-3": "huge",
    "544389f0-af01-489c-a71e-5e23542d32c5-lid-14-gas-15-losses-16": "lid gas losses",
    "544389f0-af01-489c-a71e-5e23542d32c5-production-20": "production",
    "544389f0-af01-489c-a71e-5e23542d32c5-lift-19-rates-20": "lift rates",
    "544389f0-af01-489c-a71e-5e23542d32c5-reservoir-24-recovery-25": "reservoir recovery",
    "544389f0-af01-489c-a71e-5e23542d32c5-objective-7": "objective",
    "544389f0-af01-489c-a71e-5e23542d32c5-Optimization-13-workflow-14": "Optimization workflow",
    "544389f0-af01-489c-a71e-5e23542d32c5-Lift-12": "Lift",
    "544389f0-af01-489c-a71e-5e23542d32c5-optimum-18": "optimum",
    "544389f0-af01-489c-a71e-5e23542d32c5-gas-28-usability-29": "gas usability",
    "544389f0-af01-489c-a71e-5e23542d32c5-workflow-2": "workflow",
    "544389f0-af01-489c-a71e-5e23542d32c5-reservoir-5-simulators-9": "reservoir simulators",
    "544389f0-af01-489c-a71e-5e23542d32c5-increase-15": "increase",
    "544389f0-af01-489c-a71e-5e23542d32c5-huge-24-gas-25-lift-27-reduction-28-of-29-around-30": "huge gas lift reduction of around",
    "NE-PERCENT-40%": "40 %",
    "544389f0-af01-489c-a71e-5e23542d32c5-gas-8-lift-9-rate-10": "gas lift rate",
    "544389f0-af01-489c-a71e-5e23542d32c5-dependent-29": "dependent",
    "544389f0-af01-489c-a71e-5e23542d32c5-injected-7": "injected",
    "544389f0-af01-489c-a71e-5e23542d32c5-oil-17-production-18": "oil production",
    "544389f0-af01-489c-a71e-5e23542d32c5-cumulative-16": "cumulative",
    "544389f0-af01-489c-a71e-5e23542d32c5-application-22": "application",
    "544389f0-af01-489c-a71e-5e23542d32c5-oil-24-fields-25": "oil fields",
    "544389f0-af01-489c-a71e-5e23542d32c5-methodology-2": "methodology",
    "544389f0-af01-489c-a71e-5e23542d32c5-artificial-31-lift-32-methods-33": "artificial lift methods",
    "544389f0-af01-489c-a71e-5e23542d32c5-increase-13": "increase",
    "544389f0-af01-489c-a71e-5e23542d32c5-highly-28": "highly",
    "544389f0-af01-489c-a71e-5e23542d32c5-consequently-12": "consequently",
    "544389f0-af01-489c-a71e-5e23542d32c5-adequate-20": "adequate",
    "544389f0-af01-489c-a71e-5e23542d32c5-exploration-3-projects-6": "exploration projects",
    "544389f0-af01-489c-a71e-5e23542d32c5-can-7-healthier-10": "can healthier",
    "544389f0-af01-489c-a71e-5e23542d32c5-financial-9": "financial",
    "544389f0-af01-489c-a71e-5e23542d32c5-Therefore-1": "Therefore"
  },
  "graph": [
    {
      "subject_id": "544389f0-af01-489c-a71e-5e23542d32c5-lift-4",
      "relation": "is",
      "object_id": "544389f0-af01-489c-a71e-5e23542d32c5-artificial-10-lift-11-method-12"
    },
    {
      "subject_id": "544389f0-af01-489c-a71e-5e23542d32c5-lift-4",
      "relation": "of",
      "object_id": "544389f0-af01-489c-a71e-5e23542d32c5-gas-2"
    },
    {
      "subject_id": "544389f0-af01-489c-a71e-5e23542d32c5-artificial-10-lift-11-method-12",
      "relation": "at",
      "object_id": "544389f0-af01-489c-a71e-5e23542d32c5-instance-15"
    },
    {
      "subject_id": "544389f0-af01-489c-a71e-5e23542d32c5-artificial-10-lift-11-method-12",
      "relation": "at",
      "object_id": "544389f0-af01-489c-a71e-5e23542d32c5-still-6"
    },
    {
      "subject_id": "544389f0-af01-489c-a71e-5e23542d32c5-lift-4",
      "relation": "is",
      "object_id": "544389f0-af01-489c-a71e-5e23542d32c5-expressive-9"
    },
    {
      "subject_id": "544389f0-af01-489c-a71e-5e23542d32c5-artificial-10-lift-11-method-12",
      "relation": "is",
      "object_id": "544389f0-af01-489c-a71e-5e23542d32c5-expressive-9"
    },
    {
      "subject_id": "544389f0-af01-489c-a71e-5e23542d32c5-artificial-10-lift-11-method-12",
      "relation": "at",
      "object_id": "544389f0-af01-489c-a71e-5e23542d32c5-very-8"
    },
    {
      "subject_id": "544389f0-af01-489c-a71e-5e23542d32c5-gas-24",
      "relation": "lifted",
      "object_id": "544389f0-af01-489c-a71e-5e23542d32c5-wells-26"
    },
    {
      "subject_id": "544389f0-af01-489c-a71e-5e23542d32c5-artificial-10-lift-11-method-12",
      "relation": "at",
      "object_id": "544389f0-af01-489c-a71e-5e23542d32c5-Nowadays-1"
    },
    {
      "subject_id": "544389f0-af01-489c-a71e-5e23542d32c5-injection-7-efficiency-8",
      "relation": "should",
      "object_id": "544389f0-af01-489c-a71e-5e23542d32c5-importance-4-should-9-ensured-11"
    },
    {
      "subject_id": "544389f0-af01-489c-a71e-5e23542d32c5-importance-4-should-9-ensured-11",
      "relation": "is",
      "object_id": "544389f0-af01-489c-a71e-5e23542d32c5-huge-3"
    },
    {
      "subject_id": "544389f0-af01-489c-a71e-5e23542d32c5-injection-7-efficiency-8",
      "relation": "avoid",
      "object_id": "544389f0-af01-489c-a71e-5e23542d32c5-lid-14-gas-15-losses-16"
    },
    {
      "subject_id": "544389f0-af01-489c-a71e-5e23542d32c5-lid-14-gas-15-losses-16",
      "relation": "maximize",
      "object_id": "544389f0-af01-489c-a71e-5e23542d32c5-production-20"
    },
    {
      "subject_id": "544389f0-af01-489c-a71e-5e23542d32c5-lift-19-rates-20",
      "relation": "increase",
      "object_id": "544389f0-af01-489c-a71e-5e23542d32c5-reservoir-24-recovery-25"
    },
    {
      "subject_id": "544389f0-af01-489c-a71e-5e23542d32c5-objective-7",
      "relation": "define",
      "object_id": "544389f0-af01-489c-a71e-5e23542d32c5-lift-19-rates-20"
    },
    {
      "subject_id": "544389f0-af01-489c-a71e-5e23542d32c5-objective-7",
      "relation": "develop",
      "object_id": "544389f0-af01-489c-a71e-5e23542d32c5-Optimization-13-workflow-14"
    },
    {
      "subject_id": "544389f0-af01-489c-a71e-5e23542d32c5-Optimization-13-workflow-14",
      "relation": "is",
      "object_id": "544389f0-af01-489c-a71e-5e23542d32c5-Lift-12"
    },
    {
      "subject_id": "544389f0-af01-489c-a71e-5e23542d32c5-lift-19-rates-20",
      "relation": "is",
      "object_id": "544389f0-af01-489c-a71e-5e23542d32c5-optimum-18"
    },
    {
      "subject_id": "544389f0-af01-489c-a71e-5e23542d32c5-reservoir-24-recovery-25",
      "relation": "improve",
      "object_id": "544389f0-af01-489c-a71e-5e23542d32c5-gas-28-usability-29"
    },
    {
      "subject_id": "544389f0-af01-489c-a71e-5e23542d32c5-workflow-2",
      "relation": "comprises",
      "object_id": "544389f0-af01-489c-a71e-5e23542d32c5-reservoir-5-simulators-9"
    },
    {
      "subject_id": "544389f0-af01-489c-a71e-5e23542d32c5-increase-15",
      "relation": "is with",
      "object_id": "544389f0-af01-489c-a71e-5e23542d32c5-huge-24-gas-25-lift-27-reduction-28-of-29-around-30"
    },
    {
      "subject_id": "544389f0-af01-489c-a71e-5e23542d32c5-huge-24-gas-25-lift-27-reduction-28-of-29-around-30",
      "relation": "of",
      "object_id": "NE-PERCENT-40%"
    },
    {
      "subject_id": "544389f0-af01-489c-a71e-5e23542d32c5-gas-8-lift-9-rate-10",
      "relation": "proved",
      "object_id": "544389f0-af01-489c-a71e-5e23542d32c5-dependent-29"
    },
    {
      "subject_id": "544389f0-af01-489c-a71e-5e23542d32c5-gas-8-lift-9-rate-10",
      "relation": "is",
      "object_id": "544389f0-af01-489c-a71e-5e23542d32c5-injected-7"
    },
    {
      "subject_id": "544389f0-af01-489c-a71e-5e23542d32c5-gas-8-lift-9-rate-10",
      "relation": "maintain",
      "object_id": "544389f0-af01-489c-a71e-5e23542d32c5-oil-17-production-18"
    },
    {
      "subject_id": "544389f0-af01-489c-a71e-5e23542d32c5-oil-17-production-18",
      "relation": "is",
      "object_id": "544389f0-af01-489c-a71e-5e23542d32c5-cumulative-16"
    },
    {
      "subject_id": "544389f0-af01-489c-a71e-5e23542d32c5-dependent-29",
      "relation": "at",
      "object_id": "544389f0-af01-489c-a71e-5e23542d32c5-application-22"
    },
    {
      "subject_id": "544389f0-af01-489c-a71e-5e23542d32c5-dependent-29",
      "relation": "of",
      "object_id": "544389f0-af01-489c-a71e-5e23542d32c5-oil-24-fields-25"
    },
    {
      "subject_id": "544389f0-af01-489c-a71e-5e23542d32c5-methodology-2",
      "relation": "optimize",
      "object_id": "544389f0-af01-489c-a71e-5e23542d32c5-gas-8-lift-9-rate-10"
    },
    {
      "subject_id": "544389f0-af01-489c-a71e-5e23542d32c5-dependent-29",
      "relation": "at",
      "object_id": "544389f0-af01-489c-a71e-5e23542d32c5-artificial-31-lift-32-methods-33"
    },
    {
      "subject_id": "544389f0-af01-489c-a71e-5e23542d32c5-gas-8-lift-9-rate-10",
      "relation": "maintain",
      "object_id": "544389f0-af01-489c-a71e-5e23542d32c5-increase-13"
    },
    {
      "subject_id": "544389f0-af01-489c-a71e-5e23542d32c5-dependent-29",
      "relation": "at",
      "object_id": "544389f0-af01-489c-a71e-5e23542d32c5-highly-28"
    },
    {
      "subject_id": "544389f0-af01-489c-a71e-5e23542d32c5-increase-13",
      "relation": "at",
      "object_id": "544389f0-af01-489c-a71e-5e23542d32c5-consequently-12"
    },
    {
      "subject_id": "544389f0-af01-489c-a71e-5e23542d32c5-dependent-29",
      "relation": "at",
      "object_id": "544389f0-af01-489c-a71e-5e23542d32c5-adequate-20"
    },
    {
      "subject_id": "544389f0-af01-489c-a71e-5e23542d32c5-application-22",
      "relation": "is in",
      "object_id": "544389f0-af01-489c-a71e-5e23542d32c5-oil-24-fields-25"
    },
    {
      "subject_id": "544389f0-af01-489c-a71e-5e23542d32c5-gas-8-lift-9-rate-10",
      "relation": "proved",
      "object_id": "544389f0-af01-489c-a71e-5e23542d32c5-increase-13"
    },
    {
      "subject_id": "544389f0-af01-489c-a71e-5e23542d32c5-exploration-3-projects-6",
      "relation": "can",
      "object_id": "544389f0-af01-489c-a71e-5e23542d32c5-can-7-healthier-10"
    },
    {
      "subject_id": "544389f0-af01-489c-a71e-5e23542d32c5-can-7-healthier-10",
      "relation": "is",
      "object_id": "544389f0-af01-489c-a71e-5e23542d32c5-financial-9"
    },
    {
      "subject_id": "544389f0-af01-489c-a71e-5e23542d32c5-can-7-healthier-10",
      "relation": "at",
      "object_id": "544389f0-af01-489c-a71e-5e23542d32c5-Therefore-1"
    }
  ],
  "links": {
    "544389f0-af01-489c-a71e-5e23542d32c5-lift-4": [],
    "544389f0-af01-489c-a71e-5e23542d32c5-artificial-10-lift-11-method-12": [],
    "544389f0-af01-489c-a71e-5e23542d32c5-gas-2": [],
    "544389f0-af01-489c-a71e-5e23542d32c5-instance-15": [],
    "544389f0-af01-489c-a71e-5e23542d32c5-still-6": [],
    "544389f0-af01-489c-a71e-5e23542d32c5-expressive-9": [],
    "544389f0-af01-489c-a71e-5e23542d32c5-very-8": [],
    "544389f0-af01-489c-a71e-5e23542d32c5-gas-24": [],
    "544389f0-af01-489c-a71e-5e23542d32c5-wells-26": [],
    "544389f0-af01-489c-a71e-5e23542d32c5-Nowadays-1": [],
    "544389f0-af01-489c-a71e-5e23542d32c5-injection-7-efficiency-8": [],
    "544389f0-af01-489c-a71e-5e23542d32c5-importance-4-should-9-ensured-11": [],
    "544389f0-af01-489c-a71e-5e23542d32c5-huge-3": [],
    "544389f0-af01-489c-a71e-5e23542d32c5-lid-14-gas-15-losses-16": [],
    "544389f0-af01-489c-a71e-5e23542d32c5-production-20": [],
    "544389f0-af01-489c-a71e-5e23542d32c5-lift-19-rates-20": [],
    "544389f0-af01-489c-a71e-5e23542d32c5-reservoir-24-recovery-25": [],
    "544389f0-af01-489c-a71e-5e23542d32c5-objective-7": [],
    "544389f0-af01-489c-a71e-5e23542d32c5-Optimization-13-workflow-14": [],
    "544389f0-af01-489c-a71e-5e23542d32c5-Lift-12": [],
    "544389f0-af01-489c-a71e-5e23542d32c5-optimum-18": [],
    "544389f0-af01-489c-a71e-5e23542d32c5-gas-28-usability-29": [],
    "544389f0-af01-489c-a71e-5e23542d32c5-workflow-2": [],
    "544389f0-af01-489c-a71e-5e23542d32c5-reservoir-5-simulators-9": [],
    "544389f0-af01-489c-a71e-5e23542d32c5-increase-15": [],
    "544389f0-af01-489c-a71e-5e23542d32c5-huge-24-gas-25-lift-27-reduction-28-of-29-around-30": [],
    "NE-PERCENT-40%": [],
    "544389f0-af01-489c-a71e-5e23542d32c5-gas-8-lift-9-rate-10": [],
    "544389f0-af01-489c-a71e-5e23542d32c5-dependent-29": [],
    "544389f0-af01-489c-a71e-5e23542d32c5-injected-7": [],
    "544389f0-af01-489c-a71e-5e23542d32c5-oil-17-production-18": [],
    "544389f0-af01-489c-a71e-5e23542d32c5-cumulative-16": [],
    "544389f0-af01-489c-a71e-5e23542d32c5-application-22": [],
    "544389f0-af01-489c-a71e-5e23542d32c5-oil-24-fields-25": [],
    "544389f0-af01-489c-a71e-5e23542d32c5-methodology-2": [],
    "544389f0-af01-489c-a71e-5e23542d32c5-artificial-31-lift-32-methods-33": [],
    "544389f0-af01-489c-a71e-5e23542d32c5-increase-13": [],
    "544389f0-af01-489c-a71e-5e23542d32c5-highly-28": [],
    "544389f0-af01-489c-a71e-5e23542d32c5-consequently-12": [],
    "544389f0-af01-489c-a71e-5e23542d32c5-adequate-20": [],
    "544389f0-af01-489c-a71e-5e23542d32c5-exploration-3-projects-6": [],
    "544389f0-af01-489c-a71e-5e23542d32c5-can-7-healthier-10": [],
    "544389f0-af01-489c-a71e-5e23542d32c5-financial-9": [],
    "544389f0-af01-489c-a71e-5e23542d32c5-Therefore-1": []
  }
}