{
  "document": "D:/Projetos/PIRA_KG/documents/onu_85035340277.txt",
  "entities": {
    "fadde164-41d0-44e5-aec4-1fa2a5359b66-embayment-14": "embayment",
    "fadde164-41d0-44e5-aec4-1fa2a5359b66-megacity-18": "megacity",
    "NE-CITY-Rio-de-Janeiro": "Rio de Janeiro",
    "fadde164-41d0-44e5-aec4-1fa2a5359b66-eutrophic-11": "eutrophic",
    "fadde164-41d0-44e5-aec4-1fa2a5359b66-We-1": "We",
    "fadde164-41d0-44e5-aec4-1fa2a5359b66-carbon-4-dynamics-5": "carbon dynamics",
    "NE-CITY-Bay": "Bay",
    "NE-LOCATION-Guanabara": "Guanabara",
    "fadde164-41d0-44e5-aec4-1fa2a5359b66-tropical-12": "tropical",
    "fadde164-41d0-44e5-aec4-1fa2a5359b66-coastal-13": "coastal",
    "fadde164-41d0-44e5-aec4-1fa2a5359b66-inorganic-23-carbon-24": "inorganic carbon",
    "fadde164-41d0-44e5-aec4-1fa2a5359b66-CO2-32": "CO2",
    "fadde164-41d0-44e5-aec4-1fa2a5359b66-sampling-2-campaigns-3": "sampling campaigns",
    "fadde164-41d0-44e5-aec4-1fa2a5359b66-conducted-5": "conducted",
    "fadde164-41d0-44e5-aec4-1fa2a5359b66-Nine-1": "Nine",
    "fadde164-41d0-44e5-aec4-1fa2a5359b66-82-31-mg-32-L-33-−1-34": "82 mg L −1",
    "NE-ORGANIZATION-Chl": "Chl",
    "fadde164-41d0-44e5-aec4-1fa2a5359b66-concentrations-8": "concentrations",
    "fadde164-41d0-44e5-aec4-1fa2a5359b66-regions-15": "regions",
    "fadde164-41d0-44e5-aec4-1fa2a5359b66-shallow-14": "shallow",
    "fadde164-41d0-44e5-aec4-1fa2a5359b66-confined-12": "confined",
    "fadde164-41d0-44e5-aec4-1fa2a5359b66-period-22": "period",
    "NE-DATE-summer": "summer",
    "fadde164-41d0-44e5-aec4-1fa2a5359b66-found-10": "found",
    "fadde164-41d0-44e5-aec4-1fa2a5359b66-POC-36-152-37-mg-38-L-39-−1-40": "POC 152 mg L −1",
    "fadde164-41d0-44e5-aec4-1fa2a5359b66-strong-24-pCO2-25-undersaturation-26": "strong pCO2 undersaturation",
    "NE-ORGANIZATION-DOC": "DOC",
    "fadde164-41d0-44e5-aec4-1fa2a5359b66-bay-18": "bay",
    "fadde164-41d0-44e5-aec4-1fa2a5359b66-pigments-13": "pigments",
    "NE-ORGANIZATION-POC": "POC",
    "fadde164-41d0-44e5-aec4-1fa2a5359b66-total-12": "total",
    "fadde164-41d0-44e5-aec4-1fa2a5359b66-production-10": "production",
    "fadde164-41d0-44e5-aec4-1fa2a5359b66-uptake-17": "uptake",
    "NE-ORGANIZATION-DIC": "DIC",
    "NE-PERCENT-85%": "85 %",
    "fadde164-41d0-44e5-aec4-1fa2a5359b66-equivalent-16": "equivalent",
    "fadde164-41d0-44e5-aec4-1fa2a5359b66-surface-9-waters-10": "surface waters",
    "fadde164-41d0-44e5-aec4-1fa2a5359b66-enriched-12": "enriched",
    "fadde164-41d0-44e5-aec4-1fa2a5359b66-POC-14": "POC",
    "fadde164-41d0-44e5-aec4-1fa2a5359b66-periods-22": "periods",
    "fadde164-41d0-44e5-aec4-1fa2a5359b66-depths-4": "depths",
    "fadde164-41d0-44e5-aec4-1fa2a5359b66-bay-7": "bay",
    "fadde164-41d0-44e5-aec4-1fa2a5359b66-shallow-3": "shallow",
    "fadde164-41d0-44e5-aec4-1fa2a5359b66-waters-20": "waters",
    "fadde164-41d0-44e5-aec4-1fa2a5359b66-bottom-19": "bottom",
    "fadde164-41d0-44e5-aec4-1fa2a5359b66-relative-17": "relative",
    "fadde164-41d0-44e5-aec4-1fa2a5359b66-accumulation-3": "accumulation",
    "fadde164-41d0-44e5-aec4-1fa2a5359b66-105-15-g-16-C-17-m-18-−2-19": "105 g C m −2",
    "NE-DURATION-year": "year",
    "fadde164-41d0-44e5-aec4-1fa2a5359b66-−1-21": "−1",
    "fadde164-41d0-44e5-aec4-1fa2a5359b66-seasonal-2": "seasonal",
    "fadde164-41d0-44e5-aec4-1fa2a5359b66-surface-11-waters-12": "surface waters",
    "fadde164-41d0-44e5-aec4-1fa2a5359b66-stocks-15": "stocks",
    "fadde164-41d0-44e5-aec4-1fa2a5359b66-bays-8": "bays",
    "fadde164-41d0-44e5-aec4-1fa2a5359b66-coastal-7": "coastal",
    "fadde164-41d0-44e5-aec4-1fa2a5359b66-eutrophication-5": "eutrophication",
    "fadde164-41d0-44e5-aec4-1fa2a5359b66-biomass-18": "biomass",
    "fadde164-41d0-44e5-aec4-1fa2a5359b66-planktonic-17": "planktonic",
    "fadde164-41d0-44e5-aec4-1fa2a5359b66-tropics-11": "tropics",
    "fadde164-41d0-44e5-aec4-1fa2a5359b66-large-14": "large"
  },
  "graph": [
    {
      "subject_id": "fadde164-41d0-44e5-aec4-1fa2a5359b66-embayment-14",
      "relation": "surrounded by",
      "object_id": "fadde164-41d0-44e5-aec4-1fa2a5359b66-megacity-18"
    },
    {
      "subject_id": "fadde164-41d0-44e5-aec4-1fa2a5359b66-megacity-18",
      "relation": "of",
      "object_id": "NE-CITY-Rio-de-Janeiro"
    },
    {
      "subject_id": "fadde164-41d0-44e5-aec4-1fa2a5359b66-embayment-14",
      "relation": "is",
      "object_id": "fadde164-41d0-44e5-aec4-1fa2a5359b66-eutrophic-11"
    },
    {
      "subject_id": "fadde164-41d0-44e5-aec4-1fa2a5359b66-We-1",
      "relation": "investigate",
      "object_id": "fadde164-41d0-44e5-aec4-1fa2a5359b66-carbon-4-dynamics-5"
    },
    {
      "subject_id": "fadde164-41d0-44e5-aec4-1fa2a5359b66-carbon-4-dynamics-5",
      "relation": "of",
      "object_id": "NE-CITY-Bay"
    },
    {
      "subject_id": "fadde164-41d0-44e5-aec4-1fa2a5359b66-carbon-4-dynamics-5",
      "relation": "of",
      "object_id": "NE-LOCATION-Guanabara"
    },
    {
      "subject_id": "fadde164-41d0-44e5-aec4-1fa2a5359b66-embayment-14",
      "relation": "is",
      "object_id": "fadde164-41d0-44e5-aec4-1fa2a5359b66-tropical-12"
    },
    {
      "subject_id": "fadde164-41d0-44e5-aec4-1fa2a5359b66-embayment-14",
      "relation": "is",
      "object_id": "fadde164-41d0-44e5-aec4-1fa2a5359b66-coastal-13"
    },
    {
      "subject_id": "fadde164-41d0-44e5-aec4-1fa2a5359b66-carbon-4-dynamics-5",
      "relation": "is in",
      "object_id": "NE-CITY-Bay"
    },
    {
      "subject_id": "fadde164-41d0-44e5-aec4-1fa2a5359b66-inorganic-23-carbon-24",
      "relation": "pressure of",
      "object_id": "fadde164-41d0-44e5-aec4-1fa2a5359b66-CO2-32"
    },
    {
      "subject_id": "fadde164-41d0-44e5-aec4-1fa2a5359b66-sampling-2-campaigns-3",
      "relation": "were",
      "object_id": "fadde164-41d0-44e5-aec4-1fa2a5359b66-conducted-5"
    },
    {
      "subject_id": "fadde164-41d0-44e5-aec4-1fa2a5359b66-sampling-2-campaigns-3",
      "relation": "amount to",
      "object_id": "fadde164-41d0-44e5-aec4-1fa2a5359b66-Nine-1"
    },
    {
      "subject_id": "fadde164-41d0-44e5-aec4-1fa2a5359b66-82-31-mg-32-L-33-−1-34",
      "relation": "DOC",
      "object_id": "NE-ORGANIZATION-Chl"
    },
    {
      "subject_id": "fadde164-41d0-44e5-aec4-1fa2a5359b66-concentrations-8",
      "relation": "were found in",
      "object_id": "fadde164-41d0-44e5-aec4-1fa2a5359b66-regions-15"
    },
    {
      "subject_id": "fadde164-41d0-44e5-aec4-1fa2a5359b66-regions-15",
      "relation": "is",
      "object_id": "fadde164-41d0-44e5-aec4-1fa2a5359b66-shallow-14"
    },
    {
      "subject_id": "fadde164-41d0-44e5-aec4-1fa2a5359b66-regions-15",
      "relation": "is",
      "object_id": "fadde164-41d0-44e5-aec4-1fa2a5359b66-confined-12"
    },
    {
      "subject_id": "fadde164-41d0-44e5-aec4-1fa2a5359b66-concentrations-8",
      "relation": "were found during",
      "object_id": "fadde164-41d0-44e5-aec4-1fa2a5359b66-period-22"
    },
    {
      "subject_id": "fadde164-41d0-44e5-aec4-1fa2a5359b66-period-22",
      "relation": "of",
      "object_id": "NE-DATE-summer"
    },
    {
      "subject_id": "fadde164-41d0-44e5-aec4-1fa2a5359b66-concentrations-8",
      "relation": "were",
      "object_id": "fadde164-41d0-44e5-aec4-1fa2a5359b66-found-10"
    },
    {
      "subject_id": "fadde164-41d0-44e5-aec4-1fa2a5359b66-82-31-mg-32-L-33-−1-34",
      "relation": "DOC",
      "object_id": "fadde164-41d0-44e5-aec4-1fa2a5359b66-POC-36-152-37-mg-38-L-39-−1-40"
    },
    {
      "subject_id": "fadde164-41d0-44e5-aec4-1fa2a5359b66-period-22",
      "relation": "is with",
      "object_id": "fadde164-41d0-44e5-aec4-1fa2a5359b66-strong-24-pCO2-25-undersaturation-26"
    },
    {
      "subject_id": "NE-ORGANIZATION-DOC",
      "relation": "reached",
      "object_id": "fadde164-41d0-44e5-aec4-1fa2a5359b66-82-31-mg-32-L-33-−1-34"
    },
    {
      "subject_id": "fadde164-41d0-44e5-aec4-1fa2a5359b66-regions-15",
      "relation": "of",
      "object_id": "fadde164-41d0-44e5-aec4-1fa2a5359b66-bay-18"
    },
    {
      "subject_id": "fadde164-41d0-44e5-aec4-1fa2a5359b66-concentrations-8",
      "relation": "Spatially varied positively with",
      "object_id": "fadde164-41d0-44e5-aec4-1fa2a5359b66-pigments-13"
    },
    {
      "subject_id": "fadde164-41d0-44e5-aec4-1fa2a5359b66-concentrations-8",
      "relation": "of",
      "object_id": "NE-ORGANIZATION-POC"
    },
    {
      "subject_id": "fadde164-41d0-44e5-aec4-1fa2a5359b66-concentrations-8",
      "relation": "varied positively with",
      "object_id": "fadde164-41d0-44e5-aec4-1fa2a5359b66-pigments-13"
    },
    {
      "subject_id": "fadde164-41d0-44e5-aec4-1fa2a5359b66-concentrations-8",
      "relation": "varied with",
      "object_id": "fadde164-41d0-44e5-aec4-1fa2a5359b66-pigments-13"
    },
    {
      "subject_id": "fadde164-41d0-44e5-aec4-1fa2a5359b66-pigments-13",
      "relation": "is",
      "object_id": "fadde164-41d0-44e5-aec4-1fa2a5359b66-total-12"
    },
    {
      "subject_id": "fadde164-41d0-44e5-aec4-1fa2a5359b66-concentrations-8",
      "relation": "Spatially and temporally varied positively with",
      "object_id": "fadde164-41d0-44e5-aec4-1fa2a5359b66-pigments-13"
    },
    {
      "subject_id": "fadde164-41d0-44e5-aec4-1fa2a5359b66-concentrations-8",
      "relation": "Spatially and temporally varied with",
      "object_id": "fadde164-41d0-44e5-aec4-1fa2a5359b66-pigments-13"
    },
    {
      "subject_id": "fadde164-41d0-44e5-aec4-1fa2a5359b66-concentrations-8",
      "relation": "Spatially varied with",
      "object_id": "fadde164-41d0-44e5-aec4-1fa2a5359b66-pigments-13"
    },
    {
      "subject_id": "fadde164-41d0-44e5-aec4-1fa2a5359b66-production-10",
      "relation": "translates to",
      "object_id": "fadde164-41d0-44e5-aec4-1fa2a5359b66-uptake-17"
    },
    {
      "subject_id": "fadde164-41d0-44e5-aec4-1fa2a5359b66-uptake-17",
      "relation": "of",
      "object_id": "NE-ORGANIZATION-DIC"
    },
    {
      "subject_id": "fadde164-41d0-44e5-aec4-1fa2a5359b66-production-10",
      "relation": "translates with",
      "object_id": "NE-PERCENT-85%"
    },
    {
      "subject_id": "NE-PERCENT-85%",
      "relation": "of",
      "object_id": "NE-ORGANIZATION-POC"
    },
    {
      "subject_id": "fadde164-41d0-44e5-aec4-1fa2a5359b66-uptake-17",
      "relation": "is in",
      "object_id": "NE-ORGANIZATION-DIC"
    },
    {
      "subject_id": "fadde164-41d0-44e5-aec4-1fa2a5359b66-uptake-17",
      "relation": "is",
      "object_id": "fadde164-41d0-44e5-aec4-1fa2a5359b66-equivalent-16"
    },
    {
      "subject_id": "fadde164-41d0-44e5-aec4-1fa2a5359b66-surface-9-waters-10",
      "relation": "were",
      "object_id": "fadde164-41d0-44e5-aec4-1fa2a5359b66-enriched-12"
    },
    {
      "subject_id": "fadde164-41d0-44e5-aec4-1fa2a5359b66-enriched-12",
      "relation": "at",
      "object_id": "fadde164-41d0-44e5-aec4-1fa2a5359b66-POC-14"
    },
    {
      "subject_id": "fadde164-41d0-44e5-aec4-1fa2a5359b66-enriched-12",
      "relation": "at",
      "object_id": "fadde164-41d0-44e5-aec4-1fa2a5359b66-periods-22"
    },
    {
      "subject_id": "fadde164-41d0-44e5-aec4-1fa2a5359b66-enriched-12",
      "relation": "at",
      "object_id": "fadde164-41d0-44e5-aec4-1fa2a5359b66-depths-4"
    },
    {
      "subject_id": "fadde164-41d0-44e5-aec4-1fa2a5359b66-surface-9-waters-10",
      "relation": "were enriched relative Despite",
      "object_id": "fadde164-41d0-44e5-aec4-1fa2a5359b66-depths-4"
    },
    {
      "subject_id": "fadde164-41d0-44e5-aec4-1fa2a5359b66-depths-4",
      "relation": "of",
      "object_id": "fadde164-41d0-44e5-aec4-1fa2a5359b66-bay-7"
    },
    {
      "subject_id": "fadde164-41d0-44e5-aec4-1fa2a5359b66-enriched-12",
      "relation": "is",
      "object_id": "fadde164-41d0-44e5-aec4-1fa2a5359b66-depths-4"
    },
    {
      "subject_id": "fadde164-41d0-44e5-aec4-1fa2a5359b66-enriched-12",
      "relation": "of",
      "object_id": "fadde164-41d0-44e5-aec4-1fa2a5359b66-depths-4"
    },
    {
      "subject_id": "fadde164-41d0-44e5-aec4-1fa2a5359b66-surface-9-waters-10",
      "relation": "were enriched Despite",
      "object_id": "fadde164-41d0-44e5-aec4-1fa2a5359b66-depths-4"
    },
    {
      "subject_id": "fadde164-41d0-44e5-aec4-1fa2a5359b66-depths-4",
      "relation": "is",
      "object_id": "fadde164-41d0-44e5-aec4-1fa2a5359b66-shallow-3"
    },
    {
      "subject_id": "fadde164-41d0-44e5-aec4-1fa2a5359b66-surface-9-waters-10",
      "relation": "were enriched in",
      "object_id": "fadde164-41d0-44e5-aec4-1fa2a5359b66-POC-14"
    },
    {
      "subject_id": "fadde164-41d0-44e5-aec4-1fa2a5359b66-surface-9-waters-10",
      "relation": "were enriched relative in",
      "object_id": "fadde164-41d0-44e5-aec4-1fa2a5359b66-POC-14"
    },
    {
      "subject_id": "fadde164-41d0-44e5-aec4-1fa2a5359b66-surface-9-waters-10",
      "relation": "were enriched in",
      "object_id": "fadde164-41d0-44e5-aec4-1fa2a5359b66-periods-22"
    },
    {
      "subject_id": "fadde164-41d0-44e5-aec4-1fa2a5359b66-enriched-12",
      "relation": "at",
      "object_id": "fadde164-41d0-44e5-aec4-1fa2a5359b66-waters-20"
    },
    {
      "subject_id": "fadde164-41d0-44e5-aec4-1fa2a5359b66-enriched-12",
      "relation": "is",
      "object_id": "fadde164-41d0-44e5-aec4-1fa2a5359b66-bottom-19"
    },
    {
      "subject_id": "fadde164-41d0-44e5-aec4-1fa2a5359b66-enriched-12",
      "relation": "at",
      "object_id": "fadde164-41d0-44e5-aec4-1fa2a5359b66-relative-17"
    },
    {
      "subject_id": "fadde164-41d0-44e5-aec4-1fa2a5359b66-accumulation-3",
      "relation": "reached",
      "object_id": "fadde164-41d0-44e5-aec4-1fa2a5359b66-105-15-g-16-C-17-m-18-−2-19"
    },
    {
      "subject_id": "fadde164-41d0-44e5-aec4-1fa2a5359b66-105-15-g-16-C-17-m-18-−2-19",
      "relation": "is",
      "object_id": "NE-DURATION-year"
    },
    {
      "subject_id": "fadde164-41d0-44e5-aec4-1fa2a5359b66-105-15-g-16-C-17-m-18-−2-19",
      "relation": "amount to",
      "object_id": "fadde164-41d0-44e5-aec4-1fa2a5359b66-−1-21"
    },
    {
      "subject_id": "fadde164-41d0-44e5-aec4-1fa2a5359b66-accumulation-3",
      "relation": "is",
      "object_id": "fadde164-41d0-44e5-aec4-1fa2a5359b66-seasonal-2"
    },
    {
      "subject_id": "fadde164-41d0-44e5-aec4-1fa2a5359b66-accumulation-3",
      "relation": "is in",
      "object_id": "fadde164-41d0-44e5-aec4-1fa2a5359b66-surface-11-waters-12"
    },
    {
      "subject_id": "fadde164-41d0-44e5-aec4-1fa2a5359b66-stocks-15",
      "relation": "eutrophication of",
      "object_id": "fadde164-41d0-44e5-aec4-1fa2a5359b66-bays-8"
    },
    {
      "subject_id": "fadde164-41d0-44e5-aec4-1fa2a5359b66-bays-8",
      "relation": "is",
      "object_id": "fadde164-41d0-44e5-aec4-1fa2a5359b66-coastal-7"
    },
    {
      "subject_id": "fadde164-41d0-44e5-aec4-1fa2a5359b66-eutrophication-5",
      "relation": "stocks of",
      "object_id": "fadde164-41d0-44e5-aec4-1fa2a5359b66-biomass-18"
    },
    {
      "subject_id": "fadde164-41d0-44e5-aec4-1fa2a5359b66-biomass-18",
      "relation": "is",
      "object_id": "fadde164-41d0-44e5-aec4-1fa2a5359b66-planktonic-17"
    },
    {
      "subject_id": "fadde164-41d0-44e5-aec4-1fa2a5359b66-stocks-15",
      "relation": "eutrophication in",
      "object_id": "fadde164-41d0-44e5-aec4-1fa2a5359b66-tropics-11"
    },
    {
      "subject_id": "fadde164-41d0-44e5-aec4-1fa2a5359b66-eutrophication-5",
      "relation": "generate",
      "object_id": "fadde164-41d0-44e5-aec4-1fa2a5359b66-stocks-15"
    },
    {
      "subject_id": "fadde164-41d0-44e5-aec4-1fa2a5359b66-stocks-15",
      "relation": "of",
      "object_id": "fadde164-41d0-44e5-aec4-1fa2a5359b66-biomass-18"
    },
    {
      "subject_id": "fadde164-41d0-44e5-aec4-1fa2a5359b66-stocks-15",
      "relation": "is",
      "object_id": "fadde164-41d0-44e5-aec4-1fa2a5359b66-large-14"
    },
    {
      "subject_id": "fadde164-41d0-44e5-aec4-1fa2a5359b66-eutrophication-5",
      "relation": "large stocks of",
      "object_id": "fadde164-41d0-44e5-aec4-1fa2a5359b66-biomass-18"
    },
    {
      "subject_id": "fadde164-41d0-44e5-aec4-1fa2a5359b66-eutrophication-5",
      "relation": "is in",
      "object_id": "fadde164-41d0-44e5-aec4-1fa2a5359b66-tropics-11"
    }
  ],
  "links": {
    "fadde164-41d0-44e5-aec4-1fa2a5359b66-embayment-14": [],
    "fadde164-41d0-44e5-aec4-1fa2a5359b66-megacity-18": [],
    "NE-CITY-Rio-de-Janeiro": [],
    "fadde164-41d0-44e5-aec4-1fa2a5359b66-eutrophic-11": [],
    "fadde164-41d0-44e5-aec4-1fa2a5359b66-We-1": [],
    "fadde164-41d0-44e5-aec4-1fa2a5359b66-carbon-4-dynamics-5": [],
    "NE-CITY-Bay": [],
    "NE-LOCATION-Guanabara": [],
    "fadde164-41d0-44e5-aec4-1fa2a5359b66-tropical-12": [],
    "fadde164-41d0-44e5-aec4-1fa2a5359b66-coastal-13": [
      "fadde164-41d0-44e5-aec4-1fa2a5359b66-coastal-7"
    ],
    "fadde164-41d0-44e5-aec4-1fa2a5359b66-inorganic-23-carbon-24": [],
    "fadde164-41d0-44e5-aec4-1fa2a5359b66-CO2-32": [],
    "fadde164-41d0-44e5-aec4-1fa2a5359b66-sampling-2-campaigns-3": [],
    "fadde164-41d0-44e5-aec4-1fa2a5359b66-conducted-5": [],
    "fadde164-41d0-44e5-aec4-1fa2a5359b66-Nine-1": [],
    "fadde164-41d0-44e5-aec4-1fa2a5359b66-82-31-mg-32-L-33-−1-34": [],
    "NE-ORGANIZATION-Chl": [],
    "fadde164-41d0-44e5-aec4-1fa2a5359b66-concentrations-8": [],
    "fadde164-41d0-44e5-aec4-1fa2a5359b66-regions-15": [],
    "fadde164-41d0-44e5-aec4-1fa2a5359b66-shallow-14": [],
    "fadde164-41d0-44e5-aec4-1fa2a5359b66-confined-12": [],
    "fadde164-41d0-44e5-aec4-1fa2a5359b66-period-22": [],
    "NE-DATE-summer": [],
    "fadde164-41d0-44e5-aec4-1fa2a5359b66-found-10": [],
    "fadde164-41d0-44e5-aec4-1fa2a5359b66-POC-36-152-37-mg-38-L-39-−1-40": [],
    "fadde164-41d0-44e5-aec4-1fa2a5359b66-strong-24-pCO2-25-undersaturation-26": [],
    "NE-ORGANIZATION-DOC": [],
    "fadde164-41d0-44e5-aec4-1fa2a5359b66-bay-18": [],
    "fadde164-41d0-44e5-aec4-1fa2a5359b66-pigments-13": [],
    "NE-ORGANIZATION-POC": [],
    "fadde164-41d0-44e5-aec4-1fa2a5359b66-total-12": [],
    "fadde164-41d0-44e5-aec4-1fa2a5359b66-production-10": [],
    "fadde164-41d0-44e5-aec4-1fa2a5359b66-uptake-17": [],
    "NE-ORGANIZATION-DIC": [],
    "NE-PERCENT-85%": [],
    "fadde164-41d0-44e5-aec4-1fa2a5359b66-equivalent-16": [],
    "fadde164-41d0-44e5-aec4-1fa2a5359b66-surface-9-waters-10": [],
    "fadde164-41d0-44e5-aec4-1fa2a5359b66-enriched-12": [],
    "fadde164-41d0-44e5-aec4-1fa2a5359b66-POC-14": [],
    "fadde164-41d0-44e5-aec4-1fa2a5359b66-periods-22": [],
    "fadde164-41d0-44e5-aec4-1fa2a5359b66-depths-4": [],
    "fadde164-41d0-44e5-aec4-1fa2a5359b66-bay-7": [],
    "fadde164-41d0-44e5-aec4-1fa2a5359b66-shallow-3": [],
    "fadde164-41d0-44e5-aec4-1fa2a5359b66-waters-20": [],
    "fadde164-41d0-44e5-aec4-1fa2a5359b66-bottom-19": [],
    "fadde164-41d0-44e5-aec4-1fa2a5359b66-relative-17": [],
    "fadde164-41d0-44e5-aec4-1fa2a5359b66-accumulation-3": [],
    "fadde164-41d0-44e5-aec4-1fa2a5359b66-105-15-g-16-C-17-m-18-−2-19": [],
    "NE-DURATION-year": [],
    "fadde164-41d0-44e5-aec4-1fa2a5359b66-−1-21": [],
    "fadde164-41d0-44e5-aec4-1fa2a5359b66-seasonal-2": [],
    "fadde164-41d0-44e5-aec4-1fa2a5359b66-surface-11-waters-12": [],
    "fadde164-41d0-44e5-aec4-1fa2a5359b66-stocks-15": [],
    "fadde164-41d0-44e5-aec4-1fa2a5359b66-bays-8": [],
    "fadde164-41d0-44e5-aec4-1fa2a5359b66-coastal-7": [
      "fadde164-41d0-44e5-aec4-1fa2a5359b66-coastal-13"
    ],
    "fadde164-41d0-44e5-aec4-1fa2a5359b66-eutrophication-5": [],
    "fadde164-41d0-44e5-aec4-1fa2a5359b66-biomass-18": [],
    "fadde164-41d0-44e5-aec4-1fa2a5359b66-planktonic-17": [],
    "fadde164-41d0-44e5-aec4-1fa2a5359b66-tropics-11": [],
    "fadde164-41d0-44e5-aec4-1fa2a5359b66-large-14": []
  }
}