{
  "document": "D:/Projetos/PIRA_KG/documents/onu_79955374293.txt",
  "entities": {
    "fdf01418-b90d-4c3b-8f26-604224b4b6fb-oil-15": "oil",
    "fdf01418-b90d-4c3b-8f26-604224b4b6fb-quality-19": "quality",
    "fdf01418-b90d-4c3b-8f26-604224b4b6fb-Santos-2-Basin-3-Pre-salt-4-reservoirs-5": "Santos Basin Pre-salt reservoirs",
    "NE-COUNTRY-Brazil": "Brazil",
    "fdf01418-b90d-4c3b-8f26-604224b4b6fb-those-27": "those",
    "fdf01418-b90d-4c3b-8f26-604224b4b6fb-CO2-22-concentrations-23": "CO2 concentrations",
    "fdf01418-b90d-4c3b-8f26-604224b4b6fb-located-7": "located",
    "fdf01418-b90d-4c3b-8f26-604224b4b6fb-found-29": "found",
    "fdf01418-b90d-4c3b-8f26-604224b4b6fb-other-31": "other",
    "fdf01418-b90d-4c3b-8f26-604224b4b6fb-generally-28": "generally",
    "NE-NATIONALITY-Brazilian": "Brazilian",
    "fdf01418-b90d-4c3b-8f26-604224b4b6fb-good-18": "good",
    "fdf01418-b90d-4c3b-8f26-604224b4b6fb-fields-33": "fields",
    "fdf01418-b90d-4c3b-8f26-604224b4b6fb-offshore-10": "offshore",
    "fdf01418-b90d-4c3b-8f26-604224b4b6fb-higher-25": "higher",
    "fdf01418-b90d-4c3b-8f26-604224b4b6fb-deepwater-9": "deepwater",
    "NE-STATE_OR_PROVINCE-CO": "CO",
    "NE-TITLE-layer": "layer",
    "NE-MISC-Pre-salt": "Pre-salt",
    "fdf01418-b90d-4c3b-8f26-604224b4b6fb-injection-26-scenario-27": "injection scenario",
    "fdf01418-b90d-4c3b-8f26-604224b4b6fb-oil-35-recovery-36": "oil recovery",
    "fdf01418-b90d-4c3b-8f26-604224b4b6fb-2-25": "2",
    "fdf01418-b90d-4c3b-8f26-604224b4b6fb-atmosphere-21": "atmosphere",
    "fdf01418-b90d-4c3b-8f26-604224b4b6fb-2-13": "2",
    "fdf01418-b90d-4c3b-8f26-604224b4b6fb-monitoring-3-program-4": "monitoring program",
    "fdf01418-b90d-4c3b-8f26-604224b4b6fb-is-5-considered-7": "is considered",
    "fdf01418-b90d-4c3b-8f26-604224b4b6fb-extensive-2": "extensive",
    "fdf01418-b90d-4c3b-8f26-604224b4b6fb-challenges-6": "challenges",
    "fdf01418-b90d-4c3b-8f26-604224b4b6fb-CO2-12-monitoring-13": "CO2 monitoring",
    "fdf01418-b90d-4c3b-8f26-604224b4b6fb-several-5": "several",
    "fdf01418-b90d-4c3b-8f26-604224b4b6fb-conditions-17": "conditions",
    "fdf01418-b90d-4c3b-8f26-604224b4b6fb-such-15-adverse-16-conditions-17-as-18-Presalt-20-reservoirs-21": "such adverse conditions as Presalt reservoirs",
    "fdf01418-b90d-4c3b-8f26-604224b4b6fb-such-15": "such",
    "fdf01418-b90d-4c3b-8f26-604224b4b6fb-adverse-16": "adverse",
    "fdf01418-b90d-4c3b-8f26-604224b4b6fb-Presalt-20-reservoirs-21": "Presalt reservoirs",
    "fdf01418-b90d-4c3b-8f26-604224b4b6fb-maturity-17": "maturity",
    "fdf01418-b90d-4c3b-8f26-604224b4b6fb-applicability-19": "applicability",
    "fdf01418-b90d-4c3b-8f26-604224b4b6fb-will-44-initiatives-46-of-47-PRO-CO2-49-technological-50-program-51": "will initiatives of PRO-CO2 technological program",
    "NE-ORGANIZATION-PETROBRAS-Research-Center": "PETROBRAS Research Center",
    "fdf01418-b90d-4c3b-8f26-604224b4b6fb-paper-2": "paper",
    "fdf01418-b90d-4c3b-8f26-604224b4b6fb-challenges-7": "challenges",
    "NE-ORGANIZATION-PETROBRAS": "PETROBRAS",
    "fdf01418-b90d-4c3b-8f26-604224b4b6fb-CO2-20-storage-21-monitoring-22": "CO2 storage monitoring",
    "fdf01418-b90d-4c3b-8f26-604224b4b6fb-Pre-salt-27-Cluster-28": "Pre-salt Cluster",
    "NE-CITY-Santos": "Santos",
    "NE-LOCATION-Basin": "Basin",
    "fdf01418-b90d-4c3b-8f26-604224b4b6fb-technological-6": "technological",
    "fdf01418-b90d-4c3b-8f26-604224b4b6fb-main-5": "main",
    "fdf01418-b90d-4c3b-8f26-604224b4b6fb-strategies-33": "strategies",
    "fdf01418-b90d-4c3b-8f26-604224b4b6fb-problems-38": "problems",
    "fdf01418-b90d-4c3b-8f26-604224b4b6fb-methods-16-applicability-17": "methods applicability",
    "fdf01418-b90d-4c3b-8f26-604224b4b6fb-related-13": "related"
  },
  "graph": [
    {
      "subject_id": "fdf01418-b90d-4c3b-8f26-604224b4b6fb-oil-15",
      "relation": "has",
      "object_id": "fdf01418-b90d-4c3b-8f26-604224b4b6fb-quality-19"
    },
    {
      "subject_id": "fdf01418-b90d-4c3b-8f26-604224b4b6fb-Santos-2-Basin-3-Pre-salt-4-reservoirs-5",
      "relation": "are located in",
      "object_id": "NE-COUNTRY-Brazil"
    },
    {
      "subject_id": "fdf01418-b90d-4c3b-8f26-604224b4b6fb-Santos-2-Basin-3-Pre-salt-4-reservoirs-5",
      "relation": "are higher than",
      "object_id": "fdf01418-b90d-4c3b-8f26-604224b4b6fb-those-27"
    },
    {
      "subject_id": "fdf01418-b90d-4c3b-8f26-604224b4b6fb-Santos-2-Basin-3-Pre-salt-4-reservoirs-5",
      "relation": "of",
      "object_id": "fdf01418-b90d-4c3b-8f26-604224b4b6fb-CO2-22-concentrations-23"
    },
    {
      "subject_id": "fdf01418-b90d-4c3b-8f26-604224b4b6fb-Santos-2-Basin-3-Pre-salt-4-reservoirs-5",
      "relation": "are",
      "object_id": "fdf01418-b90d-4c3b-8f26-604224b4b6fb-located-7"
    },
    {
      "subject_id": "fdf01418-b90d-4c3b-8f26-604224b4b6fb-those-27",
      "relation": "is",
      "object_id": "fdf01418-b90d-4c3b-8f26-604224b4b6fb-found-29"
    },
    {
      "subject_id": "fdf01418-b90d-4c3b-8f26-604224b4b6fb-those-27",
      "relation": "is",
      "object_id": "fdf01418-b90d-4c3b-8f26-604224b4b6fb-other-31"
    },
    {
      "subject_id": "fdf01418-b90d-4c3b-8f26-604224b4b6fb-those-27",
      "relation": "at",
      "object_id": "fdf01418-b90d-4c3b-8f26-604224b4b6fb-generally-28"
    },
    {
      "subject_id": "fdf01418-b90d-4c3b-8f26-604224b4b6fb-those-27",
      "relation": "is",
      "object_id": "NE-NATIONALITY-Brazilian"
    },
    {
      "subject_id": "fdf01418-b90d-4c3b-8f26-604224b4b6fb-quality-19",
      "relation": "is",
      "object_id": "fdf01418-b90d-4c3b-8f26-604224b4b6fb-good-18"
    },
    {
      "subject_id": "fdf01418-b90d-4c3b-8f26-604224b4b6fb-those-27",
      "relation": "at",
      "object_id": "fdf01418-b90d-4c3b-8f26-604224b4b6fb-fields-33"
    },
    {
      "subject_id": "NE-COUNTRY-Brazil",
      "relation": "is",
      "object_id": "fdf01418-b90d-4c3b-8f26-604224b4b6fb-offshore-10"
    },
    {
      "subject_id": "fdf01418-b90d-4c3b-8f26-604224b4b6fb-Santos-2-Basin-3-Pre-salt-4-reservoirs-5",
      "relation": "are",
      "object_id": "fdf01418-b90d-4c3b-8f26-604224b4b6fb-higher-25"
    },
    {
      "subject_id": "NE-COUNTRY-Brazil",
      "relation": "is",
      "object_id": "fdf01418-b90d-4c3b-8f26-604224b4b6fb-deepwater-9"
    },
    {
      "subject_id": "NE-STATE_OR_PROVINCE-CO",
      "relation": "produced in",
      "object_id": "NE-TITLE-layer"
    },
    {
      "subject_id": "NE-TITLE-layer",
      "relation": "of",
      "object_id": "NE-MISC-Pre-salt"
    },
    {
      "subject_id": "fdf01418-b90d-4c3b-8f26-604224b4b6fb-injection-26-scenario-27",
      "relation": "improve",
      "object_id": "fdf01418-b90d-4c3b-8f26-604224b4b6fb-oil-35-recovery-36"
    },
    {
      "subject_id": "fdf01418-b90d-4c3b-8f26-604224b4b6fb-injection-26-scenario-27",
      "relation": "amount to",
      "object_id": "fdf01418-b90d-4c3b-8f26-604224b4b6fb-2-25"
    },
    {
      "subject_id": "NE-TITLE-layer",
      "relation": "of",
      "object_id": "fdf01418-b90d-4c3b-8f26-604224b4b6fb-atmosphere-21"
    },
    {
      "subject_id": "NE-STATE_OR_PROVINCE-CO",
      "relation": "amount to",
      "object_id": "fdf01418-b90d-4c3b-8f26-604224b4b6fb-2-13"
    },
    {
      "subject_id": "fdf01418-b90d-4c3b-8f26-604224b4b6fb-injection-26-scenario-27",
      "relation": "of",
      "object_id": "NE-STATE_OR_PROVINCE-CO"
    },
    {
      "subject_id": "fdf01418-b90d-4c3b-8f26-604224b4b6fb-monitoring-3-program-4",
      "relation": "is",
      "object_id": "fdf01418-b90d-4c3b-8f26-604224b4b6fb-is-5-considered-7"
    },
    {
      "subject_id": "fdf01418-b90d-4c3b-8f26-604224b4b6fb-monitoring-3-program-4",
      "relation": "is",
      "object_id": "fdf01418-b90d-4c3b-8f26-604224b4b6fb-extensive-2"
    },
    {
      "subject_id": "fdf01418-b90d-4c3b-8f26-604224b4b6fb-challenges-6",
      "relation": "be confronted concerning",
      "object_id": "fdf01418-b90d-4c3b-8f26-604224b4b6fb-CO2-12-monitoring-13"
    },
    {
      "subject_id": "fdf01418-b90d-4c3b-8f26-604224b4b6fb-challenges-6",
      "relation": "is",
      "object_id": "fdf01418-b90d-4c3b-8f26-604224b4b6fb-several-5"
    },
    {
      "subject_id": "fdf01418-b90d-4c3b-8f26-604224b4b6fb-CO2-12-monitoring-13",
      "relation": "of",
      "object_id": "fdf01418-b90d-4c3b-8f26-604224b4b6fb-conditions-17"
    },
    {
      "subject_id": "fdf01418-b90d-4c3b-8f26-604224b4b6fb-CO2-12-monitoring-13",
      "relation": "of",
      "object_id": "fdf01418-b90d-4c3b-8f26-604224b4b6fb-such-15-adverse-16-conditions-17-as-18-Presalt-20-reservoirs-21"
    },
    {
      "subject_id": "fdf01418-b90d-4c3b-8f26-604224b4b6fb-CO2-12-monitoring-13",
      "relation": "is",
      "object_id": "fdf01418-b90d-4c3b-8f26-604224b4b6fb-such-15"
    },
    {
      "subject_id": "fdf01418-b90d-4c3b-8f26-604224b4b6fb-CO2-12-monitoring-13",
      "relation": "is",
      "object_id": "fdf01418-b90d-4c3b-8f26-604224b4b6fb-adverse-16"
    },
    {
      "subject_id": "fdf01418-b90d-4c3b-8f26-604224b4b6fb-CO2-12-monitoring-13",
      "relation": "of",
      "object_id": "fdf01418-b90d-4c3b-8f26-604224b4b6fb-Presalt-20-reservoirs-21"
    },
    {
      "subject_id": "fdf01418-b90d-4c3b-8f26-604224b4b6fb-CO2-12-monitoring-13",
      "relation": "is in",
      "object_id": "fdf01418-b90d-4c3b-8f26-604224b4b6fb-such-15-adverse-16-conditions-17-as-18-Presalt-20-reservoirs-21"
    },
    {
      "subject_id": "fdf01418-b90d-4c3b-8f26-604224b4b6fb-maturity-17",
      "relation": "Pre-salt environment",
      "object_id": "fdf01418-b90d-4c3b-8f26-604224b4b6fb-applicability-19"
    },
    {
      "subject_id": "fdf01418-b90d-4c3b-8f26-604224b4b6fb-maturity-17",
      "relation": "techniques",
      "object_id": "fdf01418-b90d-4c3b-8f26-604224b4b6fb-applicability-19"
    },
    {
      "subject_id": "fdf01418-b90d-4c3b-8f26-604224b4b6fb-maturity-17",
      "relation": "have",
      "object_id": "fdf01418-b90d-4c3b-8f26-604224b4b6fb-applicability-19"
    },
    {
      "subject_id": "fdf01418-b90d-4c3b-8f26-604224b4b6fb-maturity-17",
      "relation": "existing techniques",
      "object_id": "fdf01418-b90d-4c3b-8f26-604224b4b6fb-applicability-19"
    },
    {
      "subject_id": "fdf01418-b90d-4c3b-8f26-604224b4b6fb-Santos-2-Basin-3-Pre-salt-4-reservoirs-5",
      "relation": "will",
      "object_id": "fdf01418-b90d-4c3b-8f26-604224b4b6fb-will-44-initiatives-46-of-47-PRO-CO2-49-technological-50-program-51"
    },
    {
      "subject_id": "fdf01418-b90d-4c3b-8f26-604224b4b6fb-will-44-initiatives-46-of-47-PRO-CO2-49-technological-50-program-51",
      "relation": "of",
      "object_id": "NE-ORGANIZATION-PETROBRAS-Research-Center"
    },
    {
      "subject_id": "fdf01418-b90d-4c3b-8f26-604224b4b6fb-maturity-17",
      "relation": "environment",
      "object_id": "fdf01418-b90d-4c3b-8f26-604224b4b6fb-applicability-19"
    },
    {
      "subject_id": "fdf01418-b90d-4c3b-8f26-604224b4b6fb-paper-2",
      "relation": "addresses",
      "object_id": "fdf01418-b90d-4c3b-8f26-604224b4b6fb-challenges-7"
    },
    {
      "subject_id": "fdf01418-b90d-4c3b-8f26-604224b4b6fb-challenges-7",
      "relation": "of",
      "object_id": "NE-ORGANIZATION-PETROBRAS"
    },
    {
      "subject_id": "fdf01418-b90d-4c3b-8f26-604224b4b6fb-CO2-20-storage-21-monitoring-22",
      "relation": "is in",
      "object_id": "fdf01418-b90d-4c3b-8f26-604224b4b6fb-Pre-salt-27-Cluster-28"
    },
    {
      "subject_id": "fdf01418-b90d-4c3b-8f26-604224b4b6fb-Pre-salt-27-Cluster-28",
      "relation": "of",
      "object_id": "NE-CITY-Santos"
    },
    {
      "subject_id": "fdf01418-b90d-4c3b-8f26-604224b4b6fb-Pre-salt-27-Cluster-28",
      "relation": "of",
      "object_id": "NE-LOCATION-Basin"
    },
    {
      "subject_id": "fdf01418-b90d-4c3b-8f26-604224b4b6fb-challenges-7",
      "relation": "is",
      "object_id": "fdf01418-b90d-4c3b-8f26-604224b4b6fb-technological-6"
    },
    {
      "subject_id": "fdf01418-b90d-4c3b-8f26-604224b4b6fb-challenges-7",
      "relation": "of",
      "object_id": "fdf01418-b90d-4c3b-8f26-604224b4b6fb-CO2-20-storage-21-monitoring-22"
    },
    {
      "subject_id": "fdf01418-b90d-4c3b-8f26-604224b4b6fb-challenges-7",
      "relation": "is",
      "object_id": "fdf01418-b90d-4c3b-8f26-604224b4b6fb-main-5"
    },
    {
      "subject_id": "fdf01418-b90d-4c3b-8f26-604224b4b6fb-strategies-33",
      "relation": "solve",
      "object_id": "fdf01418-b90d-4c3b-8f26-604224b4b6fb-problems-38"
    },
    {
      "subject_id": "fdf01418-b90d-4c3b-8f26-604224b4b6fb-challenges-7",
      "relation": "at",
      "object_id": "fdf01418-b90d-4c3b-8f26-604224b4b6fb-methods-16-applicability-17"
    },
    {
      "subject_id": "fdf01418-b90d-4c3b-8f26-604224b4b6fb-challenges-7",
      "relation": "is",
      "object_id": "fdf01418-b90d-4c3b-8f26-604224b4b6fb-related-13"
    },
    {
      "subject_id": "fdf01418-b90d-4c3b-8f26-604224b4b6fb-challenges-7",
      "relation": "of",
      "object_id": "fdf01418-b90d-4c3b-8f26-604224b4b6fb-Pre-salt-27-Cluster-28"
    }
  ],
  "links": {
    "fdf01418-b90d-4c3b-8f26-604224b4b6fb-oil-15": [],
    "fdf01418-b90d-4c3b-8f26-604224b4b6fb-quality-19": [],
    "fdf01418-b90d-4c3b-8f26-604224b4b6fb-Santos-2-Basin-3-Pre-salt-4-reservoirs-5": [],
    "NE-COUNTRY-Brazil": [],
    "fdf01418-b90d-4c3b-8f26-604224b4b6fb-those-27": [],
    "fdf01418-b90d-4c3b-8f26-604224b4b6fb-CO2-22-concentrations-23": [],
    "fdf01418-b90d-4c3b-8f26-604224b4b6fb-located-7": [],
    "fdf01418-b90d-4c3b-8f26-604224b4b6fb-found-29": [],
    "fdf01418-b90d-4c3b-8f26-604224b4b6fb-other-31": [],
    "fdf01418-b90d-4c3b-8f26-604224b4b6fb-generally-28": [],
    "NE-NATIONALITY-Brazilian": [],
    "fdf01418-b90d-4c3b-8f26-604224b4b6fb-good-18": [],
    "fdf01418-b90d-4c3b-8f26-604224b4b6fb-fields-33": [],
    "fdf01418-b90d-4c3b-8f26-604224b4b6fb-offshore-10": [],
    "fdf01418-b90d-4c3b-8f26-604224b4b6fb-higher-25": [],
    "fdf01418-b90d-4c3b-8f26-604224b4b6fb-deepwater-9": [],
    "NE-STATE_OR_PROVINCE-CO": [],
    "NE-TITLE-layer": [],
    "NE-MISC-Pre-salt": [],
    "fdf01418-b90d-4c3b-8f26-604224b4b6fb-injection-26-scenario-27": [],
    "fdf01418-b90d-4c3b-8f26-604224b4b6fb-oil-35-recovery-36": [],
    "fdf01418-b90d-4c3b-8f26-604224b4b6fb-2-25": [
      "fdf01418-b90d-4c3b-8f26-604224b4b6fb-2-13"
    ],
    "fdf01418-b90d-4c3b-8f26-604224b4b6fb-atmosphere-21": [],
    "fdf01418-b90d-4c3b-8f26-604224b4b6fb-2-13": [
      "fdf01418-b90d-4c3b-8f26-604224b4b6fb-2-25"
    ],
    "fdf01418-b90d-4c3b-8f26-604224b4b6fb-monitoring-3-program-4": [],
    "fdf01418-b90d-4c3b-8f26-604224b4b6fb-is-5-considered-7": [],
    "fdf01418-b90d-4c3b-8f26-604224b4b6fb-extensive-2": [],
    "fdf01418-b90d-4c3b-8f26-604224b4b6fb-challenges-6": [],
    "fdf01418-b90d-4c3b-8f26-604224b4b6fb-CO2-12-monitoring-13": [
      "fdf01418-b90d-4c3b-8f26-604224b4b6fb-CO2-20-storage-21-monitoring-22"
    ],
    "fdf01418-b90d-4c3b-8f26-604224b4b6fb-several-5": [],
    "fdf01418-b90d-4c3b-8f26-604224b4b6fb-conditions-17": [],
    "fdf01418-b90d-4c3b-8f26-604224b4b6fb-such-15-adverse-16-conditions-17-as-18-Presalt-20-reservoirs-21": [],
    "fdf01418-b90d-4c3b-8f26-604224b4b6fb-such-15": [],
    "fdf01418-b90d-4c3b-8f26-604224b4b6fb-adverse-16": [],
    "fdf01418-b90d-4c3b-8f26-604224b4b6fb-Presalt-20-reservoirs-21": [],
    "fdf01418-b90d-4c3b-8f26-604224b4b6fb-maturity-17": [],
    "fdf01418-b90d-4c3b-8f26-604224b4b6fb-applicability-19": [],
    "fdf01418-b90d-4c3b-8f26-604224b4b6fb-will-44-initiatives-46-of-47-PRO-CO2-49-technological-50-program-51": [],
    "NE-ORGANIZATION-PETROBRAS-Research-Center": [],
    "fdf01418-b90d-4c3b-8f26-604224b4b6fb-paper-2": [],
    "fdf01418-b90d-4c3b-8f26-604224b4b6fb-challenges-7": [],
    "NE-ORGANIZATION-PETROBRAS": [],
    "fdf01418-b90d-4c3b-8f26-604224b4b6fb-CO2-20-storage-21-monitoring-22": [
      "fdf01418-b90d-4c3b-8f26-604224b4b6fb-CO2-12-monitoring-13"
    ],
    "fdf01418-b90d-4c3b-8f26-604224b4b6fb-Pre-salt-27-Cluster-28": [],
    "NE-CITY-Santos": [],
    "NE-LOCATION-Basin": [],
    "fdf01418-b90d-4c3b-8f26-604224b4b6fb-technological-6": [],
    "fdf01418-b90d-4c3b-8f26-604224b4b6fb-main-5": [],
    "fdf01418-b90d-4c3b-8f26-604224b4b6fb-strategies-33": [],
    "fdf01418-b90d-4c3b-8f26-604224b4b6fb-problems-38": [],
    "fdf01418-b90d-4c3b-8f26-604224b4b6fb-methods-16-applicability-17": [],
    "fdf01418-b90d-4c3b-8f26-604224b4b6fb-related-13": []
  }
}