{
  "document": "D:/Projetos/PIRA_KG/documents/onu_85052916893.txt",
  "entities": {
    "NE-CITY-Rio-Grande": "Rio Grande",
    "390e8152-252c-4c33-856b-035e5f48ed3e-Norte-33": "Norte",
    "390e8152-252c-4c33-856b-035e5f48ed3e-distribution-11": "distribution",
    "390e8152-252c-4c33-856b-035e5f48ed3e-years-41": "years",
    "390e8152-252c-4c33-856b-035e5f48ed3e-objective-2": "objective",
    "390e8152-252c-4c33-856b-035e5f48ed3e-outfall-20-estuarine-21": "outfall estuarine",
    "NE-TITLE-River": "River",
    "390e8152-252c-4c33-856b-035e5f48ed3e-Apodi-24-Mossoró-26": "Apodi Mossoró",
    "390e8152-252c-4c33-856b-035e5f48ed3e-Permanent-15-Preservation-16-Areas-17": "Permanent Preservation Areas",
    "NE-DATE-the-years-1965": "the years 1965",
    "NE-COUNTRY-Brazil": "Brazil",
    "390e8152-252c-4c33-856b-035e5f48ed3e-article-5": "article",
    "390e8152-252c-4c33-856b-035e5f48ed3e-spatial-10": "spatial",
    "390e8152-252c-4c33-856b-035e5f48ed3e-environmental-48-legislation-49": "environmental legislation",
    "390e8152-252c-4c33-856b-035e5f48ed3e-it-5": "it",
    "390e8152-252c-4c33-856b-035e5f48ed3e-zoning-11-changes-12": "zoning changes",
    "390e8152-252c-4c33-856b-035e5f48ed3e-way-3": "way",
    "390e8152-252c-4c33-856b-035e5f48ed3e-land-14-use-15-landcover-17": "land use landcover",
    "390e8152-252c-4c33-856b-035e5f48ed3e-possible-7": "possible",
    "390e8152-252c-4c33-856b-035e5f48ed3e-projected-10": "projected",
    "390e8152-252c-4c33-856b-035e5f48ed3e-methodology-2": "methodology",
    "390e8152-252c-4c33-856b-035e5f48ed3e-reconstruction-5": "reconstruction",
    "390e8152-252c-4c33-856b-035e5f48ed3e-scenarios-7": "scenarios",
    "390e8152-252c-4c33-856b-035e5f48ed3e-norms-10": "norms",
    "390e8152-252c-4c33-856b-035e5f48ed3e-products-20": "products",
    "390e8152-252c-4c33-856b-035e5f48ed3e-generated-16": "generated",
    "390e8152-252c-4c33-856b-035e5f48ed3e-remote-18": "remote",
    "390e8152-252c-4c33-856b-035e5f48ed3e-sensing-19": "sensing",
    "390e8152-252c-4c33-856b-035e5f48ed3e-Digital-1-Image-2-Processing-3-techniques-4": "Digital Image Processing techniques",
    "390e8152-252c-4c33-856b-035e5f48ed3e-land-9-use-10-land-12-cover-13-categories-14": "land use land cover categories",
    "390e8152-252c-4c33-856b-035e5f48ed3e-period-25": "period",
    "390e8152-252c-4c33-856b-035e5f48ed3e-used-6": "used",
    "390e8152-252c-4c33-856b-035e5f48ed3e-observed-4": "observed",
    "390e8152-252c-4c33-856b-035e5f48ed3e-loss-6": "loss",
    "390e8152-252c-4c33-856b-035e5f48ed3e-1,907.09-8": "1,907.09",
    "390e8152-252c-4c33-856b-035e5f48ed3e-change-3": "change",
    "390e8152-252c-4c33-856b-035e5f48ed3e-largest-2": "largest",
    "390e8152-252c-4c33-856b-035e5f48ed3e-environment-4": "environment",
    "390e8152-252c-4c33-856b-035e5f48ed3e-lack-9": "lack",
    "NE-NATIONALITY-brazilian": "brazilian",
    "390e8152-252c-4c33-856b-035e5f48ed3e-legislation-13": "legislation",
    "390e8152-252c-4c33-856b-035e5f48ed3e-more-11": "more",
    "390e8152-252c-4c33-856b-035e5f48ed3e-estuarine-3": "estuarine",
    "390e8152-252c-4c33-856b-035e5f48ed3e-specific-12": "specific",
    "390e8152-252c-4c33-856b-035e5f48ed3e-best-15": "best",
    "390e8152-252c-4c33-856b-035e5f48ed3e-wetlands-17": "wetlands",
    "390e8152-252c-4c33-856b-035e5f48ed3e-Preservation-2-Areas-3": "Preservation Areas",
    "390e8152-252c-4c33-856b-035e5f48ed3e-quality-9": "quality",
    "390e8152-252c-4c33-856b-035e5f48ed3e-study-17-area-18": "study area",
    "390e8152-252c-4c33-856b-035e5f48ed3e-environmental-8": "environmental",
    "390e8152-252c-4c33-856b-035e5f48ed3e-unsufficient-5": "unsufficient",
    "390e8152-252c-4c33-856b-035e5f48ed3e-coastal-12": "coastal",
    "390e8152-252c-4c33-856b-035e5f48ed3e-especially-15": "especially",
    "390e8152-252c-4c33-856b-035e5f48ed3e-region-13": "region",
    "390e8152-252c-4c33-856b-035e5f48ed3e-Permanent-1": "Permanent"
  },
  "graph": [
    {
      "subject_id": "NE-CITY-Rio-Grande",
      "relation": "do",
      "object_id": "390e8152-252c-4c33-856b-035e5f48ed3e-Norte-33"
    },
    {
      "subject_id": "NE-CITY-Rio-Grande",
      "relation": "at",
      "object_id": "390e8152-252c-4c33-856b-035e5f48ed3e-distribution-11"
    },
    {
      "subject_id": "390e8152-252c-4c33-856b-035e5f48ed3e-Norte-33",
      "relation": "of",
      "object_id": "390e8152-252c-4c33-856b-035e5f48ed3e-years-41"
    },
    {
      "subject_id": "390e8152-252c-4c33-856b-035e5f48ed3e-objective-2",
      "relation": "quantify Permanent Preservation Areas in",
      "object_id": "390e8152-252c-4c33-856b-035e5f48ed3e-outfall-20-estuarine-21"
    },
    {
      "subject_id": "390e8152-252c-4c33-856b-035e5f48ed3e-outfall-20-estuarine-21",
      "relation": "of",
      "object_id": "NE-TITLE-River"
    },
    {
      "subject_id": "390e8152-252c-4c33-856b-035e5f48ed3e-outfall-20-estuarine-21",
      "relation": "case",
      "object_id": "390e8152-252c-4c33-856b-035e5f48ed3e-Apodi-24-Mossoró-26"
    },
    {
      "subject_id": "390e8152-252c-4c33-856b-035e5f48ed3e-objective-2",
      "relation": "quantify",
      "object_id": "390e8152-252c-4c33-856b-035e5f48ed3e-Permanent-15-Preservation-16-Areas-17"
    },
    {
      "subject_id": "390e8152-252c-4c33-856b-035e5f48ed3e-objective-2",
      "relation": "is evaluate",
      "object_id": "390e8152-252c-4c33-856b-035e5f48ed3e-distribution-11"
    },
    {
      "subject_id": "NE-DATE-the-years-1965",
      "relation": "for Norte is",
      "object_id": "NE-COUNTRY-Brazil"
    },
    {
      "subject_id": "390e8152-252c-4c33-856b-035e5f48ed3e-distribution-11",
      "relation": "objective of",
      "object_id": "390e8152-252c-4c33-856b-035e5f48ed3e-article-5"
    },
    {
      "subject_id": "390e8152-252c-4c33-856b-035e5f48ed3e-distribution-11",
      "relation": "is",
      "object_id": "390e8152-252c-4c33-856b-035e5f48ed3e-spatial-10"
    },
    {
      "subject_id": "390e8152-252c-4c33-856b-035e5f48ed3e-objective-2",
      "relation": "is evaluate distribution in",
      "object_id": "NE-CITY-Rio-Grande"
    },
    {
      "subject_id": "390e8152-252c-4c33-856b-035e5f48ed3e-environmental-48-legislation-49",
      "relation": "according Norte is",
      "object_id": "NE-COUNTRY-Brazil"
    },
    {
      "subject_id": "390e8152-252c-4c33-856b-035e5f48ed3e-it-5",
      "relation": "compare",
      "object_id": "390e8152-252c-4c33-856b-035e5f48ed3e-zoning-11-changes-12"
    },
    {
      "subject_id": "390e8152-252c-4c33-856b-035e5f48ed3e-it-5",
      "relation": "was possible In",
      "object_id": "390e8152-252c-4c33-856b-035e5f48ed3e-way-3"
    },
    {
      "subject_id": "390e8152-252c-4c33-856b-035e5f48ed3e-zoning-11-changes-12",
      "relation": "of",
      "object_id": "390e8152-252c-4c33-856b-035e5f48ed3e-land-14-use-15-landcover-17"
    },
    {
      "subject_id": "390e8152-252c-4c33-856b-035e5f48ed3e-it-5",
      "relation": "was",
      "object_id": "390e8152-252c-4c33-856b-035e5f48ed3e-possible-7"
    },
    {
      "subject_id": "390e8152-252c-4c33-856b-035e5f48ed3e-zoning-11-changes-12",
      "relation": "is",
      "object_id": "390e8152-252c-4c33-856b-035e5f48ed3e-projected-10"
    },
    {
      "subject_id": "390e8152-252c-4c33-856b-035e5f48ed3e-methodology-2",
      "relation": "involved",
      "object_id": "390e8152-252c-4c33-856b-035e5f48ed3e-reconstruction-5"
    },
    {
      "subject_id": "390e8152-252c-4c33-856b-035e5f48ed3e-reconstruction-5",
      "relation": "of",
      "object_id": "390e8152-252c-4c33-856b-035e5f48ed3e-scenarios-7"
    },
    {
      "subject_id": "390e8152-252c-4c33-856b-035e5f48ed3e-methodology-2",
      "relation": "involved reconstruction based",
      "object_id": "390e8152-252c-4c33-856b-035e5f48ed3e-norms-10"
    },
    {
      "subject_id": "390e8152-252c-4c33-856b-035e5f48ed3e-methodology-2",
      "relation": "generated from",
      "object_id": "390e8152-252c-4c33-856b-035e5f48ed3e-products-20"
    },
    {
      "subject_id": "390e8152-252c-4c33-856b-035e5f48ed3e-norms-10",
      "relation": "at",
      "object_id": "390e8152-252c-4c33-856b-035e5f48ed3e-products-20"
    },
    {
      "subject_id": "390e8152-252c-4c33-856b-035e5f48ed3e-norms-10",
      "relation": "is",
      "object_id": "390e8152-252c-4c33-856b-035e5f48ed3e-generated-16"
    },
    {
      "subject_id": "390e8152-252c-4c33-856b-035e5f48ed3e-products-20",
      "relation": "is",
      "object_id": "390e8152-252c-4c33-856b-035e5f48ed3e-remote-18"
    },
    {
      "subject_id": "390e8152-252c-4c33-856b-035e5f48ed3e-products-20",
      "relation": "is",
      "object_id": "390e8152-252c-4c33-856b-035e5f48ed3e-sensing-19"
    },
    {
      "subject_id": "390e8152-252c-4c33-856b-035e5f48ed3e-Digital-1-Image-2-Processing-3-techniques-4",
      "relation": "map",
      "object_id": "390e8152-252c-4c33-856b-035e5f48ed3e-land-9-use-10-land-12-cover-13-categories-14"
    },
    {
      "subject_id": "390e8152-252c-4c33-856b-035e5f48ed3e-land-9-use-10-land-12-cover-13-categories-14",
      "relation": "identify boundaries in",
      "object_id": "390e8152-252c-4c33-856b-035e5f48ed3e-period-25"
    },
    {
      "subject_id": "390e8152-252c-4c33-856b-035e5f48ed3e-Digital-1-Image-2-Processing-3-techniques-4",
      "relation": "were",
      "object_id": "390e8152-252c-4c33-856b-035e5f48ed3e-used-6"
    },
    {
      "subject_id": "390e8152-252c-4c33-856b-035e5f48ed3e-observed-4",
      "relation": "indicates",
      "object_id": "390e8152-252c-4c33-856b-035e5f48ed3e-loss-6"
    },
    {
      "subject_id": "390e8152-252c-4c33-856b-035e5f48ed3e-loss-6",
      "relation": "of",
      "object_id": "390e8152-252c-4c33-856b-035e5f48ed3e-1,907.09-8"
    },
    {
      "subject_id": "390e8152-252c-4c33-856b-035e5f48ed3e-change-3",
      "relation": "indicates",
      "object_id": "390e8152-252c-4c33-856b-035e5f48ed3e-loss-6"
    },
    {
      "subject_id": "390e8152-252c-4c33-856b-035e5f48ed3e-change-3",
      "relation": "is",
      "object_id": "390e8152-252c-4c33-856b-035e5f48ed3e-largest-2"
    },
    {
      "subject_id": "390e8152-252c-4c33-856b-035e5f48ed3e-environment-4",
      "relation": "is remarked by",
      "object_id": "390e8152-252c-4c33-856b-035e5f48ed3e-lack-9"
    },
    {
      "subject_id": "390e8152-252c-4c33-856b-035e5f48ed3e-environment-4",
      "relation": "is",
      "object_id": "NE-NATIONALITY-brazilian"
    },
    {
      "subject_id": "390e8152-252c-4c33-856b-035e5f48ed3e-lack-9",
      "relation": "of",
      "object_id": "390e8152-252c-4c33-856b-035e5f48ed3e-legislation-13"
    },
    {
      "subject_id": "390e8152-252c-4c33-856b-035e5f48ed3e-lack-9",
      "relation": "at",
      "object_id": "390e8152-252c-4c33-856b-035e5f48ed3e-more-11"
    },
    {
      "subject_id": "390e8152-252c-4c33-856b-035e5f48ed3e-environment-4",
      "relation": "is",
      "object_id": "390e8152-252c-4c33-856b-035e5f48ed3e-estuarine-3"
    },
    {
      "subject_id": "390e8152-252c-4c33-856b-035e5f48ed3e-lack-9",
      "relation": "is",
      "object_id": "390e8152-252c-4c33-856b-035e5f48ed3e-specific-12"
    },
    {
      "subject_id": "390e8152-252c-4c33-856b-035e5f48ed3e-best-15",
      "relation": "protects",
      "object_id": "390e8152-252c-4c33-856b-035e5f48ed3e-wetlands-17"
    },
    {
      "subject_id": "390e8152-252c-4c33-856b-035e5f48ed3e-Preservation-2-Areas-3",
      "relation": "guarantee",
      "object_id": "390e8152-252c-4c33-856b-035e5f48ed3e-quality-9"
    },
    {
      "subject_id": "390e8152-252c-4c33-856b-035e5f48ed3e-Preservation-2-Areas-3",
      "relation": "guarantee quality in",
      "object_id": "390e8152-252c-4c33-856b-035e5f48ed3e-study-17-area-18"
    },
    {
      "subject_id": "390e8152-252c-4c33-856b-035e5f48ed3e-quality-9",
      "relation": "is",
      "object_id": "390e8152-252c-4c33-856b-035e5f48ed3e-environmental-8"
    },
    {
      "subject_id": "390e8152-252c-4c33-856b-035e5f48ed3e-Preservation-2-Areas-3",
      "relation": "are",
      "object_id": "390e8152-252c-4c33-856b-035e5f48ed3e-unsufficient-5"
    },
    {
      "subject_id": "390e8152-252c-4c33-856b-035e5f48ed3e-quality-9",
      "relation": "is",
      "object_id": "390e8152-252c-4c33-856b-035e5f48ed3e-coastal-12"
    },
    {
      "subject_id": "390e8152-252c-4c33-856b-035e5f48ed3e-study-17-area-18",
      "relation": "at",
      "object_id": "390e8152-252c-4c33-856b-035e5f48ed3e-especially-15"
    },
    {
      "subject_id": "390e8152-252c-4c33-856b-035e5f48ed3e-quality-9",
      "relation": "of",
      "object_id": "390e8152-252c-4c33-856b-035e5f48ed3e-region-13"
    },
    {
      "subject_id": "390e8152-252c-4c33-856b-035e5f48ed3e-Preservation-2-Areas-3",
      "relation": "is",
      "object_id": "390e8152-252c-4c33-856b-035e5f48ed3e-Permanent-1"
    }
  ],
  "links": {
    "NE-CITY-Rio-Grande": [],
    "390e8152-252c-4c33-856b-035e5f48ed3e-Norte-33": [],
    "390e8152-252c-4c33-856b-035e5f48ed3e-distribution-11": [],
    "390e8152-252c-4c33-856b-035e5f48ed3e-years-41": [],
    "390e8152-252c-4c33-856b-035e5f48ed3e-objective-2": [],
    "390e8152-252c-4c33-856b-035e5f48ed3e-outfall-20-estuarine-21": [],
    "NE-TITLE-River": [],
    "390e8152-252c-4c33-856b-035e5f48ed3e-Apodi-24-Mossoró-26": [],
    "390e8152-252c-4c33-856b-035e5f48ed3e-Permanent-15-Preservation-16-Areas-17": [],
    "NE-DATE-the-years-1965": [],
    "NE-COUNTRY-Brazil": [],
    "390e8152-252c-4c33-856b-035e5f48ed3e-article-5": [],
    "390e8152-252c-4c33-856b-035e5f48ed3e-spatial-10": [],
    "390e8152-252c-4c33-856b-035e5f48ed3e-environmental-48-legislation-49": [],
    "390e8152-252c-4c33-856b-035e5f48ed3e-it-5": [],
    "390e8152-252c-4c33-856b-035e5f48ed3e-zoning-11-changes-12": [],
    "390e8152-252c-4c33-856b-035e5f48ed3e-way-3": [],
    "390e8152-252c-4c33-856b-035e5f48ed3e-land-14-use-15-landcover-17": [],
    "390e8152-252c-4c33-856b-035e5f48ed3e-possible-7": [],
    "390e8152-252c-4c33-856b-035e5f48ed3e-projected-10": [],
    "390e8152-252c-4c33-856b-035e5f48ed3e-methodology-2": [],
    "390e8152-252c-4c33-856b-035e5f48ed3e-reconstruction-5": [],
    "390e8152-252c-4c33-856b-035e5f48ed3e-scenarios-7": [],
    "390e8152-252c-4c33-856b-035e5f48ed3e-norms-10": [],
    "390e8152-252c-4c33-856b-035e5f48ed3e-products-20": [],
    "390e8152-252c-4c33-856b-035e5f48ed3e-generated-16": [],
    "390e8152-252c-4c33-856b-035e5f48ed3e-remote-18": [],
    "390e8152-252c-4c33-856b-035e5f48ed3e-sensing-19": [],
    "390e8152-252c-4c33-856b-035e5f48ed3e-Digital-1-Image-2-Processing-3-techniques-4": [],
    "390e8152-252c-4c33-856b-035e5f48ed3e-land-9-use-10-land-12-cover-13-categories-14": [],
    "390e8152-252c-4c33-856b-035e5f48ed3e-period-25": [],
    "390e8152-252c-4c33-856b-035e5f48ed3e-used-6": [],
    "390e8152-252c-4c33-856b-035e5f48ed3e-observed-4": [],
    "390e8152-252c-4c33-856b-035e5f48ed3e-loss-6": [],
    "390e8152-252c-4c33-856b-035e5f48ed3e-1,907.09-8": [],
    "390e8152-252c-4c33-856b-035e5f48ed3e-change-3": [],
    "390e8152-252c-4c33-856b-035e5f48ed3e-largest-2": [],
    "390e8152-252c-4c33-856b-035e5f48ed3e-environment-4": [],
    "390e8152-252c-4c33-856b-035e5f48ed3e-lack-9": [],
    "NE-NATIONALITY-brazilian": [],
    "390e8152-252c-4c33-856b-035e5f48ed3e-legislation-13": [],
    "390e8152-252c-4c33-856b-035e5f48ed3e-more-11": [],
    "390e8152-252c-4c33-856b-035e5f48ed3e-estuarine-3": [],
    "390e8152-252c-4c33-856b-035e5f48ed3e-specific-12": [],
    "390e8152-252c-4c33-856b-035e5f48ed3e-best-15": [],
    "390e8152-252c-4c33-856b-035e5f48ed3e-wetlands-17": [],
    "390e8152-252c-4c33-856b-035e5f48ed3e-Preservation-2-Areas-3": [],
    "390e8152-252c-4c33-856b-035e5f48ed3e-quality-9": [],
    "390e8152-252c-4c33-856b-035e5f48ed3e-study-17-area-18": [],
    "390e8152-252c-4c33-856b-035e5f48ed3e-environmental-8": [],
    "390e8152-252c-4c33-856b-035e5f48ed3e-unsufficient-5": [],
    "390e8152-252c-4c33-856b-035e5f48ed3e-coastal-12": [],
    "390e8152-252c-4c33-856b-035e5f48ed3e-especially-15": [],
    "390e8152-252c-4c33-856b-035e5f48ed3e-region-13": [],
    "390e8152-252c-4c33-856b-035e5f48ed3e-Permanent-1": []
  }
}