{
  "document": "D:/Projetos/PIRA_KG/documents/onu_84907991224.txt",
  "entities": {
    "aa0f11b2-51d8-47d3-b008-1f8084ee1df7-sciences-14": "sciences",
    "aa0f11b2-51d8-47d3-b008-1f8084ee1df7-established-19": "established",
    "aa0f11b2-51d8-47d3-b008-1f8084ee1df7-oceanographic-13": "oceanographic",
    "aa0f11b2-51d8-47d3-b008-1f8084ee1df7-firmly-18": "firmly",
    "NE-COUNTRY-Brazil": "Brazil",
    "aa0f11b2-51d8-47d3-b008-1f8084ee1df7-goal-3": "goal",
    "aa0f11b2-51d8-47d3-b008-1f8084ee1df7-analysis-12": "analysis",
    "aa0f11b2-51d8-47d3-b008-1f8084ee1df7-main-2": "main",
    "aa0f11b2-51d8-47d3-b008-1f8084ee1df7-preliminary-11": "preliminary",
    "aa0f11b2-51d8-47d3-b008-1f8084ee1df7-process-15": "process",
    "aa0f11b2-51d8-47d3-b008-1f8084ee1df7-it-42": "it",
    "aa0f11b2-51d8-47d3-b008-1f8084ee1df7-part-49": "part",
    "aa0f11b2-51d8-47d3-b008-1f8084ee1df7-University-52": "University",
    "NE-ORGANIZATION-Instituto-Paulista-de-Oceanografia-(Paulista-Institute-of-Oceanography": "Instituto Paulista de Oceanografia ( Paulista Institute of Oceanography",
    "aa0f11b2-51d8-47d3-b008-1f8084ee1df7-oceanographic-39-research-40": "oceanographic research",
    "NE-ORGANIZATION-Instituto-Oceanográfico-da-Universidade-de-São-Paulo": "Instituto Oceanográfico da Universidade de São Paulo",
    "aa0f11b2-51d8-47d3-b008-1f8084ee1df7-Oceanographic-74-Institute-75": "Oceanographic Institute",
    "aa0f11b2-51d8-47d3-b008-1f8084ee1df7-São-80-Paulo-81": "São Paulo",
    "aa0f11b2-51d8-47d3-b008-1f8084ee1df7-institution-37": "institution",
    "NE-ORDINAL-first": "first",
    "aa0f11b2-51d8-47d3-b008-1f8084ee1df7-article-6": "article",
    "aa0f11b2-51d8-47d3-b008-1f8084ee1df7-focusing-17": "focusing",
    "aa0f11b2-51d8-47d3-b008-1f8084ee1df7-contribution-20": "contribution",
    "NE-DATE-1946": "1946",
    "aa0f11b2-51d8-47d3-b008-1f8084ee1df7-University-78": "University",
    "NE-ORGANIZATION-University-of-São-Paulo": "University of São Paulo",
    "NE-DATE-1951": "1951",
    "aa0f11b2-51d8-47d3-b008-1f8084ee1df7-the-77": "the",
    "aa0f11b2-51d8-47d3-b008-1f8084ee1df7-São-54": "São",
    "aa0f11b2-51d8-47d3-b008-1f8084ee1df7-founded-44": "founded",
    "aa0f11b2-51d8-47d3-b008-1f8084ee1df7-facility-14": "facility",
    "aa0f11b2-51d8-47d3-b008-1f8084ee1df7-early-16-research-17-staff-18": "early research staff",
    "NE-PERSON-Wladimir-Besnard": "Wladimir Besnard",
    "NE-PERSON-Ingvar-Emilsson": "Ingvar Emilsson"
  },
  "graph": [
    {
      "subject_id": "aa0f11b2-51d8-47d3-b008-1f8084ee1df7-sciences-14",
      "relation": "became",
      "object_id": "aa0f11b2-51d8-47d3-b008-1f8084ee1df7-established-19"
    },
    {
      "subject_id": "aa0f11b2-51d8-47d3-b008-1f8084ee1df7-sciences-14",
      "relation": "is",
      "object_id": "aa0f11b2-51d8-47d3-b008-1f8084ee1df7-oceanographic-13"
    },
    {
      "subject_id": "aa0f11b2-51d8-47d3-b008-1f8084ee1df7-established-19",
      "relation": "at",
      "object_id": "aa0f11b2-51d8-47d3-b008-1f8084ee1df7-firmly-18"
    },
    {
      "subject_id": "aa0f11b2-51d8-47d3-b008-1f8084ee1df7-established-19",
      "relation": "at",
      "object_id": "NE-COUNTRY-Brazil"
    },
    {
      "subject_id": "aa0f11b2-51d8-47d3-b008-1f8084ee1df7-goal-3",
      "relation": "is offer",
      "object_id": "aa0f11b2-51d8-47d3-b008-1f8084ee1df7-analysis-12"
    },
    {
      "subject_id": "aa0f11b2-51d8-47d3-b008-1f8084ee1df7-goal-3",
      "relation": "is",
      "object_id": "aa0f11b2-51d8-47d3-b008-1f8084ee1df7-main-2"
    },
    {
      "subject_id": "aa0f11b2-51d8-47d3-b008-1f8084ee1df7-analysis-12",
      "relation": "is",
      "object_id": "aa0f11b2-51d8-47d3-b008-1f8084ee1df7-preliminary-11"
    },
    {
      "subject_id": "aa0f11b2-51d8-47d3-b008-1f8084ee1df7-analysis-12",
      "relation": "of",
      "object_id": "aa0f11b2-51d8-47d3-b008-1f8084ee1df7-process-15"
    },
    {
      "subject_id": "aa0f11b2-51d8-47d3-b008-1f8084ee1df7-it-42",
      "relation": "became",
      "object_id": "aa0f11b2-51d8-47d3-b008-1f8084ee1df7-part-49"
    },
    {
      "subject_id": "aa0f11b2-51d8-47d3-b008-1f8084ee1df7-part-49",
      "relation": "of",
      "object_id": "aa0f11b2-51d8-47d3-b008-1f8084ee1df7-University-52"
    },
    {
      "subject_id": "NE-ORGANIZATION-Instituto-Paulista-de-Oceanografia-(Paulista-Institute-of-Oceanography",
      "relation": "institution for",
      "object_id": "aa0f11b2-51d8-47d3-b008-1f8084ee1df7-oceanographic-39-research-40"
    },
    {
      "subject_id": "aa0f11b2-51d8-47d3-b008-1f8084ee1df7-it-42",
      "relation": "was renamed",
      "object_id": "NE-ORGANIZATION-Instituto-Oceanográfico-da-Universidade-de-São-Paulo"
    },
    {
      "subject_id": "aa0f11b2-51d8-47d3-b008-1f8084ee1df7-it-42",
      "relation": "was renamed",
      "object_id": "aa0f11b2-51d8-47d3-b008-1f8084ee1df7-Oceanographic-74-Institute-75"
    },
    {
      "subject_id": "aa0f11b2-51d8-47d3-b008-1f8084ee1df7-Oceanographic-74-Institute-75",
      "relation": "of",
      "object_id": "aa0f11b2-51d8-47d3-b008-1f8084ee1df7-São-80-Paulo-81"
    },
    {
      "subject_id": "NE-COUNTRY-Brazil",
      "relation": "’s",
      "object_id": "aa0f11b2-51d8-47d3-b008-1f8084ee1df7-institution-37"
    },
    {
      "subject_id": "aa0f11b2-51d8-47d3-b008-1f8084ee1df7-institution-37",
      "relation": "of",
      "object_id": "aa0f11b2-51d8-47d3-b008-1f8084ee1df7-oceanographic-39-research-40"
    },
    {
      "subject_id": "aa0f11b2-51d8-47d3-b008-1f8084ee1df7-institution-37",
      "relation": "is",
      "object_id": "NE-ORDINAL-first"
    },
    {
      "subject_id": "aa0f11b2-51d8-47d3-b008-1f8084ee1df7-analysis-12",
      "relation": "main goal of",
      "object_id": "aa0f11b2-51d8-47d3-b008-1f8084ee1df7-article-6"
    },
    {
      "subject_id": "aa0f11b2-51d8-47d3-b008-1f8084ee1df7-goal-3",
      "relation": "is offer analysis by",
      "object_id": "aa0f11b2-51d8-47d3-b008-1f8084ee1df7-focusing-17"
    },
    {
      "subject_id": "aa0f11b2-51d8-47d3-b008-1f8084ee1df7-focusing-17",
      "relation": "of",
      "object_id": "aa0f11b2-51d8-47d3-b008-1f8084ee1df7-contribution-20"
    },
    {
      "subject_id": "aa0f11b2-51d8-47d3-b008-1f8084ee1df7-it-42",
      "relation": "was founded in",
      "object_id": "NE-DATE-1946"
    },
    {
      "subject_id": "NE-ORGANIZATION-Instituto-Paulista-de-Oceanografia-(Paulista-Institute-of-Oceanography",
      "relation": "institution ’s",
      "object_id": "NE-COUNTRY-Brazil"
    },
    {
      "subject_id": "aa0f11b2-51d8-47d3-b008-1f8084ee1df7-Oceanographic-74-Institute-75",
      "relation": "of",
      "object_id": "aa0f11b2-51d8-47d3-b008-1f8084ee1df7-University-78"
    },
    {
      "subject_id": "NE-ORGANIZATION-University-of-São-Paulo",
      "relation": "is in",
      "object_id": "NE-DATE-1951"
    },
    {
      "subject_id": "NE-ORGANIZATION-University-of-São-Paulo",
      "relation": "Paulo in",
      "object_id": "NE-DATE-1951"
    },
    {
      "subject_id": "NE-ORGANIZATION-Instituto-Oceanográfico-da-Universidade-de-São-Paulo",
      "relation": "is",
      "object_id": "aa0f11b2-51d8-47d3-b008-1f8084ee1df7-Oceanographic-74-Institute-75"
    },
    {
      "subject_id": "aa0f11b2-51d8-47d3-b008-1f8084ee1df7-Oceanographic-74-Institute-75",
      "relation": "det",
      "object_id": "aa0f11b2-51d8-47d3-b008-1f8084ee1df7-the-77"
    },
    {
      "subject_id": "aa0f11b2-51d8-47d3-b008-1f8084ee1df7-part-49",
      "relation": "of",
      "object_id": "aa0f11b2-51d8-47d3-b008-1f8084ee1df7-São-54"
    },
    {
      "subject_id": "aa0f11b2-51d8-47d3-b008-1f8084ee1df7-analysis-12",
      "relation": "goal of",
      "object_id": "aa0f11b2-51d8-47d3-b008-1f8084ee1df7-article-6"
    },
    {
      "subject_id": "aa0f11b2-51d8-47d3-b008-1f8084ee1df7-it-42",
      "relation": "was",
      "object_id": "aa0f11b2-51d8-47d3-b008-1f8084ee1df7-founded-44"
    },
    {
      "subject_id": "aa0f11b2-51d8-47d3-b008-1f8084ee1df7-facility-14",
      "relation": "on",
      "object_id": "aa0f11b2-51d8-47d3-b008-1f8084ee1df7-early-16-research-17-staff-18"
    },
    {
      "subject_id": "NE-PERSON-Wladimir-Besnard",
      "relation": "is",
      "object_id": "NE-PERSON-Ingvar-Emilsson"
    }
  ],
  "links": {
    "aa0f11b2-51d8-47d3-b008-1f8084ee1df7-sciences-14": [],
    "aa0f11b2-51d8-47d3-b008-1f8084ee1df7-established-19": [],
    "aa0f11b2-51d8-47d3-b008-1f8084ee1df7-oceanographic-13": [],
    "aa0f11b2-51d8-47d3-b008-1f8084ee1df7-firmly-18": [],
    "NE-COUNTRY-Brazil": [],
    "aa0f11b2-51d8-47d3-b008-1f8084ee1df7-goal-3": [],
    "aa0f11b2-51d8-47d3-b008-1f8084ee1df7-analysis-12": [],
    "aa0f11b2-51d8-47d3-b008-1f8084ee1df7-main-2": [],
    "aa0f11b2-51d8-47d3-b008-1f8084ee1df7-preliminary-11": [],
    "aa0f11b2-51d8-47d3-b008-1f8084ee1df7-process-15": [],
    "aa0f11b2-51d8-47d3-b008-1f8084ee1df7-it-42": [],
    "aa0f11b2-51d8-47d3-b008-1f8084ee1df7-part-49": [],
    "aa0f11b2-51d8-47d3-b008-1f8084ee1df7-University-52": [],
    "NE-ORGANIZATION-Instituto-Paulista-de-Oceanografia-(Paulista-Institute-of-Oceanography": [],
    "aa0f11b2-51d8-47d3-b008-1f8084ee1df7-oceanographic-39-research-40": [],
    "NE-ORGANIZATION-Instituto-Oceanográfico-da-Universidade-de-São-Paulo": [],
    "aa0f11b2-51d8-47d3-b008-1f8084ee1df7-Oceanographic-74-Institute-75": [],
    "aa0f11b2-51d8-47d3-b008-1f8084ee1df7-São-80-Paulo-81": [],
    "aa0f11b2-51d8-47d3-b008-1f8084ee1df7-institution-37": [],
    "NE-ORDINAL-first": [],
    "aa0f11b2-51d8-47d3-b008-1f8084ee1df7-article-6": [],
    "aa0f11b2-51d8-47d3-b008-1f8084ee1df7-focusing-17": [],
    "aa0f11b2-51d8-47d3-b008-1f8084ee1df7-contribution-20": [],
    "NE-DATE-1946": [],
    "aa0f11b2-51d8-47d3-b008-1f8084ee1df7-University-78": [],
    "NE-ORGANIZATION-University-of-São-Paulo": [],
    "NE-DATE-1951": [],
    "aa0f11b2-51d8-47d3-b008-1f8084ee1df7-the-77": [],
    "aa0f11b2-51d8-47d3-b008-1f8084ee1df7-São-54": [],
    "aa0f11b2-51d8-47d3-b008-1f8084ee1df7-founded-44": [],
    "aa0f11b2-51d8-47d3-b008-1f8084ee1df7-facility-14": [],
    "aa0f11b2-51d8-47d3-b008-1f8084ee1df7-early-16-research-17-staff-18": [],
    "NE-PERSON-Wladimir-Besnard": [],
    "NE-PERSON-Ingvar-Emilsson": []
  }
}