{
  "document": "D:/Projetos/PIRA_KG/documents/onu_85096027479.txt",
  "entities": {
    "aae7b27c-7447-41a9-8ba5-c25d32d2fc80-influence-40": "influence",
    "aae7b27c-7447-41a9-8ba5-c25d32d2fc80-southern-46-portion-47": "southern portion",
    "NE-LOCATION-Cone": "Cone",
    "NE-CITY-Rio-Grande": "Rio Grande",
    "aae7b27c-7447-41a9-8ba5-c25d32d2fc80-work-12": "work",
    "aae7b27c-7447-41a9-8ba5-c25d32d2fc80-record-5": "record",
    "aae7b27c-7447-41a9-8ba5-c25d32d2fc80-history-20": "history",
    "aae7b27c-7447-41a9-8ba5-c25d32d2fc80-paleoclimatic-17": "paleoclimatic",
    "aae7b27c-7447-41a9-8ba5-c25d32d2fc80-palynological-4": "palynological",
    "aae7b27c-7447-41a9-8ba5-c25d32d2fc80-core-7-REG-8-972-9": "core REG 972",
    "aae7b27c-7447-41a9-8ba5-c25d32d2fc80-samples-2": "samples",
    "aae7b27c-7447-41a9-8ba5-c25d32d2fc80-processed-4": "processed",
    "aae7b27c-7447-41a9-8ba5-c25d32d2fc80-studies-11": "studies",
    "aae7b27c-7447-41a9-8ba5-c25d32d2fc80-methodology-8": "methodology",
    "aae7b27c-7447-41a9-8ba5-c25d32d2fc80-Nineteen-1": "Nineteen",
    "aae7b27c-7447-41a9-8ba5-c25d32d2fc80-standard-7": "standard",
    "aae7b27c-7447-41a9-8ba5-c25d32d2fc80-palynological-10": "palynological",
    "aae7b27c-7447-41a9-8ba5-c25d32d2fc80-following-5": "following",
    "aae7b27c-7447-41a9-8ba5-c25d32d2fc80-Organic-1-matter-2-content-6": "Organic matter content",
    "aae7b27c-7447-41a9-8ba5-c25d32d2fc80-measured-8": "measured",
    "aae7b27c-7447-41a9-8ba5-c25d32d2fc80-sediments-11": "sediments",
    "NE-TITLE-model": "model",
    "aae7b27c-7447-41a9-8ba5-c25d32d2fc80-foraminiferal-13-tests-14": "foraminiferal tests",
    "aae7b27c-7447-41a9-8ba5-c25d32d2fc80-age-2": "age",
    "aae7b27c-7447-41a9-8ba5-c25d32d2fc80-benthic-12": "benthic",
    "aae7b27c-7447-41a9-8ba5-c25d32d2fc80-established-5": "established",
    "aae7b27c-7447-41a9-8ba5-c25d32d2fc80-18O-8-isotopes-9-analyses-10": "18O isotopes analyses",
    "aae7b27c-7447-41a9-8ba5-c25d32d2fc80-interval-3": "interval",
    "aae7b27c-7447-41a9-8ba5-c25d32d2fc80-interval-8": "interval",
    "aae7b27c-7447-41a9-8ba5-c25d32d2fc80-glacial-7": "glacial",
    "aae7b27c-7447-41a9-8ba5-c25d32d2fc80-studied-2": "studied",
    "aae7b27c-7447-41a9-8ba5-c25d32d2fc80-PZIa-1": "PZIa",
    "aae7b27c-7447-41a9-8ba5-c25d32d2fc80-conditions-6": "conditions",
    "NE-TITLE-drier": "drier",
    "aae7b27c-7447-41a9-8ba5-c25d32d2fc80-grassland-9": "grassland",
    "aae7b27c-7447-41a9-8ba5-c25d32d2fc80-increase-7": "increase",
    "aae7b27c-7447-41a9-8ba5-c25d32d2fc80-points-21": "points",
    "aae7b27c-7447-41a9-8ba5-c25d32d2fc80-PZIb-2": "PZIb",
    "aae7b27c-7447-41a9-8ba5-c25d32d2fc80-conditions-20": "conditions",
    "aae7b27c-7447-41a9-8ba5-c25d32d2fc80-sea-32-level-34-conditions-35": "sea level conditions",
    "NE-TITLE-marine": "marine",
    "aae7b27c-7447-41a9-8ba5-c25d32d2fc80-low-31": "low",
    "aae7b27c-7447-41a9-8ba5-c25d32d2fc80-formation-27": "formation",
    "aae7b27c-7447-41a9-8ba5-c25d32d2fc80-sedimentary-26": "sedimentary",
    "aae7b27c-7447-41a9-8ba5-c25d32d2fc80-influence-38": "influence",
    "aae7b27c-7447-41a9-8ba5-c25d32d2fc80-stronger-40": "stronger",
    "aae7b27c-7447-41a9-8ba5-c25d32d2fc80-even-29": "even",
    "aae7b27c-7447-41a9-8ba5-c25d32d2fc80-presence-7": "presence",
    "aae7b27c-7447-41a9-8ba5-c25d32d2fc80-conclusion-17": "conclusion",
    "aae7b27c-7447-41a9-8ba5-c25d32d2fc80-terrigenous-37": "terrigenous",
    "aae7b27c-7447-41a9-8ba5-c25d32d2fc80-environment-4": "environment",
    "aae7b27c-7447-41a9-8ba5-c25d32d2fc80-when-36": "when",
    "aae7b27c-7447-41a9-8ba5-c25d32d2fc80-oceanic-3": "oceanic",
    "aae7b27c-7447-41a9-8ba5-c25d32d2fc80-changes-14": "changes",
    "aae7b27c-7447-41a9-8ba5-c25d32d2fc80-period-18": "period",
    "aae7b27c-7447-41a9-8ba5-c25d32d2fc80-PZI-23": "PZI",
    "aae7b27c-7447-41a9-8ba5-c25d32d2fc80-low-20": "low",
    "aae7b27c-7447-41a9-8ba5-c25d32d2fc80-productivity-21": "productivity",
    "aae7b27c-7447-41a9-8ba5-c25d32d2fc80-period-5": "period",
    "aae7b27c-7447-41a9-8ba5-c25d32d2fc80-influence-16": "influence",
    "NE-MISC-Subantarctic-Shelf-Water": "Subantarctic Shelf Water",
    "aae7b27c-7447-41a9-8ba5-c25d32d2fc80-place-10": "place",
    "aae7b27c-7447-41a9-8ba5-c25d32d2fc80-PZII-2": "PZII"
  },
  "graph": [
    {
      "subject_id": "aae7b27c-7447-41a9-8ba5-c25d32d2fc80-influence-40",
      "relation": "is in",
      "object_id": "aae7b27c-7447-41a9-8ba5-c25d32d2fc80-southern-46-portion-47"
    },
    {
      "subject_id": "aae7b27c-7447-41a9-8ba5-c25d32d2fc80-southern-46-portion-47",
      "relation": "of",
      "object_id": "NE-LOCATION-Cone"
    },
    {
      "subject_id": "aae7b27c-7447-41a9-8ba5-c25d32d2fc80-southern-46-portion-47",
      "relation": "of",
      "object_id": "NE-CITY-Rio-Grande"
    },
    {
      "subject_id": "aae7b27c-7447-41a9-8ba5-c25d32d2fc80-work-12",
      "relation": "aimed Based",
      "object_id": "aae7b27c-7447-41a9-8ba5-c25d32d2fc80-record-5"
    },
    {
      "subject_id": "NE-LOCATION-Cone",
      "relation": "is of",
      "object_id": "NE-CITY-Rio-Grande"
    },
    {
      "subject_id": "aae7b27c-7447-41a9-8ba5-c25d32d2fc80-work-12",
      "relation": "reconstruct",
      "object_id": "aae7b27c-7447-41a9-8ba5-c25d32d2fc80-history-20"
    },
    {
      "subject_id": "aae7b27c-7447-41a9-8ba5-c25d32d2fc80-history-20",
      "relation": "is",
      "object_id": "aae7b27c-7447-41a9-8ba5-c25d32d2fc80-paleoclimatic-17"
    },
    {
      "subject_id": "aae7b27c-7447-41a9-8ba5-c25d32d2fc80-record-5",
      "relation": "is",
      "object_id": "aae7b27c-7447-41a9-8ba5-c25d32d2fc80-palynological-4"
    },
    {
      "subject_id": "aae7b27c-7447-41a9-8ba5-c25d32d2fc80-record-5",
      "relation": "of",
      "object_id": "aae7b27c-7447-41a9-8ba5-c25d32d2fc80-core-7-REG-8-972-9"
    },
    {
      "subject_id": "aae7b27c-7447-41a9-8ba5-c25d32d2fc80-samples-2",
      "relation": "were",
      "object_id": "aae7b27c-7447-41a9-8ba5-c25d32d2fc80-processed-4"
    },
    {
      "subject_id": "aae7b27c-7447-41a9-8ba5-c25d32d2fc80-processed-4",
      "relation": "at",
      "object_id": "aae7b27c-7447-41a9-8ba5-c25d32d2fc80-studies-11"
    },
    {
      "subject_id": "aae7b27c-7447-41a9-8ba5-c25d32d2fc80-samples-2",
      "relation": "were processed following",
      "object_id": "aae7b27c-7447-41a9-8ba5-c25d32d2fc80-methodology-8"
    },
    {
      "subject_id": "aae7b27c-7447-41a9-8ba5-c25d32d2fc80-samples-2",
      "relation": "amount to",
      "object_id": "aae7b27c-7447-41a9-8ba5-c25d32d2fc80-Nineteen-1"
    },
    {
      "subject_id": "aae7b27c-7447-41a9-8ba5-c25d32d2fc80-samples-2",
      "relation": "were processed for",
      "object_id": "aae7b27c-7447-41a9-8ba5-c25d32d2fc80-studies-11"
    },
    {
      "subject_id": "aae7b27c-7447-41a9-8ba5-c25d32d2fc80-methodology-8",
      "relation": "is",
      "object_id": "aae7b27c-7447-41a9-8ba5-c25d32d2fc80-standard-7"
    },
    {
      "subject_id": "aae7b27c-7447-41a9-8ba5-c25d32d2fc80-processed-4",
      "relation": "at",
      "object_id": "aae7b27c-7447-41a9-8ba5-c25d32d2fc80-methodology-8"
    },
    {
      "subject_id": "aae7b27c-7447-41a9-8ba5-c25d32d2fc80-studies-11",
      "relation": "is",
      "object_id": "aae7b27c-7447-41a9-8ba5-c25d32d2fc80-palynological-10"
    },
    {
      "subject_id": "aae7b27c-7447-41a9-8ba5-c25d32d2fc80-processed-4",
      "relation": "case",
      "object_id": "aae7b27c-7447-41a9-8ba5-c25d32d2fc80-following-5"
    },
    {
      "subject_id": "aae7b27c-7447-41a9-8ba5-c25d32d2fc80-Organic-1-matter-2-content-6",
      "relation": "was",
      "object_id": "aae7b27c-7447-41a9-8ba5-c25d32d2fc80-measured-8"
    },
    {
      "subject_id": "aae7b27c-7447-41a9-8ba5-c25d32d2fc80-Organic-1-matter-2-content-6",
      "relation": "was measured in",
      "object_id": "aae7b27c-7447-41a9-8ba5-c25d32d2fc80-sediments-11"
    },
    {
      "subject_id": "NE-TITLE-model",
      "relation": "was established in",
      "object_id": "aae7b27c-7447-41a9-8ba5-c25d32d2fc80-foraminiferal-13-tests-14"
    },
    {
      "subject_id": "NE-TITLE-model",
      "relation": "of",
      "object_id": "aae7b27c-7447-41a9-8ba5-c25d32d2fc80-age-2"
    },
    {
      "subject_id": "aae7b27c-7447-41a9-8ba5-c25d32d2fc80-foraminiferal-13-tests-14",
      "relation": "is",
      "object_id": "aae7b27c-7447-41a9-8ba5-c25d32d2fc80-benthic-12"
    },
    {
      "subject_id": "NE-TITLE-model",
      "relation": "was",
      "object_id": "aae7b27c-7447-41a9-8ba5-c25d32d2fc80-established-5"
    },
    {
      "subject_id": "NE-TITLE-model",
      "relation": "was established according",
      "object_id": "aae7b27c-7447-41a9-8ba5-c25d32d2fc80-18O-8-isotopes-9-analyses-10"
    },
    {
      "subject_id": "aae7b27c-7447-41a9-8ba5-c25d32d2fc80-interval-3",
      "relation": "corresponds to",
      "object_id": "aae7b27c-7447-41a9-8ba5-c25d32d2fc80-interval-8"
    },
    {
      "subject_id": "aae7b27c-7447-41a9-8ba5-c25d32d2fc80-interval-8",
      "relation": "is",
      "object_id": "aae7b27c-7447-41a9-8ba5-c25d32d2fc80-glacial-7"
    },
    {
      "subject_id": "aae7b27c-7447-41a9-8ba5-c25d32d2fc80-interval-3",
      "relation": "is",
      "object_id": "aae7b27c-7447-41a9-8ba5-c25d32d2fc80-studied-2"
    },
    {
      "subject_id": "aae7b27c-7447-41a9-8ba5-c25d32d2fc80-PZIa-1",
      "relation": "was characterized by",
      "object_id": "aae7b27c-7447-41a9-8ba5-c25d32d2fc80-conditions-6"
    },
    {
      "subject_id": "aae7b27c-7447-41a9-8ba5-c25d32d2fc80-conditions-6",
      "relation": "is",
      "object_id": "NE-TITLE-drier"
    },
    {
      "subject_id": "aae7b27c-7447-41a9-8ba5-c25d32d2fc80-conditions-6",
      "relation": "is with",
      "object_id": "aae7b27c-7447-41a9-8ba5-c25d32d2fc80-grassland-9"
    },
    {
      "subject_id": "aae7b27c-7447-41a9-8ba5-c25d32d2fc80-conditions-6",
      "relation": "of",
      "object_id": "aae7b27c-7447-41a9-8ba5-c25d32d2fc80-grassland-9"
    },
    {
      "subject_id": "aae7b27c-7447-41a9-8ba5-c25d32d2fc80-increase-7",
      "relation": "triplinervia",
      "object_id": "aae7b27c-7447-41a9-8ba5-c25d32d2fc80-points-21"
    },
    {
      "subject_id": "aae7b27c-7447-41a9-8ba5-c25d32d2fc80-increase-7",
      "relation": "triplinervia points During",
      "object_id": "aae7b27c-7447-41a9-8ba5-c25d32d2fc80-PZIb-2"
    },
    {
      "subject_id": "aae7b27c-7447-41a9-8ba5-c25d32d2fc80-conditions-20",
      "relation": "prevailed under",
      "object_id": "aae7b27c-7447-41a9-8ba5-c25d32d2fc80-sea-32-level-34-conditions-35"
    },
    {
      "subject_id": "aae7b27c-7447-41a9-8ba5-c25d32d2fc80-conditions-20",
      "relation": "is",
      "object_id": "NE-TITLE-marine"
    },
    {
      "subject_id": "aae7b27c-7447-41a9-8ba5-c25d32d2fc80-sea-32-level-34-conditions-35",
      "relation": "is",
      "object_id": "aae7b27c-7447-41a9-8ba5-c25d32d2fc80-low-31"
    },
    {
      "subject_id": "aae7b27c-7447-41a9-8ba5-c25d32d2fc80-conditions-20",
      "relation": "prevailed during",
      "object_id": "aae7b27c-7447-41a9-8ba5-c25d32d2fc80-formation-27"
    },
    {
      "subject_id": "aae7b27c-7447-41a9-8ba5-c25d32d2fc80-formation-27",
      "relation": "is",
      "object_id": "aae7b27c-7447-41a9-8ba5-c25d32d2fc80-sedimentary-26"
    },
    {
      "subject_id": "aae7b27c-7447-41a9-8ba5-c25d32d2fc80-influence-38",
      "relation": "was",
      "object_id": "aae7b27c-7447-41a9-8ba5-c25d32d2fc80-stronger-40"
    },
    {
      "subject_id": "aae7b27c-7447-41a9-8ba5-c25d32d2fc80-sea-32-level-34-conditions-35",
      "relation": "at",
      "object_id": "aae7b27c-7447-41a9-8ba5-c25d32d2fc80-even-29"
    },
    {
      "subject_id": "NE-LOCATION-Cone",
      "relation": "is",
      "object_id": "NE-CITY-Rio-Grande"
    },
    {
      "subject_id": "aae7b27c-7447-41a9-8ba5-c25d32d2fc80-presence-7",
      "relation": "lead to",
      "object_id": "aae7b27c-7447-41a9-8ba5-c25d32d2fc80-conclusion-17"
    },
    {
      "subject_id": "aae7b27c-7447-41a9-8ba5-c25d32d2fc80-influence-38",
      "relation": "is",
      "object_id": "aae7b27c-7447-41a9-8ba5-c25d32d2fc80-terrigenous-37"
    },
    {
      "subject_id": "aae7b27c-7447-41a9-8ba5-c25d32d2fc80-presence-7",
      "relation": "lead In",
      "object_id": "aae7b27c-7447-41a9-8ba5-c25d32d2fc80-environment-4"
    },
    {
      "subject_id": "aae7b27c-7447-41a9-8ba5-c25d32d2fc80-formation-27",
      "relation": "of",
      "object_id": "NE-LOCATION-Cone"
    },
    {
      "subject_id": "aae7b27c-7447-41a9-8ba5-c25d32d2fc80-formation-27",
      "relation": "of",
      "object_id": "NE-CITY-Rio-Grande"
    },
    {
      "subject_id": "aae7b27c-7447-41a9-8ba5-c25d32d2fc80-stronger-40",
      "relation": "at",
      "object_id": "aae7b27c-7447-41a9-8ba5-c25d32d2fc80-when-36"
    },
    {
      "subject_id": "aae7b27c-7447-41a9-8ba5-c25d32d2fc80-environment-4",
      "relation": "is",
      "object_id": "aae7b27c-7447-41a9-8ba5-c25d32d2fc80-oceanic-3"
    },
    {
      "subject_id": "aae7b27c-7447-41a9-8ba5-c25d32d2fc80-changes-14",
      "relation": "point to",
      "object_id": "aae7b27c-7447-41a9-8ba5-c25d32d2fc80-period-18"
    },
    {
      "subject_id": "aae7b27c-7447-41a9-8ba5-c25d32d2fc80-period-18",
      "relation": "of",
      "object_id": "aae7b27c-7447-41a9-8ba5-c25d32d2fc80-PZI-23"
    },
    {
      "subject_id": "aae7b27c-7447-41a9-8ba5-c25d32d2fc80-period-18",
      "relation": "is",
      "object_id": "aae7b27c-7447-41a9-8ba5-c25d32d2fc80-low-20"
    },
    {
      "subject_id": "aae7b27c-7447-41a9-8ba5-c25d32d2fc80-period-18",
      "relation": "of",
      "object_id": "aae7b27c-7447-41a9-8ba5-c25d32d2fc80-productivity-21"
    },
    {
      "subject_id": "aae7b27c-7447-41a9-8ba5-c25d32d2fc80-period-5",
      "relation": "took place because",
      "object_id": "aae7b27c-7447-41a9-8ba5-c25d32d2fc80-influence-16"
    },
    {
      "subject_id": "aae7b27c-7447-41a9-8ba5-c25d32d2fc80-influence-16",
      "relation": "of",
      "object_id": "NE-MISC-Subantarctic-Shelf-Water"
    },
    {
      "subject_id": "aae7b27c-7447-41a9-8ba5-c25d32d2fc80-period-5",
      "relation": "took",
      "object_id": "aae7b27c-7447-41a9-8ba5-c25d32d2fc80-place-10"
    },
    {
      "subject_id": "aae7b27c-7447-41a9-8ba5-c25d32d2fc80-period-5",
      "relation": "took place In",
      "object_id": "aae7b27c-7447-41a9-8ba5-c25d32d2fc80-PZII-2"
    }
  ],
  "links": {
    "aae7b27c-7447-41a9-8ba5-c25d32d2fc80-influence-40": [],
    "aae7b27c-7447-41a9-8ba5-c25d32d2fc80-southern-46-portion-47": [],
    "NE-LOCATION-Cone": [],
    "NE-CITY-Rio-Grande": [],
    "aae7b27c-7447-41a9-8ba5-c25d32d2fc80-work-12": [],
    "aae7b27c-7447-41a9-8ba5-c25d32d2fc80-record-5": [],
    "aae7b27c-7447-41a9-8ba5-c25d32d2fc80-history-20": [],
    "aae7b27c-7447-41a9-8ba5-c25d32d2fc80-paleoclimatic-17": [],
    "aae7b27c-7447-41a9-8ba5-c25d32d2fc80-palynological-4": [
      "aae7b27c-7447-41a9-8ba5-c25d32d2fc80-palynological-10"
    ],
    "aae7b27c-7447-41a9-8ba5-c25d32d2fc80-core-7-REG-8-972-9": [],
    "aae7b27c-7447-41a9-8ba5-c25d32d2fc80-samples-2": [],
    "aae7b27c-7447-41a9-8ba5-c25d32d2fc80-processed-4": [],
    "aae7b27c-7447-41a9-8ba5-c25d32d2fc80-studies-11": [],
    "aae7b27c-7447-41a9-8ba5-c25d32d2fc80-methodology-8": [],
    "aae7b27c-7447-41a9-8ba5-c25d32d2fc80-Nineteen-1": [],
    "aae7b27c-7447-41a9-8ba5-c25d32d2fc80-standard-7": [],
    "aae7b27c-7447-41a9-8ba5-c25d32d2fc80-palynological-10": [
      "aae7b27c-7447-41a9-8ba5-c25d32d2fc80-palynological-4"
    ],
    "aae7b27c-7447-41a9-8ba5-c25d32d2fc80-following-5": [],
    "aae7b27c-7447-41a9-8ba5-c25d32d2fc80-Organic-1-matter-2-content-6": [],
    "aae7b27c-7447-41a9-8ba5-c25d32d2fc80-measured-8": [],
    "aae7b27c-7447-41a9-8ba5-c25d32d2fc80-sediments-11": [],
    "NE-TITLE-model": [],
    "aae7b27c-7447-41a9-8ba5-c25d32d2fc80-foraminiferal-13-tests-14": [],
    "aae7b27c-7447-41a9-8ba5-c25d32d2fc80-age-2": [],
    "aae7b27c-7447-41a9-8ba5-c25d32d2fc80-benthic-12": [],
    "aae7b27c-7447-41a9-8ba5-c25d32d2fc80-established-5": [],
    "aae7b27c-7447-41a9-8ba5-c25d32d2fc80-18O-8-isotopes-9-analyses-10": [],
    "aae7b27c-7447-41a9-8ba5-c25d32d2fc80-interval-3": [],
    "aae7b27c-7447-41a9-8ba5-c25d32d2fc80-interval-8": [],
    "aae7b27c-7447-41a9-8ba5-c25d32d2fc80-glacial-7": [],
    "aae7b27c-7447-41a9-8ba5-c25d32d2fc80-studied-2": [],
    "aae7b27c-7447-41a9-8ba5-c25d32d2fc80-PZIa-1": [],
    "aae7b27c-7447-41a9-8ba5-c25d32d2fc80-conditions-6": [],
    "NE-TITLE-drier": [],
    "aae7b27c-7447-41a9-8ba5-c25d32d2fc80-grassland-9": [],
    "aae7b27c-7447-41a9-8ba5-c25d32d2fc80-increase-7": [],
    "aae7b27c-7447-41a9-8ba5-c25d32d2fc80-points-21": [],
    "aae7b27c-7447-41a9-8ba5-c25d32d2fc80-PZIb-2": [],
    "aae7b27c-7447-41a9-8ba5-c25d32d2fc80-conditions-20": [],
    "aae7b27c-7447-41a9-8ba5-c25d32d2fc80-sea-32-level-34-conditions-35": [],
    "NE-TITLE-marine": [],
    "aae7b27c-7447-41a9-8ba5-c25d32d2fc80-low-31": [],
    "aae7b27c-7447-41a9-8ba5-c25d32d2fc80-formation-27": [],
    "aae7b27c-7447-41a9-8ba5-c25d32d2fc80-sedimentary-26": [],
    "aae7b27c-7447-41a9-8ba5-c25d32d2fc80-influence-38": [],
    "aae7b27c-7447-41a9-8ba5-c25d32d2fc80-stronger-40": [],
    "aae7b27c-7447-41a9-8ba5-c25d32d2fc80-even-29": [],
    "aae7b27c-7447-41a9-8ba5-c25d32d2fc80-presence-7": [],
    "aae7b27c-7447-41a9-8ba5-c25d32d2fc80-conclusion-17": [],
    "aae7b27c-7447-41a9-8ba5-c25d32d2fc80-terrigenous-37": [],
    "aae7b27c-7447-41a9-8ba5-c25d32d2fc80-environment-4": [],
    "aae7b27c-7447-41a9-8ba5-c25d32d2fc80-when-36": [],
    "aae7b27c-7447-41a9-8ba5-c25d32d2fc80-oceanic-3": [],
    "aae7b27c-7447-41a9-8ba5-c25d32d2fc80-changes-14": [],
    "aae7b27c-7447-41a9-8ba5-c25d32d2fc80-period-18": [],
    "aae7b27c-7447-41a9-8ba5-c25d32d2fc80-PZI-23": [],
    "aae7b27c-7447-41a9-8ba5-c25d32d2fc80-low-20": [],
    "aae7b27c-7447-41a9-8ba5-c25d32d2fc80-productivity-21": [],
    "aae7b27c-7447-41a9-8ba5-c25d32d2fc80-period-5": [],
    "aae7b27c-7447-41a9-8ba5-c25d32d2fc80-influence-16": [],
    "NE-MISC-Subantarctic-Shelf-Water": [],
    "aae7b27c-7447-41a9-8ba5-c25d32d2fc80-place-10": [],
    "aae7b27c-7447-41a9-8ba5-c25d32d2fc80-PZII-2": []
  }
}