{
  "document": "D:/Projetos/PIRA_KG/documents/onu_85090509939.txt",
  "entities": {
    "434cbfb2-e716-43dd-abaf-4575fa516085-logs-10": "logs",
    "434cbfb2-e716-43dd-abaf-4575fa516085-Resonance-6": "Resonance",
    "434cbfb2-e716-43dd-abaf-4575fa516085-oil-18-industry-21": "oil industry",
    "434cbfb2-e716-43dd-abaf-4575fa516085-use-2": "use",
    "434cbfb2-e716-43dd-abaf-4575fa516085-Nuclear-4": "Nuclear",
    "434cbfb2-e716-43dd-abaf-4575fa516085-Magnetic-5": "Magnetic",
    "434cbfb2-e716-43dd-abaf-4575fa516085-porosity-8-estimation-9": "porosity estimation",
    "434cbfb2-e716-43dd-abaf-4575fa516085-technology-13": "technology",
    "434cbfb2-e716-43dd-abaf-4575fa516085-usaged-3": "usaged",
    "434cbfb2-e716-43dd-abaf-4575fa516085-increased-2": "increased",
    "434cbfb2-e716-43dd-abaf-4575fa516085-lithology-17": "lithology",
    "NE-RELIGION-independent": "independent",
    "434cbfb2-e716-43dd-abaf-4575fa516085-porosity-4": "porosity",
    "434cbfb2-e716-43dd-abaf-4575fa516085-can-5-associated-7": "can associated",
    "434cbfb2-e716-43dd-abaf-4575fa516085-pore-10-sizes-11": "pore sizes",
    "434cbfb2-e716-43dd-abaf-4575fa516085-different-9": "different",
    "434cbfb2-e716-43dd-abaf-4575fa516085-Additionally-1": "Additionally",
    "434cbfb2-e716-43dd-abaf-4575fa516085-fraction-9": "fraction",
    "434cbfb2-e716-43dd-abaf-4575fa516085-porosity-11": "porosity",
    "434cbfb2-e716-43dd-abaf-4575fa516085-fluid-19": "fluid",
    "434cbfb2-e716-43dd-abaf-4575fa516085-forces-22": "forces",
    "434cbfb2-e716-43dd-abaf-4575fa516085-clay-14-water-16": "clay water",
    "434cbfb2-e716-43dd-abaf-4575fa516085-bound-15": "bound",
    "434cbfb2-e716-43dd-abaf-4575fa516085-capillary-21": "capillary",
    "434cbfb2-e716-43dd-abaf-4575fa516085-bound-18": "bound",
    "434cbfb2-e716-43dd-abaf-4575fa516085-spectrum-32-of-33-T2-34-distribution-35": "spectrum of T2 distribution",
    "434cbfb2-e716-43dd-abaf-4575fa516085-can-2-divided-5": "can divided",
    "434cbfb2-e716-43dd-abaf-4575fa516085-also-3": "also",
    "434cbfb2-e716-43dd-abaf-4575fa516085-presence-4": "presence",
    "434cbfb2-e716-43dd-abaf-4575fa516085-signal-29": "signal",
    "434cbfb2-e716-43dd-abaf-4575fa516085-capillary-44": "capillary",
    "434cbfb2-e716-43dd-abaf-4575fa516085-determination-53": "determination",
    "434cbfb2-e716-43dd-abaf-4575fa516085-water-49": "water",
    "434cbfb2-e716-43dd-abaf-4575fa516085-permeability-55": "permeability",
    "434cbfb2-e716-43dd-abaf-4575fa516085-time-36": "time",
    "434cbfb2-e716-43dd-abaf-4575fa516085-Peregrino-10-reservoir-11": "Peregrino reservoir",
    "434cbfb2-e716-43dd-abaf-4575fa516085-NMR-25-interpretation-26": "NMR interpretation",
    "434cbfb2-e716-43dd-abaf-4575fa516085-bound-48": "bound",
    "434cbfb2-e716-43dd-abaf-4575fa516085-oil-14-viscosities-15-ranging-16": "oil viscosities ranging",
    "434cbfb2-e716-43dd-abaf-4575fa516085-paper-2": "paper",
    "434cbfb2-e716-43dd-abaf-4575fa516085-results-5": "results",
    "434cbfb2-e716-43dd-abaf-4575fa516085-process-4": "process",
    "434cbfb2-e716-43dd-abaf-4575fa516085-functions-7": "functions",
    "NE-ORGANIZATION-Gamma-Inversion": "Gamma Inversion",
    "434cbfb2-e716-43dd-abaf-4575fa516085-probabilistic-6": "probabilistic",
    "434cbfb2-e716-43dd-abaf-4575fa516085-ones-12": "ones",
    "434cbfb2-e716-43dd-abaf-4575fa516085-exponential-11": "exponential"
  },
  "graph": [
    {
      "subject_id": "434cbfb2-e716-43dd-abaf-4575fa516085-logs-10",
      "relation": "has increased of",
      "object_id": "434cbfb2-e716-43dd-abaf-4575fa516085-Resonance-6"
    },
    {
      "subject_id": "434cbfb2-e716-43dd-abaf-4575fa516085-logs-10",
      "relation": "is in",
      "object_id": "434cbfb2-e716-43dd-abaf-4575fa516085-oil-18-industry-21"
    },
    {
      "subject_id": "434cbfb2-e716-43dd-abaf-4575fa516085-use-2",
      "relation": "has increased of",
      "object_id": "434cbfb2-e716-43dd-abaf-4575fa516085-Resonance-6"
    },
    {
      "subject_id": "434cbfb2-e716-43dd-abaf-4575fa516085-Resonance-6",
      "relation": "is",
      "object_id": "434cbfb2-e716-43dd-abaf-4575fa516085-Nuclear-4"
    },
    {
      "subject_id": "434cbfb2-e716-43dd-abaf-4575fa516085-Resonance-6",
      "relation": "is",
      "object_id": "434cbfb2-e716-43dd-abaf-4575fa516085-Magnetic-5"
    },
    {
      "subject_id": "434cbfb2-e716-43dd-abaf-4575fa516085-porosity-8-estimation-9",
      "relation": "provided by",
      "object_id": "434cbfb2-e716-43dd-abaf-4575fa516085-technology-13"
    },
    {
      "subject_id": "434cbfb2-e716-43dd-abaf-4575fa516085-usaged-3",
      "relation": "occurred mainly",
      "object_id": "434cbfb2-e716-43dd-abaf-4575fa516085-porosity-8-estimation-9"
    },
    {
      "subject_id": "434cbfb2-e716-43dd-abaf-4575fa516085-increased-2",
      "relation": "is independent of",
      "object_id": "434cbfb2-e716-43dd-abaf-4575fa516085-lithology-17"
    },
    {
      "subject_id": "434cbfb2-e716-43dd-abaf-4575fa516085-porosity-8-estimation-9",
      "relation": "at",
      "object_id": "434cbfb2-e716-43dd-abaf-4575fa516085-technology-13"
    },
    {
      "subject_id": "434cbfb2-e716-43dd-abaf-4575fa516085-usaged-3",
      "relation": "occurred",
      "object_id": "434cbfb2-e716-43dd-abaf-4575fa516085-porosity-8-estimation-9"
    },
    {
      "subject_id": "434cbfb2-e716-43dd-abaf-4575fa516085-increased-2",
      "relation": "is",
      "object_id": "NE-RELIGION-independent"
    },
    {
      "subject_id": "434cbfb2-e716-43dd-abaf-4575fa516085-porosity-4",
      "relation": "can",
      "object_id": "434cbfb2-e716-43dd-abaf-4575fa516085-can-5-associated-7"
    },
    {
      "subject_id": "434cbfb2-e716-43dd-abaf-4575fa516085-can-5-associated-7",
      "relation": "at",
      "object_id": "434cbfb2-e716-43dd-abaf-4575fa516085-pore-10-sizes-11"
    },
    {
      "subject_id": "434cbfb2-e716-43dd-abaf-4575fa516085-can-5-associated-7",
      "relation": "is",
      "object_id": "434cbfb2-e716-43dd-abaf-4575fa516085-different-9"
    },
    {
      "subject_id": "434cbfb2-e716-43dd-abaf-4575fa516085-can-5-associated-7",
      "relation": "at",
      "object_id": "434cbfb2-e716-43dd-abaf-4575fa516085-Additionally-1"
    },
    {
      "subject_id": "434cbfb2-e716-43dd-abaf-4575fa516085-porosity-4",
      "relation": "quantify",
      "object_id": "434cbfb2-e716-43dd-abaf-4575fa516085-fraction-9"
    },
    {
      "subject_id": "434cbfb2-e716-43dd-abaf-4575fa516085-fraction-9",
      "relation": "of",
      "object_id": "434cbfb2-e716-43dd-abaf-4575fa516085-porosity-11"
    },
    {
      "subject_id": "434cbfb2-e716-43dd-abaf-4575fa516085-porosity-4",
      "relation": "quantify",
      "object_id": "434cbfb2-e716-43dd-abaf-4575fa516085-fluid-19"
    },
    {
      "subject_id": "434cbfb2-e716-43dd-abaf-4575fa516085-fluid-19",
      "relation": "of",
      "object_id": "434cbfb2-e716-43dd-abaf-4575fa516085-forces-22"
    },
    {
      "subject_id": "434cbfb2-e716-43dd-abaf-4575fa516085-porosity-4",
      "relation": "quantify fluid for",
      "object_id": "434cbfb2-e716-43dd-abaf-4575fa516085-clay-14-water-16"
    },
    {
      "subject_id": "434cbfb2-e716-43dd-abaf-4575fa516085-clay-14-water-16",
      "relation": "is",
      "object_id": "434cbfb2-e716-43dd-abaf-4575fa516085-bound-15"
    },
    {
      "subject_id": "434cbfb2-e716-43dd-abaf-4575fa516085-fluid-19",
      "relation": "is",
      "object_id": "434cbfb2-e716-43dd-abaf-4575fa516085-capillary-21"
    },
    {
      "subject_id": "434cbfb2-e716-43dd-abaf-4575fa516085-fluid-19",
      "relation": "is",
      "object_id": "434cbfb2-e716-43dd-abaf-4575fa516085-bound-18"
    },
    {
      "subject_id": "434cbfb2-e716-43dd-abaf-4575fa516085-porosity-4",
      "relation": "quantify fraction for",
      "object_id": "434cbfb2-e716-43dd-abaf-4575fa516085-clay-14-water-16"
    },
    {
      "subject_id": "434cbfb2-e716-43dd-abaf-4575fa516085-fluid-19",
      "relation": "is in",
      "object_id": "434cbfb2-e716-43dd-abaf-4575fa516085-spectrum-32-of-33-T2-34-distribution-35"
    },
    {
      "subject_id": "434cbfb2-e716-43dd-abaf-4575fa516085-porosity-4",
      "relation": "can",
      "object_id": "434cbfb2-e716-43dd-abaf-4575fa516085-can-2-divided-5"
    },
    {
      "subject_id": "434cbfb2-e716-43dd-abaf-4575fa516085-can-2-divided-5",
      "relation": "at",
      "object_id": "434cbfb2-e716-43dd-abaf-4575fa516085-also-3"
    },
    {
      "subject_id": "434cbfb2-e716-43dd-abaf-4575fa516085-presence-4",
      "relation": "complicates NMR interpretation",
      "object_id": "434cbfb2-e716-43dd-abaf-4575fa516085-signal-29"
    },
    {
      "subject_id": "434cbfb2-e716-43dd-abaf-4575fa516085-capillary-44",
      "relation": "affecting",
      "object_id": "434cbfb2-e716-43dd-abaf-4575fa516085-determination-53"
    },
    {
      "subject_id": "434cbfb2-e716-43dd-abaf-4575fa516085-water-49",
      "relation": "affecting",
      "object_id": "434cbfb2-e716-43dd-abaf-4575fa516085-determination-53"
    },
    {
      "subject_id": "434cbfb2-e716-43dd-abaf-4575fa516085-determination-53",
      "relation": "of",
      "object_id": "434cbfb2-e716-43dd-abaf-4575fa516085-permeability-55"
    },
    {
      "subject_id": "434cbfb2-e716-43dd-abaf-4575fa516085-presence-4",
      "relation": "Nevertheless complicates NMR interpretation",
      "object_id": "434cbfb2-e716-43dd-abaf-4575fa516085-signal-29"
    },
    {
      "subject_id": "434cbfb2-e716-43dd-abaf-4575fa516085-signal-29",
      "relation": "decays with",
      "object_id": "434cbfb2-e716-43dd-abaf-4575fa516085-time-36"
    },
    {
      "subject_id": "434cbfb2-e716-43dd-abaf-4575fa516085-presence-4",
      "relation": "is in",
      "object_id": "434cbfb2-e716-43dd-abaf-4575fa516085-Peregrino-10-reservoir-11"
    },
    {
      "subject_id": "434cbfb2-e716-43dd-abaf-4575fa516085-presence-4",
      "relation": "Nevertheless complicates",
      "object_id": "434cbfb2-e716-43dd-abaf-4575fa516085-NMR-25-interpretation-26"
    },
    {
      "subject_id": "434cbfb2-e716-43dd-abaf-4575fa516085-presence-4",
      "relation": "complicates",
      "object_id": "434cbfb2-e716-43dd-abaf-4575fa516085-NMR-25-interpretation-26"
    },
    {
      "subject_id": "434cbfb2-e716-43dd-abaf-4575fa516085-water-49",
      "relation": "determination of",
      "object_id": "434cbfb2-e716-43dd-abaf-4575fa516085-permeability-55"
    },
    {
      "subject_id": "434cbfb2-e716-43dd-abaf-4575fa516085-water-49",
      "relation": "is",
      "object_id": "434cbfb2-e716-43dd-abaf-4575fa516085-bound-48"
    },
    {
      "subject_id": "434cbfb2-e716-43dd-abaf-4575fa516085-presence-4",
      "relation": "is with",
      "object_id": "434cbfb2-e716-43dd-abaf-4575fa516085-oil-14-viscosities-15-ranging-16"
    },
    {
      "subject_id": "434cbfb2-e716-43dd-abaf-4575fa516085-paper-2",
      "relation": "presents",
      "object_id": "434cbfb2-e716-43dd-abaf-4575fa516085-results-5"
    },
    {
      "subject_id": "434cbfb2-e716-43dd-abaf-4575fa516085-process-4",
      "relation": "uses",
      "object_id": "434cbfb2-e716-43dd-abaf-4575fa516085-functions-7"
    },
    {
      "subject_id": "434cbfb2-e716-43dd-abaf-4575fa516085-process-4",
      "relation": "of",
      "object_id": "NE-ORGANIZATION-Gamma-Inversion"
    },
    {
      "subject_id": "434cbfb2-e716-43dd-abaf-4575fa516085-functions-7",
      "relation": "is",
      "object_id": "434cbfb2-e716-43dd-abaf-4575fa516085-probabilistic-6"
    },
    {
      "subject_id": "434cbfb2-e716-43dd-abaf-4575fa516085-process-4",
      "relation": "uses functions instead",
      "object_id": "434cbfb2-e716-43dd-abaf-4575fa516085-ones-12"
    },
    {
      "subject_id": "434cbfb2-e716-43dd-abaf-4575fa516085-ones-12",
      "relation": "is",
      "object_id": "434cbfb2-e716-43dd-abaf-4575fa516085-exponential-11"
    }
  ],
  "links": {
    "434cbfb2-e716-43dd-abaf-4575fa516085-logs-10": [],
    "434cbfb2-e716-43dd-abaf-4575fa516085-Resonance-6": [],
    "434cbfb2-e716-43dd-abaf-4575fa516085-oil-18-industry-21": [],
    "434cbfb2-e716-43dd-abaf-4575fa516085-use-2": [],
    "434cbfb2-e716-43dd-abaf-4575fa516085-Nuclear-4": [],
    "434cbfb2-e716-43dd-abaf-4575fa516085-Magnetic-5": [],
    "434cbfb2-e716-43dd-abaf-4575fa516085-porosity-8-estimation-9": [],
    "434cbfb2-e716-43dd-abaf-4575fa516085-technology-13": [],
    "434cbfb2-e716-43dd-abaf-4575fa516085-usaged-3": [],
    "434cbfb2-e716-43dd-abaf-4575fa516085-increased-2": [],
    "434cbfb2-e716-43dd-abaf-4575fa516085-lithology-17": [],
    "NE-RELIGION-independent": [],
    "434cbfb2-e716-43dd-abaf-4575fa516085-porosity-4": [],
    "434cbfb2-e716-43dd-abaf-4575fa516085-can-5-associated-7": [],
    "434cbfb2-e716-43dd-abaf-4575fa516085-pore-10-sizes-11": [],
    "434cbfb2-e716-43dd-abaf-4575fa516085-different-9": [],
    "434cbfb2-e716-43dd-abaf-4575fa516085-Additionally-1": [],
    "434cbfb2-e716-43dd-abaf-4575fa516085-fraction-9": [],
    "434cbfb2-e716-43dd-abaf-4575fa516085-porosity-11": [],
    "434cbfb2-e716-43dd-abaf-4575fa516085-fluid-19": [],
    "434cbfb2-e716-43dd-abaf-4575fa516085-forces-22": [],
    "434cbfb2-e716-43dd-abaf-4575fa516085-clay-14-water-16": [],
    "434cbfb2-e716-43dd-abaf-4575fa516085-bound-15": [
      "434cbfb2-e716-43dd-abaf-4575fa516085-bound-48"
    ],
    "434cbfb2-e716-43dd-abaf-4575fa516085-capillary-21": [],
    "434cbfb2-e716-43dd-abaf-4575fa516085-bound-18": [
      "434cbfb2-e716-43dd-abaf-4575fa516085-bound-48"
    ],
    "434cbfb2-e716-43dd-abaf-4575fa516085-spectrum-32-of-33-T2-34-distribution-35": [],
    "434cbfb2-e716-43dd-abaf-4575fa516085-can-2-divided-5": [],
    "434cbfb2-e716-43dd-abaf-4575fa516085-also-3": [],
    "434cbfb2-e716-43dd-abaf-4575fa516085-presence-4": [],
    "434cbfb2-e716-43dd-abaf-4575fa516085-signal-29": [],
    "434cbfb2-e716-43dd-abaf-4575fa516085-capillary-44": [],
    "434cbfb2-e716-43dd-abaf-4575fa516085-determination-53": [],
    "434cbfb2-e716-43dd-abaf-4575fa516085-water-49": [],
    "434cbfb2-e716-43dd-abaf-4575fa516085-permeability-55": [],
    "434cbfb2-e716-43dd-abaf-4575fa516085-time-36": [],
    "434cbfb2-e716-43dd-abaf-4575fa516085-Peregrino-10-reservoir-11": [],
    "434cbfb2-e716-43dd-abaf-4575fa516085-NMR-25-interpretation-26": [],
    "434cbfb2-e716-43dd-abaf-4575fa516085-bound-48": [
      "434cbfb2-e716-43dd-abaf-4575fa516085-bound-15",
      "434cbfb2-e716-43dd-abaf-4575fa516085-bound-18"
    ],
    "434cbfb2-e716-43dd-abaf-4575fa516085-oil-14-viscosities-15-ranging-16": [],
    "434cbfb2-e716-43dd-abaf-4575fa516085-paper-2": [],
    "434cbfb2-e716-43dd-abaf-4575fa516085-results-5": [],
    "434cbfb2-e716-43dd-abaf-4575fa516085-process-4": [],
    "434cbfb2-e716-43dd-abaf-4575fa516085-functions-7": [],
    "NE-ORGANIZATION-Gamma-Inversion": [],
    "434cbfb2-e716-43dd-abaf-4575fa516085-probabilistic-6": [],
    "434cbfb2-e716-43dd-abaf-4575fa516085-ones-12": [],
    "434cbfb2-e716-43dd-abaf-4575fa516085-exponential-11": []
  }
}