{
  "document": "D:/Projetos/PIRA_KG/documents/onu_85060443361.txt",
  "entities": {
    "d28d3e39-9b1c-4b91-ad0e-2d9bdd1b0299-access-16-channel-17": "access channel",
    "d28d3e39-9b1c-4b91-ad0e-2d9bdd1b0299-process-21": "process",
    "NE-ORGANIZATION-Port-of-Santos": "Port of Santos",
    "d28d3e39-9b1c-4b91-ad0e-2d9bdd1b0299-intending-25": "intending",
    "d28d3e39-9b1c-4b91-ad0e-2d9bdd1b0299-deepening-23": "deepening",
    "d28d3e39-9b1c-4b91-ad0e-2d9bdd1b0299-Port-4": "Port",
    "NE-COUNTRY-America": "America",
    "NE-LOCATION-Latin": "Latin",
    "d28d3e39-9b1c-4b91-ad0e-2d9bdd1b0299-largest-9": "largest",
    "NE-DATE-Currently": "Currently",
    "d28d3e39-9b1c-4b91-ad0e-2d9bdd1b0299-significant-17-increase-18": "significant increase",
    "d28d3e39-9b1c-4b91-ad0e-2d9bdd1b0299-volume-21-of-22-maintenance-23-dredging-24": "volume of maintenance dredging",
    "d28d3e39-9b1c-4b91-ad0e-2d9bdd1b0299-dredging-14": "dredging",
    "d28d3e39-9b1c-4b91-ad0e-2d9bdd1b0299-impact-30": "impact",
    "d28d3e39-9b1c-4b91-ad0e-2d9bdd1b0299-effectiveness-11": "effectiveness",
    "d28d3e39-9b1c-4b91-ad0e-2d9bdd1b0299-curved-14": "curved",
    "d28d3e39-9b1c-4b91-ad0e-2d9bdd1b0299-study-3": "study",
    "d28d3e39-9b1c-4b91-ad0e-2d9bdd1b0299-modelling-7": "modelling",
    "NE-DATE-current": "current",
    "d28d3e39-9b1c-4b91-ad0e-2d9bdd1b0299-physical-6": "physical",
    "d28d3e39-9b1c-4b91-ad0e-2d9bdd1b0299-maintenance-18-of-19-depth-20": "maintenance of depth",
    "NE-ORGANIZATION-Santos": "Santos",
    "d28d3e39-9b1c-4b91-ad0e-2d9bdd1b0299-channel-27": "channel",
    "d28d3e39-9b1c-4b91-ad0e-2d9bdd1b0299-inlet-23-entrance-24": "inlet entrance",
    "d28d3e39-9b1c-4b91-ad0e-2d9bdd1b0299-two-13-jetties-15": "two jetties",
    "d28d3e39-9b1c-4b91-ad0e-2d9bdd1b0299-access-12-channel-13": "access channel",
    "d28d3e39-9b1c-4b91-ad0e-2d9bdd1b0299-depth-15": "depth",
    "d28d3e39-9b1c-4b91-ad0e-2d9bdd1b0299-jetties-6-layout-8": "jetties layout",
    "d28d3e39-9b1c-4b91-ad0e-2d9bdd1b0299-jetties-6-’-7-layout-8": "jetties ’ layout",
    "d28d3e39-9b1c-4b91-ad0e-2d9bdd1b0299-found-3": "found",
    "d28d3e39-9b1c-4b91-ad0e-2d9bdd1b0299-accretion-11": "accretion",
    "d28d3e39-9b1c-4b91-ad0e-2d9bdd1b0299-jetties-7": "jetties",
    "NE-TITLE-marine": "marine",
    "d28d3e39-9b1c-4b91-ad0e-2d9bdd1b0299-presence-4": "presence",
    "d28d3e39-9b1c-4b91-ad0e-2d9bdd1b0299-option-35": "option",
    "d28d3e39-9b1c-4b91-ad0e-2d9bdd1b0299-17-40-m-41-DHN-42": "17 m DHN",
    "d28d3e39-9b1c-4b91-ad0e-2d9bdd1b0299-economic-32": "economic",
    "d28d3e39-9b1c-4b91-ad0e-2d9bdd1b0299-jetties-15": "jetties",
    "d28d3e39-9b1c-4b91-ad0e-2d9bdd1b0299-feasible-10": "feasible",
    "d28d3e39-9b1c-4b91-ad0e-2d9bdd1b0299-depths-38": "depths",
    "d28d3e39-9b1c-4b91-ad0e-2d9bdd1b0299-completely-9": "completely"
  },
  "graph": [
    {
      "subject_id": "d28d3e39-9b1c-4b91-ad0e-2d9bdd1b0299-access-16-channel-17",
      "relation": "is in",
      "object_id": "d28d3e39-9b1c-4b91-ad0e-2d9bdd1b0299-process-21"
    },
    {
      "subject_id": "NE-ORGANIZATION-Port-of-Santos",
      "relation": "has",
      "object_id": "d28d3e39-9b1c-4b91-ad0e-2d9bdd1b0299-access-16-channel-17"
    },
    {
      "subject_id": "d28d3e39-9b1c-4b91-ad0e-2d9bdd1b0299-process-21",
      "relation": "is",
      "object_id": "d28d3e39-9b1c-4b91-ad0e-2d9bdd1b0299-intending-25"
    },
    {
      "subject_id": "d28d3e39-9b1c-4b91-ad0e-2d9bdd1b0299-process-21",
      "relation": "of",
      "object_id": "d28d3e39-9b1c-4b91-ad0e-2d9bdd1b0299-deepening-23"
    },
    {
      "subject_id": "d28d3e39-9b1c-4b91-ad0e-2d9bdd1b0299-Port-4",
      "relation": "is largest in",
      "object_id": "NE-COUNTRY-America"
    },
    {
      "subject_id": "NE-COUNTRY-America",
      "relation": "of",
      "object_id": "NE-LOCATION-Latin"
    },
    {
      "subject_id": "d28d3e39-9b1c-4b91-ad0e-2d9bdd1b0299-Port-4",
      "relation": "Currently is largest in",
      "object_id": "NE-COUNTRY-America"
    },
    {
      "subject_id": "d28d3e39-9b1c-4b91-ad0e-2d9bdd1b0299-Port-4",
      "relation": "is",
      "object_id": "d28d3e39-9b1c-4b91-ad0e-2d9bdd1b0299-largest-9"
    },
    {
      "subject_id": "d28d3e39-9b1c-4b91-ad0e-2d9bdd1b0299-largest-9",
      "relation": "at",
      "object_id": "NE-DATE-Currently"
    },
    {
      "subject_id": "d28d3e39-9b1c-4b91-ad0e-2d9bdd1b0299-significant-17-increase-18",
      "relation": "is in",
      "object_id": "d28d3e39-9b1c-4b91-ad0e-2d9bdd1b0299-volume-21-of-22-maintenance-23-dredging-24"
    },
    {
      "subject_id": "d28d3e39-9b1c-4b91-ad0e-2d9bdd1b0299-dredging-14",
      "relation": "increase in",
      "object_id": "d28d3e39-9b1c-4b91-ad0e-2d9bdd1b0299-volume-21-of-22-maintenance-23-dredging-24"
    },
    {
      "subject_id": "d28d3e39-9b1c-4b91-ad0e-2d9bdd1b0299-impact-30",
      "relation": "evaluate",
      "object_id": "d28d3e39-9b1c-4b91-ad0e-2d9bdd1b0299-effectiveness-11"
    },
    {
      "subject_id": "NE-ORGANIZATION-Port-of-Santos",
      "relation": "has",
      "object_id": "d28d3e39-9b1c-4b91-ad0e-2d9bdd1b0299-impact-30"
    },
    {
      "subject_id": "d28d3e39-9b1c-4b91-ad0e-2d9bdd1b0299-effectiveness-11",
      "relation": "is",
      "object_id": "d28d3e39-9b1c-4b91-ad0e-2d9bdd1b0299-curved-14"
    },
    {
      "subject_id": "d28d3e39-9b1c-4b91-ad0e-2d9bdd1b0299-study-3",
      "relation": "applied",
      "object_id": "d28d3e39-9b1c-4b91-ad0e-2d9bdd1b0299-modelling-7"
    },
    {
      "subject_id": "d28d3e39-9b1c-4b91-ad0e-2d9bdd1b0299-study-3",
      "relation": "is",
      "object_id": "NE-DATE-current"
    },
    {
      "subject_id": "d28d3e39-9b1c-4b91-ad0e-2d9bdd1b0299-modelling-7",
      "relation": "is",
      "object_id": "d28d3e39-9b1c-4b91-ad0e-2d9bdd1b0299-physical-6"
    },
    {
      "subject_id": "d28d3e39-9b1c-4b91-ad0e-2d9bdd1b0299-impact-30",
      "relation": "evaluate effectiveness in",
      "object_id": "d28d3e39-9b1c-4b91-ad0e-2d9bdd1b0299-maintenance-18-of-19-depth-20"
    },
    {
      "subject_id": "d28d3e39-9b1c-4b91-ad0e-2d9bdd1b0299-maintenance-18-of-19-depth-20",
      "relation": "of",
      "object_id": "NE-ORGANIZATION-Santos"
    },
    {
      "subject_id": "d28d3e39-9b1c-4b91-ad0e-2d9bdd1b0299-maintenance-18-of-19-depth-20",
      "relation": "of",
      "object_id": "d28d3e39-9b1c-4b91-ad0e-2d9bdd1b0299-channel-27"
    },
    {
      "subject_id": "d28d3e39-9b1c-4b91-ad0e-2d9bdd1b0299-maintenance-18-of-19-depth-20",
      "relation": "of",
      "object_id": "d28d3e39-9b1c-4b91-ad0e-2d9bdd1b0299-inlet-23-entrance-24"
    },
    {
      "subject_id": "d28d3e39-9b1c-4b91-ad0e-2d9bdd1b0299-effectiveness-11",
      "relation": "of",
      "object_id": "d28d3e39-9b1c-4b91-ad0e-2d9bdd1b0299-two-13-jetties-15"
    },
    {
      "subject_id": "d28d3e39-9b1c-4b91-ad0e-2d9bdd1b0299-access-12-channel-13",
      "relation": "’s",
      "object_id": "d28d3e39-9b1c-4b91-ad0e-2d9bdd1b0299-depth-15"
    },
    {
      "subject_id": "d28d3e39-9b1c-4b91-ad0e-2d9bdd1b0299-jetties-6-layout-8",
      "relation": "could maintain",
      "object_id": "d28d3e39-9b1c-4b91-ad0e-2d9bdd1b0299-depth-15"
    },
    {
      "subject_id": "d28d3e39-9b1c-4b91-ad0e-2d9bdd1b0299-depth-15",
      "relation": "of",
      "object_id": "d28d3e39-9b1c-4b91-ad0e-2d9bdd1b0299-access-12-channel-13"
    },
    {
      "subject_id": "d28d3e39-9b1c-4b91-ad0e-2d9bdd1b0299-jetties-6-’-7-layout-8",
      "relation": "was",
      "object_id": "d28d3e39-9b1c-4b91-ad0e-2d9bdd1b0299-found-3"
    },
    {
      "subject_id": "d28d3e39-9b1c-4b91-ad0e-2d9bdd1b0299-accretion-11",
      "relation": "presence of",
      "object_id": "d28d3e39-9b1c-4b91-ad0e-2d9bdd1b0299-jetties-7"
    },
    {
      "subject_id": "d28d3e39-9b1c-4b91-ad0e-2d9bdd1b0299-accretion-11",
      "relation": "is",
      "object_id": "NE-TITLE-marine"
    },
    {
      "subject_id": "d28d3e39-9b1c-4b91-ad0e-2d9bdd1b0299-presence-4",
      "relation": "induces",
      "object_id": "d28d3e39-9b1c-4b91-ad0e-2d9bdd1b0299-accretion-11"
    },
    {
      "subject_id": "d28d3e39-9b1c-4b91-ad0e-2d9bdd1b0299-presence-4",
      "relation": "Moreover induces",
      "object_id": "d28d3e39-9b1c-4b91-ad0e-2d9bdd1b0299-accretion-11"
    },
    {
      "subject_id": "d28d3e39-9b1c-4b91-ad0e-2d9bdd1b0299-option-35",
      "relation": "depths of",
      "object_id": "d28d3e39-9b1c-4b91-ad0e-2d9bdd1b0299-17-40-m-41-DHN-42"
    },
    {
      "subject_id": "d28d3e39-9b1c-4b91-ad0e-2d9bdd1b0299-option-35",
      "relation": "is",
      "object_id": "d28d3e39-9b1c-4b91-ad0e-2d9bdd1b0299-economic-32"
    },
    {
      "subject_id": "d28d3e39-9b1c-4b91-ad0e-2d9bdd1b0299-study-3",
      "relation": "adopt",
      "object_id": "d28d3e39-9b1c-4b91-ad0e-2d9bdd1b0299-jetties-15"
    },
    {
      "subject_id": "d28d3e39-9b1c-4b91-ad0e-2d9bdd1b0299-study-3",
      "relation": "of",
      "object_id": "NE-DATE-current"
    },
    {
      "subject_id": "d28d3e39-9b1c-4b91-ad0e-2d9bdd1b0299-jetties-15",
      "relation": "is",
      "object_id": "d28d3e39-9b1c-4b91-ad0e-2d9bdd1b0299-curved-14"
    },
    {
      "subject_id": "d28d3e39-9b1c-4b91-ad0e-2d9bdd1b0299-study-3",
      "relation": "is",
      "object_id": "d28d3e39-9b1c-4b91-ad0e-2d9bdd1b0299-feasible-10"
    },
    {
      "subject_id": "d28d3e39-9b1c-4b91-ad0e-2d9bdd1b0299-option-35",
      "relation": "maintain",
      "object_id": "d28d3e39-9b1c-4b91-ad0e-2d9bdd1b0299-depths-38"
    },
    {
      "subject_id": "d28d3e39-9b1c-4b91-ad0e-2d9bdd1b0299-option-35",
      "relation": "maintain",
      "object_id": "d28d3e39-9b1c-4b91-ad0e-2d9bdd1b0299-17-40-m-41-DHN-42"
    },
    {
      "subject_id": "d28d3e39-9b1c-4b91-ad0e-2d9bdd1b0299-feasible-10",
      "relation": "at",
      "object_id": "d28d3e39-9b1c-4b91-ad0e-2d9bdd1b0299-completely-9"
    }
  ],
  "links": {
    "d28d3e39-9b1c-4b91-ad0e-2d9bdd1b0299-access-16-channel-17": [],
    "d28d3e39-9b1c-4b91-ad0e-2d9bdd1b0299-process-21": [],
    "NE-ORGANIZATION-Port-of-Santos": [],
    "d28d3e39-9b1c-4b91-ad0e-2d9bdd1b0299-intending-25": [],
    "d28d3e39-9b1c-4b91-ad0e-2d9bdd1b0299-deepening-23": [],
    "d28d3e39-9b1c-4b91-ad0e-2d9bdd1b0299-Port-4": [],
    "NE-COUNTRY-America": [],
    "NE-LOCATION-Latin": [],
    "d28d3e39-9b1c-4b91-ad0e-2d9bdd1b0299-largest-9": [],
    "NE-DATE-Currently": [],
    "d28d3e39-9b1c-4b91-ad0e-2d9bdd1b0299-significant-17-increase-18": [],
    "d28d3e39-9b1c-4b91-ad0e-2d9bdd1b0299-volume-21-of-22-maintenance-23-dredging-24": [],
    "d28d3e39-9b1c-4b91-ad0e-2d9bdd1b0299-dredging-14": [],
    "d28d3e39-9b1c-4b91-ad0e-2d9bdd1b0299-impact-30": [],
    "d28d3e39-9b1c-4b91-ad0e-2d9bdd1b0299-effectiveness-11": [],
    "d28d3e39-9b1c-4b91-ad0e-2d9bdd1b0299-curved-14": [],
    "d28d3e39-9b1c-4b91-ad0e-2d9bdd1b0299-study-3": [],
    "d28d3e39-9b1c-4b91-ad0e-2d9bdd1b0299-modelling-7": [],
    "NE-DATE-current": [],
    "d28d3e39-9b1c-4b91-ad0e-2d9bdd1b0299-physical-6": [],
    "d28d3e39-9b1c-4b91-ad0e-2d9bdd1b0299-maintenance-18-of-19-depth-20": [],
    "NE-ORGANIZATION-Santos": [],
    "d28d3e39-9b1c-4b91-ad0e-2d9bdd1b0299-channel-27": [],
    "d28d3e39-9b1c-4b91-ad0e-2d9bdd1b0299-inlet-23-entrance-24": [],
    "d28d3e39-9b1c-4b91-ad0e-2d9bdd1b0299-two-13-jetties-15": [],
    "d28d3e39-9b1c-4b91-ad0e-2d9bdd1b0299-access-12-channel-13": [],
    "d28d3e39-9b1c-4b91-ad0e-2d9bdd1b0299-depth-15": [],
    "d28d3e39-9b1c-4b91-ad0e-2d9bdd1b0299-jetties-6-layout-8": [],
    "d28d3e39-9b1c-4b91-ad0e-2d9bdd1b0299-jetties-6-’-7-layout-8": [],
    "d28d3e39-9b1c-4b91-ad0e-2d9bdd1b0299-found-3": [],
    "d28d3e39-9b1c-4b91-ad0e-2d9bdd1b0299-accretion-11": [],
    "d28d3e39-9b1c-4b91-ad0e-2d9bdd1b0299-jetties-7": [],
    "NE-TITLE-marine": [],
    "d28d3e39-9b1c-4b91-ad0e-2d9bdd1b0299-presence-4": [],
    "d28d3e39-9b1c-4b91-ad0e-2d9bdd1b0299-option-35": [],
    "d28d3e39-9b1c-4b91-ad0e-2d9bdd1b0299-17-40-m-41-DHN-42": [],
    "d28d3e39-9b1c-4b91-ad0e-2d9bdd1b0299-economic-32": [],
    "d28d3e39-9b1c-4b91-ad0e-2d9bdd1b0299-jetties-15": [],
    "d28d3e39-9b1c-4b91-ad0e-2d9bdd1b0299-feasible-10": [],
    "d28d3e39-9b1c-4b91-ad0e-2d9bdd1b0299-depths-38": [],
    "d28d3e39-9b1c-4b91-ad0e-2d9bdd1b0299-completely-9": []
  }
}