{
  "document": "D:/Projetos/PIRA_KG/documents/onu_85095967333.txt",
  "entities": {
    "NE-COUNTRY-Brazil": "Brazil",
    "aa14fa22-c6e2-4ad8-8f76-493f41282056-water-4-contamination-5": "water contamination",
    "aa14fa22-c6e2-4ad8-8f76-493f41282056-oil-8-spills-9": "oil spills",
    "aa14fa22-c6e2-4ad8-8f76-493f41282056-problems-5": "problems",
    "aa14fa22-c6e2-4ad8-8f76-493f41282056-causes-21": "causes",
    "aa14fa22-c6e2-4ad8-8f76-493f41282056-offshore-7-equipment-8": "offshore equipment",
    "aa14fa22-c6e2-4ad8-8f76-493f41282056-error-2": "error",
    "aa14fa22-c6e2-4ad8-8f76-493f41282056-Human-1": "Human",
    "aa14fa22-c6e2-4ad8-8f76-493f41282056-mechanical-4": "mechanical",
    "aa14fa22-c6e2-4ad8-8f76-493f41282056-company-19": "company",
    "aa14fa22-c6e2-4ad8-8f76-493f41282056-fact-4": "fact",
    "aa14fa22-c6e2-4ad8-8f76-493f41282056-strategies-21": "strategies",
    "NE-ORGANIZATION-Petrobras": "Petrobras",
    "aa14fa22-c6e2-4ad8-8f76-493f41282056-decisions-41": "decisions",
    "aa14fa22-c6e2-4ad8-8f76-493f41282056-operational-40": "operational",
    "aa14fa22-c6e2-4ad8-8f76-493f41282056-result-2": "result",
    "NE-ORGANIZATION-Petrobras'-Operations-Center": "Petrobras Operations Center",
    "aa14fa22-c6e2-4ad8-8f76-493f41282056-construction-5": "construction",
    "aa14fa22-c6e2-4ad8-8f76-493f41282056-informed-36": "informed",
    "aa14fa22-c6e2-4ad8-8f76-493f41282056-better-35": "better",
    "aa14fa22-c6e2-4ad8-8f76-493f41282056-companies-22": "companies",
    "aa14fa22-c6e2-4ad8-8f76-493f41282056-way-31": "way",
    "aa14fa22-c6e2-4ad8-8f76-493f41282056-sustainable-30": "sustainable",
    "aa14fa22-c6e2-4ad8-8f76-493f41282056-efficiency-25": "efficiency"
  },
  "graph": [
    {
      "subject_id": "NE-COUNTRY-Brazil",
      "relation": "has suffered",
      "object_id": "aa14fa22-c6e2-4ad8-8f76-493f41282056-water-4-contamination-5"
    },
    {
      "subject_id": "aa14fa22-c6e2-4ad8-8f76-493f41282056-water-4-contamination-5",
      "relation": "caused by",
      "object_id": "aa14fa22-c6e2-4ad8-8f76-493f41282056-oil-8-spills-9"
    },
    {
      "subject_id": "aa14fa22-c6e2-4ad8-8f76-493f41282056-water-4-contamination-5",
      "relation": "at",
      "object_id": "aa14fa22-c6e2-4ad8-8f76-493f41282056-oil-8-spills-9"
    },
    {
      "subject_id": "aa14fa22-c6e2-4ad8-8f76-493f41282056-problems-5",
      "relation": "constitute",
      "object_id": "aa14fa22-c6e2-4ad8-8f76-493f41282056-causes-21"
    },
    {
      "subject_id": "aa14fa22-c6e2-4ad8-8f76-493f41282056-problems-5",
      "relation": "is in",
      "object_id": "aa14fa22-c6e2-4ad8-8f76-493f41282056-offshore-7-equipment-8"
    },
    {
      "subject_id": "aa14fa22-c6e2-4ad8-8f76-493f41282056-error-2",
      "relation": "constitute",
      "object_id": "aa14fa22-c6e2-4ad8-8f76-493f41282056-causes-21"
    },
    {
      "subject_id": "aa14fa22-c6e2-4ad8-8f76-493f41282056-error-2",
      "relation": "is",
      "object_id": "aa14fa22-c6e2-4ad8-8f76-493f41282056-Human-1"
    },
    {
      "subject_id": "aa14fa22-c6e2-4ad8-8f76-493f41282056-problems-5",
      "relation": "is",
      "object_id": "aa14fa22-c6e2-4ad8-8f76-493f41282056-mechanical-4"
    },
    {
      "subject_id": "aa14fa22-c6e2-4ad8-8f76-493f41282056-company-19",
      "relation": "developed strategies Due",
      "object_id": "aa14fa22-c6e2-4ad8-8f76-493f41282056-fact-4"
    },
    {
      "subject_id": "aa14fa22-c6e2-4ad8-8f76-493f41282056-company-19",
      "relation": "developed",
      "object_id": "aa14fa22-c6e2-4ad8-8f76-493f41282056-strategies-21"
    },
    {
      "subject_id": "NE-ORGANIZATION-Petrobras",
      "relation": "make",
      "object_id": "aa14fa22-c6e2-4ad8-8f76-493f41282056-decisions-41"
    },
    {
      "subject_id": "aa14fa22-c6e2-4ad8-8f76-493f41282056-decisions-41",
      "relation": "is",
      "object_id": "aa14fa22-c6e2-4ad8-8f76-493f41282056-operational-40"
    },
    {
      "subject_id": "aa14fa22-c6e2-4ad8-8f76-493f41282056-result-2",
      "relation": "was construction of",
      "object_id": "NE-ORGANIZATION-Petrobras'-Operations-Center"
    },
    {
      "subject_id": "aa14fa22-c6e2-4ad8-8f76-493f41282056-result-2",
      "relation": "was",
      "object_id": "aa14fa22-c6e2-4ad8-8f76-493f41282056-construction-5"
    },
    {
      "subject_id": "aa14fa22-c6e2-4ad8-8f76-493f41282056-decisions-41",
      "relation": "is",
      "object_id": "aa14fa22-c6e2-4ad8-8f76-493f41282056-informed-36"
    },
    {
      "subject_id": "aa14fa22-c6e2-4ad8-8f76-493f41282056-decisions-41",
      "relation": "is",
      "object_id": "aa14fa22-c6e2-4ad8-8f76-493f41282056-better-35"
    },
    {
      "subject_id": "aa14fa22-c6e2-4ad8-8f76-493f41282056-companies-22",
      "relation": "maximize efficiency in",
      "object_id": "aa14fa22-c6e2-4ad8-8f76-493f41282056-way-31"
    },
    {
      "subject_id": "aa14fa22-c6e2-4ad8-8f76-493f41282056-way-31",
      "relation": "is",
      "object_id": "aa14fa22-c6e2-4ad8-8f76-493f41282056-sustainable-30"
    },
    {
      "subject_id": "aa14fa22-c6e2-4ad8-8f76-493f41282056-companies-22",
      "relation": "maximize",
      "object_id": "aa14fa22-c6e2-4ad8-8f76-493f41282056-efficiency-25"
    }
  ],
  "links": {
    "NE-COUNTRY-Brazil": [],
    "aa14fa22-c6e2-4ad8-8f76-493f41282056-water-4-contamination-5": [],
    "aa14fa22-c6e2-4ad8-8f76-493f41282056-oil-8-spills-9": [],
    "aa14fa22-c6e2-4ad8-8f76-493f41282056-problems-5": [],
    "aa14fa22-c6e2-4ad8-8f76-493f41282056-causes-21": [],
    "aa14fa22-c6e2-4ad8-8f76-493f41282056-offshore-7-equipment-8": [],
    "aa14fa22-c6e2-4ad8-8f76-493f41282056-error-2": [],
    "aa14fa22-c6e2-4ad8-8f76-493f41282056-Human-1": [],
    "aa14fa22-c6e2-4ad8-8f76-493f41282056-mechanical-4": [],
    "aa14fa22-c6e2-4ad8-8f76-493f41282056-company-19": [],
    "aa14fa22-c6e2-4ad8-8f76-493f41282056-fact-4": [],
    "aa14fa22-c6e2-4ad8-8f76-493f41282056-strategies-21": [],
    "NE-ORGANIZATION-Petrobras": [],
    "aa14fa22-c6e2-4ad8-8f76-493f41282056-decisions-41": [],
    "aa14fa22-c6e2-4ad8-8f76-493f41282056-operational-40": [],
    "aa14fa22-c6e2-4ad8-8f76-493f41282056-result-2": [],
    "NE-ORGANIZATION-Petrobras'-Operations-Center": [],
    "aa14fa22-c6e2-4ad8-8f76-493f41282056-construction-5": [],
    "aa14fa22-c6e2-4ad8-8f76-493f41282056-informed-36": [],
    "aa14fa22-c6e2-4ad8-8f76-493f41282056-better-35": [],
    "aa14fa22-c6e2-4ad8-8f76-493f41282056-companies-22": [],
    "aa14fa22-c6e2-4ad8-8f76-493f41282056-way-31": [],
    "aa14fa22-c6e2-4ad8-8f76-493f41282056-sustainable-30": [],
    "aa14fa22-c6e2-4ad8-8f76-493f41282056-efficiency-25": []
  }
}