{
  "document": "D:/Projetos/PIRA_KG/documents/onu_85055528846.txt",
  "entities": {
    "2970e996-64cc-47e6-bc5c-fb3d99195396-system-11": "system",
    "2970e996-64cc-47e6-bc5c-fb3d99195396-importance-14": "importance",
    "2970e996-64cc-47e6-bc5c-fb3d99195396-great-13": "great",
    "2970e996-64cc-47e6-bc5c-fb3d99195396-station-23": "station",
    "2970e996-64cc-47e6-bc5c-fb3d99195396-operation-17": "operation",
    "2970e996-64cc-47e6-bc5c-fb3d99195396-drilling-2-vessels-3": "drilling vessels",
    "2970e996-64cc-47e6-bc5c-fb3d99195396-emergency-4-situation-5": "emergency situation",
    "2970e996-64cc-47e6-bc5c-fb3d99195396-drift-8": "drift",
    "2970e996-64cc-47e6-bc5c-fb3d99195396-ungoverned-7": "ungoverned",
    "2970e996-64cc-47e6-bc5c-fb3d99195396-vessel-7-drift-8": "vessel drift",
    "2970e996-64cc-47e6-bc5c-fb3d99195396-emergency-3-situation-4": "emergency situation",
    "2970e996-64cc-47e6-bc5c-fb3d99195396-influence-13": "influence",
    "2970e996-64cc-47e6-bc5c-fb3d99195396-environmental-15": "environmental",
    "2970e996-64cc-47e6-bc5c-fb3d99195396-subjected-10": "subjected",
    "2970e996-64cc-47e6-bc5c-fb3d99195396-obstacles-26": "obstacles",
    "2970e996-64cc-47e6-bc5c-fb3d99195396-collisions-23": "collisions",
    "2970e996-64cc-47e6-bc5c-fb3d99195396-floating-25": "floating",
    "2970e996-64cc-47e6-bc5c-fb3d99195396-conditions-16": "conditions",
    "2970e996-64cc-47e6-bc5c-fb3d99195396-safety-17-region-18": "safety region",
    "2970e996-64cc-47e6-bc5c-fb3d99195396-operation-29": "operation",
    "2970e996-64cc-47e6-bc5c-fb3d99195396-it-11": "it",
    "2970e996-64cc-47e6-bc5c-fb3d99195396-possible-4-occurrence-5": "possible occurrence",
    "2970e996-64cc-47e6-bc5c-fb3d99195396-emergency-8-condition-9": "emergency condition",
    "2970e996-64cc-47e6-bc5c-fb3d99195396-necessary-13": "necessary",
    "2970e996-64cc-47e6-bc5c-fb3d99195396-drilling-21-ship-22-operation-23": "drilling ship operation",
    "2970e996-64cc-47e6-bc5c-fb3d99195396-drilling-33-vessel-34": "drilling vessel",
    "2970e996-64cc-47e6-bc5c-fb3d99195396-damage-41-to-42-equipment-44": "damage to equipment",
    "2970e996-64cc-47e6-bc5c-fb3d99195396-wellhead-39": "wellhead",
    "2970e996-64cc-47e6-bc5c-fb3d99195396-limiting-28": "limiting",
    "2970e996-64cc-47e6-bc5c-fb3d99195396-limit-2-offset-3": "limit offset",
    "2970e996-64cc-47e6-bc5c-fb3d99195396-riser-8-analysis-9": "riser analysis",
    "2970e996-64cc-47e6-bc5c-fb3d99195396-obtained-5": "obtained",
    "2970e996-64cc-47e6-bc5c-fb3d99195396-WSOG-21": "WSOG",
    "2970e996-64cc-47e6-bc5c-fb3d99195396-Specific-24-Operating-25-Guidelines-26": "Specific Operating Guidelines",
    "2970e996-64cc-47e6-bc5c-fb3d99195396-study-2": "study",
    "2970e996-64cc-47e6-bc5c-fb3d99195396-failure-11": "failure",
    "2970e996-64cc-47e6-bc5c-fb3d99195396-several-13": "several",
    "2970e996-64cc-47e6-bc5c-fb3d99195396-environmental-14": "environmental",
    "2970e996-64cc-47e6-bc5c-fb3d99195396-vessel-5-drift-6-trajectory-7": "vessel drift trajectory",
    "NE-ORGANIZATION-DP": "DP",
    "2970e996-64cc-47e6-bc5c-fb3d99195396-conditions-15": "conditions",
    "2970e996-64cc-47e6-bc5c-fb3d99195396-time-3-domain-4-simulator-5": "time domain simulator",
    "2970e996-64cc-47e6-bc5c-fb3d99195396-must-6-used-8": "must used",
    "2970e996-64cc-47e6-bc5c-fb3d99195396-validated-2": "validated",
    "2970e996-64cc-47e6-bc5c-fb3d99195396-software-8": "software",
    "2970e996-64cc-47e6-bc5c-fb3d99195396-work-4": "work",
    "NE-MISC-Dynasim": "Dynasim",
    "NE-DATE-present": "present",
    "2970e996-64cc-47e6-bc5c-fb3d99195396-applied-21": "applied",
    "2970e996-64cc-47e6-bc5c-fb3d99195396-aim-4": "aim",
    "NE-TITLE-model": "model",
    "2970e996-64cc-47e6-bc5c-fb3d99195396-numerical-13": "numerical",
    "2970e996-64cc-47e6-bc5c-fb3d99195396-vessels-24": "vessels",
    "2970e996-64cc-47e6-bc5c-fb3d99195396-work-7": "work",
    "2970e996-64cc-47e6-bc5c-fb3d99195396-main-12-parameters-13": "main parameters",
    "2970e996-64cc-47e6-bc5c-fb3d99195396-validation-3": "validation",
    "2970e996-64cc-47e6-bc5c-fb3d99195396-numerical-8": "numerical",
    "2970e996-64cc-47e6-bc5c-fb3d99195396-distance-17-time-18-series-20": "distance time series",
    "2970e996-64cc-47e6-bc5c-fb3d99195396-variation-23": "variation",
    "2970e996-64cc-47e6-bc5c-fb3d99195396-heading-22": "heading",
    "2970e996-64cc-47e6-bc5c-fb3d99195396-three-11": "three",
    "2970e996-64cc-47e6-bc5c-fb3d99195396-trajectory-25": "trajectory",
    "2970e996-64cc-47e6-bc5c-fb3d99195396-comparisons-2-results-10": "comparisons results",
    "2970e996-64cc-47e6-bc5c-fb3d99195396-accuracy-13": "accuracy",
    "2970e996-64cc-47e6-bc5c-fb3d99195396-numerical-16": "numerical",
    "2970e996-64cc-47e6-bc5c-fb3d99195396-application-4": "application",
    "2970e996-64cc-47e6-bc5c-fb3d99195396-contribution-11": "contribution",
    "2970e996-64cc-47e6-bc5c-fb3d99195396-tool-7": "tool",
    "2970e996-64cc-47e6-bc5c-fb3d99195396-determination-26": "determination",
    "2970e996-64cc-47e6-bc5c-fb3d99195396-relation-32-to-33-wind-35-minimizing-57": "relation to wind minimizing",
    "2970e996-64cc-47e6-bc5c-fb3d99195396-WSOG-16-analysis-17": "WSOG analysis",
    "2970e996-64cc-47e6-bc5c-fb3d99195396-valuable-10": "valuable",
    "2970e996-64cc-47e6-bc5c-fb3d99195396-reliability-14": "reliability",
    "2970e996-64cc-47e6-bc5c-fb3d99195396-operations-22": "operations"
  },
  "graph": [
    {
      "subject_id": "2970e996-64cc-47e6-bc5c-fb3d99195396-system-11",
      "relation": "has",
      "object_id": "2970e996-64cc-47e6-bc5c-fb3d99195396-importance-14"
    },
    {
      "subject_id": "2970e996-64cc-47e6-bc5c-fb3d99195396-importance-14",
      "relation": "is",
      "object_id": "2970e996-64cc-47e6-bc5c-fb3d99195396-great-13"
    },
    {
      "subject_id": "2970e996-64cc-47e6-bc5c-fb3d99195396-system-11",
      "relation": "ensures",
      "object_id": "2970e996-64cc-47e6-bc5c-fb3d99195396-station-23"
    },
    {
      "subject_id": "2970e996-64cc-47e6-bc5c-fb3d99195396-importance-14",
      "relation": "of",
      "object_id": "2970e996-64cc-47e6-bc5c-fb3d99195396-operation-17"
    },
    {
      "subject_id": "2970e996-64cc-47e6-bc5c-fb3d99195396-system-11",
      "relation": "has importance In",
      "object_id": "2970e996-64cc-47e6-bc5c-fb3d99195396-drilling-2-vessels-3"
    },
    {
      "subject_id": "2970e996-64cc-47e6-bc5c-fb3d99195396-emergency-4-situation-5",
      "relation": "However involves",
      "object_id": "2970e996-64cc-47e6-bc5c-fb3d99195396-drift-8"
    },
    {
      "subject_id": "2970e996-64cc-47e6-bc5c-fb3d99195396-emergency-4-situation-5",
      "relation": "involves",
      "object_id": "2970e996-64cc-47e6-bc5c-fb3d99195396-drift-8"
    },
    {
      "subject_id": "2970e996-64cc-47e6-bc5c-fb3d99195396-drift-8",
      "relation": "is",
      "object_id": "2970e996-64cc-47e6-bc5c-fb3d99195396-ungoverned-7"
    },
    {
      "subject_id": "2970e996-64cc-47e6-bc5c-fb3d99195396-vessel-7-drift-8",
      "relation": "is subjected During",
      "object_id": "2970e996-64cc-47e6-bc5c-fb3d99195396-emergency-3-situation-4"
    },
    {
      "subject_id": "2970e996-64cc-47e6-bc5c-fb3d99195396-vessel-7-drift-8",
      "relation": "is",
      "object_id": "2970e996-64cc-47e6-bc5c-fb3d99195396-emergency-3-situation-4"
    },
    {
      "subject_id": "2970e996-64cc-47e6-bc5c-fb3d99195396-emergency-3-situation-4",
      "relation": "at",
      "object_id": "2970e996-64cc-47e6-bc5c-fb3d99195396-influence-13"
    },
    {
      "subject_id": "2970e996-64cc-47e6-bc5c-fb3d99195396-vessel-7-drift-8",
      "relation": "is subjected to",
      "object_id": "2970e996-64cc-47e6-bc5c-fb3d99195396-influence-13"
    },
    {
      "subject_id": "2970e996-64cc-47e6-bc5c-fb3d99195396-influence-13",
      "relation": "is",
      "object_id": "2970e996-64cc-47e6-bc5c-fb3d99195396-environmental-15"
    },
    {
      "subject_id": "2970e996-64cc-47e6-bc5c-fb3d99195396-subjected-10",
      "relation": "can lead with",
      "object_id": "2970e996-64cc-47e6-bc5c-fb3d99195396-obstacles-26"
    },
    {
      "subject_id": "2970e996-64cc-47e6-bc5c-fb3d99195396-subjected-10",
      "relation": "can lead to",
      "object_id": "2970e996-64cc-47e6-bc5c-fb3d99195396-collisions-23"
    },
    {
      "subject_id": "2970e996-64cc-47e6-bc5c-fb3d99195396-vessel-7-drift-8",
      "relation": "is",
      "object_id": "2970e996-64cc-47e6-bc5c-fb3d99195396-subjected-10"
    },
    {
      "subject_id": "2970e996-64cc-47e6-bc5c-fb3d99195396-obstacles-26",
      "relation": "is",
      "object_id": "2970e996-64cc-47e6-bc5c-fb3d99195396-floating-25"
    },
    {
      "subject_id": "2970e996-64cc-47e6-bc5c-fb3d99195396-influence-13",
      "relation": "of",
      "object_id": "2970e996-64cc-47e6-bc5c-fb3d99195396-conditions-16"
    },
    {
      "subject_id": "2970e996-64cc-47e6-bc5c-fb3d99195396-safety-17-region-18",
      "relation": "determine",
      "object_id": "2970e996-64cc-47e6-bc5c-fb3d99195396-operation-29"
    },
    {
      "subject_id": "2970e996-64cc-47e6-bc5c-fb3d99195396-it-11",
      "relation": "define",
      "object_id": "2970e996-64cc-47e6-bc5c-fb3d99195396-safety-17-region-18"
    },
    {
      "subject_id": "2970e996-64cc-47e6-bc5c-fb3d99195396-it-11",
      "relation": "is necessary Due",
      "object_id": "2970e996-64cc-47e6-bc5c-fb3d99195396-possible-4-occurrence-5"
    },
    {
      "subject_id": "2970e996-64cc-47e6-bc5c-fb3d99195396-possible-4-occurrence-5",
      "relation": "of",
      "object_id": "2970e996-64cc-47e6-bc5c-fb3d99195396-emergency-8-condition-9"
    },
    {
      "subject_id": "2970e996-64cc-47e6-bc5c-fb3d99195396-it-11",
      "relation": "is",
      "object_id": "2970e996-64cc-47e6-bc5c-fb3d99195396-necessary-13"
    },
    {
      "subject_id": "2970e996-64cc-47e6-bc5c-fb3d99195396-safety-17-region-18",
      "relation": "of",
      "object_id": "2970e996-64cc-47e6-bc5c-fb3d99195396-drilling-21-ship-22-operation-23"
    },
    {
      "subject_id": "2970e996-64cc-47e6-bc5c-fb3d99195396-drilling-33-vessel-34",
      "relation": "disconnect without",
      "object_id": "2970e996-64cc-47e6-bc5c-fb3d99195396-damage-41-to-42-equipment-44"
    },
    {
      "subject_id": "2970e996-64cc-47e6-bc5c-fb3d99195396-drilling-33-vessel-34",
      "relation": "disconnect from",
      "object_id": "2970e996-64cc-47e6-bc5c-fb3d99195396-wellhead-39"
    },
    {
      "subject_id": "2970e996-64cc-47e6-bc5c-fb3d99195396-operation-29",
      "relation": "is",
      "object_id": "2970e996-64cc-47e6-bc5c-fb3d99195396-limiting-28"
    },
    {
      "subject_id": "2970e996-64cc-47e6-bc5c-fb3d99195396-limit-2-offset-3",
      "relation": "is obtained through",
      "object_id": "2970e996-64cc-47e6-bc5c-fb3d99195396-riser-8-analysis-9"
    },
    {
      "subject_id": "2970e996-64cc-47e6-bc5c-fb3d99195396-limit-2-offset-3",
      "relation": "is",
      "object_id": "2970e996-64cc-47e6-bc5c-fb3d99195396-obtained-5"
    },
    {
      "subject_id": "2970e996-64cc-47e6-bc5c-fb3d99195396-WSOG-21",
      "relation": "for input is",
      "object_id": "2970e996-64cc-47e6-bc5c-fb3d99195396-Specific-24-Operating-25-Guidelines-26"
    },
    {
      "subject_id": "2970e996-64cc-47e6-bc5c-fb3d99195396-study-2",
      "relation": "will provide vessel drift trajectory after",
      "object_id": "2970e996-64cc-47e6-bc5c-fb3d99195396-failure-11"
    },
    {
      "subject_id": "2970e996-64cc-47e6-bc5c-fb3d99195396-failure-11",
      "relation": "is",
      "object_id": "2970e996-64cc-47e6-bc5c-fb3d99195396-several-13"
    },
    {
      "subject_id": "2970e996-64cc-47e6-bc5c-fb3d99195396-failure-11",
      "relation": "is",
      "object_id": "2970e996-64cc-47e6-bc5c-fb3d99195396-environmental-14"
    },
    {
      "subject_id": "2970e996-64cc-47e6-bc5c-fb3d99195396-study-2",
      "relation": "will provide",
      "object_id": "2970e996-64cc-47e6-bc5c-fb3d99195396-vessel-5-drift-6-trajectory-7"
    },
    {
      "subject_id": "2970e996-64cc-47e6-bc5c-fb3d99195396-failure-11",
      "relation": "of",
      "object_id": "NE-ORGANIZATION-DP"
    },
    {
      "subject_id": "2970e996-64cc-47e6-bc5c-fb3d99195396-failure-11",
      "relation": "of",
      "object_id": "2970e996-64cc-47e6-bc5c-fb3d99195396-conditions-15"
    },
    {
      "subject_id": "2970e996-64cc-47e6-bc5c-fb3d99195396-time-3-domain-4-simulator-5",
      "relation": "must",
      "object_id": "2970e996-64cc-47e6-bc5c-fb3d99195396-must-6-used-8"
    },
    {
      "subject_id": "2970e996-64cc-47e6-bc5c-fb3d99195396-time-3-domain-4-simulator-5",
      "relation": "is",
      "object_id": "2970e996-64cc-47e6-bc5c-fb3d99195396-validated-2"
    },
    {
      "subject_id": "2970e996-64cc-47e6-bc5c-fb3d99195396-software-8",
      "relation": "is applied In",
      "object_id": "2970e996-64cc-47e6-bc5c-fb3d99195396-work-4"
    },
    {
      "subject_id": "2970e996-64cc-47e6-bc5c-fb3d99195396-software-8",
      "relation": "of",
      "object_id": "NE-MISC-Dynasim"
    },
    {
      "subject_id": "2970e996-64cc-47e6-bc5c-fb3d99195396-work-4",
      "relation": "is",
      "object_id": "NE-DATE-present"
    },
    {
      "subject_id": "2970e996-64cc-47e6-bc5c-fb3d99195396-software-8",
      "relation": "is",
      "object_id": "2970e996-64cc-47e6-bc5c-fb3d99195396-applied-21"
    },
    {
      "subject_id": "2970e996-64cc-47e6-bc5c-fb3d99195396-aim-4",
      "relation": "Thus is validate",
      "object_id": "NE-TITLE-model"
    },
    {
      "subject_id": "NE-TITLE-model",
      "relation": "is",
      "object_id": "2970e996-64cc-47e6-bc5c-fb3d99195396-numerical-13"
    },
    {
      "subject_id": "NE-TITLE-model",
      "relation": "performed on",
      "object_id": "2970e996-64cc-47e6-bc5c-fb3d99195396-vessels-24"
    },
    {
      "subject_id": "NE-TITLE-model",
      "relation": "of",
      "object_id": "NE-MISC-Dynasim"
    },
    {
      "subject_id": "2970e996-64cc-47e6-bc5c-fb3d99195396-aim-4",
      "relation": "is validate",
      "object_id": "NE-TITLE-model"
    },
    {
      "subject_id": "NE-TITLE-model",
      "relation": "aim of",
      "object_id": "2970e996-64cc-47e6-bc5c-fb3d99195396-work-7"
    },
    {
      "subject_id": "2970e996-64cc-47e6-bc5c-fb3d99195396-main-12-parameters-13",
      "relation": "were compared distance time series For",
      "object_id": "2970e996-64cc-47e6-bc5c-fb3d99195396-validation-3"
    },
    {
      "subject_id": "2970e996-64cc-47e6-bc5c-fb3d99195396-validation-3",
      "relation": "is",
      "object_id": "2970e996-64cc-47e6-bc5c-fb3d99195396-numerical-8"
    },
    {
      "subject_id": "2970e996-64cc-47e6-bc5c-fb3d99195396-main-12-parameters-13",
      "relation": "were compared",
      "object_id": "2970e996-64cc-47e6-bc5c-fb3d99195396-distance-17-time-18-series-20"
    },
    {
      "subject_id": "2970e996-64cc-47e6-bc5c-fb3d99195396-distance-17-time-18-series-20",
      "relation": "validation",
      "object_id": "2970e996-64cc-47e6-bc5c-fb3d99195396-variation-23"
    },
    {
      "subject_id": "2970e996-64cc-47e6-bc5c-fb3d99195396-variation-23",
      "relation": "is",
      "object_id": "2970e996-64cc-47e6-bc5c-fb3d99195396-heading-22"
    },
    {
      "subject_id": "2970e996-64cc-47e6-bc5c-fb3d99195396-distance-17-time-18-series-20",
      "relation": "main parameters",
      "object_id": "2970e996-64cc-47e6-bc5c-fb3d99195396-variation-23"
    },
    {
      "subject_id": "2970e996-64cc-47e6-bc5c-fb3d99195396-main-12-parameters-13",
      "relation": "amount to",
      "object_id": "2970e996-64cc-47e6-bc5c-fb3d99195396-three-11"
    },
    {
      "subject_id": "2970e996-64cc-47e6-bc5c-fb3d99195396-validation-3",
      "relation": "of",
      "object_id": "NE-TITLE-model"
    },
    {
      "subject_id": "2970e996-64cc-47e6-bc5c-fb3d99195396-distance-17-time-18-series-20",
      "relation": "validation",
      "object_id": "2970e996-64cc-47e6-bc5c-fb3d99195396-trajectory-25"
    },
    {
      "subject_id": "2970e996-64cc-47e6-bc5c-fb3d99195396-distance-17-time-18-series-20",
      "relation": "were",
      "object_id": "2970e996-64cc-47e6-bc5c-fb3d99195396-variation-23"
    },
    {
      "subject_id": "2970e996-64cc-47e6-bc5c-fb3d99195396-distance-17-time-18-series-20",
      "relation": "main parameters",
      "object_id": "2970e996-64cc-47e6-bc5c-fb3d99195396-trajectory-25"
    },
    {
      "subject_id": "2970e996-64cc-47e6-bc5c-fb3d99195396-distance-17-time-18-series-20",
      "relation": "were",
      "object_id": "2970e996-64cc-47e6-bc5c-fb3d99195396-trajectory-25"
    },
    {
      "subject_id": "2970e996-64cc-47e6-bc5c-fb3d99195396-comparisons-2-results-10",
      "relation": "demonstrated",
      "object_id": "2970e996-64cc-47e6-bc5c-fb3d99195396-accuracy-13"
    },
    {
      "subject_id": "2970e996-64cc-47e6-bc5c-fb3d99195396-accuracy-13",
      "relation": "is",
      "object_id": "2970e996-64cc-47e6-bc5c-fb3d99195396-numerical-16"
    },
    {
      "subject_id": "2970e996-64cc-47e6-bc5c-fb3d99195396-accuracy-13",
      "relation": "of",
      "object_id": "NE-TITLE-model"
    },
    {
      "subject_id": "2970e996-64cc-47e6-bc5c-fb3d99195396-application-4",
      "relation": "Therefore provides",
      "object_id": "2970e996-64cc-47e6-bc5c-fb3d99195396-contribution-11"
    },
    {
      "subject_id": "2970e996-64cc-47e6-bc5c-fb3d99195396-contribution-11",
      "relation": "application of",
      "object_id": "2970e996-64cc-47e6-bc5c-fb3d99195396-tool-7"
    },
    {
      "subject_id": "2970e996-64cc-47e6-bc5c-fb3d99195396-determination-26",
      "relation": "is in",
      "object_id": "2970e996-64cc-47e6-bc5c-fb3d99195396-relation-32-to-33-wind-35-minimizing-57"
    },
    {
      "subject_id": "2970e996-64cc-47e6-bc5c-fb3d99195396-application-4",
      "relation": "provides",
      "object_id": "2970e996-64cc-47e6-bc5c-fb3d99195396-contribution-11"
    },
    {
      "subject_id": "2970e996-64cc-47e6-bc5c-fb3d99195396-contribution-11",
      "relation": "of",
      "object_id": "2970e996-64cc-47e6-bc5c-fb3d99195396-WSOG-16-analysis-17"
    },
    {
      "subject_id": "2970e996-64cc-47e6-bc5c-fb3d99195396-contribution-11",
      "relation": "is",
      "object_id": "2970e996-64cc-47e6-bc5c-fb3d99195396-valuable-10"
    },
    {
      "subject_id": "2970e996-64cc-47e6-bc5c-fb3d99195396-reliability-14",
      "relation": "planning of",
      "object_id": "2970e996-64cc-47e6-bc5c-fb3d99195396-operations-22"
    },
    {
      "subject_id": "2970e996-64cc-47e6-bc5c-fb3d99195396-contribution-11",
      "relation": "of",
      "object_id": "2970e996-64cc-47e6-bc5c-fb3d99195396-reliability-14"
    }
  ],
  "links": {
    "2970e996-64cc-47e6-bc5c-fb3d99195396-system-11": [],
    "2970e996-64cc-47e6-bc5c-fb3d99195396-importance-14": [],
    "2970e996-64cc-47e6-bc5c-fb3d99195396-great-13": [],
    "2970e996-64cc-47e6-bc5c-fb3d99195396-station-23": [],
    "2970e996-64cc-47e6-bc5c-fb3d99195396-operation-17": [],
    "2970e996-64cc-47e6-bc5c-fb3d99195396-drilling-2-vessels-3": [],
    "2970e996-64cc-47e6-bc5c-fb3d99195396-emergency-4-situation-5": [],
    "2970e996-64cc-47e6-bc5c-fb3d99195396-drift-8": [],
    "2970e996-64cc-47e6-bc5c-fb3d99195396-ungoverned-7": [],
    "2970e996-64cc-47e6-bc5c-fb3d99195396-vessel-7-drift-8": [],
    "2970e996-64cc-47e6-bc5c-fb3d99195396-emergency-3-situation-4": [],
    "2970e996-64cc-47e6-bc5c-fb3d99195396-influence-13": [],
    "2970e996-64cc-47e6-bc5c-fb3d99195396-environmental-15": [],
    "2970e996-64cc-47e6-bc5c-fb3d99195396-subjected-10": [],
    "2970e996-64cc-47e6-bc5c-fb3d99195396-obstacles-26": [],
    "2970e996-64cc-47e6-bc5c-fb3d99195396-collisions-23": [],
    "2970e996-64cc-47e6-bc5c-fb3d99195396-floating-25": [],
    "2970e996-64cc-47e6-bc5c-fb3d99195396-conditions-16": [],
    "2970e996-64cc-47e6-bc5c-fb3d99195396-safety-17-region-18": [],
    "2970e996-64cc-47e6-bc5c-fb3d99195396-operation-29": [],
    "2970e996-64cc-47e6-bc5c-fb3d99195396-it-11": [],
    "2970e996-64cc-47e6-bc5c-fb3d99195396-possible-4-occurrence-5": [],
    "2970e996-64cc-47e6-bc5c-fb3d99195396-emergency-8-condition-9": [],
    "2970e996-64cc-47e6-bc5c-fb3d99195396-necessary-13": [],
    "2970e996-64cc-47e6-bc5c-fb3d99195396-drilling-21-ship-22-operation-23": [],
    "2970e996-64cc-47e6-bc5c-fb3d99195396-drilling-33-vessel-34": [],
    "2970e996-64cc-47e6-bc5c-fb3d99195396-damage-41-to-42-equipment-44": [],
    "2970e996-64cc-47e6-bc5c-fb3d99195396-wellhead-39": [],
    "2970e996-64cc-47e6-bc5c-fb3d99195396-limiting-28": [],
    "2970e996-64cc-47e6-bc5c-fb3d99195396-limit-2-offset-3": [],
    "2970e996-64cc-47e6-bc5c-fb3d99195396-riser-8-analysis-9": [],
    "2970e996-64cc-47e6-bc5c-fb3d99195396-obtained-5": [],
    "2970e996-64cc-47e6-bc5c-fb3d99195396-WSOG-21": [],
    "2970e996-64cc-47e6-bc5c-fb3d99195396-Specific-24-Operating-25-Guidelines-26": [],
    "2970e996-64cc-47e6-bc5c-fb3d99195396-study-2": [],
    "2970e996-64cc-47e6-bc5c-fb3d99195396-failure-11": [],
    "2970e996-64cc-47e6-bc5c-fb3d99195396-several-13": [],
    "2970e996-64cc-47e6-bc5c-fb3d99195396-environmental-14": [],
    "2970e996-64cc-47e6-bc5c-fb3d99195396-vessel-5-drift-6-trajectory-7": [],
    "NE-ORGANIZATION-DP": [],
    "2970e996-64cc-47e6-bc5c-fb3d99195396-conditions-15": [],
    "2970e996-64cc-47e6-bc5c-fb3d99195396-time-3-domain-4-simulator-5": [],
    "2970e996-64cc-47e6-bc5c-fb3d99195396-must-6-used-8": [],
    "2970e996-64cc-47e6-bc5c-fb3d99195396-validated-2": [],
    "2970e996-64cc-47e6-bc5c-fb3d99195396-software-8": [],
    "2970e996-64cc-47e6-bc5c-fb3d99195396-work-4": [],
    "NE-MISC-Dynasim": [],
    "NE-DATE-present": [],
    "2970e996-64cc-47e6-bc5c-fb3d99195396-applied-21": [],
    "2970e996-64cc-47e6-bc5c-fb3d99195396-aim-4": [],
    "NE-TITLE-model": [],
    "2970e996-64cc-47e6-bc5c-fb3d99195396-numerical-13": [
      "2970e996-64cc-47e6-bc5c-fb3d99195396-numerical-8",
      "2970e996-64cc-47e6-bc5c-fb3d99195396-numerical-16"
    ],
    "2970e996-64cc-47e6-bc5c-fb3d99195396-vessels-24": [],
    "2970e996-64cc-47e6-bc5c-fb3d99195396-work-7": [],
    "2970e996-64cc-47e6-bc5c-fb3d99195396-main-12-parameters-13": [],
    "2970e996-64cc-47e6-bc5c-fb3d99195396-validation-3": [],
    "2970e996-64cc-47e6-bc5c-fb3d99195396-numerical-8": [
      "2970e996-64cc-47e6-bc5c-fb3d99195396-numerical-13",
      "2970e996-64cc-47e6-bc5c-fb3d99195396-numerical-16"
    ],
    "2970e996-64cc-47e6-bc5c-fb3d99195396-distance-17-time-18-series-20": [],
    "2970e996-64cc-47e6-bc5c-fb3d99195396-variation-23": [],
    "2970e996-64cc-47e6-bc5c-fb3d99195396-heading-22": [],
    "2970e996-64cc-47e6-bc5c-fb3d99195396-three-11": [],
    "2970e996-64cc-47e6-bc5c-fb3d99195396-trajectory-25": [],
    "2970e996-64cc-47e6-bc5c-fb3d99195396-comparisons-2-results-10": [],
    "2970e996-64cc-47e6-bc5c-fb3d99195396-accuracy-13": [],
    "2970e996-64cc-47e6-bc5c-fb3d99195396-numerical-16": [
      "2970e996-64cc-47e6-bc5c-fb3d99195396-numerical-13",
      "2970e996-64cc-47e6-bc5c-fb3d99195396-numerical-8"
    ],
    "2970e996-64cc-47e6-bc5c-fb3d99195396-application-4": [],
    "2970e996-64cc-47e6-bc5c-fb3d99195396-contribution-11": [],
    "2970e996-64cc-47e6-bc5c-fb3d99195396-tool-7": [],
    "2970e996-64cc-47e6-bc5c-fb3d99195396-determination-26": [],
    "2970e996-64cc-47e6-bc5c-fb3d99195396-relation-32-to-33-wind-35-minimizing-57": [],
    "2970e996-64cc-47e6-bc5c-fb3d99195396-WSOG-16-analysis-17": [],
    "2970e996-64cc-47e6-bc5c-fb3d99195396-valuable-10": [],
    "2970e996-64cc-47e6-bc5c-fb3d99195396-reliability-14": [],
    "2970e996-64cc-47e6-bc5c-fb3d99195396-operations-22": []
  }
}