{
  "document": "D:/Projetos/PIRA_KG/documents/onu_25444510078.txt",
  "entities": {
    "adad3cf5-16ae-4cec-b91d-60c5da9121ac-soil-4-support-5": "soil support",
    "adad3cf5-16ae-4cec-b91d-60c5da9121ac-upheavel-9": "upheavel",
    "adad3cf5-16ae-4cec-b91d-60c5da9121ac-Shallow-1": "Shallow",
    "adad3cf5-16ae-4cec-b91d-60c5da9121ac-heated-12-pipelines-13": "heated pipelines",
    "adad3cf5-16ae-4cec-b91d-60c5da9121ac-pipelines-13": "pipelines",
    "adad3cf5-16ae-4cec-b91d-60c5da9121ac-shores-15": "shores",
    "adad3cf5-16ae-4cec-b91d-60c5da9121ac-buckling-10": "buckling",
    "NE-TITLE-model": "model",
    "adad3cf5-16ae-4cec-b91d-60c5da9121ac-thermomechanical-11": "thermomechanical",
    "adad3cf5-16ae-4cec-b91d-60c5da9121ac-nume-5": "nume",
    "adad3cf5-16ae-4cec-b91d-60c5da9121ac-pipelines-16": "pipelines",
    "adad3cf5-16ae-4cec-b91d-60c5da9121ac-shore-18-approach-19-areas-20": "shore approach areas",
    "adad3cf5-16ae-4cec-b91d-60c5da9121ac-rical-6": "rical",
    "adad3cf5-16ae-4cec-b91d-60c5da9121ac-buried-14": "buried",
    "adad3cf5-16ae-4cec-b91d-60c5da9121ac-buckling-12": "buckling",
    "adad3cf5-16ae-4cec-b91d-60c5da9121ac-buried-14-heated-15-pipelines-16": "buried heated pipelines",
    "adad3cf5-16ae-4cec-b91d-60c5da9121ac-heated-15": "heated",
    "adad3cf5-16ae-4cec-b91d-60c5da9121ac-analysis-2": "analysis",
    "adad3cf5-16ae-4cec-b91d-60c5da9121ac-Petrobras-18-project-19": "Petrobras project",
    "adad3cf5-16ae-4cec-b91d-60c5da9121ac-particular-17": "particular",
    "adad3cf5-16ae-4cec-b91d-60c5da9121ac-discussion-2": "discussion",
    "adad3cf5-16ae-4cec-b91d-60c5da9121ac-opening-13": "opening",
    "adad3cf5-16ae-4cec-b91d-60c5da9121ac-required-18-backfilling-19": "required backfilling",
    "adad3cf5-16ae-4cec-b91d-60c5da9121ac-heavier-22-soil-23": "heavier soil",
    "adad3cf5-16ae-4cec-b91d-60c5da9121ac-influence-6": "influence",
    "adad3cf5-16ae-4cec-b91d-60c5da9121ac-sediment-9-transport-10": "sediment transport",
    "adad3cf5-16ae-4cec-b91d-60c5da9121ac-trench-16": "trench"
  },
  "graph": [
    {
      "subject_id": "adad3cf5-16ae-4cec-b91d-60c5da9121ac-soil-4-support-5",
      "relation": "may lead to",
      "object_id": "adad3cf5-16ae-4cec-b91d-60c5da9121ac-upheavel-9"
    },
    {
      "subject_id": "adad3cf5-16ae-4cec-b91d-60c5da9121ac-soil-4-support-5",
      "relation": "is",
      "object_id": "adad3cf5-16ae-4cec-b91d-60c5da9121ac-Shallow-1"
    },
    {
      "subject_id": "adad3cf5-16ae-4cec-b91d-60c5da9121ac-upheavel-9",
      "relation": "at",
      "object_id": "adad3cf5-16ae-4cec-b91d-60c5da9121ac-heated-12-pipelines-13"
    },
    {
      "subject_id": "adad3cf5-16ae-4cec-b91d-60c5da9121ac-upheavel-9",
      "relation": "at",
      "object_id": "adad3cf5-16ae-4cec-b91d-60c5da9121ac-pipelines-13"
    },
    {
      "subject_id": "adad3cf5-16ae-4cec-b91d-60c5da9121ac-upheavel-9",
      "relation": "of",
      "object_id": "adad3cf5-16ae-4cec-b91d-60c5da9121ac-shores-15"
    },
    {
      "subject_id": "adad3cf5-16ae-4cec-b91d-60c5da9121ac-heated-12-pipelines-13",
      "relation": "is in",
      "object_id": "adad3cf5-16ae-4cec-b91d-60c5da9121ac-shores-15"
    },
    {
      "subject_id": "adad3cf5-16ae-4cec-b91d-60c5da9121ac-upheavel-9",
      "relation": "is",
      "object_id": "adad3cf5-16ae-4cec-b91d-60c5da9121ac-buckling-10"
    },
    {
      "subject_id": "NE-TITLE-model",
      "relation": "simulate",
      "object_id": "adad3cf5-16ae-4cec-b91d-60c5da9121ac-thermomechanical-11"
    },
    {
      "subject_id": "NE-TITLE-model",
      "relation": "is",
      "object_id": "adad3cf5-16ae-4cec-b91d-60c5da9121ac-nume-5"
    },
    {
      "subject_id": "adad3cf5-16ae-4cec-b91d-60c5da9121ac-thermomechanical-11",
      "relation": "of",
      "object_id": "adad3cf5-16ae-4cec-b91d-60c5da9121ac-pipelines-16"
    },
    {
      "subject_id": "adad3cf5-16ae-4cec-b91d-60c5da9121ac-thermomechanical-11",
      "relation": "of",
      "object_id": "adad3cf5-16ae-4cec-b91d-60c5da9121ac-shore-18-approach-19-areas-20"
    },
    {
      "subject_id": "NE-TITLE-model",
      "relation": "is",
      "object_id": "adad3cf5-16ae-4cec-b91d-60c5da9121ac-rical-6"
    },
    {
      "subject_id": "adad3cf5-16ae-4cec-b91d-60c5da9121ac-thermomechanical-11",
      "relation": "is",
      "object_id": "adad3cf5-16ae-4cec-b91d-60c5da9121ac-buried-14"
    },
    {
      "subject_id": "adad3cf5-16ae-4cec-b91d-60c5da9121ac-thermomechanical-11",
      "relation": "is",
      "object_id": "adad3cf5-16ae-4cec-b91d-60c5da9121ac-buckling-12"
    },
    {
      "subject_id": "adad3cf5-16ae-4cec-b91d-60c5da9121ac-buried-14-heated-15-pipelines-16",
      "relation": "is in",
      "object_id": "adad3cf5-16ae-4cec-b91d-60c5da9121ac-shore-18-approach-19-areas-20"
    },
    {
      "subject_id": "adad3cf5-16ae-4cec-b91d-60c5da9121ac-thermomechanical-11",
      "relation": "is",
      "object_id": "adad3cf5-16ae-4cec-b91d-60c5da9121ac-heated-15"
    },
    {
      "subject_id": "adad3cf5-16ae-4cec-b91d-60c5da9121ac-thermomechanical-11",
      "relation": "of",
      "object_id": "adad3cf5-16ae-4cec-b91d-60c5da9121ac-buried-14-heated-15-pipelines-16"
    },
    {
      "subject_id": "adad3cf5-16ae-4cec-b91d-60c5da9121ac-analysis-2",
      "relation": "is also carried out for",
      "object_id": "adad3cf5-16ae-4cec-b91d-60c5da9121ac-Petrobras-18-project-19"
    },
    {
      "subject_id": "adad3cf5-16ae-4cec-b91d-60c5da9121ac-analysis-2",
      "relation": "is carried out for",
      "object_id": "adad3cf5-16ae-4cec-b91d-60c5da9121ac-Petrobras-18-project-19"
    },
    {
      "subject_id": "adad3cf5-16ae-4cec-b91d-60c5da9121ac-Petrobras-18-project-19",
      "relation": "is",
      "object_id": "adad3cf5-16ae-4cec-b91d-60c5da9121ac-particular-17"
    },
    {
      "subject_id": "adad3cf5-16ae-4cec-b91d-60c5da9121ac-discussion-2",
      "relation": "addresses influence after",
      "object_id": "adad3cf5-16ae-4cec-b91d-60c5da9121ac-opening-13"
    },
    {
      "subject_id": "adad3cf5-16ae-4cec-b91d-60c5da9121ac-required-18-backfilling-19",
      "relation": "is with",
      "object_id": "adad3cf5-16ae-4cec-b91d-60c5da9121ac-heavier-22-soil-23"
    },
    {
      "subject_id": "adad3cf5-16ae-4cec-b91d-60c5da9121ac-discussion-2",
      "relation": "also addresses",
      "object_id": "adad3cf5-16ae-4cec-b91d-60c5da9121ac-influence-6"
    },
    {
      "subject_id": "adad3cf5-16ae-4cec-b91d-60c5da9121ac-influence-6",
      "relation": "of",
      "object_id": "adad3cf5-16ae-4cec-b91d-60c5da9121ac-sediment-9-transport-10"
    },
    {
      "subject_id": "adad3cf5-16ae-4cec-b91d-60c5da9121ac-opening-13",
      "relation": "of",
      "object_id": "adad3cf5-16ae-4cec-b91d-60c5da9121ac-trench-16"
    },
    {
      "subject_id": "adad3cf5-16ae-4cec-b91d-60c5da9121ac-discussion-2",
      "relation": "also addresses influence after",
      "object_id": "adad3cf5-16ae-4cec-b91d-60c5da9121ac-opening-13"
    },
    {
      "subject_id": "adad3cf5-16ae-4cec-b91d-60c5da9121ac-discussion-2",
      "relation": "addresses",
      "object_id": "adad3cf5-16ae-4cec-b91d-60c5da9121ac-influence-6"
    }
  ],
  "links": {
    "adad3cf5-16ae-4cec-b91d-60c5da9121ac-soil-4-support-5": [],
    "adad3cf5-16ae-4cec-b91d-60c5da9121ac-upheavel-9": [],
    "adad3cf5-16ae-4cec-b91d-60c5da9121ac-Shallow-1": [],
    "adad3cf5-16ae-4cec-b91d-60c5da9121ac-heated-12-pipelines-13": [
      "adad3cf5-16ae-4cec-b91d-60c5da9121ac-buried-14-heated-15-pipelines-16"
    ],
    "adad3cf5-16ae-4cec-b91d-60c5da9121ac-pipelines-13": [],
    "adad3cf5-16ae-4cec-b91d-60c5da9121ac-shores-15": [],
    "adad3cf5-16ae-4cec-b91d-60c5da9121ac-buckling-10": [],
    "NE-TITLE-model": [],
    "adad3cf5-16ae-4cec-b91d-60c5da9121ac-thermomechanical-11": [],
    "adad3cf5-16ae-4cec-b91d-60c5da9121ac-nume-5": [],
    "adad3cf5-16ae-4cec-b91d-60c5da9121ac-pipelines-16": [],
    "adad3cf5-16ae-4cec-b91d-60c5da9121ac-shore-18-approach-19-areas-20": [],
    "adad3cf5-16ae-4cec-b91d-60c5da9121ac-rical-6": [],
    "adad3cf5-16ae-4cec-b91d-60c5da9121ac-buried-14": [],
    "adad3cf5-16ae-4cec-b91d-60c5da9121ac-buckling-12": [],
    "adad3cf5-16ae-4cec-b91d-60c5da9121ac-buried-14-heated-15-pipelines-16": [
      "adad3cf5-16ae-4cec-b91d-60c5da9121ac-heated-12-pipelines-13"
    ],
    "adad3cf5-16ae-4cec-b91d-60c5da9121ac-heated-15": [],
    "adad3cf5-16ae-4cec-b91d-60c5da9121ac-analysis-2": [],
    "adad3cf5-16ae-4cec-b91d-60c5da9121ac-Petrobras-18-project-19": [],
    "adad3cf5-16ae-4cec-b91d-60c5da9121ac-particular-17": [],
    "adad3cf5-16ae-4cec-b91d-60c5da9121ac-discussion-2": [],
    "adad3cf5-16ae-4cec-b91d-60c5da9121ac-opening-13": [],
    "adad3cf5-16ae-4cec-b91d-60c5da9121ac-required-18-backfilling-19": [],
    "adad3cf5-16ae-4cec-b91d-60c5da9121ac-heavier-22-soil-23": [],
    "adad3cf5-16ae-4cec-b91d-60c5da9121ac-influence-6": [],
    "adad3cf5-16ae-4cec-b91d-60c5da9121ac-sediment-9-transport-10": [],
    "adad3cf5-16ae-4cec-b91d-60c5da9121ac-trench-16": []
  }
}