{
  "document": "D:/Projetos/PIRA_KG/documents/onu_85030830298.txt",
  "entities": {
    "7c4c08d7-08a1-49b5-9442-d72738d202b1-Papa-2-Terra-3-oil-4-field-5": "Papa Terra oil field",
    "7c4c08d7-08a1-49b5-9442-d72738d202b1-located-7": "located",
    "7c4c08d7-08a1-49b5-9442-d72738d202b1-water-33-depth-34": "water depth",
    "7c4c08d7-08a1-49b5-9442-d72738d202b1-BC-10-20-12-Block-13": "BC 20 Block",
    "7c4c08d7-08a1-49b5-9442-d72738d202b1-1,200-36-meters-37": "1,200 meters",
    "NE-COUNTRY-Brazil": "Brazil",
    "7c4c08d7-08a1-49b5-9442-d72738d202b1---11": "-",
    "NE-CITY-Campos": "Campos",
    "NE-LOCATION-Basin": "Basin",
    "7c4c08d7-08a1-49b5-9442-d72738d202b1-field-2": "field",
    "NE-ORGANIZATION-Petrobras": "Petrobras",
    "7c4c08d7-08a1-49b5-9442-d72738d202b1-Papa-1-Terra-2": "Papa Terra",
    "7c4c08d7-08a1-49b5-9442-d72738d202b1-oil-6": "oil",
    "NE-MISC-API": "API",
    "7c4c08d7-08a1-49b5-9442-d72738d202b1-index-10": "index",
    "7c4c08d7-08a1-49b5-9442-d72738d202b1-crude-5": "crude",
    "7c4c08d7-08a1-49b5-9442-d72738d202b1-index-10-between-11-14-12-degrees-15": "index between 14 degrees",
    "7c4c08d7-08a1-49b5-9442-d72738d202b1-oil-19-performed-20": "oil performed",
    "NE-DATE-2013": "2013",
    "NE-ORDINAL-first": "first",
    "7c4c08d7-08a1-49b5-9442-d72738d202b1-its-17": "its",
    "7c4c08d7-08a1-49b5-9442-d72738d202b1-design-3": "design",
    "7c4c08d7-08a1-49b5-9442-d72738d202b1-use-11": "use",
    "7c4c08d7-08a1-49b5-9442-d72738d202b1-proposed-2": "proposed",
    "7c4c08d7-08a1-49b5-9442-d72738d202b1-core-2": "core",
    "7c4c08d7-08a1-49b5-9442-d72738d202b1-pipe-13": "pipe",
    "7c4c08d7-08a1-49b5-9442-d72738d202b1-production-16-fluid-17": "production fluid",
    "7c4c08d7-08a1-49b5-9442-d72738d202b1-flexible-12": "flexible",
    "7c4c08d7-08a1-49b5-9442-d72738d202b1-ETH-5-IPB-7": "ETH IPB",
    "NE-STATE_OR_PROVINCE-ID": "ID",
    "7c4c08d7-08a1-49b5-9442-d72738d202b1-6-10": "6",
    "7c4c08d7-08a1-49b5-9442-d72738d202b1-dedicated-14": "dedicated",
    "7c4c08d7-08a1-49b5-9442-d72738d202b1-flexible-12-dedicated-14": "flexible dedicated",
    "7c4c08d7-08a1-49b5-9442-d72738d202b1-components-7": "components",
    "7c4c08d7-08a1-49b5-9442-d72738d202b1-distributed-9": "distributed",
    "NE-TITLE-layer": "layer",
    "7c4c08d7-08a1-49b5-9442-d72738d202b1-core-3": "core",
    "7c4c08d7-08a1-49b5-9442-d72738d202b1-following-6": "following",
    "7c4c08d7-08a1-49b5-9442-d72738d202b1-bundle-12": "bundle",
    "7c4c08d7-08a1-49b5-9442-d72738d202b1-DTS-6-fiber-8-system-10": "DTS fiber system",
    "7c4c08d7-08a1-49b5-9442-d72738d202b1-steel-17-tube-18-loop-19": "steel tube loop",
    "7c4c08d7-08a1-49b5-9442-d72738d202b1-stainless-16": "stainless",
    "7c4c08d7-08a1-49b5-9442-d72738d202b1-optic-9": "optic",
    "7c4c08d7-08a1-49b5-9442-d72738d202b1-cables-8": "cables",
    "7c4c08d7-08a1-49b5-9442-d72738d202b1-fiber-10-tubes-12": "fiber tubes",
    "7c4c08d7-08a1-49b5-9442-d72738d202b1-optic-11": "optic",
    "7c4c08d7-08a1-49b5-9442-d72738d202b1-electrical-7": "electrical",
    "7c4c08d7-08a1-49b5-9442-d72738d202b1-design-11": "design",
    "7c4c08d7-08a1-49b5-9442-d72738d202b1-paper-6": "paper",
    "7c4c08d7-08a1-49b5-9442-d72738d202b1-aim-3": "aim",
    "7c4c08d7-08a1-49b5-9442-d72738d202b1-main-2": "main",
    "7c4c08d7-08a1-49b5-9442-d72738d202b1-time-23": "time",
    "7c4c08d7-08a1-49b5-9442-d72738d202b1-production-14-system-15": "production system",
    "7c4c08d7-08a1-49b5-9442-d72738d202b1-results-2": "results",
    "7c4c08d7-08a1-49b5-9442-d72738d202b1-will-7-presented-9": "will presented",
    "7c4c08d7-08a1-49b5-9442-d72738d202b1-mechanical-13": "mechanical",
    "7c4c08d7-08a1-49b5-9442-d72738d202b1-bundle-15-components-16": "bundle components",
    "7c4c08d7-08a1-49b5-9442-d72738d202b1-particular-12": "particular",
    "7c4c08d7-08a1-49b5-9442-d72738d202b1-results-3": "results",
    "7c4c08d7-08a1-49b5-9442-d72738d202b1-will-14-presented-16": "will presented",
    "7c4c08d7-08a1-49b5-9442-d72738d202b1-Finally-1": "Finally"
  },
  "graph": [
    {
      "subject_id": "7c4c08d7-08a1-49b5-9442-d72738d202b1-Papa-2-Terra-3-oil-4-field-5",
      "relation": "is",
      "object_id": "7c4c08d7-08a1-49b5-9442-d72738d202b1-located-7"
    },
    {
      "subject_id": "7c4c08d7-08a1-49b5-9442-d72738d202b1-located-7",
      "relation": "at",
      "object_id": "7c4c08d7-08a1-49b5-9442-d72738d202b1-water-33-depth-34"
    },
    {
      "subject_id": "7c4c08d7-08a1-49b5-9442-d72738d202b1-located-7",
      "relation": "at",
      "object_id": "7c4c08d7-08a1-49b5-9442-d72738d202b1-BC-10-20-12-Block-13"
    },
    {
      "subject_id": "7c4c08d7-08a1-49b5-9442-d72738d202b1-Papa-2-Terra-3-oil-4-field-5",
      "relation": "is located in",
      "object_id": "7c4c08d7-08a1-49b5-9442-d72738d202b1-water-33-depth-34"
    },
    {
      "subject_id": "7c4c08d7-08a1-49b5-9442-d72738d202b1-water-33-depth-34",
      "relation": "of",
      "object_id": "7c4c08d7-08a1-49b5-9442-d72738d202b1-1,200-36-meters-37"
    },
    {
      "subject_id": "7c4c08d7-08a1-49b5-9442-d72738d202b1-BC-10-20-12-Block-13",
      "relation": "is in",
      "object_id": "NE-COUNTRY-Brazil"
    },
    {
      "subject_id": "7c4c08d7-08a1-49b5-9442-d72738d202b1-BC-10-20-12-Block-13",
      "relation": "punct",
      "object_id": "7c4c08d7-08a1-49b5-9442-d72738d202b1---11"
    },
    {
      "subject_id": "7c4c08d7-08a1-49b5-9442-d72738d202b1-Papa-2-Terra-3-oil-4-field-5",
      "relation": "is located on",
      "object_id": "7c4c08d7-08a1-49b5-9442-d72738d202b1-BC-10-20-12-Block-13"
    },
    {
      "subject_id": "7c4c08d7-08a1-49b5-9442-d72738d202b1-BC-10-20-12-Block-13",
      "relation": "of",
      "object_id": "NE-COUNTRY-Brazil"
    },
    {
      "subject_id": "7c4c08d7-08a1-49b5-9442-d72738d202b1-BC-10-20-12-Block-13",
      "relation": "of",
      "object_id": "NE-CITY-Campos"
    },
    {
      "subject_id": "7c4c08d7-08a1-49b5-9442-d72738d202b1-BC-10-20-12-Block-13",
      "relation": "of",
      "object_id": "NE-LOCATION-Basin"
    },
    {
      "subject_id": "7c4c08d7-08a1-49b5-9442-d72738d202b1-field-2",
      "relation": "is operated by",
      "object_id": "NE-ORGANIZATION-Petrobras"
    },
    {
      "subject_id": "7c4c08d7-08a1-49b5-9442-d72738d202b1-Papa-1-Terra-2",
      "relation": "has",
      "object_id": "7c4c08d7-08a1-49b5-9442-d72738d202b1-oil-6"
    },
    {
      "subject_id": "7c4c08d7-08a1-49b5-9442-d72738d202b1-oil-6",
      "relation": "of",
      "object_id": "NE-MISC-API"
    },
    {
      "subject_id": "7c4c08d7-08a1-49b5-9442-d72738d202b1-oil-6",
      "relation": "of",
      "object_id": "7c4c08d7-08a1-49b5-9442-d72738d202b1-index-10"
    },
    {
      "subject_id": "7c4c08d7-08a1-49b5-9442-d72738d202b1-oil-6",
      "relation": "is",
      "object_id": "7c4c08d7-08a1-49b5-9442-d72738d202b1-crude-5"
    },
    {
      "subject_id": "7c4c08d7-08a1-49b5-9442-d72738d202b1-oil-6",
      "relation": "is with",
      "object_id": "7c4c08d7-08a1-49b5-9442-d72738d202b1-index-10-between-11-14-12-degrees-15"
    },
    {
      "subject_id": "7c4c08d7-08a1-49b5-9442-d72738d202b1-index-10-between-11-14-12-degrees-15",
      "relation": "of",
      "object_id": "NE-MISC-API"
    },
    {
      "subject_id": "7c4c08d7-08a1-49b5-9442-d72738d202b1-oil-19-performed-20",
      "relation": "is in",
      "object_id": "NE-DATE-2013"
    },
    {
      "subject_id": "7c4c08d7-08a1-49b5-9442-d72738d202b1-oil-19-performed-20",
      "relation": "is",
      "object_id": "NE-ORDINAL-first"
    },
    {
      "subject_id": "7c4c08d7-08a1-49b5-9442-d72738d202b1-its-17",
      "relation": "has",
      "object_id": "7c4c08d7-08a1-49b5-9442-d72738d202b1-oil-19-performed-20"
    },
    {
      "subject_id": "7c4c08d7-08a1-49b5-9442-d72738d202b1-design-3",
      "relation": "was",
      "object_id": "7c4c08d7-08a1-49b5-9442-d72738d202b1-use-11"
    },
    {
      "subject_id": "7c4c08d7-08a1-49b5-9442-d72738d202b1-design-3",
      "relation": "is",
      "object_id": "7c4c08d7-08a1-49b5-9442-d72738d202b1-proposed-2"
    },
    {
      "subject_id": "7c4c08d7-08a1-49b5-9442-d72738d202b1-core-2",
      "relation": "is",
      "object_id": "7c4c08d7-08a1-49b5-9442-d72738d202b1-pipe-13"
    },
    {
      "subject_id": "7c4c08d7-08a1-49b5-9442-d72738d202b1-pipe-13",
      "relation": "at",
      "object_id": "7c4c08d7-08a1-49b5-9442-d72738d202b1-production-16-fluid-17"
    },
    {
      "subject_id": "7c4c08d7-08a1-49b5-9442-d72738d202b1-pipe-13",
      "relation": "is",
      "object_id": "7c4c08d7-08a1-49b5-9442-d72738d202b1-flexible-12"
    },
    {
      "subject_id": "7c4c08d7-08a1-49b5-9442-d72738d202b1-ETH-5-IPB-7",
      "relation": "core of is",
      "object_id": "7c4c08d7-08a1-49b5-9442-d72738d202b1-pipe-13"
    },
    {
      "subject_id": "7c4c08d7-08a1-49b5-9442-d72738d202b1-pipe-13",
      "relation": "of",
      "object_id": "NE-STATE_OR_PROVINCE-ID"
    },
    {
      "subject_id": "7c4c08d7-08a1-49b5-9442-d72738d202b1-pipe-13",
      "relation": "amount to",
      "object_id": "7c4c08d7-08a1-49b5-9442-d72738d202b1-6-10"
    },
    {
      "subject_id": "7c4c08d7-08a1-49b5-9442-d72738d202b1-pipe-13",
      "relation": "is",
      "object_id": "7c4c08d7-08a1-49b5-9442-d72738d202b1-dedicated-14"
    },
    {
      "subject_id": "7c4c08d7-08a1-49b5-9442-d72738d202b1-core-2",
      "relation": "is",
      "object_id": "7c4c08d7-08a1-49b5-9442-d72738d202b1-flexible-12-dedicated-14"
    },
    {
      "subject_id": "7c4c08d7-08a1-49b5-9442-d72738d202b1-pipe-13",
      "relation": "is",
      "object_id": "7c4c08d7-08a1-49b5-9442-d72738d202b1-flexible-12-dedicated-14"
    },
    {
      "subject_id": "7c4c08d7-08a1-49b5-9442-d72738d202b1-components-7",
      "relation": "are",
      "object_id": "7c4c08d7-08a1-49b5-9442-d72738d202b1-distributed-9"
    },
    {
      "subject_id": "7c4c08d7-08a1-49b5-9442-d72738d202b1-distributed-9",
      "relation": "at",
      "object_id": "NE-TITLE-layer"
    },
    {
      "subject_id": "7c4c08d7-08a1-49b5-9442-d72738d202b1-distributed-9",
      "relation": "at",
      "object_id": "7c4c08d7-08a1-49b5-9442-d72738d202b1-core-3"
    },
    {
      "subject_id": "7c4c08d7-08a1-49b5-9442-d72738d202b1-components-7",
      "relation": "is",
      "object_id": "7c4c08d7-08a1-49b5-9442-d72738d202b1-following-6"
    },
    {
      "subject_id": "7c4c08d7-08a1-49b5-9442-d72738d202b1-components-7",
      "relation": "are distributed into",
      "object_id": "NE-TITLE-layer"
    },
    {
      "subject_id": "NE-TITLE-layer",
      "relation": "of",
      "object_id": "7c4c08d7-08a1-49b5-9442-d72738d202b1-bundle-12"
    },
    {
      "subject_id": "7c4c08d7-08a1-49b5-9442-d72738d202b1-components-7",
      "relation": "are distributed Around",
      "object_id": "7c4c08d7-08a1-49b5-9442-d72738d202b1-core-3"
    },
    {
      "subject_id": "7c4c08d7-08a1-49b5-9442-d72738d202b1-DTS-6-fiber-8-system-10",
      "relation": "deployed into",
      "object_id": "7c4c08d7-08a1-49b5-9442-d72738d202b1-steel-17-tube-18-loop-19"
    },
    {
      "subject_id": "7c4c08d7-08a1-49b5-9442-d72738d202b1-steel-17-tube-18-loop-19",
      "relation": "is",
      "object_id": "7c4c08d7-08a1-49b5-9442-d72738d202b1-stainless-16"
    },
    {
      "subject_id": "7c4c08d7-08a1-49b5-9442-d72738d202b1-DTS-6-fiber-8-system-10",
      "relation": "deployed offshore into",
      "object_id": "7c4c08d7-08a1-49b5-9442-d72738d202b1-steel-17-tube-18-loop-19"
    },
    {
      "subject_id": "7c4c08d7-08a1-49b5-9442-d72738d202b1-DTS-6-fiber-8-system-10",
      "relation": "is",
      "object_id": "7c4c08d7-08a1-49b5-9442-d72738d202b1-optic-9"
    },
    {
      "subject_id": "7c4c08d7-08a1-49b5-9442-d72738d202b1-cables-8",
      "relation": "loadings",
      "object_id": "7c4c08d7-08a1-49b5-9442-d72738d202b1-fiber-10-tubes-12"
    },
    {
      "subject_id": "7c4c08d7-08a1-49b5-9442-d72738d202b1-fiber-10-tubes-12",
      "relation": "is",
      "object_id": "7c4c08d7-08a1-49b5-9442-d72738d202b1-optic-11"
    },
    {
      "subject_id": "7c4c08d7-08a1-49b5-9442-d72738d202b1-cables-8",
      "relation": "installation",
      "object_id": "7c4c08d7-08a1-49b5-9442-d72738d202b1-fiber-10-tubes-12"
    },
    {
      "subject_id": "7c4c08d7-08a1-49b5-9442-d72738d202b1-cables-8",
      "relation": "is",
      "object_id": "7c4c08d7-08a1-49b5-9442-d72738d202b1-electrical-7"
    },
    {
      "subject_id": "7c4c08d7-08a1-49b5-9442-d72738d202b1-cables-8",
      "relation": "mechanical loadings",
      "object_id": "7c4c08d7-08a1-49b5-9442-d72738d202b1-fiber-10-tubes-12"
    },
    {
      "subject_id": "7c4c08d7-08a1-49b5-9442-d72738d202b1-design-11",
      "relation": "main aim of",
      "object_id": "7c4c08d7-08a1-49b5-9442-d72738d202b1-paper-6"
    },
    {
      "subject_id": "7c4c08d7-08a1-49b5-9442-d72738d202b1-aim-3",
      "relation": "is describe",
      "object_id": "7c4c08d7-08a1-49b5-9442-d72738d202b1-design-11"
    },
    {
      "subject_id": "7c4c08d7-08a1-49b5-9442-d72738d202b1-aim-3",
      "relation": "is",
      "object_id": "7c4c08d7-08a1-49b5-9442-d72738d202b1-main-2"
    },
    {
      "subject_id": "7c4c08d7-08a1-49b5-9442-d72738d202b1-time-23",
      "relation": "is in",
      "object_id": "NE-COUNTRY-Brazil"
    },
    {
      "subject_id": "7c4c08d7-08a1-49b5-9442-d72738d202b1-time-23",
      "relation": "is",
      "object_id": "NE-ORDINAL-first"
    },
    {
      "subject_id": "7c4c08d7-08a1-49b5-9442-d72738d202b1-design-11",
      "relation": "of",
      "object_id": "7c4c08d7-08a1-49b5-9442-d72738d202b1-production-14-system-15"
    },
    {
      "subject_id": "7c4c08d7-08a1-49b5-9442-d72738d202b1-design-11",
      "relation": "aim of",
      "object_id": "7c4c08d7-08a1-49b5-9442-d72738d202b1-paper-6"
    },
    {
      "subject_id": "7c4c08d7-08a1-49b5-9442-d72738d202b1-results-2",
      "relation": "will",
      "object_id": "7c4c08d7-08a1-49b5-9442-d72738d202b1-will-7-presented-9"
    },
    {
      "subject_id": "7c4c08d7-08a1-49b5-9442-d72738d202b1-will-7-presented-9",
      "relation": "is",
      "object_id": "7c4c08d7-08a1-49b5-9442-d72738d202b1-mechanical-13"
    },
    {
      "subject_id": "7c4c08d7-08a1-49b5-9442-d72738d202b1-will-7-presented-9",
      "relation": "at",
      "object_id": "7c4c08d7-08a1-49b5-9442-d72738d202b1-bundle-15-components-16"
    },
    {
      "subject_id": "7c4c08d7-08a1-49b5-9442-d72738d202b1-will-7-presented-9",
      "relation": "is",
      "object_id": "7c4c08d7-08a1-49b5-9442-d72738d202b1-particular-12"
    },
    {
      "subject_id": "7c4c08d7-08a1-49b5-9442-d72738d202b1-results-3",
      "relation": "will",
      "object_id": "7c4c08d7-08a1-49b5-9442-d72738d202b1-will-14-presented-16"
    },
    {
      "subject_id": "7c4c08d7-08a1-49b5-9442-d72738d202b1-will-14-presented-16",
      "relation": "at",
      "object_id": "7c4c08d7-08a1-49b5-9442-d72738d202b1-Finally-1"
    }
  ],
  "links": {
    "7c4c08d7-08a1-49b5-9442-d72738d202b1-Papa-2-Terra-3-oil-4-field-5": [],
    "7c4c08d7-08a1-49b5-9442-d72738d202b1-located-7": [],
    "7c4c08d7-08a1-49b5-9442-d72738d202b1-water-33-depth-34": [],
    "7c4c08d7-08a1-49b5-9442-d72738d202b1-BC-10-20-12-Block-13": [],
    "7c4c08d7-08a1-49b5-9442-d72738d202b1-1,200-36-meters-37": [],
    "NE-COUNTRY-Brazil": [],
    "7c4c08d7-08a1-49b5-9442-d72738d202b1---11": [],
    "NE-CITY-Campos": [],
    "NE-LOCATION-Basin": [],
    "7c4c08d7-08a1-49b5-9442-d72738d202b1-field-2": [],
    "NE-ORGANIZATION-Petrobras": [],
    "7c4c08d7-08a1-49b5-9442-d72738d202b1-Papa-1-Terra-2": [],
    "7c4c08d7-08a1-49b5-9442-d72738d202b1-oil-6": [],
    "NE-MISC-API": [],
    "7c4c08d7-08a1-49b5-9442-d72738d202b1-index-10": [],
    "7c4c08d7-08a1-49b5-9442-d72738d202b1-crude-5": [],
    "7c4c08d7-08a1-49b5-9442-d72738d202b1-index-10-between-11-14-12-degrees-15": [],
    "7c4c08d7-08a1-49b5-9442-d72738d202b1-oil-19-performed-20": [],
    "NE-DATE-2013": [],
    "NE-ORDINAL-first": [],
    "7c4c08d7-08a1-49b5-9442-d72738d202b1-its-17": [],
    "7c4c08d7-08a1-49b5-9442-d72738d202b1-design-3": [],
    "7c4c08d7-08a1-49b5-9442-d72738d202b1-use-11": [],
    "7c4c08d7-08a1-49b5-9442-d72738d202b1-proposed-2": [],
    "7c4c08d7-08a1-49b5-9442-d72738d202b1-core-2": [],
    "7c4c08d7-08a1-49b5-9442-d72738d202b1-pipe-13": [],
    "7c4c08d7-08a1-49b5-9442-d72738d202b1-production-16-fluid-17": [],
    "7c4c08d7-08a1-49b5-9442-d72738d202b1-flexible-12": [],
    "7c4c08d7-08a1-49b5-9442-d72738d202b1-ETH-5-IPB-7": [],
    "NE-STATE_OR_PROVINCE-ID": [],
    "7c4c08d7-08a1-49b5-9442-d72738d202b1-6-10": [],
    "7c4c08d7-08a1-49b5-9442-d72738d202b1-dedicated-14": [],
    "7c4c08d7-08a1-49b5-9442-d72738d202b1-flexible-12-dedicated-14": [],
    "7c4c08d7-08a1-49b5-9442-d72738d202b1-components-7": [],
    "7c4c08d7-08a1-49b5-9442-d72738d202b1-distributed-9": [],
    "NE-TITLE-layer": [],
    "7c4c08d7-08a1-49b5-9442-d72738d202b1-core-3": [],
    "7c4c08d7-08a1-49b5-9442-d72738d202b1-following-6": [],
    "7c4c08d7-08a1-49b5-9442-d72738d202b1-bundle-12": [],
    "7c4c08d7-08a1-49b5-9442-d72738d202b1-DTS-6-fiber-8-system-10": [],
    "7c4c08d7-08a1-49b5-9442-d72738d202b1-steel-17-tube-18-loop-19": [],
    "7c4c08d7-08a1-49b5-9442-d72738d202b1-stainless-16": [],
    "7c4c08d7-08a1-49b5-9442-d72738d202b1-optic-9": [
      "7c4c08d7-08a1-49b5-9442-d72738d202b1-optic-11"
    ],
    "7c4c08d7-08a1-49b5-9442-d72738d202b1-cables-8": [],
    "7c4c08d7-08a1-49b5-9442-d72738d202b1-fiber-10-tubes-12": [],
    "7c4c08d7-08a1-49b5-9442-d72738d202b1-optic-11": [
      "7c4c08d7-08a1-49b5-9442-d72738d202b1-optic-9"
    ],
    "7c4c08d7-08a1-49b5-9442-d72738d202b1-electrical-7": [],
    "7c4c08d7-08a1-49b5-9442-d72738d202b1-design-11": [],
    "7c4c08d7-08a1-49b5-9442-d72738d202b1-paper-6": [],
    "7c4c08d7-08a1-49b5-9442-d72738d202b1-aim-3": [],
    "7c4c08d7-08a1-49b5-9442-d72738d202b1-main-2": [],
    "7c4c08d7-08a1-49b5-9442-d72738d202b1-time-23": [],
    "7c4c08d7-08a1-49b5-9442-d72738d202b1-production-14-system-15": [],
    "7c4c08d7-08a1-49b5-9442-d72738d202b1-results-2": [
      "7c4c08d7-08a1-49b5-9442-d72738d202b1-results-3"
    ],
    "7c4c08d7-08a1-49b5-9442-d72738d202b1-will-7-presented-9": [
      "7c4c08d7-08a1-49b5-9442-d72738d202b1-will-14-presented-16"
    ],
    "7c4c08d7-08a1-49b5-9442-d72738d202b1-mechanical-13": [],
    "7c4c08d7-08a1-49b5-9442-d72738d202b1-bundle-15-components-16": [],
    "7c4c08d7-08a1-49b5-9442-d72738d202b1-particular-12": [],
    "7c4c08d7-08a1-49b5-9442-d72738d202b1-results-3": [
      "7c4c08d7-08a1-49b5-9442-d72738d202b1-results-2"
    ],
    "7c4c08d7-08a1-49b5-9442-d72738d202b1-will-14-presented-16": [
      "7c4c08d7-08a1-49b5-9442-d72738d202b1-will-7-presented-9"
    ],
    "7c4c08d7-08a1-49b5-9442-d72738d202b1-Finally-1": []
  }
}