{
  "document": "D:/Projetos/PIRA_KG/documents/onu_85055027444.txt",
  "entities": {
    "efaa678b-3d7e-4113-825c-c286cad84bfd-gas-24-pipelines-25": "gas pipelines",
    "NE-ORGANIZATION-Petrobras": "Petrobras",
    "efaa678b-3d7e-4113-825c-c286cad84bfd-flow-20-meters-21": "flow meters",
    "NE-LOCATION-Basin": "Basin",
    "NE-CITY-Campos": "Campos",
    "efaa678b-3d7e-4113-825c-c286cad84bfd-Marlin-29-Asset-30-platforms-31": "Marlin Asset platforms",
    "efaa678b-3d7e-4113-825c-c286cad84bfd-INMETRO-8-No.-9-1-10-regulations-11": "INMETRO No. 1 regulations",
    "efaa678b-3d7e-4113-825c-c286cad84bfd-comply-4": "comply",
    "efaa678b-3d7e-4113-825c-c286cad84bfd-project-16": "project",
    "efaa678b-3d7e-4113-825c-c286cad84bfd-fiscal-19": "fiscal",
    "efaa678b-3d7e-4113-825c-c286cad84bfd-located-26": "located",
    "efaa678b-3d7e-4113-825c-c286cad84bfd-its-28-Marlin-29-Asset-30-platforms-31": "its Marlin Asset platforms",
    "efaa678b-3d7e-4113-825c-c286cad84bfd-to-3": "to",
    "NE-ORGANIZATION-ANP": "ANP",
    "efaa678b-3d7e-4113-825c-c286cad84bfd-technology-2": "technology",
    "efaa678b-3d7e-4113-825c-c286cad84bfd-needed-4": "needed",
    "efaa678b-3d7e-4113-825c-c286cad84bfd-arrangement-22": "arrangement",
    "NE-MISC-Bypass": "Bypass",
    "efaa678b-3d7e-4113-825c-c286cad84bfd-Tapping-16": "Tapping",
    "efaa678b-3d7e-4113-825c-c286cad84bfd-shutdown-7-time-8": "shutdown time",
    "efaa678b-3d7e-4113-825c-c286cad84bfd-Hot-15": "Hot",
    "efaa678b-3d7e-4113-825c-c286cad84bfd-revenues-11": "revenues",
    "efaa678b-3d7e-4113-825c-c286cad84bfd-Plugging-4": "Plugging",
    "efaa678b-3d7e-4113-825c-c286cad84bfd-section-10": "section",
    "efaa678b-3d7e-4113-825c-c286cad84bfd-installation-16": "installation",
    "efaa678b-3d7e-4113-825c-c286cad84bfd-Tapping-2": "Tapping",
    "efaa678b-3d7e-4113-825c-c286cad84bfd-temporary-18": "temporary",
    "efaa678b-3d7e-4113-825c-c286cad84bfd-Bypass-6-procedures-7": "Bypass procedures",
    "efaa678b-3d7e-4113-825c-c286cad84bfd-Hot-1": "Hot",
    "efaa678b-3d7e-4113-825c-c286cad84bfd-pipe-13": "pipe",
    "efaa678b-3d7e-4113-825c-c286cad84bfd-STOPPLES-19": "STOPPLES",
    "efaa678b-3d7e-4113-825c-c286cad84bfd-it-11": "it",
    "efaa678b-3d7e-4113-825c-c286cad84bfd-fittings-3": "fittings",
    "efaa678b-3d7e-4113-825c-c286cad84bfd-distinct-2": "distinct",
    "efaa678b-3d7e-4113-825c-c286cad84bfd-a-16": "a",
    "efaa678b-3d7e-4113-825c-c286cad84bfd-pass-19": "pass",
    "efaa678b-3d7e-4113-825c-c286cad84bfd-pipeline-24-flow-25": "pipeline flow",
    "efaa678b-3d7e-4113-825c-c286cad84bfd-uninterupted-28": "uninterupted",
    "efaa678b-3d7e-4113-825c-c286cad84bfd-normal-23": "normal",
    "efaa678b-3d7e-4113-825c-c286cad84bfd-possible-13": "possible",
    "efaa678b-3d7e-4113-825c-c286cad84bfd-by-17": "by",
    "efaa678b-3d7e-4113-825c-c286cad84bfd-project-2": "project",
    "NE-DURATION-year": "year",
    "efaa678b-3d7e-4113-825c-c286cad84bfd-full-6": "full",
    "efaa678b-3d7e-4113-825c-c286cad84bfd-planning-10": "planning",
    "efaa678b-3d7e-4113-825c-c286cad84bfd-technology-2-taskforce-3": "technology taskforce",
    "efaa678b-3d7e-4113-825c-c286cad84bfd-formed-5": "formed",
    "efaa678b-3d7e-4113-825c-c286cad84bfd-use-3": "use",
    "efaa678b-3d7e-4113-825c-c286cad84bfd-shutdown-15": "shutdown",
    "efaa678b-3d7e-4113-825c-c286cad84bfd-6-17-platforms-18": "6 platforms",
    "efaa678b-3d7e-4113-825c-c286cad84bfd-planned-14": "planned",
    "NE-DURATION-35-days": "35 days"
  },
  "graph": [
    {
      "subject_id": "efaa678b-3d7e-4113-825c-c286cad84bfd-gas-24-pipelines-25",
      "relation": "located on",
      "object_id": "NE-ORGANIZATION-Petrobras"
    },
    {
      "subject_id": "efaa678b-3d7e-4113-825c-c286cad84bfd-gas-24-pipelines-25",
      "relation": "at",
      "object_id": "efaa678b-3d7e-4113-825c-c286cad84bfd-flow-20-meters-21"
    },
    {
      "subject_id": "NE-ORGANIZATION-Petrobras",
      "relation": "of",
      "object_id": "NE-LOCATION-Basin"
    },
    {
      "subject_id": "NE-ORGANIZATION-Petrobras",
      "relation": "of",
      "object_id": "NE-CITY-Campos"
    },
    {
      "subject_id": "NE-ORGANIZATION-Petrobras",
      "relation": "of",
      "object_id": "efaa678b-3d7e-4113-825c-c286cad84bfd-Marlin-29-Asset-30-platforms-31"
    },
    {
      "subject_id": "NE-ORGANIZATION-Petrobras",
      "relation": "undertook project",
      "object_id": "efaa678b-3d7e-4113-825c-c286cad84bfd-INMETRO-8-No.-9-1-10-regulations-11"
    },
    {
      "subject_id": "efaa678b-3d7e-4113-825c-c286cad84bfd-INMETRO-8-No.-9-1-10-regulations-11",
      "relation": "mark",
      "object_id": "efaa678b-3d7e-4113-825c-c286cad84bfd-comply-4"
    },
    {
      "subject_id": "efaa678b-3d7e-4113-825c-c286cad84bfd-project-16",
      "relation": "install",
      "object_id": "efaa678b-3d7e-4113-825c-c286cad84bfd-flow-20-meters-21"
    },
    {
      "subject_id": "efaa678b-3d7e-4113-825c-c286cad84bfd-flow-20-meters-21",
      "relation": "is",
      "object_id": "efaa678b-3d7e-4113-825c-c286cad84bfd-fiscal-19"
    },
    {
      "subject_id": "NE-ORGANIZATION-Petrobras",
      "relation": "undertook",
      "object_id": "efaa678b-3d7e-4113-825c-c286cad84bfd-project-16"
    },
    {
      "subject_id": "efaa678b-3d7e-4113-825c-c286cad84bfd-project-16",
      "relation": "install flow meters on",
      "object_id": "NE-ORGANIZATION-Petrobras"
    },
    {
      "subject_id": "NE-ORGANIZATION-Petrobras",
      "relation": "of",
      "object_id": "efaa678b-3d7e-4113-825c-c286cad84bfd-gas-24-pipelines-25"
    },
    {
      "subject_id": "NE-ORGANIZATION-Petrobras",
      "relation": "undertook project",
      "object_id": "efaa678b-3d7e-4113-825c-c286cad84bfd-comply-4"
    },
    {
      "subject_id": "efaa678b-3d7e-4113-825c-c286cad84bfd-project-16",
      "relation": "install flow meters on",
      "object_id": "efaa678b-3d7e-4113-825c-c286cad84bfd-gas-24-pipelines-25"
    },
    {
      "subject_id": "efaa678b-3d7e-4113-825c-c286cad84bfd-gas-24-pipelines-25",
      "relation": "is",
      "object_id": "efaa678b-3d7e-4113-825c-c286cad84bfd-located-26"
    },
    {
      "subject_id": "NE-ORGANIZATION-Petrobras",
      "relation": "has",
      "object_id": "efaa678b-3d7e-4113-825c-c286cad84bfd-gas-24-pipelines-25"
    },
    {
      "subject_id": "NE-LOCATION-Basin",
      "relation": "is in",
      "object_id": "NE-CITY-Campos"
    },
    {
      "subject_id": "efaa678b-3d7e-4113-825c-c286cad84bfd-its-28-Marlin-29-Asset-30-platforms-31",
      "relation": "is in",
      "object_id": "NE-LOCATION-Basin"
    },
    {
      "subject_id": "efaa678b-3d7e-4113-825c-c286cad84bfd-comply-4",
      "relation": "mark",
      "object_id": "efaa678b-3d7e-4113-825c-c286cad84bfd-to-3"
    },
    {
      "subject_id": "NE-ORGANIZATION-Petrobras",
      "relation": "comply with",
      "object_id": "efaa678b-3d7e-4113-825c-c286cad84bfd-INMETRO-8-No.-9-1-10-regulations-11"
    },
    {
      "subject_id": "efaa678b-3d7e-4113-825c-c286cad84bfd-INMETRO-8-No.-9-1-10-regulations-11",
      "relation": "of",
      "object_id": "NE-ORGANIZATION-ANP"
    },
    {
      "subject_id": "efaa678b-3d7e-4113-825c-c286cad84bfd-technology-2",
      "relation": "was",
      "object_id": "efaa678b-3d7e-4113-825c-c286cad84bfd-needed-4"
    },
    {
      "subject_id": "NE-ORGANIZATION-Petrobras",
      "relation": "Plugging with",
      "object_id": "efaa678b-3d7e-4113-825c-c286cad84bfd-arrangement-22"
    },
    {
      "subject_id": "efaa678b-3d7e-4113-825c-c286cad84bfd-arrangement-22",
      "relation": "of",
      "object_id": "NE-MISC-Bypass"
    },
    {
      "subject_id": "NE-ORGANIZATION-Petrobras",
      "relation": "selected",
      "object_id": "efaa678b-3d7e-4113-825c-c286cad84bfd-Tapping-16"
    },
    {
      "subject_id": "efaa678b-3d7e-4113-825c-c286cad84bfd-technology-2",
      "relation": "minimize",
      "object_id": "efaa678b-3d7e-4113-825c-c286cad84bfd-shutdown-7-time-8"
    },
    {
      "subject_id": "efaa678b-3d7e-4113-825c-c286cad84bfd-Tapping-16",
      "relation": "is",
      "object_id": "efaa678b-3d7e-4113-825c-c286cad84bfd-Hot-15"
    },
    {
      "subject_id": "efaa678b-3d7e-4113-825c-c286cad84bfd-shutdown-7-time-8",
      "relation": "maximize",
      "object_id": "efaa678b-3d7e-4113-825c-c286cad84bfd-revenues-11"
    },
    {
      "subject_id": "efaa678b-3d7e-4113-825c-c286cad84bfd-Plugging-4",
      "relation": "isolates",
      "object_id": "efaa678b-3d7e-4113-825c-c286cad84bfd-section-10"
    },
    {
      "subject_id": "efaa678b-3d7e-4113-825c-c286cad84bfd-Plugging-4",
      "relation": "isolates section through",
      "object_id": "efaa678b-3d7e-4113-825c-c286cad84bfd-installation-16"
    },
    {
      "subject_id": "efaa678b-3d7e-4113-825c-c286cad84bfd-Tapping-2",
      "relation": "isolates section through",
      "object_id": "efaa678b-3d7e-4113-825c-c286cad84bfd-installation-16"
    },
    {
      "subject_id": "efaa678b-3d7e-4113-825c-c286cad84bfd-installation-16",
      "relation": "is",
      "object_id": "efaa678b-3d7e-4113-825c-c286cad84bfd-temporary-18"
    },
    {
      "subject_id": "efaa678b-3d7e-4113-825c-c286cad84bfd-section-10",
      "relation": "Tapping with",
      "object_id": "efaa678b-3d7e-4113-825c-c286cad84bfd-Bypass-6-procedures-7"
    },
    {
      "subject_id": "efaa678b-3d7e-4113-825c-c286cad84bfd-Tapping-2",
      "relation": "isolates",
      "object_id": "efaa678b-3d7e-4113-825c-c286cad84bfd-section-10"
    },
    {
      "subject_id": "efaa678b-3d7e-4113-825c-c286cad84bfd-Tapping-2",
      "relation": "is",
      "object_id": "efaa678b-3d7e-4113-825c-c286cad84bfd-Hot-1"
    },
    {
      "subject_id": "efaa678b-3d7e-4113-825c-c286cad84bfd-section-10",
      "relation": "Hot Tapping with",
      "object_id": "efaa678b-3d7e-4113-825c-c286cad84bfd-Bypass-6-procedures-7"
    },
    {
      "subject_id": "efaa678b-3d7e-4113-825c-c286cad84bfd-section-10",
      "relation": "of",
      "object_id": "efaa678b-3d7e-4113-825c-c286cad84bfd-pipe-13"
    },
    {
      "subject_id": "efaa678b-3d7e-4113-825c-c286cad84bfd-Tapping-2",
      "relation": "is with",
      "object_id": "efaa678b-3d7e-4113-825c-c286cad84bfd-Bypass-6-procedures-7"
    },
    {
      "subject_id": "efaa678b-3d7e-4113-825c-c286cad84bfd-installation-16",
      "relation": "of",
      "object_id": "efaa678b-3d7e-4113-825c-c286cad84bfd-STOPPLES-19"
    },
    {
      "subject_id": "efaa678b-3d7e-4113-825c-c286cad84bfd-it-11",
      "relation": "Using",
      "object_id": "efaa678b-3d7e-4113-825c-c286cad84bfd-fittings-3"
    },
    {
      "subject_id": "efaa678b-3d7e-4113-825c-c286cad84bfd-fittings-3",
      "relation": "is",
      "object_id": "efaa678b-3d7e-4113-825c-c286cad84bfd-distinct-2"
    },
    {
      "subject_id": "efaa678b-3d7e-4113-825c-c286cad84bfd-it-11",
      "relation": "install",
      "object_id": "efaa678b-3d7e-4113-825c-c286cad84bfd-a-16"
    },
    {
      "subject_id": "efaa678b-3d7e-4113-825c-c286cad84bfd-a-16",
      "relation": "is",
      "object_id": "efaa678b-3d7e-4113-825c-c286cad84bfd-pass-19"
    },
    {
      "subject_id": "efaa678b-3d7e-4113-825c-c286cad84bfd-it-11",
      "relation": "Using upstream and downstream",
      "object_id": "efaa678b-3d7e-4113-825c-c286cad84bfd-fittings-3"
    },
    {
      "subject_id": "efaa678b-3d7e-4113-825c-c286cad84bfd-pipeline-24-flow-25",
      "relation": "remain",
      "object_id": "efaa678b-3d7e-4113-825c-c286cad84bfd-uninterupted-28"
    },
    {
      "subject_id": "efaa678b-3d7e-4113-825c-c286cad84bfd-pipeline-24-flow-25",
      "relation": "is",
      "object_id": "efaa678b-3d7e-4113-825c-c286cad84bfd-normal-23"
    },
    {
      "subject_id": "efaa678b-3d7e-4113-825c-c286cad84bfd-it-11",
      "relation": "Using upstream",
      "object_id": "efaa678b-3d7e-4113-825c-c286cad84bfd-fittings-3"
    },
    {
      "subject_id": "efaa678b-3d7e-4113-825c-c286cad84bfd-it-11",
      "relation": "was",
      "object_id": "efaa678b-3d7e-4113-825c-c286cad84bfd-possible-13"
    },
    {
      "subject_id": "efaa678b-3d7e-4113-825c-c286cad84bfd-a-16",
      "relation": "at",
      "object_id": "efaa678b-3d7e-4113-825c-c286cad84bfd-by-17"
    },
    {
      "subject_id": "NE-LOCATION-Basin",
      "relation": "is on",
      "object_id": "NE-CITY-Campos"
    },
    {
      "subject_id": "efaa678b-3d7e-4113-825c-c286cad84bfd-project-2",
      "relation": "lasted for",
      "object_id": "NE-DURATION-year"
    },
    {
      "subject_id": "NE-DURATION-year",
      "relation": "is",
      "object_id": "efaa678b-3d7e-4113-825c-c286cad84bfd-full-6"
    },
    {
      "subject_id": "efaa678b-3d7e-4113-825c-c286cad84bfd-project-2",
      "relation": "included",
      "object_id": "efaa678b-3d7e-4113-825c-c286cad84bfd-planning-10"
    },
    {
      "subject_id": "efaa678b-3d7e-4113-825c-c286cad84bfd-technology-2-taskforce-3",
      "relation": "was",
      "object_id": "efaa678b-3d7e-4113-825c-c286cad84bfd-formed-5"
    },
    {
      "subject_id": "efaa678b-3d7e-4113-825c-c286cad84bfd-use-3",
      "relation": "reduced",
      "object_id": "efaa678b-3d7e-4113-825c-c286cad84bfd-shutdown-15"
    },
    {
      "subject_id": "efaa678b-3d7e-4113-825c-c286cad84bfd-use-3",
      "relation": "reduced planned shutdown on",
      "object_id": "efaa678b-3d7e-4113-825c-c286cad84bfd-6-17-platforms-18"
    },
    {
      "subject_id": "efaa678b-3d7e-4113-825c-c286cad84bfd-use-3",
      "relation": "reduced shutdown on",
      "object_id": "efaa678b-3d7e-4113-825c-c286cad84bfd-6-17-platforms-18"
    },
    {
      "subject_id": "efaa678b-3d7e-4113-825c-c286cad84bfd-shutdown-15",
      "relation": "is",
      "object_id": "efaa678b-3d7e-4113-825c-c286cad84bfd-planned-14"
    },
    {
      "subject_id": "efaa678b-3d7e-4113-825c-c286cad84bfd-use-3",
      "relation": "reduced planned shutdown by",
      "object_id": "NE-DURATION-35-days"
    },
    {
      "subject_id": "efaa678b-3d7e-4113-825c-c286cad84bfd-use-3",
      "relation": "reduced shutdown by",
      "object_id": "NE-DURATION-35-days"
    }
  ],
  "links": {
    "efaa678b-3d7e-4113-825c-c286cad84bfd-gas-24-pipelines-25": [],
    "NE-ORGANIZATION-Petrobras": [],
    "efaa678b-3d7e-4113-825c-c286cad84bfd-flow-20-meters-21": [],
    "NE-LOCATION-Basin": [],
    "NE-CITY-Campos": [],
    "efaa678b-3d7e-4113-825c-c286cad84bfd-Marlin-29-Asset-30-platforms-31": [],
    "efaa678b-3d7e-4113-825c-c286cad84bfd-INMETRO-8-No.-9-1-10-regulations-11": [],
    "efaa678b-3d7e-4113-825c-c286cad84bfd-comply-4": [],
    "efaa678b-3d7e-4113-825c-c286cad84bfd-project-16": [],
    "efaa678b-3d7e-4113-825c-c286cad84bfd-fiscal-19": [],
    "efaa678b-3d7e-4113-825c-c286cad84bfd-located-26": [],
    "efaa678b-3d7e-4113-825c-c286cad84bfd-its-28-Marlin-29-Asset-30-platforms-31": [],
    "efaa678b-3d7e-4113-825c-c286cad84bfd-to-3": [],
    "NE-ORGANIZATION-ANP": [],
    "efaa678b-3d7e-4113-825c-c286cad84bfd-technology-2": [],
    "efaa678b-3d7e-4113-825c-c286cad84bfd-needed-4": [],
    "efaa678b-3d7e-4113-825c-c286cad84bfd-arrangement-22": [],
    "NE-MISC-Bypass": [],
    "efaa678b-3d7e-4113-825c-c286cad84bfd-Tapping-16": [],
    "efaa678b-3d7e-4113-825c-c286cad84bfd-shutdown-7-time-8": [],
    "efaa678b-3d7e-4113-825c-c286cad84bfd-Hot-15": [
      "efaa678b-3d7e-4113-825c-c286cad84bfd-Hot-1"
    ],
    "efaa678b-3d7e-4113-825c-c286cad84bfd-revenues-11": [],
    "efaa678b-3d7e-4113-825c-c286cad84bfd-Plugging-4": [],
    "efaa678b-3d7e-4113-825c-c286cad84bfd-section-10": [],
    "efaa678b-3d7e-4113-825c-c286cad84bfd-installation-16": [],
    "efaa678b-3d7e-4113-825c-c286cad84bfd-Tapping-2": [],
    "efaa678b-3d7e-4113-825c-c286cad84bfd-temporary-18": [],
    "efaa678b-3d7e-4113-825c-c286cad84bfd-Bypass-6-procedures-7": [],
    "efaa678b-3d7e-4113-825c-c286cad84bfd-Hot-1": [
      "efaa678b-3d7e-4113-825c-c286cad84bfd-Hot-15"
    ],
    "efaa678b-3d7e-4113-825c-c286cad84bfd-pipe-13": [],
    "efaa678b-3d7e-4113-825c-c286cad84bfd-STOPPLES-19": [],
    "efaa678b-3d7e-4113-825c-c286cad84bfd-it-11": [],
    "efaa678b-3d7e-4113-825c-c286cad84bfd-fittings-3": [],
    "efaa678b-3d7e-4113-825c-c286cad84bfd-distinct-2": [],
    "efaa678b-3d7e-4113-825c-c286cad84bfd-a-16": [],
    "efaa678b-3d7e-4113-825c-c286cad84bfd-pass-19": [],
    "efaa678b-3d7e-4113-825c-c286cad84bfd-pipeline-24-flow-25": [],
    "efaa678b-3d7e-4113-825c-c286cad84bfd-uninterupted-28": [],
    "efaa678b-3d7e-4113-825c-c286cad84bfd-normal-23": [],
    "efaa678b-3d7e-4113-825c-c286cad84bfd-possible-13": [],
    "efaa678b-3d7e-4113-825c-c286cad84bfd-by-17": [],
    "efaa678b-3d7e-4113-825c-c286cad84bfd-project-2": [],
    "NE-DURATION-year": [],
    "efaa678b-3d7e-4113-825c-c286cad84bfd-full-6": [],
    "efaa678b-3d7e-4113-825c-c286cad84bfd-planning-10": [],
    "efaa678b-3d7e-4113-825c-c286cad84bfd-technology-2-taskforce-3": [],
    "efaa678b-3d7e-4113-825c-c286cad84bfd-formed-5": [],
    "efaa678b-3d7e-4113-825c-c286cad84bfd-use-3": [],
    "efaa678b-3d7e-4113-825c-c286cad84bfd-shutdown-15": [],
    "efaa678b-3d7e-4113-825c-c286cad84bfd-6-17-platforms-18": [],
    "efaa678b-3d7e-4113-825c-c286cad84bfd-planned-14": [],
    "NE-DURATION-35-days": []
  }
}