{
  "document": "D:/Projetos/PIRA_KG/documents/onu_85072834829.txt",
  "entities": {
    "f46f17d1-e7ee-43a7-b27f-8001a220449a-South-2-Atlantic-3-Aptian-4-Pre-Salt-6": "South Atlantic Aptian Pre-Salt",
    "f46f17d1-e7ee-43a7-b27f-8001a220449a-interest-18": "interest",
    "f46f17d1-e7ee-43a7-b27f-8001a220449a-major-17": "major",
    "f46f17d1-e7ee-43a7-b27f-8001a220449a-sedimentology-4": "sedimentology",
    "f46f17d1-e7ee-43a7-b27f-8001a220449a-recognized-10": "recognized",
    "NE-TITLE-general": "general",
    "f46f17d1-e7ee-43a7-b27f-8001a220449a-alkaline-16-lakes-17": "alkaline lakes",
    "f46f17d1-e7ee-43a7-b27f-8001a220449a-rift-19-volcanic-20-settings-21": "rift volcanic settings",
    "f46f17d1-e7ee-43a7-b27f-8001a220449a-genesis-25": "genesis",
    "f46f17d1-e7ee-43a7-b27f-8001a220449a-widely-9": "widely",
    "f46f17d1-e7ee-43a7-b27f-8001a220449a-saline-14": "saline",
    "f46f17d1-e7ee-43a7-b27f-8001a220449a-to-11": "to",
    "f46f17d1-e7ee-43a7-b27f-8001a220449a-deposits-7": "deposits",
    "f46f17d1-e7ee-43a7-b27f-8001a220449a-study-2": "study",
    "f46f17d1-e7ee-43a7-b27f-8001a220449a-carbonates-9": "carbonates",
    "f46f17d1-e7ee-43a7-b27f-8001a220449a-comparable-7": "comparable",
    "f46f17d1-e7ee-43a7-b27f-8001a220449a-petrographically-6": "petrographically",
    "f46f17d1-e7ee-43a7-b27f-8001a220449a-Anthropocene-16-limestone-17": "Anthropocene limestone",
    "f46f17d1-e7ee-43a7-b27f-8001a220449a-shrubby-8": "shrubby",
    "NE-ORDINAL-first": "first",
    "f46f17d1-e7ee-43a7-b27f-8001a220449a-carbonate-12-microfacies-13": "carbonate microfacies",
    "f46f17d1-e7ee-43a7-b27f-8001a220449a-other-11": "other",
    "f46f17d1-e7ee-43a7-b27f-8001a220449a-us-4": "us",
    "f46f17d1-e7ee-43a7-b27f-8001a220449a-term-11-monitoring-13-efforts-14": "term monitoring efforts",
    "f46f17d1-e7ee-43a7-b27f-8001a220449a-carbonates-22": "carbonates",
    "NE-COUNTRY-pH": "pH",
    "f46f17d1-e7ee-43a7-b27f-8001a220449a-shrubby-21": "shrubby",
    "f46f17d1-e7ee-43a7-b27f-8001a220449a-waters-27": "waters",
    "f46f17d1-e7ee-43a7-b27f-8001a220449a-richest-28": "richest",
    "f46f17d1-e7ee-43a7-b27f-8001a220449a-site-17": "site",
    "f46f17d1-e7ee-43a7-b27f-8001a220449a-hydrochemical-12": "hydrochemical",
    "f46f17d1-e7ee-43a7-b27f-8001a220449a-calcium-30": "calcium",
    "f46f17d1-e7ee-43a7-b27f-8001a220449a-exceptional-8": "exceptional",
    "f46f17d1-e7ee-43a7-b27f-8001a220449a-long-9": "long",
    "f46f17d1-e7ee-43a7-b27f-8001a220449a-discovery-2": "discovery",
    "f46f17d1-e7ee-43a7-b27f-8001a220449a-distribution-5": "distribution",
    "f46f17d1-e7ee-43a7-b27f-8001a220449a-saturation-22": "saturation",
    "f46f17d1-e7ee-43a7-b27f-8001a220449a-physical-4": "physical",
    "f46f17d1-e7ee-43a7-b27f-8001a220449a-shrubs-7": "shrubs",
    "f46f17d1-e7ee-43a7-b27f-8001a220449a-indicating-24": "indicating",
    "f46f17d1-e7ee-43a7-b27f-8001a220449a-control-28": "control",
    "f46f17d1-e7ee-43a7-b27f-8001a220449a-surface-35-processes-36": "surface processes",
    "f46f17d1-e7ee-43a7-b27f-8001a220449a-crystal-34": "crystal",
    "f46f17d1-e7ee-43a7-b27f-8001a220449a-fundamental-27": "fundamental",
    "f46f17d1-e7ee-43a7-b27f-8001a220449a-thermodynamic-21": "thermodynamic",
    "f46f17d1-e7ee-43a7-b27f-8001a220449a-carbonate-3": "carbonate",
    "f46f17d1-e7ee-43a7-b27f-8001a220449a-presence-9": "presence",
    "f46f17d1-e7ee-43a7-b27f-8001a220449a-shrubby-2": "shrubby",
    "f46f17d1-e7ee-43a7-b27f-8001a220449a-biofilms-15": "biofilms",
    "f46f17d1-e7ee-43a7-b27f-8001a220449a-significant-11": "significant",
    "f46f17d1-e7ee-43a7-b27f-8001a220449a-conditions-21": "conditions",
    "f46f17d1-e7ee-43a7-b27f-8001a220449a-alkaline-20": "alkaline",
    "f46f17d1-e7ee-43a7-b27f-8001a220449a-diatomaceous-12": "diatomaceous",
    "f46f17d1-e7ee-43a7-b27f-8001a220449a-loss-25": "loss",
    "f46f17d1-e7ee-43a7-b27f-8001a220449a-intercrystalline-30-porosity-31": "intercrystalline porosity",
    "f46f17d1-e7ee-43a7-b27f-8001a220449a-high-29": "high",
    "f46f17d1-e7ee-43a7-b27f-8001a220449a-biofilms-2": "biofilms",
    "f46f17d1-e7ee-43a7-b27f-8001a220449a-material-8": "material",
    "f46f17d1-e7ee-43a7-b27f-8001a220449a-deposited-7": "deposited",
    "f46f17d1-e7ee-43a7-b27f-8001a220449a-very-28": "very",
    "f46f17d1-e7ee-43a7-b27f-8001a220449a-solubility-14": "solubility",
    "f46f17d1-e7ee-43a7-b27f-8001a220449a-lost-4": "lost",
    "f46f17d1-e7ee-43a7-b27f-8001a220449a-early-9": "early",
    "f46f17d1-e7ee-43a7-b27f-8001a220449a-hyperalkaline-20-settings-21": "hyperalkaline settings",
    "f46f17d1-e7ee-43a7-b27f-8001a220449a-organic-16": "organic",
    "f46f17d1-e7ee-43a7-b27f-8001a220449a-high-13": "high",
    "f46f17d1-e7ee-43a7-b27f-8001a220449a-fabrics-29": "fabrics",
    "f46f17d1-e7ee-43a7-b27f-8001a220449a-presence-35": "presence",
    "f46f17d1-e7ee-43a7-b27f-8001a220449a-most-28": "most",
    "f46f17d1-e7ee-43a7-b27f-8001a220449a-extra-cellular-38": "extra-cellular",
    "f46f17d1-e7ee-43a7-b27f-8001a220449a-us-4-report-15": "us report",
    "f46f17d1-e7ee-43a7-b27f-8001a220449a-would-16-considered-18": "would considered",
    "f46f17d1-e7ee-43a7-b27f-8001a220449a-presence-3": "presence",
    "f46f17d1-e7ee-43a7-b27f-8001a220449a-substances-40": "substances",
    "f46f17d1-e7ee-43a7-b27f-8001a220449a-it-24": "it",
    "f46f17d1-e7ee-43a7-b27f-8001a220449a-clear-26": "clear",
    "f46f17d1-e7ee-43a7-b27f-8001a220449a-microbes-6": "microbes",
    "f46f17d1-e7ee-43a7-b27f-8001a220449a-boundstones-21": "boundstones",
    "f46f17d1-e7ee-43a7-b27f-8001a220449a-abundant-37": "abundant",
    "f46f17d1-e7ee-43a7-b27f-8001a220449a-polymeric-39": "polymeric",
    "f46f17d1-e7ee-43a7-b27f-8001a220449a-deposited-32": "deposited",
    "f46f17d1-e7ee-43a7-b27f-8001a220449a-investigation-19": "investigation",
    "f46f17d1-e7ee-43a7-b27f-8001a220449a-can-24-learned-26": "can learned",
    "f46f17d1-e7ee-43a7-b27f-8001a220449a-further-18": "further",
    "f46f17d1-e7ee-43a7-b27f-8001a220449a-accidental-30": "accidental",
    "f46f17d1-e7ee-43a7-b27f-8001a220449a-laboratories-31": "laboratories"
  },
  "graph": [
    {
      "subject_id": "f46f17d1-e7ee-43a7-b27f-8001a220449a-South-2-Atlantic-3-Aptian-4-Pre-Salt-6",
      "relation": "are of",
      "object_id": "f46f17d1-e7ee-43a7-b27f-8001a220449a-interest-18"
    },
    {
      "subject_id": "f46f17d1-e7ee-43a7-b27f-8001a220449a-interest-18",
      "relation": "is",
      "object_id": "f46f17d1-e7ee-43a7-b27f-8001a220449a-major-17"
    },
    {
      "subject_id": "f46f17d1-e7ee-43a7-b27f-8001a220449a-sedimentology-4",
      "relation": "is",
      "object_id": "f46f17d1-e7ee-43a7-b27f-8001a220449a-recognized-10"
    },
    {
      "subject_id": "f46f17d1-e7ee-43a7-b27f-8001a220449a-sedimentology-4",
      "relation": "is",
      "object_id": "NE-TITLE-general"
    },
    {
      "subject_id": "f46f17d1-e7ee-43a7-b27f-8001a220449a-alkaline-16-lakes-17",
      "relation": "is in",
      "object_id": "f46f17d1-e7ee-43a7-b27f-8001a220449a-rift-19-volcanic-20-settings-21"
    },
    {
      "subject_id": "f46f17d1-e7ee-43a7-b27f-8001a220449a-genesis-25",
      "relation": "remains",
      "object_id": "f46f17d1-e7ee-43a7-b27f-8001a220449a-recognized-10"
    },
    {
      "subject_id": "f46f17d1-e7ee-43a7-b27f-8001a220449a-recognized-10",
      "relation": "at",
      "object_id": "f46f17d1-e7ee-43a7-b27f-8001a220449a-widely-9"
    },
    {
      "subject_id": "f46f17d1-e7ee-43a7-b27f-8001a220449a-sedimentology-4",
      "relation": "is recognized",
      "object_id": "f46f17d1-e7ee-43a7-b27f-8001a220449a-saline-14"
    },
    {
      "subject_id": "f46f17d1-e7ee-43a7-b27f-8001a220449a-saline-14",
      "relation": "mark",
      "object_id": "f46f17d1-e7ee-43a7-b27f-8001a220449a-to-11"
    },
    {
      "subject_id": "f46f17d1-e7ee-43a7-b27f-8001a220449a-sedimentology-4",
      "relation": "is widely recognized",
      "object_id": "f46f17d1-e7ee-43a7-b27f-8001a220449a-saline-14"
    },
    {
      "subject_id": "f46f17d1-e7ee-43a7-b27f-8001a220449a-deposits-7",
      "relation": "general sedimentology of be",
      "object_id": "f46f17d1-e7ee-43a7-b27f-8001a220449a-saline-14"
    },
    {
      "subject_id": "f46f17d1-e7ee-43a7-b27f-8001a220449a-sedimentology-4",
      "relation": "be within",
      "object_id": "f46f17d1-e7ee-43a7-b27f-8001a220449a-saline-14"
    },
    {
      "subject_id": "f46f17d1-e7ee-43a7-b27f-8001a220449a-deposits-7",
      "relation": "sedimentology of be",
      "object_id": "f46f17d1-e7ee-43a7-b27f-8001a220449a-saline-14"
    },
    {
      "subject_id": "f46f17d1-e7ee-43a7-b27f-8001a220449a-study-2",
      "relation": "reports",
      "object_id": "f46f17d1-e7ee-43a7-b27f-8001a220449a-carbonates-9"
    },
    {
      "subject_id": "f46f17d1-e7ee-43a7-b27f-8001a220449a-carbonates-9",
      "relation": "is",
      "object_id": "f46f17d1-e7ee-43a7-b27f-8001a220449a-comparable-7"
    },
    {
      "subject_id": "f46f17d1-e7ee-43a7-b27f-8001a220449a-carbonates-9",
      "relation": "at",
      "object_id": "f46f17d1-e7ee-43a7-b27f-8001a220449a-petrographically-6"
    },
    {
      "subject_id": "f46f17d1-e7ee-43a7-b27f-8001a220449a-carbonates-9",
      "relation": "of",
      "object_id": "f46f17d1-e7ee-43a7-b27f-8001a220449a-Anthropocene-16-limestone-17"
    },
    {
      "subject_id": "f46f17d1-e7ee-43a7-b27f-8001a220449a-carbonates-9",
      "relation": "is",
      "object_id": "f46f17d1-e7ee-43a7-b27f-8001a220449a-shrubby-8"
    },
    {
      "subject_id": "f46f17d1-e7ee-43a7-b27f-8001a220449a-carbonates-9",
      "relation": "is",
      "object_id": "NE-ORDINAL-first"
    },
    {
      "subject_id": "f46f17d1-e7ee-43a7-b27f-8001a220449a-carbonates-9",
      "relation": "of",
      "object_id": "f46f17d1-e7ee-43a7-b27f-8001a220449a-carbonate-12-microfacies-13"
    },
    {
      "subject_id": "f46f17d1-e7ee-43a7-b27f-8001a220449a-carbonates-9",
      "relation": "is",
      "object_id": "f46f17d1-e7ee-43a7-b27f-8001a220449a-other-11"
    },
    {
      "subject_id": "f46f17d1-e7ee-43a7-b27f-8001a220449a-us-4",
      "relation": "capitalize on",
      "object_id": "f46f17d1-e7ee-43a7-b27f-8001a220449a-term-11-monitoring-13-efforts-14"
    },
    {
      "subject_id": "f46f17d1-e7ee-43a7-b27f-8001a220449a-carbonates-22",
      "relation": "occur uniquely with",
      "object_id": "NE-COUNTRY-pH"
    },
    {
      "subject_id": "f46f17d1-e7ee-43a7-b27f-8001a220449a-carbonates-22",
      "relation": "is",
      "object_id": "f46f17d1-e7ee-43a7-b27f-8001a220449a-shrubby-21"
    },
    {
      "subject_id": "f46f17d1-e7ee-43a7-b27f-8001a220449a-carbonates-22",
      "relation": "occur uniquely within",
      "object_id": "f46f17d1-e7ee-43a7-b27f-8001a220449a-waters-27"
    },
    {
      "subject_id": "f46f17d1-e7ee-43a7-b27f-8001a220449a-waters-27",
      "relation": "is",
      "object_id": "f46f17d1-e7ee-43a7-b27f-8001a220449a-richest-28"
    },
    {
      "subject_id": "f46f17d1-e7ee-43a7-b27f-8001a220449a-term-11-monitoring-13-efforts-14",
      "relation": "of",
      "object_id": "f46f17d1-e7ee-43a7-b27f-8001a220449a-site-17"
    },
    {
      "subject_id": "f46f17d1-e7ee-43a7-b27f-8001a220449a-term-11-monitoring-13-efforts-14",
      "relation": "is",
      "object_id": "f46f17d1-e7ee-43a7-b27f-8001a220449a-hydrochemical-12"
    },
    {
      "subject_id": "f46f17d1-e7ee-43a7-b27f-8001a220449a-carbonates-22",
      "relation": "occur within",
      "object_id": "f46f17d1-e7ee-43a7-b27f-8001a220449a-waters-27"
    },
    {
      "subject_id": "f46f17d1-e7ee-43a7-b27f-8001a220449a-waters-27",
      "relation": "at",
      "object_id": "f46f17d1-e7ee-43a7-b27f-8001a220449a-calcium-30"
    },
    {
      "subject_id": "f46f17d1-e7ee-43a7-b27f-8001a220449a-carbonates-22",
      "relation": "occur with",
      "object_id": "NE-COUNTRY-pH"
    },
    {
      "subject_id": "f46f17d1-e7ee-43a7-b27f-8001a220449a-term-11-monitoring-13-efforts-14",
      "relation": "is",
      "object_id": "f46f17d1-e7ee-43a7-b27f-8001a220449a-exceptional-8"
    },
    {
      "subject_id": "f46f17d1-e7ee-43a7-b27f-8001a220449a-term-11-monitoring-13-efforts-14",
      "relation": "is",
      "object_id": "f46f17d1-e7ee-43a7-b27f-8001a220449a-long-9"
    },
    {
      "subject_id": "f46f17d1-e7ee-43a7-b27f-8001a220449a-discovery-2",
      "relation": "allows",
      "object_id": "f46f17d1-e7ee-43a7-b27f-8001a220449a-us-4"
    },
    {
      "subject_id": "f46f17d1-e7ee-43a7-b27f-8001a220449a-distribution-5",
      "relation": "However is comparable to",
      "object_id": "f46f17d1-e7ee-43a7-b27f-8001a220449a-saturation-22"
    },
    {
      "subject_id": "f46f17d1-e7ee-43a7-b27f-8001a220449a-distribution-5",
      "relation": "is",
      "object_id": "f46f17d1-e7ee-43a7-b27f-8001a220449a-physical-4"
    },
    {
      "subject_id": "f46f17d1-e7ee-43a7-b27f-8001a220449a-distribution-5",
      "relation": "is to",
      "object_id": "f46f17d1-e7ee-43a7-b27f-8001a220449a-saturation-22"
    },
    {
      "subject_id": "f46f17d1-e7ee-43a7-b27f-8001a220449a-distribution-5",
      "relation": "of",
      "object_id": "f46f17d1-e7ee-43a7-b27f-8001a220449a-shrubs-7"
    },
    {
      "subject_id": "f46f17d1-e7ee-43a7-b27f-8001a220449a-saturation-22",
      "relation": "is",
      "object_id": "f46f17d1-e7ee-43a7-b27f-8001a220449a-indicating-24"
    },
    {
      "subject_id": "f46f17d1-e7ee-43a7-b27f-8001a220449a-control-28",
      "relation": "arises from",
      "object_id": "f46f17d1-e7ee-43a7-b27f-8001a220449a-surface-35-processes-36"
    },
    {
      "subject_id": "f46f17d1-e7ee-43a7-b27f-8001a220449a-surface-35-processes-36",
      "relation": "is",
      "object_id": "f46f17d1-e7ee-43a7-b27f-8001a220449a-crystal-34"
    },
    {
      "subject_id": "f46f17d1-e7ee-43a7-b27f-8001a220449a-control-28",
      "relation": "is",
      "object_id": "f46f17d1-e7ee-43a7-b27f-8001a220449a-fundamental-27"
    },
    {
      "subject_id": "f46f17d1-e7ee-43a7-b27f-8001a220449a-distribution-5",
      "relation": "is more comparable to",
      "object_id": "f46f17d1-e7ee-43a7-b27f-8001a220449a-saturation-22"
    },
    {
      "subject_id": "f46f17d1-e7ee-43a7-b27f-8001a220449a-distribution-5",
      "relation": "is comparable to",
      "object_id": "f46f17d1-e7ee-43a7-b27f-8001a220449a-saturation-22"
    },
    {
      "subject_id": "f46f17d1-e7ee-43a7-b27f-8001a220449a-distribution-5",
      "relation": "However is more comparable to",
      "object_id": "f46f17d1-e7ee-43a7-b27f-8001a220449a-saturation-22"
    },
    {
      "subject_id": "f46f17d1-e7ee-43a7-b27f-8001a220449a-saturation-22",
      "relation": "is",
      "object_id": "f46f17d1-e7ee-43a7-b27f-8001a220449a-thermodynamic-21"
    },
    {
      "subject_id": "f46f17d1-e7ee-43a7-b27f-8001a220449a-carbonate-3",
      "relation": "grows in",
      "object_id": "f46f17d1-e7ee-43a7-b27f-8001a220449a-presence-9"
    },
    {
      "subject_id": "f46f17d1-e7ee-43a7-b27f-8001a220449a-carbonate-3",
      "relation": "is",
      "object_id": "f46f17d1-e7ee-43a7-b27f-8001a220449a-shrubby-2"
    },
    {
      "subject_id": "f46f17d1-e7ee-43a7-b27f-8001a220449a-presence-9",
      "relation": "of",
      "object_id": "f46f17d1-e7ee-43a7-b27f-8001a220449a-biofilms-15"
    },
    {
      "subject_id": "f46f17d1-e7ee-43a7-b27f-8001a220449a-presence-9",
      "relation": "is",
      "object_id": "f46f17d1-e7ee-43a7-b27f-8001a220449a-significant-11"
    },
    {
      "subject_id": "f46f17d1-e7ee-43a7-b27f-8001a220449a-carbonate-3",
      "relation": "grows despite",
      "object_id": "f46f17d1-e7ee-43a7-b27f-8001a220449a-conditions-21"
    },
    {
      "subject_id": "f46f17d1-e7ee-43a7-b27f-8001a220449a-conditions-21",
      "relation": "is",
      "object_id": "f46f17d1-e7ee-43a7-b27f-8001a220449a-alkaline-20"
    },
    {
      "subject_id": "f46f17d1-e7ee-43a7-b27f-8001a220449a-presence-9",
      "relation": "is",
      "object_id": "f46f17d1-e7ee-43a7-b27f-8001a220449a-diatomaceous-12"
    },
    {
      "subject_id": "f46f17d1-e7ee-43a7-b27f-8001a220449a-loss-25",
      "relation": "contributes to",
      "object_id": "f46f17d1-e7ee-43a7-b27f-8001a220449a-intercrystalline-30-porosity-31"
    },
    {
      "subject_id": "f46f17d1-e7ee-43a7-b27f-8001a220449a-intercrystalline-30-porosity-31",
      "relation": "is",
      "object_id": "f46f17d1-e7ee-43a7-b27f-8001a220449a-high-29"
    },
    {
      "subject_id": "f46f17d1-e7ee-43a7-b27f-8001a220449a-biofilms-2",
      "relation": "are lost from",
      "object_id": "f46f17d1-e7ee-43a7-b27f-8001a220449a-material-8"
    },
    {
      "subject_id": "f46f17d1-e7ee-43a7-b27f-8001a220449a-material-8",
      "relation": "is",
      "object_id": "f46f17d1-e7ee-43a7-b27f-8001a220449a-deposited-7"
    },
    {
      "subject_id": "f46f17d1-e7ee-43a7-b27f-8001a220449a-intercrystalline-30-porosity-31",
      "relation": "at",
      "object_id": "f46f17d1-e7ee-43a7-b27f-8001a220449a-very-28"
    },
    {
      "subject_id": "f46f17d1-e7ee-43a7-b27f-8001a220449a-biofilms-2",
      "relation": "are lost due",
      "object_id": "f46f17d1-e7ee-43a7-b27f-8001a220449a-solubility-14"
    },
    {
      "subject_id": "f46f17d1-e7ee-43a7-b27f-8001a220449a-biofilms-2",
      "relation": "are",
      "object_id": "f46f17d1-e7ee-43a7-b27f-8001a220449a-lost-4"
    },
    {
      "subject_id": "f46f17d1-e7ee-43a7-b27f-8001a220449a-solubility-14",
      "relation": "at",
      "object_id": "f46f17d1-e7ee-43a7-b27f-8001a220449a-early-9"
    },
    {
      "subject_id": "f46f17d1-e7ee-43a7-b27f-8001a220449a-solubility-14",
      "relation": "of",
      "object_id": "f46f17d1-e7ee-43a7-b27f-8001a220449a-hyperalkaline-20-settings-21"
    },
    {
      "subject_id": "f46f17d1-e7ee-43a7-b27f-8001a220449a-solubility-14",
      "relation": "of",
      "object_id": "f46f17d1-e7ee-43a7-b27f-8001a220449a-organic-16"
    },
    {
      "subject_id": "f46f17d1-e7ee-43a7-b27f-8001a220449a-solubility-14",
      "relation": "is",
      "object_id": "f46f17d1-e7ee-43a7-b27f-8001a220449a-high-13"
    },
    {
      "subject_id": "f46f17d1-e7ee-43a7-b27f-8001a220449a-fabrics-29",
      "relation": "being deposited in",
      "object_id": "f46f17d1-e7ee-43a7-b27f-8001a220449a-presence-35"
    },
    {
      "subject_id": "f46f17d1-e7ee-43a7-b27f-8001a220449a-fabrics-29",
      "relation": "is",
      "object_id": "f46f17d1-e7ee-43a7-b27f-8001a220449a-most-28"
    },
    {
      "subject_id": "f46f17d1-e7ee-43a7-b27f-8001a220449a-presence-35",
      "relation": "is",
      "object_id": "f46f17d1-e7ee-43a7-b27f-8001a220449a-extra-cellular-38"
    },
    {
      "subject_id": "f46f17d1-e7ee-43a7-b27f-8001a220449a-us-4-report-15",
      "relation": "would",
      "object_id": "f46f17d1-e7ee-43a7-b27f-8001a220449a-would-16-considered-18"
    },
    {
      "subject_id": "f46f17d1-e7ee-43a7-b27f-8001a220449a-would-16-considered-18",
      "relation": "case",
      "object_id": "f46f17d1-e7ee-43a7-b27f-8001a220449a-presence-3"
    },
    {
      "subject_id": "f46f17d1-e7ee-43a7-b27f-8001a220449a-presence-35",
      "relation": "of",
      "object_id": "f46f17d1-e7ee-43a7-b27f-8001a220449a-substances-40"
    },
    {
      "subject_id": "f46f17d1-e7ee-43a7-b27f-8001a220449a-it-24",
      "relation": "being",
      "object_id": "f46f17d1-e7ee-43a7-b27f-8001a220449a-clear-26"
    },
    {
      "subject_id": "f46f17d1-e7ee-43a7-b27f-8001a220449a-would-16-considered-18",
      "relation": "of",
      "object_id": "f46f17d1-e7ee-43a7-b27f-8001a220449a-microbes-6"
    },
    {
      "subject_id": "f46f17d1-e7ee-43a7-b27f-8001a220449a-would-16-considered-18",
      "relation": "at",
      "object_id": "f46f17d1-e7ee-43a7-b27f-8001a220449a-boundstones-21"
    },
    {
      "subject_id": "f46f17d1-e7ee-43a7-b27f-8001a220449a-presence-35",
      "relation": "is",
      "object_id": "f46f17d1-e7ee-43a7-b27f-8001a220449a-abundant-37"
    },
    {
      "subject_id": "f46f17d1-e7ee-43a7-b27f-8001a220449a-presence-35",
      "relation": "is",
      "object_id": "f46f17d1-e7ee-43a7-b27f-8001a220449a-polymeric-39"
    },
    {
      "subject_id": "f46f17d1-e7ee-43a7-b27f-8001a220449a-fabrics-29",
      "relation": "being",
      "object_id": "f46f17d1-e7ee-43a7-b27f-8001a220449a-deposited-32"
    },
    {
      "subject_id": "f46f17d1-e7ee-43a7-b27f-8001a220449a-investigation-19",
      "relation": "capitalize",
      "object_id": "f46f17d1-e7ee-43a7-b27f-8001a220449a-can-24-learned-26"
    },
    {
      "subject_id": "f46f17d1-e7ee-43a7-b27f-8001a220449a-investigation-19",
      "relation": "is",
      "object_id": "f46f17d1-e7ee-43a7-b27f-8001a220449a-further-18"
    },
    {
      "subject_id": "f46f17d1-e7ee-43a7-b27f-8001a220449a-can-24-learned-26",
      "relation": "is",
      "object_id": "f46f17d1-e7ee-43a7-b27f-8001a220449a-accidental-30"
    },
    {
      "subject_id": "f46f17d1-e7ee-43a7-b27f-8001a220449a-can-24-learned-26",
      "relation": "at",
      "object_id": "f46f17d1-e7ee-43a7-b27f-8001a220449a-laboratories-31"
    },
    {
      "subject_id": "f46f17d1-e7ee-43a7-b27f-8001a220449a-us-4",
      "relation": "recommend",
      "object_id": "f46f17d1-e7ee-43a7-b27f-8001a220449a-investigation-19"
    }
  ],
  "links": {
    "f46f17d1-e7ee-43a7-b27f-8001a220449a-South-2-Atlantic-3-Aptian-4-Pre-Salt-6": [],
    "f46f17d1-e7ee-43a7-b27f-8001a220449a-interest-18": [],
    "f46f17d1-e7ee-43a7-b27f-8001a220449a-major-17": [],
    "f46f17d1-e7ee-43a7-b27f-8001a220449a-sedimentology-4": [],
    "f46f17d1-e7ee-43a7-b27f-8001a220449a-recognized-10": [],
    "NE-TITLE-general": [],
    "f46f17d1-e7ee-43a7-b27f-8001a220449a-alkaline-16-lakes-17": [],
    "f46f17d1-e7ee-43a7-b27f-8001a220449a-rift-19-volcanic-20-settings-21": [],
    "f46f17d1-e7ee-43a7-b27f-8001a220449a-genesis-25": [],
    "f46f17d1-e7ee-43a7-b27f-8001a220449a-widely-9": [],
    "f46f17d1-e7ee-43a7-b27f-8001a220449a-saline-14": [],
    "f46f17d1-e7ee-43a7-b27f-8001a220449a-to-11": [],
    "f46f17d1-e7ee-43a7-b27f-8001a220449a-deposits-7": [],
    "f46f17d1-e7ee-43a7-b27f-8001a220449a-study-2": [],
    "f46f17d1-e7ee-43a7-b27f-8001a220449a-carbonates-9": [
      "f46f17d1-e7ee-43a7-b27f-8001a220449a-carbonates-22"
    ],
    "f46f17d1-e7ee-43a7-b27f-8001a220449a-comparable-7": [],
    "f46f17d1-e7ee-43a7-b27f-8001a220449a-petrographically-6": [],
    "f46f17d1-e7ee-43a7-b27f-8001a220449a-Anthropocene-16-limestone-17": [],
    "f46f17d1-e7ee-43a7-b27f-8001a220449a-shrubby-8": [
      "f46f17d1-e7ee-43a7-b27f-8001a220449a-shrubby-21",
      "f46f17d1-e7ee-43a7-b27f-8001a220449a-shrubby-2"
    ],
    "NE-ORDINAL-first": [],
    "f46f17d1-e7ee-43a7-b27f-8001a220449a-carbonate-12-microfacies-13": [],
    "f46f17d1-e7ee-43a7-b27f-8001a220449a-other-11": [],
    "f46f17d1-e7ee-43a7-b27f-8001a220449a-us-4": [],
    "f46f17d1-e7ee-43a7-b27f-8001a220449a-term-11-monitoring-13-efforts-14": [],
    "f46f17d1-e7ee-43a7-b27f-8001a220449a-carbonates-22": [
      "f46f17d1-e7ee-43a7-b27f-8001a220449a-carbonates-9"
    ],
    "NE-COUNTRY-pH": [],
    "f46f17d1-e7ee-43a7-b27f-8001a220449a-shrubby-21": [
      "f46f17d1-e7ee-43a7-b27f-8001a220449a-shrubby-8",
      "f46f17d1-e7ee-43a7-b27f-8001a220449a-shrubby-2"
    ],
    "f46f17d1-e7ee-43a7-b27f-8001a220449a-waters-27": [],
    "f46f17d1-e7ee-43a7-b27f-8001a220449a-richest-28": [],
    "f46f17d1-e7ee-43a7-b27f-8001a220449a-site-17": [],
    "f46f17d1-e7ee-43a7-b27f-8001a220449a-hydrochemical-12": [],
    "f46f17d1-e7ee-43a7-b27f-8001a220449a-calcium-30": [],
    "f46f17d1-e7ee-43a7-b27f-8001a220449a-exceptional-8": [],
    "f46f17d1-e7ee-43a7-b27f-8001a220449a-long-9": [],
    "f46f17d1-e7ee-43a7-b27f-8001a220449a-discovery-2": [],
    "f46f17d1-e7ee-43a7-b27f-8001a220449a-distribution-5": [],
    "f46f17d1-e7ee-43a7-b27f-8001a220449a-saturation-22": [],
    "f46f17d1-e7ee-43a7-b27f-8001a220449a-physical-4": [],
    "f46f17d1-e7ee-43a7-b27f-8001a220449a-shrubs-7": [],
    "f46f17d1-e7ee-43a7-b27f-8001a220449a-indicating-24": [],
    "f46f17d1-e7ee-43a7-b27f-8001a220449a-control-28": [],
    "f46f17d1-e7ee-43a7-b27f-8001a220449a-surface-35-processes-36": [],
    "f46f17d1-e7ee-43a7-b27f-8001a220449a-crystal-34": [],
    "f46f17d1-e7ee-43a7-b27f-8001a220449a-fundamental-27": [],
    "f46f17d1-e7ee-43a7-b27f-8001a220449a-thermodynamic-21": [],
    "f46f17d1-e7ee-43a7-b27f-8001a220449a-carbonate-3": [],
    "f46f17d1-e7ee-43a7-b27f-8001a220449a-presence-9": [
      "f46f17d1-e7ee-43a7-b27f-8001a220449a-presence-35"
    ],
    "f46f17d1-e7ee-43a7-b27f-8001a220449a-shrubby-2": [
      "f46f17d1-e7ee-43a7-b27f-8001a220449a-shrubby-8",
      "f46f17d1-e7ee-43a7-b27f-8001a220449a-shrubby-21"
    ],
    "f46f17d1-e7ee-43a7-b27f-8001a220449a-biofilms-15": [],
    "f46f17d1-e7ee-43a7-b27f-8001a220449a-significant-11": [],
    "f46f17d1-e7ee-43a7-b27f-8001a220449a-conditions-21": [],
    "f46f17d1-e7ee-43a7-b27f-8001a220449a-alkaline-20": [],
    "f46f17d1-e7ee-43a7-b27f-8001a220449a-diatomaceous-12": [],
    "f46f17d1-e7ee-43a7-b27f-8001a220449a-loss-25": [],
    "f46f17d1-e7ee-43a7-b27f-8001a220449a-intercrystalline-30-porosity-31": [],
    "f46f17d1-e7ee-43a7-b27f-8001a220449a-high-29": [],
    "f46f17d1-e7ee-43a7-b27f-8001a220449a-biofilms-2": [],
    "f46f17d1-e7ee-43a7-b27f-8001a220449a-material-8": [],
    "f46f17d1-e7ee-43a7-b27f-8001a220449a-deposited-7": [],
    "f46f17d1-e7ee-43a7-b27f-8001a220449a-very-28": [],
    "f46f17d1-e7ee-43a7-b27f-8001a220449a-solubility-14": [],
    "f46f17d1-e7ee-43a7-b27f-8001a220449a-lost-4": [],
    "f46f17d1-e7ee-43a7-b27f-8001a220449a-early-9": [],
    "f46f17d1-e7ee-43a7-b27f-8001a220449a-hyperalkaline-20-settings-21": [],
    "f46f17d1-e7ee-43a7-b27f-8001a220449a-organic-16": [],
    "f46f17d1-e7ee-43a7-b27f-8001a220449a-high-13": [],
    "f46f17d1-e7ee-43a7-b27f-8001a220449a-fabrics-29": [],
    "f46f17d1-e7ee-43a7-b27f-8001a220449a-presence-35": [
      "f46f17d1-e7ee-43a7-b27f-8001a220449a-presence-9"
    ],
    "f46f17d1-e7ee-43a7-b27f-8001a220449a-most-28": [],
    "f46f17d1-e7ee-43a7-b27f-8001a220449a-extra-cellular-38": [],
    "f46f17d1-e7ee-43a7-b27f-8001a220449a-us-4-report-15": [],
    "f46f17d1-e7ee-43a7-b27f-8001a220449a-would-16-considered-18": [],
    "f46f17d1-e7ee-43a7-b27f-8001a220449a-presence-3": [],
    "f46f17d1-e7ee-43a7-b27f-8001a220449a-substances-40": [],
    "f46f17d1-e7ee-43a7-b27f-8001a220449a-it-24": [],
    "f46f17d1-e7ee-43a7-b27f-8001a220449a-clear-26": [],
    "f46f17d1-e7ee-43a7-b27f-8001a220449a-microbes-6": [],
    "f46f17d1-e7ee-43a7-b27f-8001a220449a-boundstones-21": [],
    "f46f17d1-e7ee-43a7-b27f-8001a220449a-abundant-37": [],
    "f46f17d1-e7ee-43a7-b27f-8001a220449a-polymeric-39": [],
    "f46f17d1-e7ee-43a7-b27f-8001a220449a-deposited-32": [],
    "f46f17d1-e7ee-43a7-b27f-8001a220449a-investigation-19": [],
    "f46f17d1-e7ee-43a7-b27f-8001a220449a-can-24-learned-26": [],
    "f46f17d1-e7ee-43a7-b27f-8001a220449a-further-18": [],
    "f46f17d1-e7ee-43a7-b27f-8001a220449a-accidental-30": [],
    "f46f17d1-e7ee-43a7-b27f-8001a220449a-laboratories-31": []
  }
}