{
  "document": "D:/Projetos/PIRA_KG/documents/onu_85103445741.txt",
  "entities": {
    "89db4da0-8f31-4057-95ec-8006cb31c9fb-Reduction-2-Levels-3": "Reduction Levels",
    "89db4da0-8f31-4057-95ec-8006cb31c9fb-Ocean-20-Vertical-21-Data-22": "Ocean Vertical Data",
    "89db4da0-8f31-4057-95ec-8006cb31c9fb-Chart-24-Datum-25": "Chart Datum",
    "89db4da0-8f31-4057-95ec-8006cb31c9fb-charts-34": "charts",
    "89db4da0-8f31-4057-95ec-8006cb31c9fb-nautical-33": "nautical",
    "NE-ORGANIZATION-Diretoria-de-Hidrografia-e-Navegação": "Diretoria de Hidrografia e Navegação",
    "NE-NATIONALITY-Portuguese": "Portuguese",
    "89db4da0-8f31-4057-95ec-8006cb31c9fb-used-14": "used",
    "NE-COUNTRY-Brazil": "Brazil",
    "89db4da0-8f31-4057-95ec-8006cb31c9fb-references-31": "references",
    "89db4da0-8f31-4057-95ec-8006cb31c9fb-made-35": "made",
    "89db4da0-8f31-4057-95ec-8006cb31c9fb-reference-21-surface-22": "reference surface",
    "89db4da0-8f31-4057-95ec-8006cb31c9fb-Astronomical-37-Tide-38": "Astronomical Tide",
    "NE-ORGANIZATION-Datum": "Datum",
    "89db4da0-8f31-4057-95ec-8006cb31c9fb-Lowest-36": "Lowest",
    "NE-ORGANIZATION-International-Hydrographic-Organization": "International Hydrographic Organization",
    "NE-ORGANIZATION-IHO": "IHO",
    "89db4da0-8f31-4057-95ec-8006cb31c9fb-LAT-34": "LAT",
    "NE-DURATION-at-least-18.6-years": "at least 18.6 years",
    "89db4da0-8f31-4057-95ec-8006cb31c9fb-tide-47-gauge-48-observations-49": "tide gauge observations",
    "89db4da0-8f31-4057-95ec-8006cb31c9fb-survey-24-reductions-25": "survey reductions",
    "89db4da0-8f31-4057-95ec-8006cb31c9fb-coastal-27-zone-28": "coastal zone",
    "89db4da0-8f31-4057-95ec-8006cb31c9fb-calculated-40": "calculated",
    "89db4da0-8f31-4057-95ec-8006cb31c9fb-unification-2": "unification",
    "89db4da0-8f31-4057-95ec-8006cb31c9fb-has-12-aimed-14": "has aimed",
    "89db4da0-8f31-4057-95ec-8006cb31c9fb-several-22": "several",
    "NE-ORGANIZATION-Brazilian-Institute-of-Geography-and-Statistics": "Brazilian Institute of Geography and Statistics",
    "NE-ORGANIZATION-Instituto-Brasileiro-de-Geografia-e-Estatística": "Instituto Brasileiro de Geografia e Estatística",
    "89db4da0-8f31-4057-95ec-8006cb31c9fb-coast-18": "coast",
    "NE-ORGANIZATION-IBGE": "IBGE",
    "89db4da0-8f31-4057-95ec-8006cb31c9fb-partnerships-20": "partnerships",
    "89db4da0-8f31-4057-95ec-8006cb31c9fb-institutions-23": "institutions",
    "NE-NATIONALITY-Brazilian": "Brazilian",
    "NE-LOCATION-Américas": "Américas",
    "89db4da0-8f31-4057-95ec-8006cb31c9fb-article-19": "article",
    "89db4da0-8f31-4057-95ec-8006cb31c9fb-order-2": "order",
    "89db4da0-8f31-4057-95ec-8006cb31c9fb-discussions-7": "discussions",
    "89db4da0-8f31-4057-95ec-8006cb31c9fb-coastal-15-regions-16": "coastal regions",
    "89db4da0-8f31-4057-95ec-8006cb31c9fb-to-3": "to",
    "89db4da0-8f31-4057-95ec-8006cb31c9fb-concepts-21": "concepts",
    "89db4da0-8f31-4057-95ec-8006cb31c9fb-involved-22": "involved",
    "89db4da0-8f31-4057-95ec-8006cb31c9fb-reference-13": "reference",
    "89db4da0-8f31-4057-95ec-8006cb31c9fb-vertical-12": "vertical",
    "89db4da0-8f31-4057-95ec-8006cb31c9fb-regions-16": "regions",
    "89db4da0-8f31-4057-95ec-8006cb31c9fb-concerning-8-integration-10": "concerning integration"
  },
  "graph": [
    {
      "subject_id": "89db4da0-8f31-4057-95ec-8006cb31c9fb-Reduction-2-Levels-3",
      "relation": "are used as",
      "object_id": "89db4da0-8f31-4057-95ec-8006cb31c9fb-Ocean-20-Vertical-21-Data-22"
    },
    {
      "subject_id": "89db4da0-8f31-4057-95ec-8006cb31c9fb-Chart-24-Datum-25",
      "relation": "are references to",
      "object_id": "89db4da0-8f31-4057-95ec-8006cb31c9fb-charts-34"
    },
    {
      "subject_id": "89db4da0-8f31-4057-95ec-8006cb31c9fb-charts-34",
      "relation": "is",
      "object_id": "89db4da0-8f31-4057-95ec-8006cb31c9fb-nautical-33"
    },
    {
      "subject_id": "NE-ORGANIZATION-Diretoria-de-Hidrografia-e-Navegação",
      "relation": "is in",
      "object_id": "NE-NATIONALITY-Portuguese"
    },
    {
      "subject_id": "89db4da0-8f31-4057-95ec-8006cb31c9fb-Reduction-2-Levels-3",
      "relation": "are",
      "object_id": "89db4da0-8f31-4057-95ec-8006cb31c9fb-used-14"
    },
    {
      "subject_id": "89db4da0-8f31-4057-95ec-8006cb31c9fb-used-14",
      "relation": "at",
      "object_id": "89db4da0-8f31-4057-95ec-8006cb31c9fb-Ocean-20-Vertical-21-Data-22"
    },
    {
      "subject_id": "89db4da0-8f31-4057-95ec-8006cb31c9fb-used-14",
      "relation": "at",
      "object_id": "NE-COUNTRY-Brazil"
    },
    {
      "subject_id": "89db4da0-8f31-4057-95ec-8006cb31c9fb-Reduction-2-Levels-3",
      "relation": "are used in",
      "object_id": "NE-COUNTRY-Brazil"
    },
    {
      "subject_id": "89db4da0-8f31-4057-95ec-8006cb31c9fb-Chart-24-Datum-25",
      "relation": "are",
      "object_id": "89db4da0-8f31-4057-95ec-8006cb31c9fb-references-31"
    },
    {
      "subject_id": "89db4da0-8f31-4057-95ec-8006cb31c9fb-charts-34",
      "relation": "is",
      "object_id": "89db4da0-8f31-4057-95ec-8006cb31c9fb-made-35"
    },
    {
      "subject_id": "89db4da0-8f31-4057-95ec-8006cb31c9fb-reference-21-surface-22",
      "relation": "be defined by",
      "object_id": "89db4da0-8f31-4057-95ec-8006cb31c9fb-Astronomical-37-Tide-38"
    },
    {
      "subject_id": "89db4da0-8f31-4057-95ec-8006cb31c9fb-reference-21-surface-22",
      "relation": "of",
      "object_id": "NE-ORGANIZATION-Datum"
    },
    {
      "subject_id": "89db4da0-8f31-4057-95ec-8006cb31c9fb-Astronomical-37-Tide-38",
      "relation": "is",
      "object_id": "89db4da0-8f31-4057-95ec-8006cb31c9fb-Lowest-36"
    },
    {
      "subject_id": "NE-ORGANIZATION-International-Hydrographic-Organization",
      "relation": "is",
      "object_id": "NE-ORGANIZATION-IHO"
    },
    {
      "subject_id": "89db4da0-8f31-4057-95ec-8006cb31c9fb-reference-21-surface-22",
      "relation": "be defined by",
      "object_id": "89db4da0-8f31-4057-95ec-8006cb31c9fb-LAT-34"
    },
    {
      "subject_id": "89db4da0-8f31-4057-95ec-8006cb31c9fb-LAT-34",
      "relation": "at",
      "object_id": "NE-DURATION-at-least-18.6-years"
    },
    {
      "subject_id": "89db4da0-8f31-4057-95ec-8006cb31c9fb-LAT-34",
      "relation": "of",
      "object_id": "89db4da0-8f31-4057-95ec-8006cb31c9fb-tide-47-gauge-48-observations-49"
    },
    {
      "subject_id": "89db4da0-8f31-4057-95ec-8006cb31c9fb-survey-24-reductions-25",
      "relation": "is in",
      "object_id": "89db4da0-8f31-4057-95ec-8006cb31c9fb-coastal-27-zone-28"
    },
    {
      "subject_id": "89db4da0-8f31-4057-95ec-8006cb31c9fb-LAT-34",
      "relation": "is",
      "object_id": "89db4da0-8f31-4057-95ec-8006cb31c9fb-calculated-40"
    },
    {
      "subject_id": "89db4da0-8f31-4057-95ec-8006cb31c9fb-unification-2",
      "relation": "has",
      "object_id": "89db4da0-8f31-4057-95ec-8006cb31c9fb-has-12-aimed-14"
    },
    {
      "subject_id": "89db4da0-8f31-4057-95ec-8006cb31c9fb-has-12-aimed-14",
      "relation": "is",
      "object_id": "89db4da0-8f31-4057-95ec-8006cb31c9fb-several-22"
    },
    {
      "subject_id": "NE-ORGANIZATION-Brazilian-Institute-of-Geography-and-Statistics",
      "relation": "of Institute is",
      "object_id": "NE-ORGANIZATION-Instituto-Brasileiro-de-Geografia-e-Estatística"
    },
    {
      "subject_id": "NE-ORGANIZATION-Instituto-Brasileiro-de-Geografia-e-Estatística",
      "relation": "is in",
      "object_id": "NE-NATIONALITY-Portuguese"
    },
    {
      "subject_id": "NE-ORGANIZATION-Brazilian-Institute-of-Geography-and-Statistics",
      "relation": "Estatística in",
      "object_id": "NE-NATIONALITY-Portuguese"
    },
    {
      "subject_id": "89db4da0-8f31-4057-95ec-8006cb31c9fb-has-12-aimed-14",
      "relation": "at",
      "object_id": "89db4da0-8f31-4057-95ec-8006cb31c9fb-coast-18"
    },
    {
      "subject_id": "NE-ORGANIZATION-Instituto-Brasileiro-de-Geografia-e-Estatística",
      "relation": "is",
      "object_id": "NE-ORGANIZATION-IBGE"
    },
    {
      "subject_id": "89db4da0-8f31-4057-95ec-8006cb31c9fb-has-12-aimed-14",
      "relation": "at",
      "object_id": "89db4da0-8f31-4057-95ec-8006cb31c9fb-partnerships-20"
    },
    {
      "subject_id": "89db4da0-8f31-4057-95ec-8006cb31c9fb-has-12-aimed-14",
      "relation": "of",
      "object_id": "89db4da0-8f31-4057-95ec-8006cb31c9fb-institutions-23"
    },
    {
      "subject_id": "89db4da0-8f31-4057-95ec-8006cb31c9fb-has-12-aimed-14",
      "relation": "is",
      "object_id": "NE-NATIONALITY-Brazilian"
    },
    {
      "subject_id": "NE-LOCATION-Américas",
      "relation": "is in",
      "object_id": "NE-NATIONALITY-Portuguese"
    },
    {
      "subject_id": "89db4da0-8f31-4057-95ec-8006cb31c9fb-article-19",
      "relation": "presents concepts",
      "object_id": "89db4da0-8f31-4057-95ec-8006cb31c9fb-order-2"
    },
    {
      "subject_id": "89db4da0-8f31-4057-95ec-8006cb31c9fb-order-2",
      "relation": "at",
      "object_id": "89db4da0-8f31-4057-95ec-8006cb31c9fb-discussions-7"
    },
    {
      "subject_id": "89db4da0-8f31-4057-95ec-8006cb31c9fb-order-2",
      "relation": "contribute to",
      "object_id": "89db4da0-8f31-4057-95ec-8006cb31c9fb-discussions-7"
    },
    {
      "subject_id": "89db4da0-8f31-4057-95ec-8006cb31c9fb-discussions-7",
      "relation": "of",
      "object_id": "89db4da0-8f31-4057-95ec-8006cb31c9fb-coastal-15-regions-16"
    },
    {
      "subject_id": "89db4da0-8f31-4057-95ec-8006cb31c9fb-order-2",
      "relation": "mark",
      "object_id": "89db4da0-8f31-4057-95ec-8006cb31c9fb-to-3"
    },
    {
      "subject_id": "89db4da0-8f31-4057-95ec-8006cb31c9fb-article-19",
      "relation": "presents",
      "object_id": "89db4da0-8f31-4057-95ec-8006cb31c9fb-concepts-21"
    },
    {
      "subject_id": "89db4da0-8f31-4057-95ec-8006cb31c9fb-concepts-21",
      "relation": "is",
      "object_id": "89db4da0-8f31-4057-95ec-8006cb31c9fb-involved-22"
    },
    {
      "subject_id": "89db4da0-8f31-4057-95ec-8006cb31c9fb-discussions-7",
      "relation": "of",
      "object_id": "89db4da0-8f31-4057-95ec-8006cb31c9fb-reference-13"
    },
    {
      "subject_id": "89db4da0-8f31-4057-95ec-8006cb31c9fb-discussions-7",
      "relation": "is",
      "object_id": "89db4da0-8f31-4057-95ec-8006cb31c9fb-vertical-12"
    },
    {
      "subject_id": "89db4da0-8f31-4057-95ec-8006cb31c9fb-discussions-7",
      "relation": "is in",
      "object_id": "89db4da0-8f31-4057-95ec-8006cb31c9fb-coastal-15-regions-16"
    },
    {
      "subject_id": "89db4da0-8f31-4057-95ec-8006cb31c9fb-discussions-7",
      "relation": "of",
      "object_id": "89db4da0-8f31-4057-95ec-8006cb31c9fb-regions-16"
    },
    {
      "subject_id": "89db4da0-8f31-4057-95ec-8006cb31c9fb-discussions-7",
      "relation": "of",
      "object_id": "89db4da0-8f31-4057-95ec-8006cb31c9fb-concerning-8-integration-10"
    }
  ],
  "links": {
    "89db4da0-8f31-4057-95ec-8006cb31c9fb-Reduction-2-Levels-3": [],
    "89db4da0-8f31-4057-95ec-8006cb31c9fb-Ocean-20-Vertical-21-Data-22": [],
    "89db4da0-8f31-4057-95ec-8006cb31c9fb-Chart-24-Datum-25": [],
    "89db4da0-8f31-4057-95ec-8006cb31c9fb-charts-34": [],
    "89db4da0-8f31-4057-95ec-8006cb31c9fb-nautical-33": [],
    "NE-ORGANIZATION-Diretoria-de-Hidrografia-e-Navegação": [],
    "NE-NATIONALITY-Portuguese": [],
    "89db4da0-8f31-4057-95ec-8006cb31c9fb-used-14": [],
    "NE-COUNTRY-Brazil": [],
    "89db4da0-8f31-4057-95ec-8006cb31c9fb-references-31": [],
    "89db4da0-8f31-4057-95ec-8006cb31c9fb-made-35": [],
    "89db4da0-8f31-4057-95ec-8006cb31c9fb-reference-21-surface-22": [],
    "89db4da0-8f31-4057-95ec-8006cb31c9fb-Astronomical-37-Tide-38": [],
    "NE-ORGANIZATION-Datum": [],
    "89db4da0-8f31-4057-95ec-8006cb31c9fb-Lowest-36": [],
    "NE-ORGANIZATION-International-Hydrographic-Organization": [],
    "NE-ORGANIZATION-IHO": [],
    "89db4da0-8f31-4057-95ec-8006cb31c9fb-LAT-34": [],
    "NE-DURATION-at-least-18.6-years": [],
    "89db4da0-8f31-4057-95ec-8006cb31c9fb-tide-47-gauge-48-observations-49": [],
    "89db4da0-8f31-4057-95ec-8006cb31c9fb-survey-24-reductions-25": [],
    "89db4da0-8f31-4057-95ec-8006cb31c9fb-coastal-27-zone-28": [],
    "89db4da0-8f31-4057-95ec-8006cb31c9fb-calculated-40": [],
    "89db4da0-8f31-4057-95ec-8006cb31c9fb-unification-2": [],
    "89db4da0-8f31-4057-95ec-8006cb31c9fb-has-12-aimed-14": [],
    "89db4da0-8f31-4057-95ec-8006cb31c9fb-several-22": [],
    "NE-ORGANIZATION-Brazilian-Institute-of-Geography-and-Statistics": [],
    "NE-ORGANIZATION-Instituto-Brasileiro-de-Geografia-e-Estatística": [],
    "89db4da0-8f31-4057-95ec-8006cb31c9fb-coast-18": [],
    "NE-ORGANIZATION-IBGE": [],
    "89db4da0-8f31-4057-95ec-8006cb31c9fb-partnerships-20": [],
    "89db4da0-8f31-4057-95ec-8006cb31c9fb-institutions-23": [],
    "NE-NATIONALITY-Brazilian": [],
    "NE-LOCATION-Américas": [],
    "89db4da0-8f31-4057-95ec-8006cb31c9fb-article-19": [],
    "89db4da0-8f31-4057-95ec-8006cb31c9fb-order-2": [],
    "89db4da0-8f31-4057-95ec-8006cb31c9fb-discussions-7": [],
    "89db4da0-8f31-4057-95ec-8006cb31c9fb-coastal-15-regions-16": [],
    "89db4da0-8f31-4057-95ec-8006cb31c9fb-to-3": [],
    "89db4da0-8f31-4057-95ec-8006cb31c9fb-concepts-21": [],
    "89db4da0-8f31-4057-95ec-8006cb31c9fb-involved-22": [],
    "89db4da0-8f31-4057-95ec-8006cb31c9fb-reference-13": [],
    "89db4da0-8f31-4057-95ec-8006cb31c9fb-vertical-12": [],
    "89db4da0-8f31-4057-95ec-8006cb31c9fb-regions-16": [],
    "89db4da0-8f31-4057-95ec-8006cb31c9fb-concerning-8-integration-10": []
  }
}