{
  "document": "D:/Projetos/PIRA_KG/documents/onu_85085773825.txt",
  "entities": {
    "e9189042-c2fa-4b5e-a9da-3d50e8f4c891-key-6-governing-7-conditions-8": "key governing conditions",
    "e9189042-c2fa-4b5e-a9da-3d50e8f4c891-design-11": "design",
    "e9189042-c2fa-4b5e-a9da-3d50e8f4c891-rigid-13-risers-14": "rigid risers",
    "e9189042-c2fa-4b5e-a9da-3d50e8f4c891-particular-17-those-18": "particular those",
    "e9189042-c2fa-4b5e-a9da-3d50e8f4c891-ultra-deep-20-water-21": "ultra-deep water",
    "e9189042-c2fa-4b5e-a9da-3d50e8f4c891-wave-12-configuration-13": "wave configuration",
    "e9189042-c2fa-4b5e-a9da-3d50e8f4c891-improving-5-fatigue-6": "improving fatigue",
    "e9189042-c2fa-4b5e-a9da-3d50e8f4c891-lazy-11": "lazy",
    "NE-LOCATION-Gulf-of": "Gulf",
    "NE-COUNTRY-Mexico": "Mexico",
    "e9189042-c2fa-4b5e-a9da-3d50e8f4c891-it-3": "it",
    "e9189042-c2fa-4b5e-a9da-3d50e8f4c891-aspect-11": "aspect",
    "e9189042-c2fa-4b5e-a9da-3d50e8f4c891-probably-5": "probably",
    "e9189042-c2fa-4b5e-a9da-3d50e8f4c891-computational-8": "computational",
    "e9189042-c2fa-4b5e-a9da-3d50e8f4c891-intensive-10": "intensive",
    "e9189042-c2fa-4b5e-a9da-3d50e8f4c891-most-7": "most",
    "e9189042-c2fa-4b5e-a9da-3d50e8f4c891-Yet-1": "Yet",
    "e9189042-c2fa-4b5e-a9da-3d50e8f4c891-Fatigue-1-analyses-2": "Fatigue analyses",
    "e9189042-c2fa-4b5e-a9da-3d50e8f4c891-run-13": "run",
    "e9189042-c2fa-4b5e-a9da-3d50e8f4c891-complex-16": "complex",
    "e9189042-c2fa-4b5e-a9da-3d50e8f4c891-to-11": "to",
    "e9189042-c2fa-4b5e-a9da-3d50e8f4c891-non-linear-18": "non-linear",
    "e9189042-c2fa-4b5e-a9da-3d50e8f4c891-models-19": "models",
    "e9189042-c2fa-4b5e-a9da-3d50e8f4c891-Methods-1-for-2-simplifying-3-aspects-4-of-5-analysis-7": "Methods for simplifying aspects of analysis",
    "e9189042-c2fa-4b5e-a9da-3d50e8f4c891-required-20-safety-21-levels-22": "required safety levels",
    "e9189042-c2fa-4b5e-a9da-3d50e8f4c891-weld-4": "weld",
    "e9189042-c2fa-4b5e-a9da-3d50e8f4c891-hotspot-8": "hotspot",
    "e9189042-c2fa-4b5e-a9da-3d50e8f4c891-top-2": "top",
    "e9189042-c2fa-4b5e-a9da-3d50e8f4c891-crucial-7": "crucial",
    "e9189042-c2fa-4b5e-a9da-3d50e8f4c891-particular-11": "particular",
    "NE-ORDINAL-first": "first",
    "e9189042-c2fa-4b5e-a9da-3d50e8f4c891-production-13-SLWRs-14": "production SLWRs",
    "e9189042-c2fa-4b5e-a9da-3d50e8f4c891-contrast-23": "contrast",
    "e9189042-c2fa-4b5e-a9da-3d50e8f4c891-usual-26-simpler-28-method-29": "usual simpler method",
    "e9189042-c2fa-4b5e-a9da-3d50e8f4c891-significant-19-stiffness-20-reduction-21": "significant stiffness reduction",
    "e9189042-c2fa-4b5e-a9da-3d50e8f4c891-Non-linear-1-FJ-2-stiffness-3-curves-4": "Non-linear FJ stiffness curves",
    "e9189042-c2fa-4b5e-a9da-3d50e8f4c891-stiffness-12": "stiffness",
    "e9189042-c2fa-4b5e-a9da-3d50e8f4c891-associated-13": "associated",
    "e9189042-c2fa-4b5e-a9da-3d50e8f4c891-available-7": "available",
    "e9189042-c2fa-4b5e-a9da-3d50e8f4c891-usually-6": "usually",
    "e9189042-c2fa-4b5e-a9da-3d50e8f4c891-FJ-16-angle-18": "FJ angle",
    "e9189042-c2fa-4b5e-a9da-3d50e8f4c891-absolute-17": "absolute",
    "e9189042-c2fa-4b5e-a9da-3d50e8f4c891-FJ-2-stiffness-3": "FJ stiffness",
    "e9189042-c2fa-4b5e-a9da-3d50e8f4c891-angle-8": "angle",
    "e9189042-c2fa-4b5e-a9da-3d50e8f4c891-rotation-10": "rotation",
    "e9189042-c2fa-4b5e-a9da-3d50e8f4c891-stiffness-6": "stiffness",
    "e9189042-c2fa-4b5e-a9da-3d50e8f4c891-likely-11-riser-12-angle-13-absolute-15-value-16": "likely riser angle absolute value",
    "e9189042-c2fa-4b5e-a9da-3d50e8f4c891-most-10": "most",
    "e9189042-c2fa-4b5e-a9da-3d50e8f4c891-likely-10-change-11": "likely change",
    "e9189042-c2fa-4b5e-a9da-3d50e8f4c891-angle-13": "angle",
    "e9189042-c2fa-4b5e-a9da-3d50e8f4c891-proposed-12-method-13": "proposed method",
    "e9189042-c2fa-4b5e-a9da-3d50e8f4c891-angle-19": "angle",
    "e9189042-c2fa-4b5e-a9da-3d50e8f4c891-characteristic-18": "characteristic",
    "e9189042-c2fa-4b5e-a9da-3d50e8f4c891-angles-3": "angles",
    "e9189042-c2fa-4b5e-a9da-3d50e8f4c891-angles-9": "angles",
    "e9189042-c2fa-4b5e-a9da-3d50e8f4c891-alternate-8": "alternate",
    "e9189042-c2fa-4b5e-a9da-3d50e8f4c891-higher-17": "higher",
    "e9189042-c2fa-4b5e-a9da-3d50e8f4c891-results-14": "results",
    "e9189042-c2fa-4b5e-a9da-3d50e8f4c891-much-16": "much",
    "e9189042-c2fa-4b5e-a9da-3d50e8f4c891-outcome-2": "outcome",
    "e9189042-c2fa-4b5e-a9da-3d50e8f4c891-safety-15-margins-16": "safety margins",
    "e9189042-c2fa-4b5e-a9da-3d50e8f4c891-required-14": "required",
    "e9189042-c2fa-4b5e-a9da-3d50e8f4c891-same-13": "same",
    "e9189042-c2fa-4b5e-a9da-3d50e8f4c891-designs-7": "designs",
    "e9189042-c2fa-4b5e-a9da-3d50e8f4c891-less-5": "less",
    "NE-IDEOLOGY-conservative": "conservative",
    "e9189042-c2fa-4b5e-a9da-3d50e8f4c891-significantly-4": "significantly"
  },
  "graph": [
    {
      "subject_id": "e9189042-c2fa-4b5e-a9da-3d50e8f4c891-key-6-governing-7-conditions-8",
      "relation": "is in",
      "object_id": "e9189042-c2fa-4b5e-a9da-3d50e8f4c891-design-11"
    },
    {
      "subject_id": "e9189042-c2fa-4b5e-a9da-3d50e8f4c891-design-11",
      "relation": "of",
      "object_id": "e9189042-c2fa-4b5e-a9da-3d50e8f4c891-rigid-13-risers-14"
    },
    {
      "subject_id": "e9189042-c2fa-4b5e-a9da-3d50e8f4c891-design-11",
      "relation": "in conditions is",
      "object_id": "e9189042-c2fa-4b5e-a9da-3d50e8f4c891-particular-17-those-18"
    },
    {
      "subject_id": "e9189042-c2fa-4b5e-a9da-3d50e8f4c891-key-6-governing-7-conditions-8",
      "relation": "those in",
      "object_id": "e9189042-c2fa-4b5e-a9da-3d50e8f4c891-ultra-deep-20-water-21"
    },
    {
      "subject_id": "e9189042-c2fa-4b5e-a9da-3d50e8f4c891-wave-12-configuration-13",
      "relation": "effective way of",
      "object_id": "e9189042-c2fa-4b5e-a9da-3d50e8f4c891-improving-5-fatigue-6"
    },
    {
      "subject_id": "e9189042-c2fa-4b5e-a9da-3d50e8f4c891-wave-12-configuration-13",
      "relation": "is",
      "object_id": "e9189042-c2fa-4b5e-a9da-3d50e8f4c891-lazy-11"
    },
    {
      "subject_id": "NE-LOCATION-Gulf-of",
      "relation": "is of",
      "object_id": "NE-COUNTRY-Mexico"
    },
    {
      "subject_id": "e9189042-c2fa-4b5e-a9da-3d50e8f4c891-it-3",
      "relation": "is",
      "object_id": "e9189042-c2fa-4b5e-a9da-3d50e8f4c891-aspect-11"
    },
    {
      "subject_id": "e9189042-c2fa-4b5e-a9da-3d50e8f4c891-aspect-11",
      "relation": "at",
      "object_id": "e9189042-c2fa-4b5e-a9da-3d50e8f4c891-probably-5"
    },
    {
      "subject_id": "e9189042-c2fa-4b5e-a9da-3d50e8f4c891-aspect-11",
      "relation": "is",
      "object_id": "e9189042-c2fa-4b5e-a9da-3d50e8f4c891-computational-8"
    },
    {
      "subject_id": "e9189042-c2fa-4b5e-a9da-3d50e8f4c891-aspect-11",
      "relation": "is",
      "object_id": "e9189042-c2fa-4b5e-a9da-3d50e8f4c891-intensive-10"
    },
    {
      "subject_id": "e9189042-c2fa-4b5e-a9da-3d50e8f4c891-aspect-11",
      "relation": "at",
      "object_id": "e9189042-c2fa-4b5e-a9da-3d50e8f4c891-most-7"
    },
    {
      "subject_id": "e9189042-c2fa-4b5e-a9da-3d50e8f4c891-aspect-11",
      "relation": "at",
      "object_id": "e9189042-c2fa-4b5e-a9da-3d50e8f4c891-Yet-1"
    },
    {
      "subject_id": "e9189042-c2fa-4b5e-a9da-3d50e8f4c891-Fatigue-1-analyses-2",
      "relation": "require",
      "object_id": "e9189042-c2fa-4b5e-a9da-3d50e8f4c891-run-13"
    },
    {
      "subject_id": "e9189042-c2fa-4b5e-a9da-3d50e8f4c891-run-13",
      "relation": "is",
      "object_id": "e9189042-c2fa-4b5e-a9da-3d50e8f4c891-complex-16"
    },
    {
      "subject_id": "e9189042-c2fa-4b5e-a9da-3d50e8f4c891-run-13",
      "relation": "mark",
      "object_id": "e9189042-c2fa-4b5e-a9da-3d50e8f4c891-to-11"
    },
    {
      "subject_id": "e9189042-c2fa-4b5e-a9da-3d50e8f4c891-run-13",
      "relation": "is",
      "object_id": "e9189042-c2fa-4b5e-a9da-3d50e8f4c891-non-linear-18"
    },
    {
      "subject_id": "e9189042-c2fa-4b5e-a9da-3d50e8f4c891-run-13",
      "relation": "at",
      "object_id": "e9189042-c2fa-4b5e-a9da-3d50e8f4c891-models-19"
    },
    {
      "subject_id": "e9189042-c2fa-4b5e-a9da-3d50e8f4c891-Methods-1-for-2-simplifying-3-aspects-4-of-5-analysis-7",
      "relation": "provide",
      "object_id": "e9189042-c2fa-4b5e-a9da-3d50e8f4c891-required-20-safety-21-levels-22"
    },
    {
      "subject_id": "e9189042-c2fa-4b5e-a9da-3d50e8f4c891-weld-4",
      "relation": "is",
      "object_id": "e9189042-c2fa-4b5e-a9da-3d50e8f4c891-hotspot-8"
    },
    {
      "subject_id": "e9189042-c2fa-4b5e-a9da-3d50e8f4c891-weld-4",
      "relation": "is",
      "object_id": "e9189042-c2fa-4b5e-a9da-3d50e8f4c891-top-2"
    },
    {
      "subject_id": "e9189042-c2fa-4b5e-a9da-3d50e8f4c891-hotspot-8",
      "relation": "is",
      "object_id": "e9189042-c2fa-4b5e-a9da-3d50e8f4c891-crucial-7"
    },
    {
      "subject_id": "e9189042-c2fa-4b5e-a9da-3d50e8f4c891-weld-4",
      "relation": "is crucial hotspot in",
      "object_id": "e9189042-c2fa-4b5e-a9da-3d50e8f4c891-particular-11"
    },
    {
      "subject_id": "e9189042-c2fa-4b5e-a9da-3d50e8f4c891-weld-4",
      "relation": "is",
      "object_id": "NE-ORDINAL-first"
    },
    {
      "subject_id": "e9189042-c2fa-4b5e-a9da-3d50e8f4c891-weld-4",
      "relation": "is hotspot in",
      "object_id": "e9189042-c2fa-4b5e-a9da-3d50e8f4c891-particular-11"
    },
    {
      "subject_id": "e9189042-c2fa-4b5e-a9da-3d50e8f4c891-particular-11",
      "relation": "at",
      "object_id": "e9189042-c2fa-4b5e-a9da-3d50e8f4c891-production-13-SLWRs-14"
    },
    {
      "subject_id": "e9189042-c2fa-4b5e-a9da-3d50e8f4c891-weld-4",
      "relation": "is",
      "object_id": "e9189042-c2fa-4b5e-a9da-3d50e8f4c891-crucial-7"
    },
    {
      "subject_id": "e9189042-c2fa-4b5e-a9da-3d50e8f4c891-contrast-23",
      "relation": "is with",
      "object_id": "e9189042-c2fa-4b5e-a9da-3d50e8f4c891-usual-26-simpler-28-method-29"
    },
    {
      "subject_id": "e9189042-c2fa-4b5e-a9da-3d50e8f4c891-significant-19-stiffness-20-reduction-21",
      "relation": "is in",
      "object_id": "e9189042-c2fa-4b5e-a9da-3d50e8f4c891-contrast-23"
    },
    {
      "subject_id": "e9189042-c2fa-4b5e-a9da-3d50e8f4c891-contrast-23",
      "relation": "of",
      "object_id": "e9189042-c2fa-4b5e-a9da-3d50e8f4c891-usual-26-simpler-28-method-29"
    },
    {
      "subject_id": "e9189042-c2fa-4b5e-a9da-3d50e8f4c891-Non-linear-1-FJ-2-stiffness-3-curves-4",
      "relation": "provide",
      "object_id": "e9189042-c2fa-4b5e-a9da-3d50e8f4c891-stiffness-12"
    },
    {
      "subject_id": "e9189042-c2fa-4b5e-a9da-3d50e8f4c891-stiffness-12",
      "relation": "is",
      "object_id": "e9189042-c2fa-4b5e-a9da-3d50e8f4c891-associated-13"
    },
    {
      "subject_id": "e9189042-c2fa-4b5e-a9da-3d50e8f4c891-Non-linear-1-FJ-2-stiffness-3-curves-4",
      "relation": "are",
      "object_id": "e9189042-c2fa-4b5e-a9da-3d50e8f4c891-available-7"
    },
    {
      "subject_id": "e9189042-c2fa-4b5e-a9da-3d50e8f4c891-available-7",
      "relation": "at",
      "object_id": "e9189042-c2fa-4b5e-a9da-3d50e8f4c891-usually-6"
    },
    {
      "subject_id": "e9189042-c2fa-4b5e-a9da-3d50e8f4c891-stiffness-12",
      "relation": "at",
      "object_id": "e9189042-c2fa-4b5e-a9da-3d50e8f4c891-FJ-16-angle-18"
    },
    {
      "subject_id": "e9189042-c2fa-4b5e-a9da-3d50e8f4c891-stiffness-12",
      "relation": "is",
      "object_id": "e9189042-c2fa-4b5e-a9da-3d50e8f4c891-absolute-17"
    },
    {
      "subject_id": "e9189042-c2fa-4b5e-a9da-3d50e8f4c891-FJ-2-stiffness-3",
      "relation": "reduces with",
      "object_id": "e9189042-c2fa-4b5e-a9da-3d50e8f4c891-angle-8"
    },
    {
      "subject_id": "e9189042-c2fa-4b5e-a9da-3d50e8f4c891-angle-8",
      "relation": "of",
      "object_id": "e9189042-c2fa-4b5e-a9da-3d50e8f4c891-rotation-10"
    },
    {
      "subject_id": "e9189042-c2fa-4b5e-a9da-3d50e8f4c891-FJ-2-stiffness-3",
      "relation": "significantly reduces with",
      "object_id": "e9189042-c2fa-4b5e-a9da-3d50e8f4c891-angle-8"
    },
    {
      "subject_id": "e9189042-c2fa-4b5e-a9da-3d50e8f4c891-stiffness-6",
      "relation": "corresponding to",
      "object_id": "e9189042-c2fa-4b5e-a9da-3d50e8f4c891-likely-11-riser-12-angle-13-absolute-15-value-16"
    },
    {
      "subject_id": "e9189042-c2fa-4b5e-a9da-3d50e8f4c891-likely-11-riser-12-angle-13-absolute-15-value-16",
      "relation": "at",
      "object_id": "e9189042-c2fa-4b5e-a9da-3d50e8f4c891-most-10"
    },
    {
      "subject_id": "e9189042-c2fa-4b5e-a9da-3d50e8f4c891-likely-10-change-11",
      "relation": "is in",
      "object_id": "e9189042-c2fa-4b5e-a9da-3d50e8f4c891-angle-13"
    },
    {
      "subject_id": "e9189042-c2fa-4b5e-a9da-3d50e8f4c891-proposed-12-method-13",
      "relation": "results in",
      "object_id": "e9189042-c2fa-4b5e-a9da-3d50e8f4c891-angle-19"
    },
    {
      "subject_id": "e9189042-c2fa-4b5e-a9da-3d50e8f4c891-angle-19",
      "relation": "is",
      "object_id": "e9189042-c2fa-4b5e-a9da-3d50e8f4c891-characteristic-18"
    },
    {
      "subject_id": "e9189042-c2fa-4b5e-a9da-3d50e8f4c891-angles-3",
      "relation": "often turn up in",
      "object_id": "e9189042-c2fa-4b5e-a9da-3d50e8f4c891-angles-9"
    },
    {
      "subject_id": "e9189042-c2fa-4b5e-a9da-3d50e8f4c891-angles-9",
      "relation": "is",
      "object_id": "e9189042-c2fa-4b5e-a9da-3d50e8f4c891-alternate-8"
    },
    {
      "subject_id": "e9189042-c2fa-4b5e-a9da-3d50e8f4c891-angles-3",
      "relation": "turn up in",
      "object_id": "e9189042-c2fa-4b5e-a9da-3d50e8f4c891-angles-9"
    },
    {
      "subject_id": "e9189042-c2fa-4b5e-a9da-3d50e8f4c891-angle-19",
      "relation": "is",
      "object_id": "e9189042-c2fa-4b5e-a9da-3d50e8f4c891-higher-17"
    },
    {
      "subject_id": "e9189042-c2fa-4b5e-a9da-3d50e8f4c891-results-14",
      "relation": "is in",
      "object_id": "e9189042-c2fa-4b5e-a9da-3d50e8f4c891-angle-19"
    },
    {
      "subject_id": "e9189042-c2fa-4b5e-a9da-3d50e8f4c891-results-14",
      "relation": "at",
      "object_id": "e9189042-c2fa-4b5e-a9da-3d50e8f4c891-proposed-12-method-13"
    },
    {
      "subject_id": "e9189042-c2fa-4b5e-a9da-3d50e8f4c891-angle-19",
      "relation": "at",
      "object_id": "e9189042-c2fa-4b5e-a9da-3d50e8f4c891-much-16"
    },
    {
      "subject_id": "e9189042-c2fa-4b5e-a9da-3d50e8f4c891-outcome-2",
      "relation": "still meeting",
      "object_id": "e9189042-c2fa-4b5e-a9da-3d50e8f4c891-safety-15-margins-16"
    },
    {
      "subject_id": "e9189042-c2fa-4b5e-a9da-3d50e8f4c891-safety-15-margins-16",
      "relation": "is",
      "object_id": "e9189042-c2fa-4b5e-a9da-3d50e8f4c891-required-14"
    },
    {
      "subject_id": "e9189042-c2fa-4b5e-a9da-3d50e8f4c891-outcome-2",
      "relation": "meeting",
      "object_id": "e9189042-c2fa-4b5e-a9da-3d50e8f4c891-safety-15-margins-16"
    },
    {
      "subject_id": "e9189042-c2fa-4b5e-a9da-3d50e8f4c891-safety-15-margins-16",
      "relation": "is",
      "object_id": "e9189042-c2fa-4b5e-a9da-3d50e8f4c891-same-13"
    },
    {
      "subject_id": "e9189042-c2fa-4b5e-a9da-3d50e8f4c891-outcome-2",
      "relation": "is",
      "object_id": "e9189042-c2fa-4b5e-a9da-3d50e8f4c891-designs-7"
    },
    {
      "subject_id": "e9189042-c2fa-4b5e-a9da-3d50e8f4c891-designs-7",
      "relation": "is",
      "object_id": "e9189042-c2fa-4b5e-a9da-3d50e8f4c891-less-5"
    },
    {
      "subject_id": "e9189042-c2fa-4b5e-a9da-3d50e8f4c891-designs-7",
      "relation": "is",
      "object_id": "NE-IDEOLOGY-conservative"
    },
    {
      "subject_id": "e9189042-c2fa-4b5e-a9da-3d50e8f4c891-designs-7",
      "relation": "at",
      "object_id": "e9189042-c2fa-4b5e-a9da-3d50e8f4c891-significantly-4"
    }
  ],
  "links": {
    "e9189042-c2fa-4b5e-a9da-3d50e8f4c891-key-6-governing-7-conditions-8": [],
    "e9189042-c2fa-4b5e-a9da-3d50e8f4c891-design-11": [],
    "e9189042-c2fa-4b5e-a9da-3d50e8f4c891-rigid-13-risers-14": [],
    "e9189042-c2fa-4b5e-a9da-3d50e8f4c891-particular-17-those-18": [],
    "e9189042-c2fa-4b5e-a9da-3d50e8f4c891-ultra-deep-20-water-21": [],
    "e9189042-c2fa-4b5e-a9da-3d50e8f4c891-wave-12-configuration-13": [],
    "e9189042-c2fa-4b5e-a9da-3d50e8f4c891-improving-5-fatigue-6": [],
    "e9189042-c2fa-4b5e-a9da-3d50e8f4c891-lazy-11": [],
    "NE-LOCATION-Gulf-of": [],
    "NE-COUNTRY-Mexico": [],
    "e9189042-c2fa-4b5e-a9da-3d50e8f4c891-it-3": [],
    "e9189042-c2fa-4b5e-a9da-3d50e8f4c891-aspect-11": [],
    "e9189042-c2fa-4b5e-a9da-3d50e8f4c891-probably-5": [],
    "e9189042-c2fa-4b5e-a9da-3d50e8f4c891-computational-8": [],
    "e9189042-c2fa-4b5e-a9da-3d50e8f4c891-intensive-10": [],
    "e9189042-c2fa-4b5e-a9da-3d50e8f4c891-most-7": [],
    "e9189042-c2fa-4b5e-a9da-3d50e8f4c891-Yet-1": [],
    "e9189042-c2fa-4b5e-a9da-3d50e8f4c891-Fatigue-1-analyses-2": [],
    "e9189042-c2fa-4b5e-a9da-3d50e8f4c891-run-13": [],
    "e9189042-c2fa-4b5e-a9da-3d50e8f4c891-complex-16": [],
    "e9189042-c2fa-4b5e-a9da-3d50e8f4c891-to-11": [],
    "e9189042-c2fa-4b5e-a9da-3d50e8f4c891-non-linear-18": [],
    "e9189042-c2fa-4b5e-a9da-3d50e8f4c891-models-19": [],
    "e9189042-c2fa-4b5e-a9da-3d50e8f4c891-Methods-1-for-2-simplifying-3-aspects-4-of-5-analysis-7": [],
    "e9189042-c2fa-4b5e-a9da-3d50e8f4c891-required-20-safety-21-levels-22": [],
    "e9189042-c2fa-4b5e-a9da-3d50e8f4c891-weld-4": [],
    "e9189042-c2fa-4b5e-a9da-3d50e8f4c891-hotspot-8": [],
    "e9189042-c2fa-4b5e-a9da-3d50e8f4c891-top-2": [],
    "e9189042-c2fa-4b5e-a9da-3d50e8f4c891-crucial-7": [],
    "e9189042-c2fa-4b5e-a9da-3d50e8f4c891-particular-11": [],
    "NE-ORDINAL-first": [],
    "e9189042-c2fa-4b5e-a9da-3d50e8f4c891-production-13-SLWRs-14": [],
    "e9189042-c2fa-4b5e-a9da-3d50e8f4c891-contrast-23": [],
    "e9189042-c2fa-4b5e-a9da-3d50e8f4c891-usual-26-simpler-28-method-29": [],
    "e9189042-c2fa-4b5e-a9da-3d50e8f4c891-significant-19-stiffness-20-reduction-21": [],
    "e9189042-c2fa-4b5e-a9da-3d50e8f4c891-Non-linear-1-FJ-2-stiffness-3-curves-4": [],
    "e9189042-c2fa-4b5e-a9da-3d50e8f4c891-stiffness-12": [
      "e9189042-c2fa-4b5e-a9da-3d50e8f4c891-stiffness-6"
    ],
    "e9189042-c2fa-4b5e-a9da-3d50e8f4c891-associated-13": [],
    "e9189042-c2fa-4b5e-a9da-3d50e8f4c891-available-7": [],
    "e9189042-c2fa-4b5e-a9da-3d50e8f4c891-usually-6": [],
    "e9189042-c2fa-4b5e-a9da-3d50e8f4c891-FJ-16-angle-18": [],
    "e9189042-c2fa-4b5e-a9da-3d50e8f4c891-absolute-17": [],
    "e9189042-c2fa-4b5e-a9da-3d50e8f4c891-FJ-2-stiffness-3": [],
    "e9189042-c2fa-4b5e-a9da-3d50e8f4c891-angle-8": [],
    "e9189042-c2fa-4b5e-a9da-3d50e8f4c891-rotation-10": [],
    "e9189042-c2fa-4b5e-a9da-3d50e8f4c891-stiffness-6": [
      "e9189042-c2fa-4b5e-a9da-3d50e8f4c891-stiffness-12"
    ],
    "e9189042-c2fa-4b5e-a9da-3d50e8f4c891-likely-11-riser-12-angle-13-absolute-15-value-16": [],
    "e9189042-c2fa-4b5e-a9da-3d50e8f4c891-most-10": [],
    "e9189042-c2fa-4b5e-a9da-3d50e8f4c891-likely-10-change-11": [],
    "e9189042-c2fa-4b5e-a9da-3d50e8f4c891-angle-13": [],
    "e9189042-c2fa-4b5e-a9da-3d50e8f4c891-proposed-12-method-13": [],
    "e9189042-c2fa-4b5e-a9da-3d50e8f4c891-angle-19": [],
    "e9189042-c2fa-4b5e-a9da-3d50e8f4c891-characteristic-18": [],
    "e9189042-c2fa-4b5e-a9da-3d50e8f4c891-angles-3": [],
    "e9189042-c2fa-4b5e-a9da-3d50e8f4c891-angles-9": [],
    "e9189042-c2fa-4b5e-a9da-3d50e8f4c891-alternate-8": [],
    "e9189042-c2fa-4b5e-a9da-3d50e8f4c891-higher-17": [],
    "e9189042-c2fa-4b5e-a9da-3d50e8f4c891-results-14": [],
    "e9189042-c2fa-4b5e-a9da-3d50e8f4c891-much-16": [],
    "e9189042-c2fa-4b5e-a9da-3d50e8f4c891-outcome-2": [],
    "e9189042-c2fa-4b5e-a9da-3d50e8f4c891-safety-15-margins-16": [],
    "e9189042-c2fa-4b5e-a9da-3d50e8f4c891-required-14": [],
    "e9189042-c2fa-4b5e-a9da-3d50e8f4c891-same-13": [],
    "e9189042-c2fa-4b5e-a9da-3d50e8f4c891-designs-7": [],
    "e9189042-c2fa-4b5e-a9da-3d50e8f4c891-less-5": [],
    "NE-IDEOLOGY-conservative": [],
    "e9189042-c2fa-4b5e-a9da-3d50e8f4c891-significantly-4": []
  }
}