{
  "document": "D:/Projetos/PIRA_KG/documents/onu_85101031678.txt",
  "entities": {
    "df4e7525-7180-4e43-bced-ab6436efb468-It-1": "It",
    "df4e7525-7180-4e43-bced-ab6436efb468-inevitable-4": "inevitable",
    "df4e7525-7180-4e43-bced-ab6436efb468-magma-11": "magma",
    "df4e7525-7180-4e43-bced-ab6436efb468-locations-9": "locations",
    "df4e7525-7180-4e43-bced-ab6436efb468-salt-15": "salt",
    "df4e7525-7180-4e43-bced-ab6436efb468-interaction-3": "interaction",
    "df4e7525-7180-4e43-bced-ab6436efb468-understood-24": "understood",
    "df4e7525-7180-4e43-bced-ab6436efb468-poorly-23": "poorly",
    "df4e7525-7180-4e43-bced-ab6436efb468-We-1": "We",
    "NE-COUNTRY-Brazil": "Brazil",
    "df4e7525-7180-4e43-bced-ab6436efb468-offshore-12": "offshore",
    "df4e7525-7180-4e43-bced-ab6436efb468-image-15-38-16-intrusions-18": "image 38 intrusions",
    "df4e7525-7180-4e43-bced-ab6436efb468-spatially-19": "spatially",
    "df4e7525-7180-4e43-bced-ab6436efb468-igneous-17": "igneous",
    "df4e7525-7180-4e43-bced-ab6436efb468-reflection-5-data-6": "reflection data",
    "df4e7525-7180-4e43-bced-ab6436efb468-seismic-4": "seismic",
    "NE-LOCATION-Basin": "Basin",
    "NE-CITY-Santos": "Santos",
    "df4e7525-7180-4e43-bced-ab6436efb468-3D-3": "3D",
    "df4e7525-7180-4e43-bced-ab6436efb468-related-20": "related",
    "df4e7525-7180-4e43-bced-ab6436efb468-relationships-7": "relationships",
    "df4e7525-7180-4e43-bced-ab6436efb468-stratigraphic-6": "stratigraphic",
    "df4e7525-7180-4e43-bced-ab6436efb468-identified-3": "identified",
    "df4e7525-7180-4e43-bced-ab6436efb468-sills-4": "sills",
    "df4e7525-7180-4e43-bced-ab6436efb468-intra-salt-3": "intra-salt",
    "df4e7525-7180-4e43-bced-ab6436efb468-sills-6": "sills",
    "df4e7525-7180-4e43-bced-ab6436efb468-area-17": "area",
    "df4e7525-7180-4e43-bced-ab6436efb468-most-5": "most",
    "df4e7525-7180-4e43-bced-ab6436efb468-detached-28": "detached",
    "NE-LOCATION-Merluza-Graben": "Merluza Graben",
    "df4e7525-7180-4e43-bced-ab6436efb468-presalt-12": "presalt",
    "df4e7525-7180-4e43-bced-ab6436efb468-characterized-18": "characterized",
    "df4e7525-7180-4e43-bced-ab6436efb468-salt-26": "salt",
    "df4e7525-7180-4e43-bced-ab6436efb468-Albian-20": "Albian",
    "df4e7525-7180-4e43-bced-ab6436efb468-extension-29": "extension",
    "df4e7525-7180-4e43-bced-ab6436efb468-Neogene-24": "Neogene",
    "df4e7525-7180-4e43-bced-ab6436efb468-salt-4-magma-6-interaction-7": "salt magma interaction",
    "df4e7525-7180-4e43-bced-ab6436efb468-basin-27-evolution-28": "basin evolution",
    "df4e7525-7180-4e43-bced-ab6436efb468-magma-19-plumbing-20-systems-21": "magma plumbing systems",
    "df4e7525-7180-4e43-bced-ab6436efb468-salt-10-tectonics-11": "salt tectonics"
  },
  "graph": [
    {
      "subject_id": "df4e7525-7180-4e43-bced-ab6436efb468-It-1",
      "relation": "seems",
      "object_id": "df4e7525-7180-4e43-bced-ab6436efb468-inevitable-4"
    },
    {
      "subject_id": "df4e7525-7180-4e43-bced-ab6436efb468-It-1",
      "relation": "thus seems",
      "object_id": "df4e7525-7180-4e43-bced-ab6436efb468-inevitable-4"
    },
    {
      "subject_id": "df4e7525-7180-4e43-bced-ab6436efb468-magma-11",
      "relation": "interact in",
      "object_id": "df4e7525-7180-4e43-bced-ab6436efb468-locations-9"
    },
    {
      "subject_id": "df4e7525-7180-4e43-bced-ab6436efb468-magma-11",
      "relation": "interact with",
      "object_id": "df4e7525-7180-4e43-bced-ab6436efb468-salt-15"
    },
    {
      "subject_id": "df4e7525-7180-4e43-bced-ab6436efb468-interaction-3",
      "relation": "remains",
      "object_id": "df4e7525-7180-4e43-bced-ab6436efb468-understood-24"
    },
    {
      "subject_id": "df4e7525-7180-4e43-bced-ab6436efb468-understood-24",
      "relation": "at",
      "object_id": "df4e7525-7180-4e43-bced-ab6436efb468-poorly-23"
    },
    {
      "subject_id": "df4e7525-7180-4e43-bced-ab6436efb468-We-1",
      "relation": "use reflection data from",
      "object_id": "NE-COUNTRY-Brazil"
    },
    {
      "subject_id": "NE-COUNTRY-Brazil",
      "relation": "is",
      "object_id": "df4e7525-7180-4e43-bced-ab6436efb468-offshore-12"
    },
    {
      "subject_id": "df4e7525-7180-4e43-bced-ab6436efb468-We-1",
      "relation": "use reflection data to",
      "object_id": "df4e7525-7180-4e43-bced-ab6436efb468-image-15-38-16-intrusions-18"
    },
    {
      "subject_id": "df4e7525-7180-4e43-bced-ab6436efb468-image-15-38-16-intrusions-18",
      "relation": "at",
      "object_id": "df4e7525-7180-4e43-bced-ab6436efb468-spatially-19"
    },
    {
      "subject_id": "df4e7525-7180-4e43-bced-ab6436efb468-image-15-38-16-intrusions-18",
      "relation": "is",
      "object_id": "df4e7525-7180-4e43-bced-ab6436efb468-igneous-17"
    },
    {
      "subject_id": "df4e7525-7180-4e43-bced-ab6436efb468-We-1",
      "relation": "use",
      "object_id": "df4e7525-7180-4e43-bced-ab6436efb468-reflection-5-data-6"
    },
    {
      "subject_id": "df4e7525-7180-4e43-bced-ab6436efb468-reflection-5-data-6",
      "relation": "is",
      "object_id": "df4e7525-7180-4e43-bced-ab6436efb468-seismic-4"
    },
    {
      "subject_id": "df4e7525-7180-4e43-bced-ab6436efb468-We-1",
      "relation": "use reflection data from",
      "object_id": "NE-LOCATION-Basin"
    },
    {
      "subject_id": "NE-LOCATION-Basin",
      "relation": "of",
      "object_id": "NE-CITY-Santos"
    },
    {
      "subject_id": "NE-LOCATION-Basin",
      "relation": "is from",
      "object_id": "NE-CITY-Santos"
    },
    {
      "subject_id": "df4e7525-7180-4e43-bced-ab6436efb468-reflection-5-data-6",
      "relation": "is",
      "object_id": "df4e7525-7180-4e43-bced-ab6436efb468-3D-3"
    },
    {
      "subject_id": "df4e7525-7180-4e43-bced-ab6436efb468-image-15-38-16-intrusions-18",
      "relation": "is",
      "object_id": "df4e7525-7180-4e43-bced-ab6436efb468-related-20"
    },
    {
      "subject_id": "df4e7525-7180-4e43-bced-ab6436efb468-We-1",
      "relation": "suggest Based",
      "object_id": "df4e7525-7180-4e43-bced-ab6436efb468-relationships-7"
    },
    {
      "subject_id": "df4e7525-7180-4e43-bced-ab6436efb468-relationships-7",
      "relation": "is",
      "object_id": "df4e7525-7180-4e43-bced-ab6436efb468-stratigraphic-6"
    },
    {
      "subject_id": "df4e7525-7180-4e43-bced-ab6436efb468-relationships-7",
      "relation": "is",
      "object_id": "df4e7525-7180-4e43-bced-ab6436efb468-identified-3"
    },
    {
      "subject_id": "df4e7525-7180-4e43-bced-ab6436efb468-relationships-7",
      "relation": "is",
      "object_id": "df4e7525-7180-4e43-bced-ab6436efb468-seismic-4"
    },
    {
      "subject_id": "df4e7525-7180-4e43-bced-ab6436efb468-We-1",
      "relation": "show",
      "object_id": "df4e7525-7180-4e43-bced-ab6436efb468-sills-4"
    },
    {
      "subject_id": "df4e7525-7180-4e43-bced-ab6436efb468-sills-4",
      "relation": "is",
      "object_id": "df4e7525-7180-4e43-bced-ab6436efb468-intra-salt-3"
    },
    {
      "subject_id": "df4e7525-7180-4e43-bced-ab6436efb468-sills-6",
      "relation": "occur within",
      "object_id": "df4e7525-7180-4e43-bced-ab6436efb468-area-17"
    },
    {
      "subject_id": "df4e7525-7180-4e43-bced-ab6436efb468-sills-6",
      "relation": "is",
      "object_id": "df4e7525-7180-4e43-bced-ab6436efb468-most-5"
    },
    {
      "subject_id": "df4e7525-7180-4e43-bced-ab6436efb468-area-17",
      "relation": "is",
      "object_id": "df4e7525-7180-4e43-bced-ab6436efb468-detached-28"
    },
    {
      "subject_id": "df4e7525-7180-4e43-bced-ab6436efb468-sills-6",
      "relation": "occur within",
      "object_id": "NE-LOCATION-Merluza-Graben"
    },
    {
      "subject_id": "NE-LOCATION-Merluza-Graben",
      "relation": "of",
      "object_id": "df4e7525-7180-4e43-bced-ab6436efb468-presalt-12"
    },
    {
      "subject_id": "df4e7525-7180-4e43-bced-ab6436efb468-area-17",
      "relation": "is",
      "object_id": "df4e7525-7180-4e43-bced-ab6436efb468-characterized-18"
    },
    {
      "subject_id": "df4e7525-7180-4e43-bced-ab6436efb468-area-17",
      "relation": "at",
      "object_id": "df4e7525-7180-4e43-bced-ab6436efb468-salt-26"
    },
    {
      "subject_id": "df4e7525-7180-4e43-bced-ab6436efb468-area-17",
      "relation": "is",
      "object_id": "df4e7525-7180-4e43-bced-ab6436efb468-Albian-20"
    },
    {
      "subject_id": "df4e7525-7180-4e43-bced-ab6436efb468-area-17",
      "relation": "at",
      "object_id": "df4e7525-7180-4e43-bced-ab6436efb468-extension-29"
    },
    {
      "subject_id": "df4e7525-7180-4e43-bced-ab6436efb468-area-17",
      "relation": "at",
      "object_id": "df4e7525-7180-4e43-bced-ab6436efb468-Neogene-24"
    },
    {
      "subject_id": "df4e7525-7180-4e43-bced-ab6436efb468-salt-4-magma-6-interaction-7",
      "relation": "impact",
      "object_id": "df4e7525-7180-4e43-bced-ab6436efb468-basin-27-evolution-28"
    },
    {
      "subject_id": "df4e7525-7180-4e43-bced-ab6436efb468-salt-4-magma-6-interaction-7",
      "relation": "thus impact",
      "object_id": "df4e7525-7180-4e43-bced-ab6436efb468-basin-27-evolution-28"
    },
    {
      "subject_id": "df4e7525-7180-4e43-bced-ab6436efb468-salt-4-magma-6-interaction-7",
      "relation": "distribution of",
      "object_id": "df4e7525-7180-4e43-bced-ab6436efb468-magma-19-plumbing-20-systems-21"
    },
    {
      "subject_id": "df4e7525-7180-4e43-bced-ab6436efb468-salt-4-magma-6-interaction-7",
      "relation": "influence",
      "object_id": "df4e7525-7180-4e43-bced-ab6436efb468-salt-10-tectonics-11"
    }
  ],
  "links": {
    "df4e7525-7180-4e43-bced-ab6436efb468-It-1": [],
    "df4e7525-7180-4e43-bced-ab6436efb468-inevitable-4": [],
    "df4e7525-7180-4e43-bced-ab6436efb468-magma-11": [],
    "df4e7525-7180-4e43-bced-ab6436efb468-locations-9": [],
    "df4e7525-7180-4e43-bced-ab6436efb468-salt-15": [],
    "df4e7525-7180-4e43-bced-ab6436efb468-interaction-3": [],
    "df4e7525-7180-4e43-bced-ab6436efb468-understood-24": [],
    "df4e7525-7180-4e43-bced-ab6436efb468-poorly-23": [],
    "df4e7525-7180-4e43-bced-ab6436efb468-We-1": [],
    "NE-COUNTRY-Brazil": [],
    "df4e7525-7180-4e43-bced-ab6436efb468-offshore-12": [],
    "df4e7525-7180-4e43-bced-ab6436efb468-image-15-38-16-intrusions-18": [],
    "df4e7525-7180-4e43-bced-ab6436efb468-spatially-19": [],
    "df4e7525-7180-4e43-bced-ab6436efb468-igneous-17": [],
    "df4e7525-7180-4e43-bced-ab6436efb468-reflection-5-data-6": [],
    "df4e7525-7180-4e43-bced-ab6436efb468-seismic-4": [],
    "NE-LOCATION-Basin": [],
    "NE-CITY-Santos": [],
    "df4e7525-7180-4e43-bced-ab6436efb468-3D-3": [],
    "df4e7525-7180-4e43-bced-ab6436efb468-related-20": [],
    "df4e7525-7180-4e43-bced-ab6436efb468-relationships-7": [],
    "df4e7525-7180-4e43-bced-ab6436efb468-stratigraphic-6": [],
    "df4e7525-7180-4e43-bced-ab6436efb468-identified-3": [],
    "df4e7525-7180-4e43-bced-ab6436efb468-sills-4": [],
    "df4e7525-7180-4e43-bced-ab6436efb468-intra-salt-3": [],
    "df4e7525-7180-4e43-bced-ab6436efb468-sills-6": [],
    "df4e7525-7180-4e43-bced-ab6436efb468-area-17": [],
    "df4e7525-7180-4e43-bced-ab6436efb468-most-5": [],
    "df4e7525-7180-4e43-bced-ab6436efb468-detached-28": [],
    "NE-LOCATION-Merluza-Graben": [],
    "df4e7525-7180-4e43-bced-ab6436efb468-presalt-12": [],
    "df4e7525-7180-4e43-bced-ab6436efb468-characterized-18": [],
    "df4e7525-7180-4e43-bced-ab6436efb468-salt-26": [],
    "df4e7525-7180-4e43-bced-ab6436efb468-Albian-20": [],
    "df4e7525-7180-4e43-bced-ab6436efb468-extension-29": [],
    "df4e7525-7180-4e43-bced-ab6436efb468-Neogene-24": [],
    "df4e7525-7180-4e43-bced-ab6436efb468-salt-4-magma-6-interaction-7": [],
    "df4e7525-7180-4e43-bced-ab6436efb468-basin-27-evolution-28": [],
    "df4e7525-7180-4e43-bced-ab6436efb468-magma-19-plumbing-20-systems-21": [],
    "df4e7525-7180-4e43-bced-ab6436efb468-salt-10-tectonics-11": []
  }
}