{
  "document": "D:/Projetos/PIRA_KG/documents/onu_85070554647.txt",
  "entities": {
    "72b63001-9050-46f3-a364-f3ec8d862ef0-CO2-3-content-4": "CO2 content",
    "72b63001-9050-46f3-a364-f3ec8d862ef0-processes-17": "processes",
    "72b63001-9050-46f3-a364-f3ec8d862ef0-energetically-16": "energetically",
    "72b63001-9050-46f3-a364-f3ec8d862ef0-oil-9-fields-10": "oil fields",
    "NE-LOCATION-Pre-Salt": "Pre-Salt",
    "72b63001-9050-46f3-a364-f3ec8d862ef0-high-2": "high",
    "72b63001-9050-46f3-a364-f3ec8d862ef0-offshore-8": "offshore",
    "72b63001-9050-46f3-a364-f3ec8d862ef0-CO2-19-removal-20": "CO2 removal",
    "72b63001-9050-46f3-a364-f3ec8d862ef0-subsea-10-separation-11-process-12": "subsea separation process",
    "72b63001-9050-46f3-a364-f3ec8d862ef0-paper-3": "paper",
    "72b63001-9050-46f3-a364-f3ec8d862ef0-alternative-9": "alternative",
    "72b63001-9050-46f3-a364-f3ec8d862ef0-analyzed-22": "analyzed",
    "72b63001-9050-46f3-a364-f3ec8d862ef0-innovative-6": "innovative",
    "72b63001-9050-46f3-a364-f3ec8d862ef0-volumes-20": "volumes",
    "72b63001-9050-46f3-a364-f3ec8d862ef0-gas-31-processing-32-plant-33-complexity-34": "gas processing plant complexity",
    "72b63001-9050-46f3-a364-f3ec8d862ef0-large-19": "large",
    "72b63001-9050-46f3-a364-f3ec8d862ef0-phase-5": "phase",
    "72b63001-9050-46f3-a364-f3ec8d862ef0-expected-7": "expected",
    "72b63001-9050-46f3-a364-f3ec8d862ef0-reservoir-9-conditions-10": "reservoir conditions",
    "72b63001-9050-46f3-a364-f3ec8d862ef0-system-5": "system",
    "72b63001-9050-46f3-a364-f3ec8d862ef0-developed-12": "developed",
    "72b63001-9050-46f3-a364-f3ec8d862ef0-differential-2": "differential",
    "72b63001-9050-46f3-a364-f3ec8d862ef0-modeling-16": "modeling",
    "72b63001-9050-46f3-a364-f3ec8d862ef0-algebraic-4": "algebraic",
    "NE-ORGANIZATION-SSP": "SSP",
    "72b63001-9050-46f3-a364-f3ec8d862ef0-process-3": "process",
    "72b63001-9050-46f3-a364-f3ec8d862ef0-feasibility-6": "feasibility",
    "72b63001-9050-46f3-a364-f3ec8d862ef0-proposed-2": "proposed",
    "72b63001-9050-46f3-a364-f3ec8d862ef0-technical-5": "technical",
    "72b63001-9050-46f3-a364-f3ec8d862ef0-GOR-12-reduction-13": "GOR reduction",
    "NE-PERCENT-62%": "62 %",
    "72b63001-9050-46f3-a364-f3ec8d862ef0-up-8": "up",
    "72b63001-9050-46f3-a364-f3ec8d862ef0-control-2-strategies-3": "control strategies",
    "72b63001-9050-46f3-a364-f3ec8d862ef0-performance-6": "performance",
    "72b63001-9050-46f3-a364-f3ec8d862ef0-reasonable-5": "reasonable",
    "NE-ORGANIZATION-MPC": "MPC",
    "72b63001-9050-46f3-a364-f3ec8d862ef0-most-4": "most",
    "72b63001-9050-46f3-a364-f3ec8d862ef0-controlled-7": "controlled",
    "72b63001-9050-46f3-a364-f3ec8d862ef0-variables-8": "variables",
    "72b63001-9050-46f3-a364-f3ec8d862ef0-performance-11": "performance",
    "72b63001-9050-46f3-a364-f3ec8d862ef0-better-10": "better"
  },
  "graph": [
    {
      "subject_id": "72b63001-9050-46f3-a364-f3ec8d862ef0-CO2-3-content-4",
      "relation": "has led to",
      "object_id": "72b63001-9050-46f3-a364-f3ec8d862ef0-processes-17"
    },
    {
      "subject_id": "72b63001-9050-46f3-a364-f3ec8d862ef0-processes-17",
      "relation": "is",
      "object_id": "72b63001-9050-46f3-a364-f3ec8d862ef0-energetically-16"
    },
    {
      "subject_id": "72b63001-9050-46f3-a364-f3ec8d862ef0-CO2-3-content-4",
      "relation": "found in",
      "object_id": "72b63001-9050-46f3-a364-f3ec8d862ef0-oil-9-fields-10"
    },
    {
      "subject_id": "72b63001-9050-46f3-a364-f3ec8d862ef0-oil-9-fields-10",
      "relation": "of",
      "object_id": "NE-LOCATION-Pre-Salt"
    },
    {
      "subject_id": "72b63001-9050-46f3-a364-f3ec8d862ef0-CO2-3-content-4",
      "relation": "is",
      "object_id": "72b63001-9050-46f3-a364-f3ec8d862ef0-high-2"
    },
    {
      "subject_id": "72b63001-9050-46f3-a364-f3ec8d862ef0-oil-9-fields-10",
      "relation": "is",
      "object_id": "72b63001-9050-46f3-a364-f3ec8d862ef0-offshore-8"
    },
    {
      "subject_id": "72b63001-9050-46f3-a364-f3ec8d862ef0-processes-17",
      "relation": "of",
      "object_id": "72b63001-9050-46f3-a364-f3ec8d862ef0-CO2-19-removal-20"
    },
    {
      "subject_id": "72b63001-9050-46f3-a364-f3ec8d862ef0-subsea-10-separation-11-process-12",
      "relation": "was analyzed In",
      "object_id": "72b63001-9050-46f3-a364-f3ec8d862ef0-paper-3"
    },
    {
      "subject_id": "72b63001-9050-46f3-a364-f3ec8d862ef0-subsea-10-separation-11-process-12",
      "relation": "is",
      "object_id": "72b63001-9050-46f3-a364-f3ec8d862ef0-alternative-9"
    },
    {
      "subject_id": "72b63001-9050-46f3-a364-f3ec8d862ef0-subsea-10-separation-11-process-12",
      "relation": "was",
      "object_id": "72b63001-9050-46f3-a364-f3ec8d862ef0-analyzed-22"
    },
    {
      "subject_id": "72b63001-9050-46f3-a364-f3ec8d862ef0-subsea-10-separation-11-process-12",
      "relation": "is",
      "object_id": "72b63001-9050-46f3-a364-f3ec8d862ef0-innovative-6"
    },
    {
      "subject_id": "72b63001-9050-46f3-a364-f3ec8d862ef0-volumes-20",
      "relation": "lowering",
      "object_id": "72b63001-9050-46f3-a364-f3ec8d862ef0-gas-31-processing-32-plant-33-complexity-34"
    },
    {
      "subject_id": "72b63001-9050-46f3-a364-f3ec8d862ef0-volumes-20",
      "relation": "is",
      "object_id": "72b63001-9050-46f3-a364-f3ec8d862ef0-large-19"
    },
    {
      "subject_id": "72b63001-9050-46f3-a364-f3ec8d862ef0-phase-5",
      "relation": "is",
      "object_id": "72b63001-9050-46f3-a364-f3ec8d862ef0-expected-7"
    },
    {
      "subject_id": "72b63001-9050-46f3-a364-f3ec8d862ef0-expected-7",
      "relation": "at",
      "object_id": "72b63001-9050-46f3-a364-f3ec8d862ef0-reservoir-9-conditions-10"
    },
    {
      "subject_id": "72b63001-9050-46f3-a364-f3ec8d862ef0-phase-5",
      "relation": "is expected at",
      "object_id": "72b63001-9050-46f3-a364-f3ec8d862ef0-reservoir-9-conditions-10"
    },
    {
      "subject_id": "72b63001-9050-46f3-a364-f3ec8d862ef0-system-5",
      "relation": "was",
      "object_id": "72b63001-9050-46f3-a364-f3ec8d862ef0-developed-12"
    },
    {
      "subject_id": "72b63001-9050-46f3-a364-f3ec8d862ef0-system-5",
      "relation": "is",
      "object_id": "72b63001-9050-46f3-a364-f3ec8d862ef0-differential-2"
    },
    {
      "subject_id": "72b63001-9050-46f3-a364-f3ec8d862ef0-system-5",
      "relation": "was developed for",
      "object_id": "72b63001-9050-46f3-a364-f3ec8d862ef0-modeling-16"
    },
    {
      "subject_id": "72b63001-9050-46f3-a364-f3ec8d862ef0-system-5",
      "relation": "is",
      "object_id": "72b63001-9050-46f3-a364-f3ec8d862ef0-algebraic-4"
    },
    {
      "subject_id": "72b63001-9050-46f3-a364-f3ec8d862ef0-modeling-16",
      "relation": "of",
      "object_id": "NE-ORGANIZATION-SSP"
    },
    {
      "subject_id": "72b63001-9050-46f3-a364-f3ec8d862ef0-process-3",
      "relation": "showed",
      "object_id": "72b63001-9050-46f3-a364-f3ec8d862ef0-feasibility-6"
    },
    {
      "subject_id": "72b63001-9050-46f3-a364-f3ec8d862ef0-process-3",
      "relation": "is",
      "object_id": "72b63001-9050-46f3-a364-f3ec8d862ef0-proposed-2"
    },
    {
      "subject_id": "72b63001-9050-46f3-a364-f3ec8d862ef0-feasibility-6",
      "relation": "is",
      "object_id": "72b63001-9050-46f3-a364-f3ec8d862ef0-technical-5"
    },
    {
      "subject_id": "72b63001-9050-46f3-a364-f3ec8d862ef0-feasibility-6",
      "relation": "of",
      "object_id": "72b63001-9050-46f3-a364-f3ec8d862ef0-GOR-12-reduction-13"
    },
    {
      "subject_id": "72b63001-9050-46f3-a364-f3ec8d862ef0-feasibility-6",
      "relation": "is with",
      "object_id": "72b63001-9050-46f3-a364-f3ec8d862ef0-GOR-12-reduction-13"
    },
    {
      "subject_id": "72b63001-9050-46f3-a364-f3ec8d862ef0-GOR-12-reduction-13",
      "relation": "of",
      "object_id": "NE-PERCENT-62%"
    },
    {
      "subject_id": "72b63001-9050-46f3-a364-f3ec8d862ef0-GOR-12-reduction-13",
      "relation": "at",
      "object_id": "72b63001-9050-46f3-a364-f3ec8d862ef0-up-8"
    },
    {
      "subject_id": "72b63001-9050-46f3-a364-f3ec8d862ef0-control-2-strategies-3",
      "relation": "presented",
      "object_id": "72b63001-9050-46f3-a364-f3ec8d862ef0-performance-6"
    },
    {
      "subject_id": "72b63001-9050-46f3-a364-f3ec8d862ef0-performance-6",
      "relation": "is",
      "object_id": "72b63001-9050-46f3-a364-f3ec8d862ef0-reasonable-5"
    },
    {
      "subject_id": "NE-ORGANIZATION-MPC",
      "relation": "had performance for",
      "object_id": "72b63001-9050-46f3-a364-f3ec8d862ef0-most-4"
    },
    {
      "subject_id": "72b63001-9050-46f3-a364-f3ec8d862ef0-most-4",
      "relation": "is",
      "object_id": "72b63001-9050-46f3-a364-f3ec8d862ef0-controlled-7"
    },
    {
      "subject_id": "72b63001-9050-46f3-a364-f3ec8d862ef0-most-4",
      "relation": "of",
      "object_id": "72b63001-9050-46f3-a364-f3ec8d862ef0-variables-8"
    },
    {
      "subject_id": "NE-ORGANIZATION-MPC",
      "relation": "had",
      "object_id": "72b63001-9050-46f3-a364-f3ec8d862ef0-performance-11"
    },
    {
      "subject_id": "72b63001-9050-46f3-a364-f3ec8d862ef0-performance-11",
      "relation": "is",
      "object_id": "72b63001-9050-46f3-a364-f3ec8d862ef0-better-10"
    }
  ],
  "links": {
    "72b63001-9050-46f3-a364-f3ec8d862ef0-CO2-3-content-4": [],
    "72b63001-9050-46f3-a364-f3ec8d862ef0-processes-17": [],
    "72b63001-9050-46f3-a364-f3ec8d862ef0-energetically-16": [],
    "72b63001-9050-46f3-a364-f3ec8d862ef0-oil-9-fields-10": [],
    "NE-LOCATION-Pre-Salt": [],
    "72b63001-9050-46f3-a364-f3ec8d862ef0-high-2": [],
    "72b63001-9050-46f3-a364-f3ec8d862ef0-offshore-8": [],
    "72b63001-9050-46f3-a364-f3ec8d862ef0-CO2-19-removal-20": [],
    "72b63001-9050-46f3-a364-f3ec8d862ef0-subsea-10-separation-11-process-12": [],
    "72b63001-9050-46f3-a364-f3ec8d862ef0-paper-3": [],
    "72b63001-9050-46f3-a364-f3ec8d862ef0-alternative-9": [],
    "72b63001-9050-46f3-a364-f3ec8d862ef0-analyzed-22": [],
    "72b63001-9050-46f3-a364-f3ec8d862ef0-innovative-6": [],
    "72b63001-9050-46f3-a364-f3ec8d862ef0-volumes-20": [],
    "72b63001-9050-46f3-a364-f3ec8d862ef0-gas-31-processing-32-plant-33-complexity-34": [],
    "72b63001-9050-46f3-a364-f3ec8d862ef0-large-19": [],
    "72b63001-9050-46f3-a364-f3ec8d862ef0-phase-5": [],
    "72b63001-9050-46f3-a364-f3ec8d862ef0-expected-7": [],
    "72b63001-9050-46f3-a364-f3ec8d862ef0-reservoir-9-conditions-10": [],
    "72b63001-9050-46f3-a364-f3ec8d862ef0-system-5": [],
    "72b63001-9050-46f3-a364-f3ec8d862ef0-developed-12": [],
    "72b63001-9050-46f3-a364-f3ec8d862ef0-differential-2": [],
    "72b63001-9050-46f3-a364-f3ec8d862ef0-modeling-16": [],
    "72b63001-9050-46f3-a364-f3ec8d862ef0-algebraic-4": [],
    "NE-ORGANIZATION-SSP": [],
    "72b63001-9050-46f3-a364-f3ec8d862ef0-process-3": [],
    "72b63001-9050-46f3-a364-f3ec8d862ef0-feasibility-6": [],
    "72b63001-9050-46f3-a364-f3ec8d862ef0-proposed-2": [],
    "72b63001-9050-46f3-a364-f3ec8d862ef0-technical-5": [],
    "72b63001-9050-46f3-a364-f3ec8d862ef0-GOR-12-reduction-13": [],
    "NE-PERCENT-62%": [],
    "72b63001-9050-46f3-a364-f3ec8d862ef0-up-8": [],
    "72b63001-9050-46f3-a364-f3ec8d862ef0-control-2-strategies-3": [],
    "72b63001-9050-46f3-a364-f3ec8d862ef0-performance-6": [],
    "72b63001-9050-46f3-a364-f3ec8d862ef0-reasonable-5": [],
    "NE-ORGANIZATION-MPC": [],
    "72b63001-9050-46f3-a364-f3ec8d862ef0-most-4": [],
    "72b63001-9050-46f3-a364-f3ec8d862ef0-controlled-7": [],
    "72b63001-9050-46f3-a364-f3ec8d862ef0-variables-8": [],
    "72b63001-9050-46f3-a364-f3ec8d862ef0-performance-11": [],
    "72b63001-9050-46f3-a364-f3ec8d862ef0-better-10": []
  }
}