{
  "document": "D:/Projetos/PIRA_KG/documents/onu_85075350522.txt",
  "entities": {
    "51b6742c-b6b0-4387-bdcb-dd3ff80ea885-images-44": "images",
    "51b6742c-b6b0-4387-bdcb-dd3ff80ea885-feature-51": "feature",
    "51b6742c-b6b0-4387-bdcb-dd3ff80ea885-underwater-43": "underwater",
    "51b6742c-b6b0-4387-bdcb-dd3ff80ea885-used-46": "used",
    "51b6742c-b6b0-4387-bdcb-dd3ff80ea885-expressive-50": "expressive",
    "51b6742c-b6b0-4387-bdcb-dd3ff80ea885-sand-7-deposit-8": "sand deposit",
    "51b6742c-b6b0-4387-bdcb-dd3ff80ea885-escarpment-11": "escarpment",
    "51b6742c-b6b0-4387-bdcb-dd3ff80ea885-It-1": "It",
    "51b6742c-b6b0-4387-bdcb-dd3ff80ea885-length-20": "length",
    "51b6742c-b6b0-4387-bdcb-dd3ff80ea885-muddy-5": "muddy",
    "51b6742c-b6b0-4387-bdcb-dd3ff80ea885-semi-consolidated-4": "semi-consolidated",
    "51b6742c-b6b0-4387-bdcb-dd3ff80ea885-1.5-25-km-26": "1.5 km",
    "51b6742c-b6b0-4387-bdcb-dd3ff80ea885-width-28": "width",
    "51b6742c-b6b0-4387-bdcb-dd3ff80ea885-sea-3-level-4": "sea level",
    "51b6742c-b6b0-4387-bdcb-dd3ff80ea885-height-18": "height",
    "51b6742c-b6b0-4387-bdcb-dd3ff80ea885-paleo-2": "paleo",
    "51b6742c-b6b0-4387-bdcb-dd3ff80ea885-estimated-12": "estimated",
    "51b6742c-b6b0-4387-bdcb-dd3ff80ea885-related-24": "related",
    "51b6742c-b6b0-4387-bdcb-dd3ff80ea885-eustatic-22-curves-23": "eustatic curves",
    "51b6742c-b6b0-4387-bdcb-dd3ff80ea885-global-21": "global",
    "51b6742c-b6b0-4387-bdcb-dd3ff80ea885-maximum-17": "maximum",
    "51b6742c-b6b0-4387-bdcb-dd3ff80ea885-to-13": "to",
    "NE-TITLE-Marine": "Marine",
    "51b6742c-b6b0-4387-bdcb-dd3ff80ea885-Isotopic-27-Stage-28-3-29": "Isotopic Stage 3",
    "51b6742c-b6b0-4387-bdcb-dd3ff80ea885-feature-2": "feature",
    "51b6742c-b6b0-4387-bdcb-dd3ff80ea885-quartzose-5-sand-7-constitution-8": "quartzose sand constitution",
    "51b6742c-b6b0-4387-bdcb-dd3ff80ea885-erosion-13-surface-14": "erosion surface",
    "51b6742c-b6b0-4387-bdcb-dd3ff80ea885-ca.-17-12-18": "ca. 12",
    "51b6742c-b6b0-4387-bdcb-dd3ff80ea885-defined-10": "defined",
    "51b6742c-b6b0-4387-bdcb-dd3ff80ea885-exposed-15": "exposed",
    "51b6742c-b6b0-4387-bdcb-dd3ff80ea885-retrogradation-3": "retrogradation",
    "51b6742c-b6b0-4387-bdcb-dd3ff80ea885-settlement-15": "settlement",
    "51b6742c-b6b0-4387-bdcb-dd3ff80ea885-coastal-2": "coastal",
    "51b6742c-b6b0-4387-bdcb-dd3ff80ea885-bay-21-mouth-22": "bay mouth",
    "51b6742c-b6b0-4387-bdcb-dd3ff80ea885-sandbank-18": "sandbank"
  },
  "graph": [
    {
      "subject_id": "51b6742c-b6b0-4387-bdcb-dd3ff80ea885-images-44",
      "relation": "map",
      "object_id": "51b6742c-b6b0-4387-bdcb-dd3ff80ea885-feature-51"
    },
    {
      "subject_id": "51b6742c-b6b0-4387-bdcb-dd3ff80ea885-images-44",
      "relation": "is",
      "object_id": "51b6742c-b6b0-4387-bdcb-dd3ff80ea885-underwater-43"
    },
    {
      "subject_id": "51b6742c-b6b0-4387-bdcb-dd3ff80ea885-images-44",
      "relation": "were",
      "object_id": "51b6742c-b6b0-4387-bdcb-dd3ff80ea885-used-46"
    },
    {
      "subject_id": "51b6742c-b6b0-4387-bdcb-dd3ff80ea885-feature-51",
      "relation": "is",
      "object_id": "51b6742c-b6b0-4387-bdcb-dd3ff80ea885-expressive-50"
    },
    {
      "subject_id": "51b6742c-b6b0-4387-bdcb-dd3ff80ea885-sand-7-deposit-8",
      "relation": "is with",
      "object_id": "51b6742c-b6b0-4387-bdcb-dd3ff80ea885-escarpment-11"
    },
    {
      "subject_id": "51b6742c-b6b0-4387-bdcb-dd3ff80ea885-It-1",
      "relation": "is",
      "object_id": "51b6742c-b6b0-4387-bdcb-dd3ff80ea885-sand-7-deposit-8"
    },
    {
      "subject_id": "51b6742c-b6b0-4387-bdcb-dd3ff80ea885-sand-7-deposit-8",
      "relation": "at",
      "object_id": "51b6742c-b6b0-4387-bdcb-dd3ff80ea885-length-20"
    },
    {
      "subject_id": "51b6742c-b6b0-4387-bdcb-dd3ff80ea885-sand-7-deposit-8",
      "relation": "is in",
      "object_id": "51b6742c-b6b0-4387-bdcb-dd3ff80ea885-length-20"
    },
    {
      "subject_id": "51b6742c-b6b0-4387-bdcb-dd3ff80ea885-sand-7-deposit-8",
      "relation": "is",
      "object_id": "51b6742c-b6b0-4387-bdcb-dd3ff80ea885-muddy-5"
    },
    {
      "subject_id": "51b6742c-b6b0-4387-bdcb-dd3ff80ea885-sand-7-deposit-8",
      "relation": "is",
      "object_id": "51b6742c-b6b0-4387-bdcb-dd3ff80ea885-semi-consolidated-4"
    },
    {
      "subject_id": "51b6742c-b6b0-4387-bdcb-dd3ff80ea885-It-1",
      "relation": "is semi-consolidated",
      "object_id": "51b6742c-b6b0-4387-bdcb-dd3ff80ea885-escarpment-11"
    },
    {
      "subject_id": "51b6742c-b6b0-4387-bdcb-dd3ff80ea885-sand-7-deposit-8",
      "relation": "of",
      "object_id": "51b6742c-b6b0-4387-bdcb-dd3ff80ea885-escarpment-11"
    },
    {
      "subject_id": "51b6742c-b6b0-4387-bdcb-dd3ff80ea885-1.5-25-km-26",
      "relation": "is in",
      "object_id": "51b6742c-b6b0-4387-bdcb-dd3ff80ea885-width-28"
    },
    {
      "subject_id": "51b6742c-b6b0-4387-bdcb-dd3ff80ea885-sea-3-level-4",
      "relation": "be above",
      "object_id": "51b6742c-b6b0-4387-bdcb-dd3ff80ea885-height-18"
    },
    {
      "subject_id": "51b6742c-b6b0-4387-bdcb-dd3ff80ea885-sea-3-level-4",
      "relation": "is",
      "object_id": "51b6742c-b6b0-4387-bdcb-dd3ff80ea885-paleo-2"
    },
    {
      "subject_id": "51b6742c-b6b0-4387-bdcb-dd3ff80ea885-sea-3-level-4",
      "relation": "was estimated",
      "object_id": "51b6742c-b6b0-4387-bdcb-dd3ff80ea885-height-18"
    },
    {
      "subject_id": "51b6742c-b6b0-4387-bdcb-dd3ff80ea885-sea-3-level-4",
      "relation": "was",
      "object_id": "51b6742c-b6b0-4387-bdcb-dd3ff80ea885-estimated-12"
    },
    {
      "subject_id": "51b6742c-b6b0-4387-bdcb-dd3ff80ea885-height-18",
      "relation": "is",
      "object_id": "51b6742c-b6b0-4387-bdcb-dd3ff80ea885-related-24"
    },
    {
      "subject_id": "51b6742c-b6b0-4387-bdcb-dd3ff80ea885-height-18",
      "relation": "of",
      "object_id": "51b6742c-b6b0-4387-bdcb-dd3ff80ea885-eustatic-22-curves-23"
    },
    {
      "subject_id": "51b6742c-b6b0-4387-bdcb-dd3ff80ea885-height-18",
      "relation": "is",
      "object_id": "51b6742c-b6b0-4387-bdcb-dd3ff80ea885-global-21"
    },
    {
      "subject_id": "51b6742c-b6b0-4387-bdcb-dd3ff80ea885-height-18",
      "relation": "is",
      "object_id": "51b6742c-b6b0-4387-bdcb-dd3ff80ea885-maximum-17"
    },
    {
      "subject_id": "51b6742c-b6b0-4387-bdcb-dd3ff80ea885-height-18",
      "relation": "mark",
      "object_id": "51b6742c-b6b0-4387-bdcb-dd3ff80ea885-to-13"
    },
    {
      "subject_id": "51b6742c-b6b0-4387-bdcb-dd3ff80ea885-height-18",
      "relation": "of",
      "object_id": "NE-TITLE-Marine"
    },
    {
      "subject_id": "51b6742c-b6b0-4387-bdcb-dd3ff80ea885-height-18",
      "relation": "at",
      "object_id": "51b6742c-b6b0-4387-bdcb-dd3ff80ea885-Isotopic-27-Stage-28-3-29"
    },
    {
      "subject_id": "51b6742c-b6b0-4387-bdcb-dd3ff80ea885-feature-2",
      "relation": "exhibits",
      "object_id": "51b6742c-b6b0-4387-bdcb-dd3ff80ea885-quartzose-5-sand-7-constitution-8"
    },
    {
      "subject_id": "51b6742c-b6b0-4387-bdcb-dd3ff80ea885-quartzose-5-sand-7-constitution-8",
      "relation": "at",
      "object_id": "51b6742c-b6b0-4387-bdcb-dd3ff80ea885-erosion-13-surface-14"
    },
    {
      "subject_id": "51b6742c-b6b0-4387-bdcb-dd3ff80ea885-quartzose-5-sand-7-constitution-8",
      "relation": "at",
      "object_id": "51b6742c-b6b0-4387-bdcb-dd3ff80ea885-ca.-17-12-18"
    },
    {
      "subject_id": "51b6742c-b6b0-4387-bdcb-dd3ff80ea885-quartzose-5-sand-7-constitution-8",
      "relation": "is",
      "object_id": "51b6742c-b6b0-4387-bdcb-dd3ff80ea885-defined-10"
    },
    {
      "subject_id": "51b6742c-b6b0-4387-bdcb-dd3ff80ea885-quartzose-5-sand-7-constitution-8",
      "relation": "is",
      "object_id": "51b6742c-b6b0-4387-bdcb-dd3ff80ea885-exposed-15"
    },
    {
      "subject_id": "51b6742c-b6b0-4387-bdcb-dd3ff80ea885-retrogradation-3",
      "relation": "contributed to",
      "object_id": "51b6742c-b6b0-4387-bdcb-dd3ff80ea885-settlement-15"
    },
    {
      "subject_id": "51b6742c-b6b0-4387-bdcb-dd3ff80ea885-retrogradation-3",
      "relation": "is",
      "object_id": "51b6742c-b6b0-4387-bdcb-dd3ff80ea885-coastal-2"
    },
    {
      "subject_id": "51b6742c-b6b0-4387-bdcb-dd3ff80ea885-settlement-15",
      "relation": "of",
      "object_id": "51b6742c-b6b0-4387-bdcb-dd3ff80ea885-bay-21-mouth-22"
    },
    {
      "subject_id": "51b6742c-b6b0-4387-bdcb-dd3ff80ea885-settlement-15",
      "relation": "of",
      "object_id": "51b6742c-b6b0-4387-bdcb-dd3ff80ea885-sandbank-18"
    }
  ],
  "links": {
    "51b6742c-b6b0-4387-bdcb-dd3ff80ea885-images-44": [],
    "51b6742c-b6b0-4387-bdcb-dd3ff80ea885-feature-51": [],
    "51b6742c-b6b0-4387-bdcb-dd3ff80ea885-underwater-43": [],
    "51b6742c-b6b0-4387-bdcb-dd3ff80ea885-used-46": [],
    "51b6742c-b6b0-4387-bdcb-dd3ff80ea885-expressive-50": [],
    "51b6742c-b6b0-4387-bdcb-dd3ff80ea885-sand-7-deposit-8": [],
    "51b6742c-b6b0-4387-bdcb-dd3ff80ea885-escarpment-11": [],
    "51b6742c-b6b0-4387-bdcb-dd3ff80ea885-It-1": [],
    "51b6742c-b6b0-4387-bdcb-dd3ff80ea885-length-20": [],
    "51b6742c-b6b0-4387-bdcb-dd3ff80ea885-muddy-5": [],
    "51b6742c-b6b0-4387-bdcb-dd3ff80ea885-semi-consolidated-4": [],
    "51b6742c-b6b0-4387-bdcb-dd3ff80ea885-1.5-25-km-26": [],
    "51b6742c-b6b0-4387-bdcb-dd3ff80ea885-width-28": [],
    "51b6742c-b6b0-4387-bdcb-dd3ff80ea885-sea-3-level-4": [],
    "51b6742c-b6b0-4387-bdcb-dd3ff80ea885-height-18": [],
    "51b6742c-b6b0-4387-bdcb-dd3ff80ea885-paleo-2": [],
    "51b6742c-b6b0-4387-bdcb-dd3ff80ea885-estimated-12": [],
    "51b6742c-b6b0-4387-bdcb-dd3ff80ea885-related-24": [],
    "51b6742c-b6b0-4387-bdcb-dd3ff80ea885-eustatic-22-curves-23": [],
    "51b6742c-b6b0-4387-bdcb-dd3ff80ea885-global-21": [],
    "51b6742c-b6b0-4387-bdcb-dd3ff80ea885-maximum-17": [],
    "51b6742c-b6b0-4387-bdcb-dd3ff80ea885-to-13": [],
    "NE-TITLE-Marine": [],
    "51b6742c-b6b0-4387-bdcb-dd3ff80ea885-Isotopic-27-Stage-28-3-29": [],
    "51b6742c-b6b0-4387-bdcb-dd3ff80ea885-feature-2": [],
    "51b6742c-b6b0-4387-bdcb-dd3ff80ea885-quartzose-5-sand-7-constitution-8": [],
    "51b6742c-b6b0-4387-bdcb-dd3ff80ea885-erosion-13-surface-14": [],
    "51b6742c-b6b0-4387-bdcb-dd3ff80ea885-ca.-17-12-18": [],
    "51b6742c-b6b0-4387-bdcb-dd3ff80ea885-defined-10": [],
    "51b6742c-b6b0-4387-bdcb-dd3ff80ea885-exposed-15": [],
    "51b6742c-b6b0-4387-bdcb-dd3ff80ea885-retrogradation-3": [],
    "51b6742c-b6b0-4387-bdcb-dd3ff80ea885-settlement-15": [],
    "51b6742c-b6b0-4387-bdcb-dd3ff80ea885-coastal-2": [],
    "51b6742c-b6b0-4387-bdcb-dd3ff80ea885-bay-21-mouth-22": [],
    "51b6742c-b6b0-4387-bdcb-dd3ff80ea885-sandbank-18": []
  }
}