{
  "document": "D:/Projetos/PIRA_KG/documents/onu_85052069920.txt",
  "entities": {
    "6019aafd-17a7-4b19-be78-72fdb72b948b-methanogenesis-18": "methanogenesis",
    "6019aafd-17a7-4b19-be78-72fdb72b948b-GHSZ-30": "GHSZ",
    "6019aafd-17a7-4b19-be78-72fdb72b948b-shallow-17": "shallow",
    "6019aafd-17a7-4b19-be78-72fdb72b948b-sea-3-fans-4": "sea fans",
    "6019aafd-17a7-4b19-be78-72fdb72b948b-carbon-11-sinks-12": "carbon sinks",
    "6019aafd-17a7-4b19-be78-72fdb72b948b-Deep-1": "Deep",
    "6019aafd-17a7-4b19-be78-72fdb72b948b-storage-22": "storage",
    "6019aafd-17a7-4b19-be78-72fdb72b948b-net-21": "net",
    "6019aafd-17a7-4b19-be78-72fdb72b948b-deposition-15": "deposition",
    "6019aafd-17a7-4b19-be78-72fdb72b948b-gas-25-hydrate-26-stability-27-zone-28": "gas hydrate stability zone",
    "6019aafd-17a7-4b19-be78-72fdb72b948b-rapid-14": "rapid",
    "6019aafd-17a7-4b19-be78-72fdb72b948b-have-5-proposed-7": "have proposed",
    "6019aafd-17a7-4b19-be78-72fdb72b948b-analyses-25": "analyses",
    "NE-COUNTRY-Brazil": "Brazil",
    "6019aafd-17a7-4b19-be78-72fdb72b948b-evidence-6": "evidence",
    "6019aafd-17a7-4b19-be78-72fdb72b948b-offshore-34": "offshore",
    "NE-ORGANIZATION-Amazon": "Amazon",
    "6019aafd-17a7-4b19-be78-72fdb72b948b-sea-20-fan-21": "sea fan",
    "6019aafd-17a7-4b19-be78-72fdb72b948b-new-5": "new",
    "NE-STATE_OR_PROVINCE-NE": "NE",
    "6019aafd-17a7-4b19-be78-72fdb72b948b-GHSZ-13": "GHSZ",
    "6019aafd-17a7-4b19-be78-72fdb72b948b-gas-9": "gas",
    "6019aafd-17a7-4b19-be78-72fdb72b948b-widespread-8": "widespread",
    "6019aafd-17a7-4b19-be78-72fdb72b948b-venting-10": "venting",
    "6019aafd-17a7-4b19-be78-72fdb72b948b-upper-16": "upper",
    "6019aafd-17a7-4b19-be78-72fdb72b948b-seafloor-5-imagery-6": "seafloor imagery",
    "6019aafd-17a7-4b19-be78-72fdb72b948b-53-19-water-20-column-21-gas-22-plumes-23": "53 water column gas plumes",
    "6019aafd-17a7-4b19-be78-72fdb72b948b-rising-25": "rising",
    "6019aafd-17a7-4b19-be78-72fdb72b948b-water-2-column-3": "water column",
    "6019aafd-17a7-4b19-be78-72fdb72b948b-features-28": "features",
    "6019aafd-17a7-4b19-be78-72fdb72b948b-venting-27-features-28": "venting features",
    "6019aafd-17a7-4b19-be78-72fdb72b948b-Multibeam-1": "Multibeam",
    "6019aafd-17a7-4b19-be78-72fdb72b948b-water-30-depths-31-of-32-650-33": "water depths of 650",
    "NE-DATE-2600": "2600",
    "6019aafd-17a7-4b19-be78-72fdb72b948b-m-36": "m",
    "6019aafd-17a7-4b19-be78-72fdb72b948b-possible-51-contributions-53": "possible contributions",
    "6019aafd-17a7-4b19-be78-72fdb72b948b-vents-44": "vents",
    "6019aafd-17a7-4b19-be78-72fdb72b948b-fan-48": "fan",
    "6019aafd-17a7-4b19-be78-72fdb72b948b-samples-42": "samples",
    "6019aafd-17a7-4b19-be78-72fdb72b948b-thermogenic-52": "thermogenic",
    "6019aafd-17a7-4b19-be78-72fdb72b948b-proper-49": "proper",
    "6019aafd-17a7-4b19-be78-72fdb72b948b-methane-22": "methane",
    "NE-PERCENT-15%": "15 %",
    "6019aafd-17a7-4b19-be78-72fdb72b948b-Gas-1-compositions-2": "Gas compositions",
    "6019aafd-17a7-4b19-be78-72fdb72b948b-three-9-locations-10": "three locations",
    "6019aafd-17a7-4b19-be78-72fdb72b948b-fan-16": "fan",
    "6019aafd-17a7-4b19-be78-72fdb72b948b-adjacent-45": "adjacent",
    "6019aafd-17a7-4b19-be78-72fdb72b948b-vents-7": "vents",
    "6019aafd-17a7-4b19-be78-72fdb72b948b-edge-10": "edge",
    "6019aafd-17a7-4b19-be78-72fdb72b948b-changes-19": "changes",
    "6019aafd-17a7-4b19-be78-72fdb72b948b-upper-9": "upper",
    "6019aafd-17a7-4b19-be78-72fdb72b948b-temporal-18": "temporal",
    "6019aafd-17a7-4b19-be78-72fdb72b948b-sensitive-16": "sensitive",
    "6019aafd-17a7-4b19-be78-72fdb72b948b-water-21-temperatures-22": "water temperatures",
    "6019aafd-17a7-4b19-be78-72fdb72b948b-results-2": "results",
    "6019aafd-17a7-4b19-be78-72fdb72b948b-findings-6": "findings",
    "6019aafd-17a7-4b19-be78-72fdb72b948b-previous-5": "previous",
    "6019aafd-17a7-4b19-be78-72fdb72b948b-Our-1-results-2": "Our results",
    "6019aafd-17a7-4b19-be78-72fdb72b948b-role-5": "role",
    "6019aafd-17a7-4b19-be78-72fdb72b948b-rapidly-15": "rapidly",
    "6019aafd-17a7-4b19-be78-72fdb72b948b-created-11": "created",
    "6019aafd-17a7-4b19-be78-72fdb72b948b-fluid-7-migration-8": "fluid migration",
    "6019aafd-17a7-4b19-be78-72fdb72b948b-pathways-10": "pathways",
    "6019aafd-17a7-4b19-be78-72fdb72b948b-faulting-13": "faulting",
    "6019aafd-17a7-4b19-be78-72fdb72b948b-passive-17": "passive",
    "6019aafd-17a7-4b19-be78-72fdb72b948b-margin-18-depocenters-19": "margin depocenters",
    "6019aafd-17a7-4b19-be78-72fdb72b948b-deposited-16": "deposited",
    "6019aafd-17a7-4b19-be78-72fdb72b948b-Our-1-findings-2": "Our findings",
    "6019aafd-17a7-4b19-be78-72fdb72b948b-need-29": "need",
    "6019aafd-17a7-4b19-be78-72fdb72b948b-gas-7": "gas",
    "6019aafd-17a7-4b19-be78-72fdb72b948b-sediments-11": "sediments",
    "6019aafd-17a7-4b19-be78-72fdb72b948b-sea-14": "sea",
    "6019aafd-17a7-4b19-be78-72fdb72b948b-further-31": "further",
    "6019aafd-17a7-4b19-be78-72fdb72b948b-dynamics-35": "dynamics",
    "6019aafd-17a7-4b19-be78-72fdb72b948b-evidence-5": "evidence",
    "6019aafd-17a7-4b19-be78-72fdb72b948b-to-4": "to",
    "6019aafd-17a7-4b19-be78-72fdb72b948b-sea-39-depocenters-40": "sea depocenters",
    "6019aafd-17a7-4b19-be78-72fdb72b948b-relation-42": "relation",
    "6019aafd-17a7-4b19-be78-72fdb72b948b-areas-16": "areas",
    "6019aafd-17a7-4b19-be78-72fdb72b948b-relation-42-to-43-carbon-44-cycling-45": "relation to carbon cycling",
    "6019aafd-17a7-4b19-be78-72fdb72b948b-deep-37": "deep",
    "6019aafd-17a7-4b19-be78-72fdb72b948b-studies-32": "studies"
  },
  "graph": [
    {
      "subject_id": "6019aafd-17a7-4b19-be78-72fdb72b948b-methanogenesis-18",
      "relation": "favor storage within",
      "object_id": "6019aafd-17a7-4b19-be78-72fdb72b948b-GHSZ-30"
    },
    {
      "subject_id": "6019aafd-17a7-4b19-be78-72fdb72b948b-methanogenesis-18",
      "relation": "is",
      "object_id": "6019aafd-17a7-4b19-be78-72fdb72b948b-shallow-17"
    },
    {
      "subject_id": "6019aafd-17a7-4b19-be78-72fdb72b948b-sea-3-fans-4",
      "relation": "act as",
      "object_id": "6019aafd-17a7-4b19-be78-72fdb72b948b-carbon-11-sinks-12"
    },
    {
      "subject_id": "6019aafd-17a7-4b19-be78-72fdb72b948b-sea-3-fans-4",
      "relation": "is",
      "object_id": "6019aafd-17a7-4b19-be78-72fdb72b948b-Deep-1"
    },
    {
      "subject_id": "6019aafd-17a7-4b19-be78-72fdb72b948b-methanogenesis-18",
      "relation": "favor",
      "object_id": "6019aafd-17a7-4b19-be78-72fdb72b948b-storage-22"
    },
    {
      "subject_id": "6019aafd-17a7-4b19-be78-72fdb72b948b-storage-22",
      "relation": "is",
      "object_id": "6019aafd-17a7-4b19-be78-72fdb72b948b-net-21"
    },
    {
      "subject_id": "6019aafd-17a7-4b19-be78-72fdb72b948b-sea-3-fans-4",
      "relation": "act as",
      "object_id": "6019aafd-17a7-4b19-be78-72fdb72b948b-deposition-15"
    },
    {
      "subject_id": "6019aafd-17a7-4b19-be78-72fdb72b948b-deposition-15",
      "relation": "driving",
      "object_id": "6019aafd-17a7-4b19-be78-72fdb72b948b-methanogenesis-18"
    },
    {
      "subject_id": "6019aafd-17a7-4b19-be78-72fdb72b948b-methanogenesis-18",
      "relation": "favor storage within",
      "object_id": "6019aafd-17a7-4b19-be78-72fdb72b948b-gas-25-hydrate-26-stability-27-zone-28"
    },
    {
      "subject_id": "6019aafd-17a7-4b19-be78-72fdb72b948b-rapid-14",
      "relation": "driving",
      "object_id": "6019aafd-17a7-4b19-be78-72fdb72b948b-methanogenesis-18"
    },
    {
      "subject_id": "6019aafd-17a7-4b19-be78-72fdb72b948b-sea-3-fans-4",
      "relation": "have",
      "object_id": "6019aafd-17a7-4b19-be78-72fdb72b948b-have-5-proposed-7"
    },
    {
      "subject_id": "6019aafd-17a7-4b19-be78-72fdb72b948b-sea-3-fans-4",
      "relation": "act as",
      "object_id": "6019aafd-17a7-4b19-be78-72fdb72b948b-rapid-14"
    },
    {
      "subject_id": "6019aafd-17a7-4b19-be78-72fdb72b948b-analyses-25",
      "relation": "recovered",
      "object_id": "NE-COUNTRY-Brazil"
    },
    {
      "subject_id": "6019aafd-17a7-4b19-be78-72fdb72b948b-analyses-25",
      "relation": "at",
      "object_id": "6019aafd-17a7-4b19-be78-72fdb72b948b-evidence-6"
    },
    {
      "subject_id": "NE-COUNTRY-Brazil",
      "relation": "at",
      "object_id": "6019aafd-17a7-4b19-be78-72fdb72b948b-offshore-34"
    },
    {
      "subject_id": "NE-ORGANIZATION-Amazon",
      "relation": "Here present",
      "object_id": "6019aafd-17a7-4b19-be78-72fdb72b948b-evidence-6"
    },
    {
      "subject_id": "NE-ORGANIZATION-Amazon",
      "relation": "Here present evidence together",
      "object_id": "6019aafd-17a7-4b19-be78-72fdb72b948b-analyses-25"
    },
    {
      "subject_id": "NE-ORGANIZATION-Amazon",
      "relation": "present",
      "object_id": "6019aafd-17a7-4b19-be78-72fdb72b948b-evidence-6"
    },
    {
      "subject_id": "6019aafd-17a7-4b19-be78-72fdb72b948b-evidence-6",
      "relation": "of",
      "object_id": "NE-ORGANIZATION-Amazon"
    },
    {
      "subject_id": "6019aafd-17a7-4b19-be78-72fdb72b948b-evidence-6",
      "relation": "at",
      "object_id": "6019aafd-17a7-4b19-be78-72fdb72b948b-sea-20-fan-21"
    },
    {
      "subject_id": "6019aafd-17a7-4b19-be78-72fdb72b948b-evidence-6",
      "relation": "is",
      "object_id": "6019aafd-17a7-4b19-be78-72fdb72b948b-new-5"
    },
    {
      "subject_id": "NE-COUNTRY-Brazil",
      "relation": "of",
      "object_id": "NE-STATE_OR_PROVINCE-NE"
    },
    {
      "subject_id": "6019aafd-17a7-4b19-be78-72fdb72b948b-evidence-6",
      "relation": "at",
      "object_id": "6019aafd-17a7-4b19-be78-72fdb72b948b-GHSZ-13"
    },
    {
      "subject_id": "6019aafd-17a7-4b19-be78-72fdb72b948b-evidence-6",
      "relation": "of",
      "object_id": "6019aafd-17a7-4b19-be78-72fdb72b948b-gas-9"
    },
    {
      "subject_id": "NE-ORGANIZATION-Amazon",
      "relation": "present evidence together",
      "object_id": "6019aafd-17a7-4b19-be78-72fdb72b948b-analyses-25"
    },
    {
      "subject_id": "6019aafd-17a7-4b19-be78-72fdb72b948b-evidence-6",
      "relation": "is",
      "object_id": "6019aafd-17a7-4b19-be78-72fdb72b948b-widespread-8"
    },
    {
      "subject_id": "6019aafd-17a7-4b19-be78-72fdb72b948b-evidence-6",
      "relation": "is",
      "object_id": "6019aafd-17a7-4b19-be78-72fdb72b948b-venting-10"
    },
    {
      "subject_id": "6019aafd-17a7-4b19-be78-72fdb72b948b-evidence-6",
      "relation": "is",
      "object_id": "6019aafd-17a7-4b19-be78-72fdb72b948b-upper-16"
    },
    {
      "subject_id": "6019aafd-17a7-4b19-be78-72fdb72b948b-seafloor-5-imagery-6",
      "relation": "reveal",
      "object_id": "6019aafd-17a7-4b19-be78-72fdb72b948b-53-19-water-20-column-21-gas-22-plumes-23"
    },
    {
      "subject_id": "6019aafd-17a7-4b19-be78-72fdb72b948b-53-19-water-20-column-21-gas-22-plumes-23",
      "relation": "is",
      "object_id": "6019aafd-17a7-4b19-be78-72fdb72b948b-rising-25"
    },
    {
      "subject_id": "6019aafd-17a7-4b19-be78-72fdb72b948b-water-2-column-3",
      "relation": "reveal",
      "object_id": "6019aafd-17a7-4b19-be78-72fdb72b948b-53-19-water-20-column-21-gas-22-plumes-23"
    },
    {
      "subject_id": "6019aafd-17a7-4b19-be78-72fdb72b948b-53-19-water-20-column-21-gas-22-plumes-23",
      "relation": "at",
      "object_id": "6019aafd-17a7-4b19-be78-72fdb72b948b-features-28"
    },
    {
      "subject_id": "6019aafd-17a7-4b19-be78-72fdb72b948b-53-19-water-20-column-21-gas-22-plumes-23",
      "relation": "at",
      "object_id": "6019aafd-17a7-4b19-be78-72fdb72b948b-venting-27-features-28"
    },
    {
      "subject_id": "6019aafd-17a7-4b19-be78-72fdb72b948b-water-2-column-3",
      "relation": "is",
      "object_id": "6019aafd-17a7-4b19-be78-72fdb72b948b-Multibeam-1"
    },
    {
      "subject_id": "6019aafd-17a7-4b19-be78-72fdb72b948b-venting-27-features-28",
      "relation": "is in",
      "object_id": "6019aafd-17a7-4b19-be78-72fdb72b948b-water-30-depths-31-of-32-650-33"
    },
    {
      "subject_id": "6019aafd-17a7-4b19-be78-72fdb72b948b-water-30-depths-31-of-32-650-33",
      "relation": "amount to",
      "object_id": "NE-DATE-2600"
    },
    {
      "subject_id": "6019aafd-17a7-4b19-be78-72fdb72b948b-water-30-depths-31-of-32-650-33",
      "relation": "of",
      "object_id": "6019aafd-17a7-4b19-be78-72fdb72b948b-m-36"
    },
    {
      "subject_id": "6019aafd-17a7-4b19-be78-72fdb72b948b-possible-51-contributions-53",
      "relation": "samples from",
      "object_id": "6019aafd-17a7-4b19-be78-72fdb72b948b-vents-44"
    },
    {
      "subject_id": "6019aafd-17a7-4b19-be78-72fdb72b948b-vents-44",
      "relation": "at",
      "object_id": "6019aafd-17a7-4b19-be78-72fdb72b948b-fan-48"
    },
    {
      "subject_id": "6019aafd-17a7-4b19-be78-72fdb72b948b-samples-42",
      "relation": "include",
      "object_id": "6019aafd-17a7-4b19-be78-72fdb72b948b-possible-51-contributions-53"
    },
    {
      "subject_id": "6019aafd-17a7-4b19-be78-72fdb72b948b-possible-51-contributions-53",
      "relation": "is",
      "object_id": "6019aafd-17a7-4b19-be78-72fdb72b948b-thermogenic-52"
    },
    {
      "subject_id": "6019aafd-17a7-4b19-be78-72fdb72b948b-samples-42",
      "relation": "is",
      "object_id": "6019aafd-17a7-4b19-be78-72fdb72b948b-proper-49"
    },
    {
      "subject_id": "6019aafd-17a7-4b19-be78-72fdb72b948b-methane-22",
      "relation": "is with",
      "object_id": "NE-PERCENT-15%"
    },
    {
      "subject_id": "6019aafd-17a7-4b19-be78-72fdb72b948b-Gas-1-compositions-2",
      "relation": "recovered at",
      "object_id": "6019aafd-17a7-4b19-be78-72fdb72b948b-three-9-locations-10"
    },
    {
      "subject_id": "6019aafd-17a7-4b19-be78-72fdb72b948b-three-9-locations-10",
      "relation": "of",
      "object_id": "6019aafd-17a7-4b19-be78-72fdb72b948b-fan-16"
    },
    {
      "subject_id": "6019aafd-17a7-4b19-be78-72fdb72b948b-possible-51-contributions-53",
      "relation": "samples proper from",
      "object_id": "6019aafd-17a7-4b19-be78-72fdb72b948b-vents-44"
    },
    {
      "subject_id": "6019aafd-17a7-4b19-be78-72fdb72b948b-vents-44",
      "relation": "is",
      "object_id": "6019aafd-17a7-4b19-be78-72fdb72b948b-adjacent-45"
    },
    {
      "subject_id": "6019aafd-17a7-4b19-be78-72fdb72b948b-Gas-1-compositions-2",
      "relation": "recovered in",
      "object_id": "6019aafd-17a7-4b19-be78-72fdb72b948b-vents-7"
    },
    {
      "subject_id": "6019aafd-17a7-4b19-be78-72fdb72b948b-edge-10",
      "relation": "be sensitive to",
      "object_id": "6019aafd-17a7-4b19-be78-72fdb72b948b-changes-19"
    },
    {
      "subject_id": "6019aafd-17a7-4b19-be78-72fdb72b948b-edge-10",
      "relation": "is",
      "object_id": "6019aafd-17a7-4b19-be78-72fdb72b948b-upper-9"
    },
    {
      "subject_id": "6019aafd-17a7-4b19-be78-72fdb72b948b-changes-19",
      "relation": "is",
      "object_id": "6019aafd-17a7-4b19-be78-72fdb72b948b-temporal-18"
    },
    {
      "subject_id": "6019aafd-17a7-4b19-be78-72fdb72b948b-edge-10",
      "relation": "be",
      "object_id": "6019aafd-17a7-4b19-be78-72fdb72b948b-sensitive-16"
    },
    {
      "subject_id": "6019aafd-17a7-4b19-be78-72fdb72b948b-changes-19",
      "relation": "is in",
      "object_id": "6019aafd-17a7-4b19-be78-72fdb72b948b-water-21-temperatures-22"
    },
    {
      "subject_id": "6019aafd-17a7-4b19-be78-72fdb72b948b-changes-19",
      "relation": "of",
      "object_id": "6019aafd-17a7-4b19-be78-72fdb72b948b-water-21-temperatures-22"
    },
    {
      "subject_id": "6019aafd-17a7-4b19-be78-72fdb72b948b-results-2",
      "relation": "concur with",
      "object_id": "6019aafd-17a7-4b19-be78-72fdb72b948b-findings-6"
    },
    {
      "subject_id": "6019aafd-17a7-4b19-be78-72fdb72b948b-findings-6",
      "relation": "is",
      "object_id": "6019aafd-17a7-4b19-be78-72fdb72b948b-previous-5"
    },
    {
      "subject_id": "6019aafd-17a7-4b19-be78-72fdb72b948b-Our-1-results-2",
      "relation": "suggest",
      "object_id": "6019aafd-17a7-4b19-be78-72fdb72b948b-role-5"
    },
    {
      "subject_id": "6019aafd-17a7-4b19-be78-72fdb72b948b-role-5",
      "relation": "at",
      "object_id": "6019aafd-17a7-4b19-be78-72fdb72b948b-rapidly-15"
    },
    {
      "subject_id": "6019aafd-17a7-4b19-be78-72fdb72b948b-role-5",
      "relation": "is",
      "object_id": "6019aafd-17a7-4b19-be78-72fdb72b948b-created-11"
    },
    {
      "subject_id": "6019aafd-17a7-4b19-be78-72fdb72b948b-role-5",
      "relation": "of",
      "object_id": "6019aafd-17a7-4b19-be78-72fdb72b948b-fluid-7-migration-8"
    },
    {
      "subject_id": "6019aafd-17a7-4b19-be78-72fdb72b948b-role-5",
      "relation": "of",
      "object_id": "6019aafd-17a7-4b19-be78-72fdb72b948b-pathways-10"
    },
    {
      "subject_id": "6019aafd-17a7-4b19-be78-72fdb72b948b-role-5",
      "relation": "at",
      "object_id": "6019aafd-17a7-4b19-be78-72fdb72b948b-faulting-13"
    },
    {
      "subject_id": "6019aafd-17a7-4b19-be78-72fdb72b948b-role-5",
      "relation": "is",
      "object_id": "6019aafd-17a7-4b19-be78-72fdb72b948b-passive-17"
    },
    {
      "subject_id": "6019aafd-17a7-4b19-be78-72fdb72b948b-role-5",
      "relation": "at",
      "object_id": "6019aafd-17a7-4b19-be78-72fdb72b948b-margin-18-depocenters-19"
    },
    {
      "subject_id": "6019aafd-17a7-4b19-be78-72fdb72b948b-role-5",
      "relation": "is",
      "object_id": "6019aafd-17a7-4b19-be78-72fdb72b948b-deposited-16"
    },
    {
      "subject_id": "6019aafd-17a7-4b19-be78-72fdb72b948b-Our-1-findings-2",
      "relation": "suggest",
      "object_id": "6019aafd-17a7-4b19-be78-72fdb72b948b-need-29"
    },
    {
      "subject_id": "6019aafd-17a7-4b19-be78-72fdb72b948b-gas-7",
      "relation": "escape from",
      "object_id": "6019aafd-17a7-4b19-be78-72fdb72b948b-sediments-11"
    },
    {
      "subject_id": "6019aafd-17a7-4b19-be78-72fdb72b948b-sediments-11",
      "relation": "at",
      "object_id": "6019aafd-17a7-4b19-be78-72fdb72b948b-sea-14"
    },
    {
      "subject_id": "6019aafd-17a7-4b19-be78-72fdb72b948b-need-29",
      "relation": "is",
      "object_id": "6019aafd-17a7-4b19-be78-72fdb72b948b-further-31"
    },
    {
      "subject_id": "6019aafd-17a7-4b19-be78-72fdb72b948b-need-29",
      "relation": "of",
      "object_id": "6019aafd-17a7-4b19-be78-72fdb72b948b-dynamics-35"
    },
    {
      "subject_id": "6019aafd-17a7-4b19-be78-72fdb72b948b-Our-1-findings-2",
      "relation": "add",
      "object_id": "6019aafd-17a7-4b19-be78-72fdb72b948b-evidence-5"
    },
    {
      "subject_id": "6019aafd-17a7-4b19-be78-72fdb72b948b-evidence-5",
      "relation": "mark",
      "object_id": "6019aafd-17a7-4b19-be78-72fdb72b948b-to-4"
    },
    {
      "subject_id": "6019aafd-17a7-4b19-be78-72fdb72b948b-need-29",
      "relation": "of",
      "object_id": "6019aafd-17a7-4b19-be78-72fdb72b948b-sea-39-depocenters-40"
    },
    {
      "subject_id": "6019aafd-17a7-4b19-be78-72fdb72b948b-need-29",
      "relation": "of",
      "object_id": "6019aafd-17a7-4b19-be78-72fdb72b948b-relation-42"
    },
    {
      "subject_id": "6019aafd-17a7-4b19-be78-72fdb72b948b-sea-14",
      "relation": "is in",
      "object_id": "6019aafd-17a7-4b19-be78-72fdb72b948b-areas-16"
    },
    {
      "subject_id": "6019aafd-17a7-4b19-be78-72fdb72b948b-dynamics-35",
      "relation": "is in",
      "object_id": "6019aafd-17a7-4b19-be78-72fdb72b948b-relation-42-to-43-carbon-44-cycling-45"
    },
    {
      "subject_id": "6019aafd-17a7-4b19-be78-72fdb72b948b-need-29",
      "relation": "is",
      "object_id": "6019aafd-17a7-4b19-be78-72fdb72b948b-deep-37"
    },
    {
      "subject_id": "6019aafd-17a7-4b19-be78-72fdb72b948b-sediments-11",
      "relation": "of",
      "object_id": "6019aafd-17a7-4b19-be78-72fdb72b948b-areas-16"
    },
    {
      "subject_id": "6019aafd-17a7-4b19-be78-72fdb72b948b-need-29",
      "relation": "of",
      "object_id": "6019aafd-17a7-4b19-be78-72fdb72b948b-relation-42-to-43-carbon-44-cycling-45"
    },
    {
      "subject_id": "6019aafd-17a7-4b19-be78-72fdb72b948b-need-29",
      "relation": "of",
      "object_id": "6019aafd-17a7-4b19-be78-72fdb72b948b-studies-32"
    }
  ],
  "links": {
    "6019aafd-17a7-4b19-be78-72fdb72b948b-methanogenesis-18": [],
    "6019aafd-17a7-4b19-be78-72fdb72b948b-GHSZ-30": [],
    "6019aafd-17a7-4b19-be78-72fdb72b948b-shallow-17": [],
    "6019aafd-17a7-4b19-be78-72fdb72b948b-sea-3-fans-4": [],
    "6019aafd-17a7-4b19-be78-72fdb72b948b-carbon-11-sinks-12": [],
    "6019aafd-17a7-4b19-be78-72fdb72b948b-Deep-1": [],
    "6019aafd-17a7-4b19-be78-72fdb72b948b-storage-22": [],
    "6019aafd-17a7-4b19-be78-72fdb72b948b-net-21": [],
    "6019aafd-17a7-4b19-be78-72fdb72b948b-deposition-15": [],
    "6019aafd-17a7-4b19-be78-72fdb72b948b-gas-25-hydrate-26-stability-27-zone-28": [],
    "6019aafd-17a7-4b19-be78-72fdb72b948b-rapid-14": [],
    "6019aafd-17a7-4b19-be78-72fdb72b948b-have-5-proposed-7": [],
    "6019aafd-17a7-4b19-be78-72fdb72b948b-analyses-25": [],
    "NE-COUNTRY-Brazil": [],
    "6019aafd-17a7-4b19-be78-72fdb72b948b-evidence-6": [],
    "6019aafd-17a7-4b19-be78-72fdb72b948b-offshore-34": [],
    "NE-ORGANIZATION-Amazon": [],
    "6019aafd-17a7-4b19-be78-72fdb72b948b-sea-20-fan-21": [],
    "6019aafd-17a7-4b19-be78-72fdb72b948b-new-5": [],
    "NE-STATE_OR_PROVINCE-NE": [],
    "6019aafd-17a7-4b19-be78-72fdb72b948b-GHSZ-13": [],
    "6019aafd-17a7-4b19-be78-72fdb72b948b-gas-9": [],
    "6019aafd-17a7-4b19-be78-72fdb72b948b-widespread-8": [],
    "6019aafd-17a7-4b19-be78-72fdb72b948b-venting-10": [],
    "6019aafd-17a7-4b19-be78-72fdb72b948b-upper-16": [],
    "6019aafd-17a7-4b19-be78-72fdb72b948b-seafloor-5-imagery-6": [],
    "6019aafd-17a7-4b19-be78-72fdb72b948b-53-19-water-20-column-21-gas-22-plumes-23": [],
    "6019aafd-17a7-4b19-be78-72fdb72b948b-rising-25": [],
    "6019aafd-17a7-4b19-be78-72fdb72b948b-water-2-column-3": [],
    "6019aafd-17a7-4b19-be78-72fdb72b948b-features-28": [],
    "6019aafd-17a7-4b19-be78-72fdb72b948b-venting-27-features-28": [],
    "6019aafd-17a7-4b19-be78-72fdb72b948b-Multibeam-1": [],
    "6019aafd-17a7-4b19-be78-72fdb72b948b-water-30-depths-31-of-32-650-33": [],
    "NE-DATE-2600": [],
    "6019aafd-17a7-4b19-be78-72fdb72b948b-m-36": [],
    "6019aafd-17a7-4b19-be78-72fdb72b948b-possible-51-contributions-53": [],
    "6019aafd-17a7-4b19-be78-72fdb72b948b-vents-44": [],
    "6019aafd-17a7-4b19-be78-72fdb72b948b-fan-48": [],
    "6019aafd-17a7-4b19-be78-72fdb72b948b-samples-42": [],
    "6019aafd-17a7-4b19-be78-72fdb72b948b-thermogenic-52": [],
    "6019aafd-17a7-4b19-be78-72fdb72b948b-proper-49": [],
    "6019aafd-17a7-4b19-be78-72fdb72b948b-methane-22": [],
    "NE-PERCENT-15%": [],
    "6019aafd-17a7-4b19-be78-72fdb72b948b-Gas-1-compositions-2": [],
    "6019aafd-17a7-4b19-be78-72fdb72b948b-three-9-locations-10": [],
    "6019aafd-17a7-4b19-be78-72fdb72b948b-fan-16": [],
    "6019aafd-17a7-4b19-be78-72fdb72b948b-adjacent-45": [],
    "6019aafd-17a7-4b19-be78-72fdb72b948b-vents-7": [],
    "6019aafd-17a7-4b19-be78-72fdb72b948b-edge-10": [],
    "6019aafd-17a7-4b19-be78-72fdb72b948b-changes-19": [],
    "6019aafd-17a7-4b19-be78-72fdb72b948b-upper-9": [],
    "6019aafd-17a7-4b19-be78-72fdb72b948b-temporal-18": [],
    "6019aafd-17a7-4b19-be78-72fdb72b948b-sensitive-16": [],
    "6019aafd-17a7-4b19-be78-72fdb72b948b-water-21-temperatures-22": [],
    "6019aafd-17a7-4b19-be78-72fdb72b948b-results-2": [],
    "6019aafd-17a7-4b19-be78-72fdb72b948b-findings-6": [],
    "6019aafd-17a7-4b19-be78-72fdb72b948b-previous-5": [],
    "6019aafd-17a7-4b19-be78-72fdb72b948b-Our-1-results-2": [],
    "6019aafd-17a7-4b19-be78-72fdb72b948b-role-5": [],
    "6019aafd-17a7-4b19-be78-72fdb72b948b-rapidly-15": [],
    "6019aafd-17a7-4b19-be78-72fdb72b948b-created-11": [],
    "6019aafd-17a7-4b19-be78-72fdb72b948b-fluid-7-migration-8": [],
    "6019aafd-17a7-4b19-be78-72fdb72b948b-pathways-10": [],
    "6019aafd-17a7-4b19-be78-72fdb72b948b-faulting-13": [],
    "6019aafd-17a7-4b19-be78-72fdb72b948b-passive-17": [],
    "6019aafd-17a7-4b19-be78-72fdb72b948b-margin-18-depocenters-19": [],
    "6019aafd-17a7-4b19-be78-72fdb72b948b-deposited-16": [],
    "6019aafd-17a7-4b19-be78-72fdb72b948b-Our-1-findings-2": [],
    "6019aafd-17a7-4b19-be78-72fdb72b948b-need-29": [],
    "6019aafd-17a7-4b19-be78-72fdb72b948b-gas-7": [],
    "6019aafd-17a7-4b19-be78-72fdb72b948b-sediments-11": [],
    "6019aafd-17a7-4b19-be78-72fdb72b948b-sea-14": [],
    "6019aafd-17a7-4b19-be78-72fdb72b948b-further-31": [],
    "6019aafd-17a7-4b19-be78-72fdb72b948b-dynamics-35": [],
    "6019aafd-17a7-4b19-be78-72fdb72b948b-evidence-5": [],
    "6019aafd-17a7-4b19-be78-72fdb72b948b-to-4": [],
    "6019aafd-17a7-4b19-be78-72fdb72b948b-sea-39-depocenters-40": [],
    "6019aafd-17a7-4b19-be78-72fdb72b948b-relation-42": [],
    "6019aafd-17a7-4b19-be78-72fdb72b948b-areas-16": [],
    "6019aafd-17a7-4b19-be78-72fdb72b948b-relation-42-to-43-carbon-44-cycling-45": [],
    "6019aafd-17a7-4b19-be78-72fdb72b948b-deep-37": [],
    "6019aafd-17a7-4b19-be78-72fdb72b948b-studies-32": []
  }
}