{
  "document": "D:/Projetos/PIRA_KG/documents/onu_85090982605.txt",
  "entities": {
    "3f77cc69-82ae-40d3-b552-aa633b7f1621-character-5": "character",
    "3f77cc69-82ae-40d3-b552-aa633b7f1621-problems-16": "problems",
    "3f77cc69-82ae-40d3-b552-aa633b7f1621-fragmented-2": "fragmented",
    "3f77cc69-82ae-40d3-b552-aa633b7f1621-scale-21-fishers-22": "scale fishers",
    "3f77cc69-82ae-40d3-b552-aa633b7f1621-development-11-policies-12": "development policies",
    "3f77cc69-82ae-40d3-b552-aa633b7f1621-faced-17": "faced",
    "3f77cc69-82ae-40d3-b552-aa633b7f1621-small-19-scale-21-fishers-22": "small scale fishers",
    "3f77cc69-82ae-40d3-b552-aa633b7f1621-developing-24-countries-25": "developing countries",
    "NE-CITY-Bay": "Bay",
    "3f77cc69-82ae-40d3-b552-aa633b7f1621-Caiçaras-20": "Caiçaras",
    "3f77cc69-82ae-40d3-b552-aa633b7f1621-traditional-13-small-14-scale-16-fishers-17": "traditional small scale fishers",
    "3f77cc69-82ae-40d3-b552-aa633b7f1621-development-12-approach-13": "development approach",
    "3f77cc69-82ae-40d3-b552-aa633b7f1621-quality-16": "quality",
    "3f77cc69-82ae-40d3-b552-aa633b7f1621-sustainable-10": "sustainable",
    "3f77cc69-82ae-40d3-b552-aa633b7f1621-fishing-20-communities-21": "fishing communities",
    "3f77cc69-82ae-40d3-b552-aa633b7f1621-life-18": "life",
    "3f77cc69-82ae-40d3-b552-aa633b7f1621-we-5": "we",
    "3f77cc69-82ae-40d3-b552-aa633b7f1621-paper-3": "paper",
    "3f77cc69-82ae-40d3-b552-aa633b7f1621-territorial-11": "territorial",
    "3f77cc69-82ae-40d3-b552-aa633b7f1621-plan-19": "plan",
    "3f77cc69-82ae-40d3-b552-aa633b7f1621-to-18": "to",
    "3f77cc69-82ae-40d3-b552-aa633b7f1621-past-6-phases-7": "past phases",
    "3f77cc69-82ae-40d3-b552-aa633b7f1621-future-22": "future",
    "NE-LOCATION-Ilha-Grande": "Ilha Grande",
    "3f77cc69-82ae-40d3-b552-aa633b7f1621-development-10-trajectory-11": "development trajectory",
    "3f77cc69-82ae-40d3-b552-aa633b7f1621-Data-1-collection-2": "Data collection",
    "3f77cc69-82ae-40d3-b552-aa633b7f1621-observation-10": "observation",
    "3f77cc69-82ae-40d3-b552-aa633b7f1621-making-14": "making",
    "3f77cc69-82ae-40d3-b552-aa633b7f1621-arenas-15": "arenas",
    "3f77cc69-82ae-40d3-b552-aa633b7f1621-decision-12-making-14-arenas-15": "decision making arenas",
    "3f77cc69-82ae-40d3-b552-aa633b7f1621-direct-9": "direct",
    "3f77cc69-82ae-40d3-b552-aa633b7f1621-analysis-4": "analysis",
    "3f77cc69-82ae-40d3-b552-aa633b7f1621-interviews-19": "interviews",
    "3f77cc69-82ae-40d3-b552-aa633b7f1621-documentary-6-sources-7": "documentary sources",
    "3f77cc69-82ae-40d3-b552-aa633b7f1621-four-3-periods-4": "four periods",
    "3f77cc69-82ae-40d3-b552-aa633b7f1621-scale-14-fishing-15": "scale fishing",
    "3f77cc69-82ae-40d3-b552-aa633b7f1621-focusing-10": "focusing",
    "3f77cc69-82ae-40d3-b552-aa633b7f1621-small-12": "small",
    "3f77cc69-82ae-40d3-b552-aa633b7f1621-development-7-trajectory-8": "development trajectory",
    "3f77cc69-82ae-40d3-b552-aa633b7f1621-set-6": "set",
    "3f77cc69-82ae-40d3-b552-aa633b7f1621-biodiversity-15-loss-16": "biodiversity loss",
    "3f77cc69-82ae-40d3-b552-aa633b7f1621-reviewed-9": "reviewed",
    "3f77cc69-82ae-40d3-b552-aa633b7f1621-connections-13": "connections",
    "3f77cc69-82ae-40d3-b552-aa633b7f1621-years-21": "years",
    "3f77cc69-82ae-40d3-b552-aa633b7f1621-viability-2": "viability",
    "3f77cc69-82ae-40d3-b552-aa633b7f1621-recognition-9": "recognition",
    "3f77cc69-82ae-40d3-b552-aa633b7f1621-fisheries-16": "fisheries",
    "3f77cc69-82ae-40d3-b552-aa633b7f1621-complexity-12": "complexity",
    "3f77cc69-82ae-40d3-b552-aa633b7f1621-interactions-14": "interactions"
  },
  "graph": [
    {
      "subject_id": "3f77cc69-82ae-40d3-b552-aa633b7f1621-character-5",
      "relation": "has exacerbated",
      "object_id": "3f77cc69-82ae-40d3-b552-aa633b7f1621-problems-16"
    },
    {
      "subject_id": "3f77cc69-82ae-40d3-b552-aa633b7f1621-character-5",
      "relation": "is",
      "object_id": "3f77cc69-82ae-40d3-b552-aa633b7f1621-fragmented-2"
    },
    {
      "subject_id": "3f77cc69-82ae-40d3-b552-aa633b7f1621-problems-16",
      "relation": "at",
      "object_id": "3f77cc69-82ae-40d3-b552-aa633b7f1621-scale-21-fishers-22"
    },
    {
      "subject_id": "3f77cc69-82ae-40d3-b552-aa633b7f1621-development-11-policies-12",
      "relation": "has exacerbated",
      "object_id": "3f77cc69-82ae-40d3-b552-aa633b7f1621-problems-16"
    },
    {
      "subject_id": "3f77cc69-82ae-40d3-b552-aa633b7f1621-problems-16",
      "relation": "is",
      "object_id": "3f77cc69-82ae-40d3-b552-aa633b7f1621-faced-17"
    },
    {
      "subject_id": "3f77cc69-82ae-40d3-b552-aa633b7f1621-problems-16",
      "relation": "at",
      "object_id": "3f77cc69-82ae-40d3-b552-aa633b7f1621-small-19-scale-21-fishers-22"
    },
    {
      "subject_id": "3f77cc69-82ae-40d3-b552-aa633b7f1621-small-19-scale-21-fishers-22",
      "relation": "is in",
      "object_id": "3f77cc69-82ae-40d3-b552-aa633b7f1621-developing-24-countries-25"
    },
    {
      "subject_id": "NE-CITY-Bay",
      "relation": "In fishers is",
      "object_id": "3f77cc69-82ae-40d3-b552-aa633b7f1621-Caiçaras-20"
    },
    {
      "subject_id": "3f77cc69-82ae-40d3-b552-aa633b7f1621-traditional-13-small-14-scale-16-fishers-17",
      "relation": "is In",
      "object_id": "NE-CITY-Bay"
    },
    {
      "subject_id": "3f77cc69-82ae-40d3-b552-aa633b7f1621-development-12-approach-13",
      "relation": "improve",
      "object_id": "3f77cc69-82ae-40d3-b552-aa633b7f1621-quality-16"
    },
    {
      "subject_id": "3f77cc69-82ae-40d3-b552-aa633b7f1621-development-12-approach-13",
      "relation": "is",
      "object_id": "3f77cc69-82ae-40d3-b552-aa633b7f1621-sustainable-10"
    },
    {
      "subject_id": "3f77cc69-82ae-40d3-b552-aa633b7f1621-quality-16",
      "relation": "of",
      "object_id": "3f77cc69-82ae-40d3-b552-aa633b7f1621-fishing-20-communities-21"
    },
    {
      "subject_id": "3f77cc69-82ae-40d3-b552-aa633b7f1621-quality-16",
      "relation": "of",
      "object_id": "3f77cc69-82ae-40d3-b552-aa633b7f1621-life-18"
    },
    {
      "subject_id": "3f77cc69-82ae-40d3-b552-aa633b7f1621-we-5",
      "relation": "aim In",
      "object_id": "3f77cc69-82ae-40d3-b552-aa633b7f1621-paper-3"
    },
    {
      "subject_id": "3f77cc69-82ae-40d3-b552-aa633b7f1621-development-12-approach-13",
      "relation": "is",
      "object_id": "3f77cc69-82ae-40d3-b552-aa633b7f1621-territorial-11"
    },
    {
      "subject_id": "3f77cc69-82ae-40d3-b552-aa633b7f1621-we-5",
      "relation": "explore",
      "object_id": "3f77cc69-82ae-40d3-b552-aa633b7f1621-development-12-approach-13"
    },
    {
      "subject_id": "3f77cc69-82ae-40d3-b552-aa633b7f1621-we-5",
      "relation": "look in",
      "object_id": "3f77cc69-82ae-40d3-b552-aa633b7f1621-plan-19"
    },
    {
      "subject_id": "3f77cc69-82ae-40d3-b552-aa633b7f1621-plan-19",
      "relation": "mark",
      "object_id": "3f77cc69-82ae-40d3-b552-aa633b7f1621-to-18"
    },
    {
      "subject_id": "3f77cc69-82ae-40d3-b552-aa633b7f1621-we-5",
      "relation": "look at",
      "object_id": "3f77cc69-82ae-40d3-b552-aa633b7f1621-past-6-phases-7"
    },
    {
      "subject_id": "3f77cc69-82ae-40d3-b552-aa633b7f1621-we-5",
      "relation": "first look in",
      "object_id": "3f77cc69-82ae-40d3-b552-aa633b7f1621-plan-19"
    },
    {
      "subject_id": "3f77cc69-82ae-40d3-b552-aa633b7f1621-plan-19",
      "relation": "at",
      "object_id": "3f77cc69-82ae-40d3-b552-aa633b7f1621-future-22"
    },
    {
      "subject_id": "3f77cc69-82ae-40d3-b552-aa633b7f1621-past-6-phases-7",
      "relation": "of",
      "object_id": "NE-LOCATION-Ilha-Grande"
    },
    {
      "subject_id": "3f77cc69-82ae-40d3-b552-aa633b7f1621-past-6-phases-7",
      "relation": "of",
      "object_id": "NE-CITY-Bay"
    },
    {
      "subject_id": "3f77cc69-82ae-40d3-b552-aa633b7f1621-we-5",
      "relation": "first look at",
      "object_id": "3f77cc69-82ae-40d3-b552-aa633b7f1621-past-6-phases-7"
    },
    {
      "subject_id": "3f77cc69-82ae-40d3-b552-aa633b7f1621-past-6-phases-7",
      "relation": "of",
      "object_id": "3f77cc69-82ae-40d3-b552-aa633b7f1621-development-10-trajectory-11"
    },
    {
      "subject_id": "3f77cc69-82ae-40d3-b552-aa633b7f1621-Data-1-collection-2",
      "relation": "involved",
      "object_id": "3f77cc69-82ae-40d3-b552-aa633b7f1621-observation-10"
    },
    {
      "subject_id": "3f77cc69-82ae-40d3-b552-aa633b7f1621-observation-10",
      "relation": "is",
      "object_id": "3f77cc69-82ae-40d3-b552-aa633b7f1621-making-14"
    },
    {
      "subject_id": "3f77cc69-82ae-40d3-b552-aa633b7f1621-observation-10",
      "relation": "of",
      "object_id": "3f77cc69-82ae-40d3-b552-aa633b7f1621-arenas-15"
    },
    {
      "subject_id": "3f77cc69-82ae-40d3-b552-aa633b7f1621-observation-10",
      "relation": "of",
      "object_id": "3f77cc69-82ae-40d3-b552-aa633b7f1621-decision-12-making-14-arenas-15"
    },
    {
      "subject_id": "3f77cc69-82ae-40d3-b552-aa633b7f1621-observation-10",
      "relation": "is",
      "object_id": "3f77cc69-82ae-40d3-b552-aa633b7f1621-direct-9"
    },
    {
      "subject_id": "3f77cc69-82ae-40d3-b552-aa633b7f1621-Data-1-collection-2",
      "relation": "involved",
      "object_id": "3f77cc69-82ae-40d3-b552-aa633b7f1621-analysis-4"
    },
    {
      "subject_id": "3f77cc69-82ae-40d3-b552-aa633b7f1621-Data-1-collection-2",
      "relation": "semi-structured",
      "object_id": "3f77cc69-82ae-40d3-b552-aa633b7f1621-interviews-19"
    },
    {
      "subject_id": "3f77cc69-82ae-40d3-b552-aa633b7f1621-observation-10",
      "relation": "is in",
      "object_id": "3f77cc69-82ae-40d3-b552-aa633b7f1621-decision-12-making-14-arenas-15"
    },
    {
      "subject_id": "3f77cc69-82ae-40d3-b552-aa633b7f1621-analysis-4",
      "relation": "of",
      "object_id": "3f77cc69-82ae-40d3-b552-aa633b7f1621-documentary-6-sources-7"
    },
    {
      "subject_id": "3f77cc69-82ae-40d3-b552-aa633b7f1621-we-5",
      "relation": "analyzed",
      "object_id": "3f77cc69-82ae-40d3-b552-aa633b7f1621-four-3-periods-4"
    },
    {
      "subject_id": "3f77cc69-82ae-40d3-b552-aa633b7f1621-four-3-periods-4",
      "relation": "at",
      "object_id": "3f77cc69-82ae-40d3-b552-aa633b7f1621-scale-14-fishing-15"
    },
    {
      "subject_id": "3f77cc69-82ae-40d3-b552-aa633b7f1621-four-3-periods-4",
      "relation": "is",
      "object_id": "3f77cc69-82ae-40d3-b552-aa633b7f1621-focusing-10"
    },
    {
      "subject_id": "3f77cc69-82ae-40d3-b552-aa633b7f1621-four-3-periods-4",
      "relation": "is",
      "object_id": "3f77cc69-82ae-40d3-b552-aa633b7f1621-small-12"
    },
    {
      "subject_id": "3f77cc69-82ae-40d3-b552-aa633b7f1621-four-3-periods-4",
      "relation": "of",
      "object_id": "3f77cc69-82ae-40d3-b552-aa633b7f1621-development-7-trajectory-8"
    },
    {
      "subject_id": "3f77cc69-82ae-40d3-b552-aa633b7f1621-set-6",
      "relation": "strengthened",
      "object_id": "3f77cc69-82ae-40d3-b552-aa633b7f1621-biodiversity-15-loss-16"
    },
    {
      "subject_id": "3f77cc69-82ae-40d3-b552-aa633b7f1621-set-6",
      "relation": "is",
      "object_id": "3f77cc69-82ae-40d3-b552-aa633b7f1621-reviewed-9"
    },
    {
      "subject_id": "3f77cc69-82ae-40d3-b552-aa633b7f1621-biodiversity-15-loss-16",
      "relation": "of",
      "object_id": "3f77cc69-82ae-40d3-b552-aa633b7f1621-connections-13"
    },
    {
      "subject_id": "3f77cc69-82ae-40d3-b552-aa633b7f1621-set-6",
      "relation": "strengthened",
      "object_id": "3f77cc69-82ae-40d3-b552-aa633b7f1621-connections-13"
    },
    {
      "subject_id": "3f77cc69-82ae-40d3-b552-aa633b7f1621-set-6",
      "relation": "connections over",
      "object_id": "3f77cc69-82ae-40d3-b552-aa633b7f1621-years-21"
    },
    {
      "subject_id": "3f77cc69-82ae-40d3-b552-aa633b7f1621-connections-13",
      "relation": "of",
      "object_id": "3f77cc69-82ae-40d3-b552-aa633b7f1621-years-21"
    },
    {
      "subject_id": "3f77cc69-82ae-40d3-b552-aa633b7f1621-set-6",
      "relation": "connections between",
      "object_id": "3f77cc69-82ae-40d3-b552-aa633b7f1621-biodiversity-15-loss-16"
    },
    {
      "subject_id": "3f77cc69-82ae-40d3-b552-aa633b7f1621-viability-2",
      "relation": "depends on",
      "object_id": "3f77cc69-82ae-40d3-b552-aa633b7f1621-recognition-9"
    },
    {
      "subject_id": "3f77cc69-82ae-40d3-b552-aa633b7f1621-recognition-9",
      "relation": "of",
      "object_id": "3f77cc69-82ae-40d3-b552-aa633b7f1621-fisheries-16"
    },
    {
      "subject_id": "3f77cc69-82ae-40d3-b552-aa633b7f1621-recognition-9",
      "relation": "of",
      "object_id": "3f77cc69-82ae-40d3-b552-aa633b7f1621-complexity-12"
    },
    {
      "subject_id": "3f77cc69-82ae-40d3-b552-aa633b7f1621-recognition-9",
      "relation": "of",
      "object_id": "3f77cc69-82ae-40d3-b552-aa633b7f1621-interactions-14"
    }
  ],
  "links": {
    "3f77cc69-82ae-40d3-b552-aa633b7f1621-character-5": [],
    "3f77cc69-82ae-40d3-b552-aa633b7f1621-problems-16": [],
    "3f77cc69-82ae-40d3-b552-aa633b7f1621-fragmented-2": [],
    "3f77cc69-82ae-40d3-b552-aa633b7f1621-scale-21-fishers-22": [],
    "3f77cc69-82ae-40d3-b552-aa633b7f1621-development-11-policies-12": [],
    "3f77cc69-82ae-40d3-b552-aa633b7f1621-faced-17": [],
    "3f77cc69-82ae-40d3-b552-aa633b7f1621-small-19-scale-21-fishers-22": [],
    "3f77cc69-82ae-40d3-b552-aa633b7f1621-developing-24-countries-25": [],
    "NE-CITY-Bay": [],
    "3f77cc69-82ae-40d3-b552-aa633b7f1621-Caiçaras-20": [],
    "3f77cc69-82ae-40d3-b552-aa633b7f1621-traditional-13-small-14-scale-16-fishers-17": [],
    "3f77cc69-82ae-40d3-b552-aa633b7f1621-development-12-approach-13": [],
    "3f77cc69-82ae-40d3-b552-aa633b7f1621-quality-16": [],
    "3f77cc69-82ae-40d3-b552-aa633b7f1621-sustainable-10": [],
    "3f77cc69-82ae-40d3-b552-aa633b7f1621-fishing-20-communities-21": [],
    "3f77cc69-82ae-40d3-b552-aa633b7f1621-life-18": [],
    "3f77cc69-82ae-40d3-b552-aa633b7f1621-we-5": [],
    "3f77cc69-82ae-40d3-b552-aa633b7f1621-paper-3": [],
    "3f77cc69-82ae-40d3-b552-aa633b7f1621-territorial-11": [],
    "3f77cc69-82ae-40d3-b552-aa633b7f1621-plan-19": [],
    "3f77cc69-82ae-40d3-b552-aa633b7f1621-to-18": [],
    "3f77cc69-82ae-40d3-b552-aa633b7f1621-past-6-phases-7": [],
    "3f77cc69-82ae-40d3-b552-aa633b7f1621-future-22": [],
    "NE-LOCATION-Ilha-Grande": [],
    "3f77cc69-82ae-40d3-b552-aa633b7f1621-development-10-trajectory-11": [
      "3f77cc69-82ae-40d3-b552-aa633b7f1621-development-7-trajectory-8"
    ],
    "3f77cc69-82ae-40d3-b552-aa633b7f1621-Data-1-collection-2": [],
    "3f77cc69-82ae-40d3-b552-aa633b7f1621-observation-10": [],
    "3f77cc69-82ae-40d3-b552-aa633b7f1621-making-14": [],
    "3f77cc69-82ae-40d3-b552-aa633b7f1621-arenas-15": [],
    "3f77cc69-82ae-40d3-b552-aa633b7f1621-decision-12-making-14-arenas-15": [],
    "3f77cc69-82ae-40d3-b552-aa633b7f1621-direct-9": [],
    "3f77cc69-82ae-40d3-b552-aa633b7f1621-analysis-4": [],
    "3f77cc69-82ae-40d3-b552-aa633b7f1621-interviews-19": [],
    "3f77cc69-82ae-40d3-b552-aa633b7f1621-documentary-6-sources-7": [],
    "3f77cc69-82ae-40d3-b552-aa633b7f1621-four-3-periods-4": [],
    "3f77cc69-82ae-40d3-b552-aa633b7f1621-scale-14-fishing-15": [],
    "3f77cc69-82ae-40d3-b552-aa633b7f1621-focusing-10": [],
    "3f77cc69-82ae-40d3-b552-aa633b7f1621-small-12": [],
    "3f77cc69-82ae-40d3-b552-aa633b7f1621-development-7-trajectory-8": [
      "3f77cc69-82ae-40d3-b552-aa633b7f1621-development-10-trajectory-11"
    ],
    "3f77cc69-82ae-40d3-b552-aa633b7f1621-set-6": [],
    "3f77cc69-82ae-40d3-b552-aa633b7f1621-biodiversity-15-loss-16": [],
    "3f77cc69-82ae-40d3-b552-aa633b7f1621-reviewed-9": [],
    "3f77cc69-82ae-40d3-b552-aa633b7f1621-connections-13": [],
    "3f77cc69-82ae-40d3-b552-aa633b7f1621-years-21": [],
    "3f77cc69-82ae-40d3-b552-aa633b7f1621-viability-2": [],
    "3f77cc69-82ae-40d3-b552-aa633b7f1621-recognition-9": [],
    "3f77cc69-82ae-40d3-b552-aa633b7f1621-fisheries-16": [],
    "3f77cc69-82ae-40d3-b552-aa633b7f1621-complexity-12": [],
    "3f77cc69-82ae-40d3-b552-aa633b7f1621-interactions-14": []
  }
}