{
  "document": "D:/Projetos/PIRA_KG/documents/onu_84897376128.txt",
  "entities": {
    "6634b230-b55b-42f5-b6bf-e9764410d504-Drilling-1-operations-2": "Drilling operations",
    "6634b230-b55b-42f5-b6bf-e9764410d504-importance-8": "importance",
    "NE-COUNTRY-Brazil": "Brazil",
    "6634b230-b55b-42f5-b6bf-e9764410d504-salt-4-zones-5": "salt zones",
    "6634b230-b55b-42f5-b6bf-e9764410d504-discovery-14": "discovery",
    "6634b230-b55b-42f5-b6bf-e9764410d504-Pre-Salt-23-area-24": "Pre-Salt area",
    "6634b230-b55b-42f5-b6bf-e9764410d504-large-16": "large",
    "6634b230-b55b-42f5-b6bf-e9764410d504-oil-17-reserves-20": "oil reserves",
    "6634b230-b55b-42f5-b6bf-e9764410d504-pursuit-4": "pursuit",
    "6634b230-b55b-42f5-b6bf-e9764410d504-development-13": "development",
    "6634b230-b55b-42f5-b6bf-e9764410d504-operations-9": "operations",
    "6634b230-b55b-42f5-b6bf-e9764410d504-practices-17": "practices",
    "6634b230-b55b-42f5-b6bf-e9764410d504-excellence-6": "excellence",
    "6634b230-b55b-42f5-b6bf-e9764410d504-such-8-operations-9": "such operations",
    "6634b230-b55b-42f5-b6bf-e9764410d504-operational-16": "operational",
    "6634b230-b55b-42f5-b6bf-e9764410d504-considerable-12": "considerable",
    "6634b230-b55b-42f5-b6bf-e9764410d504-new-15": "new",
    "6634b230-b55b-42f5-b6bf-e9764410d504-base-2-mud-3": "base mud",
    "6634b230-b55b-42f5-b6bf-e9764410d504-has-4-choice-8": "has choice",
    "6634b230-b55b-42f5-b6bf-e9764410d504-Synthetic-1": "Synthetic",
    "6634b230-b55b-42f5-b6bf-e9764410d504-evaporite-12-sections-13": "evaporite sections",
    "NE-ORDINAL-first": "first",
    "6634b230-b55b-42f5-b6bf-e9764410d504-sections-13": "sections",
    "6634b230-b55b-42f5-b6bf-e9764410d504-zones-16": "zones",
    "NE-LOCATION-Pre-Salt": "Pre-Salt",
    "6634b230-b55b-42f5-b6bf-e9764410d504-drill-10": "drill",
    "6634b230-b55b-42f5-b6bf-e9764410d504-fluids-2-application-3": "fluids application",
    "6634b230-b55b-42f5-b6bf-e9764410d504-caliper-10-quality-11": "caliper quality",
    "6634b230-b55b-42f5-b6bf-e9764410d504-salt-6-dissolution-7": "salt dissolution",
    "6634b230-b55b-42f5-b6bf-e9764410d504-bit-11": "bit",
    "6634b230-b55b-42f5-b6bf-e9764410d504-injection-22": "injection",
    "6634b230-b55b-42f5-b6bf-e9764410d504-pipe-16": "pipe",
    "6634b230-b55b-42f5-b6bf-e9764410d504-water-25-pills-26": "water pills",
    "6634b230-b55b-42f5-b6bf-e9764410d504-fresh-24": "fresh",
    "6634b230-b55b-42f5-b6bf-e9764410d504-stuck-15": "stuck",
    "6634b230-b55b-42f5-b6bf-e9764410d504-its-28-liberation-29": "its liberation",
    "6634b230-b55b-42f5-b6bf-e9764410d504-use-7": "use",
    "6634b230-b55b-42f5-b6bf-e9764410d504-sections-14": "sections",
    "6634b230-b55b-42f5-b6bf-e9764410d504-enlarged-13": "enlarged",
    "6634b230-b55b-42f5-b6bf-e9764410d504-wells-3": "wells",
    "6634b230-b55b-42f5-b6bf-e9764410d504-frequent-6": "frequent",
    "6634b230-b55b-42f5-b6bf-e9764410d504-circulation-10": "circulation",
    "6634b230-b55b-42f5-b6bf-e9764410d504-major-13": "major",
    "6634b230-b55b-42f5-b6bf-e9764410d504-issue-14": "issue",
    "6634b230-b55b-42f5-b6bf-e9764410d504-situation-2": "situation",
    "6634b230-b55b-42f5-b6bf-e9764410d504-worse-4": "worse",
    "6634b230-b55b-42f5-b6bf-e9764410d504-loss-8": "loss",
    "6634b230-b55b-42f5-b6bf-e9764410d504-scenarios-6": "scenarios",
    "6634b230-b55b-42f5-b6bf-e9764410d504-where-7": "where",
    "6634b230-b55b-42f5-b6bf-e9764410d504-hole-4": "hole",
    "6634b230-b55b-42f5-b6bf-e9764410d504-prevent-11": "prevent",
    "6634b230-b55b-42f5-b6bf-e9764410d504-problems-17": "problems",
    "6634b230-b55b-42f5-b6bf-e9764410d504-cementing-19-operations-20": "cementing operations",
    "6634b230-b55b-42f5-b6bf-e9764410d504-operating-4-costs-5": "operating costs",
    "6634b230-b55b-42f5-b6bf-e9764410d504-water-9-drilling-10": "water drilling",
    "6634b230-b55b-42f5-b6bf-e9764410d504-deep-8": "deep",
    "6634b230-b55b-42f5-b6bf-e9764410d504-high-3": "high",
    "6634b230-b55b-42f5-b6bf-e9764410d504-based-11-muds-12": "based muds",
    "6634b230-b55b-42f5-b6bf-e9764410d504-drilling-15": "drilling",
    "6634b230-b55b-42f5-b6bf-e9764410d504-two-17-offshore-18-wells-19": "two offshore wells",
    "6634b230-b55b-42f5-b6bf-e9764410d504-paper-2": "paper",
    "6634b230-b55b-42f5-b6bf-e9764410d504-results-5": "results",
    "6634b230-b55b-42f5-b6bf-e9764410d504-use-8": "use",
    "6634b230-b55b-42f5-b6bf-e9764410d504-Pre-Salt-22-area-23": "Pre-Salt area",
    "NE-NATIONALITY-Brazilian": "Brazilian",
    "6634b230-b55b-42f5-b6bf-e9764410d504-lessons-27": "lessons",
    "6634b230-b55b-42f5-b6bf-e9764410d504-experience-31": "experience",
    "6634b230-b55b-42f5-b6bf-e9764410d504-water-10": "water",
    "6634b230-b55b-42f5-b6bf-e9764410d504-differences-6": "differences",
    "6634b230-b55b-42f5-b6bf-e9764410d504-operation-20": "operation",
    "6634b230-b55b-42f5-b6bf-e9764410d504-well-4": "well",
    "6634b230-b55b-42f5-b6bf-e9764410d504-fluid-16-replacement-17": "fluid replacement",
    "6634b230-b55b-42f5-b6bf-e9764410d504-depth-19": "depth",
    "6634b230-b55b-42f5-b6bf-e9764410d504-major-22-operational-23-problems-24": "major operational problems",
    "6634b230-b55b-42f5-b6bf-e9764410d504-application-3": "application",
    "6634b230-b55b-42f5-b6bf-e9764410d504-option-11": "option",
    "6634b230-b55b-42f5-b6bf-e9764410d504-field-2": "field",
    "6634b230-b55b-42f5-b6bf-e9764410d504-good-10": "good"
  },
  "graph": [
    {
      "subject_id": "6634b230-b55b-42f5-b6bf-e9764410d504-Drilling-1-operations-2",
      "relation": "have gained",
      "object_id": "6634b230-b55b-42f5-b6bf-e9764410d504-importance-8"
    },
    {
      "subject_id": "6634b230-b55b-42f5-b6bf-e9764410d504-Drilling-1-operations-2",
      "relation": "have gained importance in",
      "object_id": "NE-COUNTRY-Brazil"
    },
    {
      "subject_id": "6634b230-b55b-42f5-b6bf-e9764410d504-Drilling-1-operations-2",
      "relation": "is in",
      "object_id": "6634b230-b55b-42f5-b6bf-e9764410d504-salt-4-zones-5"
    },
    {
      "subject_id": "6634b230-b55b-42f5-b6bf-e9764410d504-Drilling-1-operations-2",
      "relation": "have gained importance due",
      "object_id": "6634b230-b55b-42f5-b6bf-e9764410d504-discovery-14"
    },
    {
      "subject_id": "6634b230-b55b-42f5-b6bf-e9764410d504-discovery-14",
      "relation": "of",
      "object_id": "6634b230-b55b-42f5-b6bf-e9764410d504-Pre-Salt-23-area-24"
    },
    {
      "subject_id": "6634b230-b55b-42f5-b6bf-e9764410d504-discovery-14",
      "relation": "is",
      "object_id": "6634b230-b55b-42f5-b6bf-e9764410d504-large-16"
    },
    {
      "subject_id": "6634b230-b55b-42f5-b6bf-e9764410d504-discovery-14",
      "relation": "of",
      "object_id": "6634b230-b55b-42f5-b6bf-e9764410d504-oil-17-reserves-20"
    },
    {
      "subject_id": "6634b230-b55b-42f5-b6bf-e9764410d504-discovery-14",
      "relation": "is in",
      "object_id": "6634b230-b55b-42f5-b6bf-e9764410d504-Pre-Salt-23-area-24"
    },
    {
      "subject_id": "6634b230-b55b-42f5-b6bf-e9764410d504-pursuit-4",
      "relation": "Thus is requiring",
      "object_id": "6634b230-b55b-42f5-b6bf-e9764410d504-development-13"
    },
    {
      "subject_id": "6634b230-b55b-42f5-b6bf-e9764410d504-pursuit-4",
      "relation": "is requiring",
      "object_id": "6634b230-b55b-42f5-b6bf-e9764410d504-development-13"
    },
    {
      "subject_id": "6634b230-b55b-42f5-b6bf-e9764410d504-development-13",
      "relation": "pursuit of",
      "object_id": "6634b230-b55b-42f5-b6bf-e9764410d504-operations-9"
    },
    {
      "subject_id": "6634b230-b55b-42f5-b6bf-e9764410d504-development-13",
      "relation": "of",
      "object_id": "6634b230-b55b-42f5-b6bf-e9764410d504-practices-17"
    },
    {
      "subject_id": "6634b230-b55b-42f5-b6bf-e9764410d504-excellence-6",
      "relation": "is in",
      "object_id": "6634b230-b55b-42f5-b6bf-e9764410d504-such-8-operations-9"
    },
    {
      "subject_id": "6634b230-b55b-42f5-b6bf-e9764410d504-development-13",
      "relation": "is",
      "object_id": "6634b230-b55b-42f5-b6bf-e9764410d504-operational-16"
    },
    {
      "subject_id": "6634b230-b55b-42f5-b6bf-e9764410d504-development-13",
      "relation": "is",
      "object_id": "6634b230-b55b-42f5-b6bf-e9764410d504-considerable-12"
    },
    {
      "subject_id": "6634b230-b55b-42f5-b6bf-e9764410d504-operations-9",
      "relation": "of",
      "object_id": "6634b230-b55b-42f5-b6bf-e9764410d504-such-8-operations-9"
    },
    {
      "subject_id": "6634b230-b55b-42f5-b6bf-e9764410d504-development-13",
      "relation": "is",
      "object_id": "6634b230-b55b-42f5-b6bf-e9764410d504-new-15"
    },
    {
      "subject_id": "6634b230-b55b-42f5-b6bf-e9764410d504-development-13",
      "relation": "pursuit of",
      "object_id": "6634b230-b55b-42f5-b6bf-e9764410d504-excellence-6"
    },
    {
      "subject_id": "6634b230-b55b-42f5-b6bf-e9764410d504-base-2-mud-3",
      "relation": "has",
      "object_id": "6634b230-b55b-42f5-b6bf-e9764410d504-has-4-choice-8"
    },
    {
      "subject_id": "6634b230-b55b-42f5-b6bf-e9764410d504-base-2-mud-3",
      "relation": "is",
      "object_id": "6634b230-b55b-42f5-b6bf-e9764410d504-Synthetic-1"
    },
    {
      "subject_id": "6634b230-b55b-42f5-b6bf-e9764410d504-has-4-choice-8",
      "relation": "at",
      "object_id": "6634b230-b55b-42f5-b6bf-e9764410d504-evaporite-12-sections-13"
    },
    {
      "subject_id": "6634b230-b55b-42f5-b6bf-e9764410d504-has-4-choice-8",
      "relation": "is",
      "object_id": "NE-ORDINAL-first"
    },
    {
      "subject_id": "6634b230-b55b-42f5-b6bf-e9764410d504-has-4-choice-8",
      "relation": "at",
      "object_id": "6634b230-b55b-42f5-b6bf-e9764410d504-sections-13"
    },
    {
      "subject_id": "6634b230-b55b-42f5-b6bf-e9764410d504-has-4-choice-8",
      "relation": "of",
      "object_id": "6634b230-b55b-42f5-b6bf-e9764410d504-zones-16"
    },
    {
      "subject_id": "6634b230-b55b-42f5-b6bf-e9764410d504-evaporite-12-sections-13",
      "relation": "is in",
      "object_id": "6634b230-b55b-42f5-b6bf-e9764410d504-zones-16"
    },
    {
      "subject_id": "6634b230-b55b-42f5-b6bf-e9764410d504-zones-16",
      "relation": "of",
      "object_id": "NE-LOCATION-Pre-Salt"
    },
    {
      "subject_id": "6634b230-b55b-42f5-b6bf-e9764410d504-has-4-choice-8",
      "relation": "of",
      "object_id": "6634b230-b55b-42f5-b6bf-e9764410d504-drill-10"
    },
    {
      "subject_id": "6634b230-b55b-42f5-b6bf-e9764410d504-fluids-2-application-3",
      "relation": "improves",
      "object_id": "6634b230-b55b-42f5-b6bf-e9764410d504-caliper-10-quality-11"
    },
    {
      "subject_id": "6634b230-b55b-42f5-b6bf-e9764410d504-fluids-2-application-3",
      "relation": "is",
      "object_id": "6634b230-b55b-42f5-b6bf-e9764410d504-Synthetic-1"
    },
    {
      "subject_id": "6634b230-b55b-42f5-b6bf-e9764410d504-fluids-2-application-3",
      "relation": "practically eliminates",
      "object_id": "6634b230-b55b-42f5-b6bf-e9764410d504-salt-6-dissolution-7"
    },
    {
      "subject_id": "6634b230-b55b-42f5-b6bf-e9764410d504-fluids-2-application-3",
      "relation": "eliminates",
      "object_id": "6634b230-b55b-42f5-b6bf-e9764410d504-salt-6-dissolution-7"
    },
    {
      "subject_id": "6634b230-b55b-42f5-b6bf-e9764410d504-bit-11",
      "relation": "demanding",
      "object_id": "6634b230-b55b-42f5-b6bf-e9764410d504-injection-22"
    },
    {
      "subject_id": "6634b230-b55b-42f5-b6bf-e9764410d504-bit-11",
      "relation": "happen",
      "object_id": "6634b230-b55b-42f5-b6bf-e9764410d504-pipe-16"
    },
    {
      "subject_id": "6634b230-b55b-42f5-b6bf-e9764410d504-injection-22",
      "relation": "of",
      "object_id": "6634b230-b55b-42f5-b6bf-e9764410d504-water-25-pills-26"
    },
    {
      "subject_id": "6634b230-b55b-42f5-b6bf-e9764410d504-injection-22",
      "relation": "is",
      "object_id": "6634b230-b55b-42f5-b6bf-e9764410d504-fresh-24"
    },
    {
      "subject_id": "6634b230-b55b-42f5-b6bf-e9764410d504-pipe-16",
      "relation": "is",
      "object_id": "6634b230-b55b-42f5-b6bf-e9764410d504-stuck-15"
    },
    {
      "subject_id": "6634b230-b55b-42f5-b6bf-e9764410d504-bit-11",
      "relation": "demanding",
      "object_id": "6634b230-b55b-42f5-b6bf-e9764410d504-pipe-16"
    },
    {
      "subject_id": "6634b230-b55b-42f5-b6bf-e9764410d504-bit-11",
      "relation": "demanding injection for",
      "object_id": "6634b230-b55b-42f5-b6bf-e9764410d504-its-28-liberation-29"
    },
    {
      "subject_id": "6634b230-b55b-42f5-b6bf-e9764410d504-use-7",
      "relation": "resulted in",
      "object_id": "6634b230-b55b-42f5-b6bf-e9764410d504-sections-14"
    },
    {
      "subject_id": "6634b230-b55b-42f5-b6bf-e9764410d504-sections-14",
      "relation": "is",
      "object_id": "6634b230-b55b-42f5-b6bf-e9764410d504-enlarged-13"
    },
    {
      "subject_id": "6634b230-b55b-42f5-b6bf-e9764410d504-use-7",
      "relation": "resulted In",
      "object_id": "6634b230-b55b-42f5-b6bf-e9764410d504-wells-3"
    },
    {
      "subject_id": "6634b230-b55b-42f5-b6bf-e9764410d504-use-7",
      "relation": "is",
      "object_id": "6634b230-b55b-42f5-b6bf-e9764410d504-frequent-6"
    },
    {
      "subject_id": "6634b230-b55b-42f5-b6bf-e9764410d504-circulation-10",
      "relation": "loss of is",
      "object_id": "6634b230-b55b-42f5-b6bf-e9764410d504-major-13"
    },
    {
      "subject_id": "6634b230-b55b-42f5-b6bf-e9764410d504-major-13",
      "relation": "at",
      "object_id": "6634b230-b55b-42f5-b6bf-e9764410d504-issue-14"
    },
    {
      "subject_id": "6634b230-b55b-42f5-b6bf-e9764410d504-situation-2",
      "relation": "gets",
      "object_id": "6634b230-b55b-42f5-b6bf-e9764410d504-worse-4"
    },
    {
      "subject_id": "6634b230-b55b-42f5-b6bf-e9764410d504-loss-8",
      "relation": "is",
      "object_id": "6634b230-b55b-42f5-b6bf-e9764410d504-major-13"
    },
    {
      "subject_id": "6634b230-b55b-42f5-b6bf-e9764410d504-loss-8",
      "relation": "is",
      "object_id": "6634b230-b55b-42f5-b6bf-e9764410d504-issue-14"
    },
    {
      "subject_id": "6634b230-b55b-42f5-b6bf-e9764410d504-circulation-10",
      "relation": "loss of is",
      "object_id": "6634b230-b55b-42f5-b6bf-e9764410d504-issue-14"
    },
    {
      "subject_id": "6634b230-b55b-42f5-b6bf-e9764410d504-situation-2",
      "relation": "gets in",
      "object_id": "6634b230-b55b-42f5-b6bf-e9764410d504-scenarios-6"
    },
    {
      "subject_id": "6634b230-b55b-42f5-b6bf-e9764410d504-issue-14",
      "relation": "at",
      "object_id": "6634b230-b55b-42f5-b6bf-e9764410d504-where-7"
    },
    {
      "subject_id": "6634b230-b55b-42f5-b6bf-e9764410d504-hole-4",
      "relation": "is important",
      "object_id": "6634b230-b55b-42f5-b6bf-e9764410d504-prevent-11"
    },
    {
      "subject_id": "6634b230-b55b-42f5-b6bf-e9764410d504-problems-17",
      "relation": "is in",
      "object_id": "6634b230-b55b-42f5-b6bf-e9764410d504-cementing-19-operations-20"
    },
    {
      "subject_id": "6634b230-b55b-42f5-b6bf-e9764410d504-operating-4-costs-5",
      "relation": "However associated to",
      "object_id": "6634b230-b55b-42f5-b6bf-e9764410d504-water-9-drilling-10"
    },
    {
      "subject_id": "6634b230-b55b-42f5-b6bf-e9764410d504-water-9-drilling-10",
      "relation": "is",
      "object_id": "6634b230-b55b-42f5-b6bf-e9764410d504-deep-8"
    },
    {
      "subject_id": "6634b230-b55b-42f5-b6bf-e9764410d504-operating-4-costs-5",
      "relation": "is",
      "object_id": "6634b230-b55b-42f5-b6bf-e9764410d504-high-3"
    },
    {
      "subject_id": "6634b230-b55b-42f5-b6bf-e9764410d504-operating-4-costs-5",
      "relation": "associated to",
      "object_id": "6634b230-b55b-42f5-b6bf-e9764410d504-water-9-drilling-10"
    },
    {
      "subject_id": "6634b230-b55b-42f5-b6bf-e9764410d504-based-11-muds-12",
      "relation": "is in",
      "object_id": "6634b230-b55b-42f5-b6bf-e9764410d504-drilling-15"
    },
    {
      "subject_id": "6634b230-b55b-42f5-b6bf-e9764410d504-drilling-15",
      "relation": "of",
      "object_id": "6634b230-b55b-42f5-b6bf-e9764410d504-two-17-offshore-18-wells-19"
    },
    {
      "subject_id": "6634b230-b55b-42f5-b6bf-e9764410d504-paper-2",
      "relation": "presents",
      "object_id": "6634b230-b55b-42f5-b6bf-e9764410d504-results-5"
    },
    {
      "subject_id": "6634b230-b55b-42f5-b6bf-e9764410d504-results-5",
      "relation": "of",
      "object_id": "6634b230-b55b-42f5-b6bf-e9764410d504-use-8"
    },
    {
      "subject_id": "6634b230-b55b-42f5-b6bf-e9764410d504-drilling-15",
      "relation": "is in",
      "object_id": "6634b230-b55b-42f5-b6bf-e9764410d504-Pre-Salt-22-area-23"
    },
    {
      "subject_id": "6634b230-b55b-42f5-b6bf-e9764410d504-Pre-Salt-22-area-23",
      "relation": "is",
      "object_id": "NE-NATIONALITY-Brazilian"
    },
    {
      "subject_id": "6634b230-b55b-42f5-b6bf-e9764410d504-lessons-27",
      "relation": "learned from",
      "object_id": "6634b230-b55b-42f5-b6bf-e9764410d504-experience-31"
    },
    {
      "subject_id": "6634b230-b55b-42f5-b6bf-e9764410d504-results-5",
      "relation": "of",
      "object_id": "6634b230-b55b-42f5-b6bf-e9764410d504-water-10"
    },
    {
      "subject_id": "6634b230-b55b-42f5-b6bf-e9764410d504-differences-6",
      "relation": "led during",
      "object_id": "6634b230-b55b-42f5-b6bf-e9764410d504-operation-20"
    },
    {
      "subject_id": "6634b230-b55b-42f5-b6bf-e9764410d504-differences-6",
      "relation": "led In",
      "object_id": "6634b230-b55b-42f5-b6bf-e9764410d504-well-4"
    },
    {
      "subject_id": "6634b230-b55b-42f5-b6bf-e9764410d504-differences-6",
      "relation": "led to",
      "object_id": "6634b230-b55b-42f5-b6bf-e9764410d504-fluid-16-replacement-17"
    },
    {
      "subject_id": "6634b230-b55b-42f5-b6bf-e9764410d504-well-4",
      "relation": "at",
      "object_id": "NE-ORDINAL-first"
    },
    {
      "subject_id": "6634b230-b55b-42f5-b6bf-e9764410d504-depth-19",
      "relation": "is with",
      "object_id": "6634b230-b55b-42f5-b6bf-e9764410d504-major-22-operational-23-problems-24"
    },
    {
      "subject_id": "6634b230-b55b-42f5-b6bf-e9764410d504-application-3",
      "relation": "be",
      "object_id": "6634b230-b55b-42f5-b6bf-e9764410d504-option-11"
    },
    {
      "subject_id": "6634b230-b55b-42f5-b6bf-e9764410d504-application-3",
      "relation": "of",
      "object_id": "6634b230-b55b-42f5-b6bf-e9764410d504-field-2"
    },
    {
      "subject_id": "6634b230-b55b-42f5-b6bf-e9764410d504-application-3",
      "relation": "be",
      "object_id": "6634b230-b55b-42f5-b6bf-e9764410d504-good-10"
    },
    {
      "subject_id": "6634b230-b55b-42f5-b6bf-e9764410d504-option-11",
      "relation": "is",
      "object_id": "6634b230-b55b-42f5-b6bf-e9764410d504-good-10"
    }
  ],
  "links": {
    "6634b230-b55b-42f5-b6bf-e9764410d504-Drilling-1-operations-2": [],
    "6634b230-b55b-42f5-b6bf-e9764410d504-importance-8": [],
    "NE-COUNTRY-Brazil": [],
    "6634b230-b55b-42f5-b6bf-e9764410d504-salt-4-zones-5": [],
    "6634b230-b55b-42f5-b6bf-e9764410d504-discovery-14": [],
    "6634b230-b55b-42f5-b6bf-e9764410d504-Pre-Salt-23-area-24": [
      "6634b230-b55b-42f5-b6bf-e9764410d504-Pre-Salt-22-area-23"
    ],
    "6634b230-b55b-42f5-b6bf-e9764410d504-large-16": [],
    "6634b230-b55b-42f5-b6bf-e9764410d504-oil-17-reserves-20": [],
    "6634b230-b55b-42f5-b6bf-e9764410d504-pursuit-4": [],
    "6634b230-b55b-42f5-b6bf-e9764410d504-development-13": [],
    "6634b230-b55b-42f5-b6bf-e9764410d504-operations-9": [],
    "6634b230-b55b-42f5-b6bf-e9764410d504-practices-17": [],
    "6634b230-b55b-42f5-b6bf-e9764410d504-excellence-6": [],
    "6634b230-b55b-42f5-b6bf-e9764410d504-such-8-operations-9": [],
    "6634b230-b55b-42f5-b6bf-e9764410d504-operational-16": [],
    "6634b230-b55b-42f5-b6bf-e9764410d504-considerable-12": [],
    "6634b230-b55b-42f5-b6bf-e9764410d504-new-15": [],
    "6634b230-b55b-42f5-b6bf-e9764410d504-base-2-mud-3": [],
    "6634b230-b55b-42f5-b6bf-e9764410d504-has-4-choice-8": [],
    "6634b230-b55b-42f5-b6bf-e9764410d504-Synthetic-1": [],
    "6634b230-b55b-42f5-b6bf-e9764410d504-evaporite-12-sections-13": [],
    "NE-ORDINAL-first": [],
    "6634b230-b55b-42f5-b6bf-e9764410d504-sections-13": [],
    "6634b230-b55b-42f5-b6bf-e9764410d504-zones-16": [],
    "NE-LOCATION-Pre-Salt": [],
    "6634b230-b55b-42f5-b6bf-e9764410d504-drill-10": [],
    "6634b230-b55b-42f5-b6bf-e9764410d504-fluids-2-application-3": [],
    "6634b230-b55b-42f5-b6bf-e9764410d504-caliper-10-quality-11": [],
    "6634b230-b55b-42f5-b6bf-e9764410d504-salt-6-dissolution-7": [],
    "6634b230-b55b-42f5-b6bf-e9764410d504-bit-11": [],
    "6634b230-b55b-42f5-b6bf-e9764410d504-injection-22": [],
    "6634b230-b55b-42f5-b6bf-e9764410d504-pipe-16": [],
    "6634b230-b55b-42f5-b6bf-e9764410d504-water-25-pills-26": [],
    "6634b230-b55b-42f5-b6bf-e9764410d504-fresh-24": [],
    "6634b230-b55b-42f5-b6bf-e9764410d504-stuck-15": [],
    "6634b230-b55b-42f5-b6bf-e9764410d504-its-28-liberation-29": [],
    "6634b230-b55b-42f5-b6bf-e9764410d504-use-7": [],
    "6634b230-b55b-42f5-b6bf-e9764410d504-sections-14": [],
    "6634b230-b55b-42f5-b6bf-e9764410d504-enlarged-13": [],
    "6634b230-b55b-42f5-b6bf-e9764410d504-wells-3": [],
    "6634b230-b55b-42f5-b6bf-e9764410d504-frequent-6": [],
    "6634b230-b55b-42f5-b6bf-e9764410d504-circulation-10": [],
    "6634b230-b55b-42f5-b6bf-e9764410d504-major-13": [],
    "6634b230-b55b-42f5-b6bf-e9764410d504-issue-14": [],
    "6634b230-b55b-42f5-b6bf-e9764410d504-situation-2": [],
    "6634b230-b55b-42f5-b6bf-e9764410d504-worse-4": [],
    "6634b230-b55b-42f5-b6bf-e9764410d504-loss-8": [],
    "6634b230-b55b-42f5-b6bf-e9764410d504-scenarios-6": [],
    "6634b230-b55b-42f5-b6bf-e9764410d504-where-7": [],
    "6634b230-b55b-42f5-b6bf-e9764410d504-hole-4": [],
    "6634b230-b55b-42f5-b6bf-e9764410d504-prevent-11": [],
    "6634b230-b55b-42f5-b6bf-e9764410d504-problems-17": [],
    "6634b230-b55b-42f5-b6bf-e9764410d504-cementing-19-operations-20": [],
    "6634b230-b55b-42f5-b6bf-e9764410d504-operating-4-costs-5": [],
    "6634b230-b55b-42f5-b6bf-e9764410d504-water-9-drilling-10": [],
    "6634b230-b55b-42f5-b6bf-e9764410d504-deep-8": [],
    "6634b230-b55b-42f5-b6bf-e9764410d504-high-3": [],
    "6634b230-b55b-42f5-b6bf-e9764410d504-based-11-muds-12": [],
    "6634b230-b55b-42f5-b6bf-e9764410d504-drilling-15": [],
    "6634b230-b55b-42f5-b6bf-e9764410d504-two-17-offshore-18-wells-19": [],
    "6634b230-b55b-42f5-b6bf-e9764410d504-paper-2": [],
    "6634b230-b55b-42f5-b6bf-e9764410d504-results-5": [],
    "6634b230-b55b-42f5-b6bf-e9764410d504-use-8": [],
    "6634b230-b55b-42f5-b6bf-e9764410d504-Pre-Salt-22-area-23": [
      "6634b230-b55b-42f5-b6bf-e9764410d504-Pre-Salt-23-area-24"
    ],
    "NE-NATIONALITY-Brazilian": [],
    "6634b230-b55b-42f5-b6bf-e9764410d504-lessons-27": [],
    "6634b230-b55b-42f5-b6bf-e9764410d504-experience-31": [],
    "6634b230-b55b-42f5-b6bf-e9764410d504-water-10": [],
    "6634b230-b55b-42f5-b6bf-e9764410d504-differences-6": [],
    "6634b230-b55b-42f5-b6bf-e9764410d504-operation-20": [],
    "6634b230-b55b-42f5-b6bf-e9764410d504-well-4": [],
    "6634b230-b55b-42f5-b6bf-e9764410d504-fluid-16-replacement-17": [],
    "6634b230-b55b-42f5-b6bf-e9764410d504-depth-19": [],
    "6634b230-b55b-42f5-b6bf-e9764410d504-major-22-operational-23-problems-24": [],
    "6634b230-b55b-42f5-b6bf-e9764410d504-application-3": [],
    "6634b230-b55b-42f5-b6bf-e9764410d504-option-11": [],
    "6634b230-b55b-42f5-b6bf-e9764410d504-field-2": [],
    "6634b230-b55b-42f5-b6bf-e9764410d504-good-10": []
  }
}