{
  "document": "D:/Projetos/PIRA_KG/documents/onu_85085473397.txt",
  "entities": {
    "NE-PERSON-Farias": "Farias",
    "NE-PERSON-J.F.": "J.F.",
    "NE-DATE-2020": "2020",
    "934e19c7-1772-4795-a581-05b674220676-eds-11": "eds",
    "NE-PERSON-Malvárez": "Malvárez",
    "934e19c7-1772-4795-a581-05b674220676-Estuaries-1": "Estuaries",
    "934e19c7-1772-4795-a581-05b674220676-unit-5": "unit",
    "934e19c7-1772-4795-a581-05b674220676-spatial-7": "spatial",
    "934e19c7-1772-4795-a581-05b674220676-analyses-8": "analyses",
    "934e19c7-1772-4795-a581-05b674220676-appropriate-4": "appropriate",
    "934e19c7-1772-4795-a581-05b674220676-study-3": "study",
    "934e19c7-1772-4795-a581-05b674220676-techniques-30": "techniques",
    "NE-DATE-present": "present",
    "934e19c7-1772-4795-a581-05b674220676-approach-7": "approach",
    "934e19c7-1772-4795-a581-05b674220676-remote-32": "remote",
    "934e19c7-1772-4795-a581-05b674220676-cartography-36": "cartography",
    "934e19c7-1772-4795-a581-05b674220676-landscape-9-management-12": "landscape management",
    "934e19c7-1772-4795-a581-05b674220676-sensing-33": "sensing",
    "934e19c7-1772-4795-a581-05b674220676-diagnostic-6": "diagnostic",
    "934e19c7-1772-4795-a581-05b674220676-structures-7": "structures",
    "934e19c7-1772-4795-a581-05b674220676-estuaries-23": "estuaries",
    "934e19c7-1772-4795-a581-05b674220676-functions-9": "functions",
    "934e19c7-1772-4795-a581-05b674220676-dynamics-12": "dynamics",
    "934e19c7-1772-4795-a581-05b674220676-Norte-48": "Norte",
    "934e19c7-1772-4795-a581-05b674220676-geoecological-18": "geoecological",
    "NE-NATIONALITY-Brazilian": "Brazilian",
    "934e19c7-1772-4795-a581-05b674220676-units-19": "units",
    "934e19c7-1772-4795-a581-05b674220676-natural-15": "natural",
    "934e19c7-1772-4795-a581-05b674220676-three-25-rivers-27": "three rivers",
    "934e19c7-1772-4795-a581-05b674220676-units-6": "units",
    "934e19c7-1772-4795-a581-05b674220676-geoecological-5": "geoecological",
    "934e19c7-1772-4795-a581-05b674220676-stability-15": "stability",
    "934e19c7-1772-4795-a581-05b674220676-features-8": "features",
    "934e19c7-1772-4795-a581-05b674220676-ecodynamic-14": "ecodynamic",
    "934e19c7-1772-4795-a581-05b674220676-and-7": "and",
    "934e19c7-1772-4795-a581-05b674220676-evolutionary-19-trends-20": "evolutionary trends",
    "934e19c7-1772-4795-a581-05b674220676-objective-30-of-31-defining-32-potential-33-strategies-34-for-35-planning-37-of-38-land-39-use-40-on-41-different-42-functional-43-scales-44": "objective of defining potential strategies for planning of land use on different functional scales",
    "934e19c7-1772-4795-a581-05b674220676-models-4": "models",
    "934e19c7-1772-4795-a581-05b674220676-landscape-13-geoecology-14": "landscape geoecology",
    "934e19c7-1772-4795-a581-05b674220676-Theoretical-1-methodological-3": "Theoretical methodological",
    "934e19c7-1772-4795-a581-05b674220676-proposed-9": "proposed",
    "934e19c7-1772-4795-a581-05b674220676-models-2": "models",
    "934e19c7-1772-4795-a581-05b674220676-summary-5-tables-6": "summary tables",
    "934e19c7-1772-4795-a581-05b674220676-three-11-scales-12": "three scales",
    "934e19c7-1772-4795-a581-05b674220676-study-2": "study",
    "934e19c7-1772-4795-a581-05b674220676-coordinated-4": "coordinated",
    "934e19c7-1772-4795-a581-05b674220676-Landscape-7-Geoecology-8": "Landscape Geoecology",
    "NE-TITLE-researcher": "researcher",
    "NE-STATE_OR_PROVINCE-PQ": "PQ",
    "934e19c7-1772-4795-a581-05b674220676-CNPq-22": "CNPq",
    "934e19c7-1772-4795-a581-05b674220676-program-25": "program",
    "934e19c7-1772-4795-a581-05b674220676-Norte-33": "Norte",
    "934e19c7-1772-4795-a581-05b674220676-Federal-35-University-36": "Federal University",
    "934e19c7-1772-4795-a581-05b674220676-Maranhão-38": "Maranhão",
    "934e19c7-1772-4795-a581-05b674220676-State-27-University-28": "State University",
    "934e19c7-1772-4795-a581-05b674220676-four-6-universities-9": "four universities",
    "934e19c7-1772-4795-a581-05b674220676-other-7": "other",
    "934e19c7-1772-4795-a581-05b674220676-step-6": "step",
    "934e19c7-1772-4795-a581-05b674220676-development-9": "development",
    "934e19c7-1772-4795-a581-05b674220676-important-5": "important",
    "934e19c7-1772-4795-a581-05b674220676-propositional-13": "propositional",
    "934e19c7-1772-4795-a581-05b674220676-two-45-distinct-46-environmental-49-realities-50": "two distinct environmental realities",
    "934e19c7-1772-4795-a581-05b674220676-region-56": "region",
    "NE-LOCATION-Amazon": "Amazon",
    "934e19c7-1772-4795-a581-05b674220676-humid-54": "humid",
    "934e19c7-1772-4795-a581-05b674220676-management-14-models-15": "management models"
  },
  "graph": [
    {
      "subject_id": "NE-PERSON-Farias",
      "relation": "is",
      "object_id": "NE-PERSON-J.F."
    },
    {
      "subject_id": "NE-PERSON-Farias",
      "relation": "is",
      "object_id": "NE-DATE-2020"
    },
    {
      "subject_id": "934e19c7-1772-4795-a581-05b674220676-eds-11",
      "relation": "is In",
      "object_id": "NE-PERSON-Malvárez"
    },
    {
      "subject_id": "934e19c7-1772-4795-a581-05b674220676-Estuaries-1",
      "relation": "provide",
      "object_id": "934e19c7-1772-4795-a581-05b674220676-unit-5"
    },
    {
      "subject_id": "934e19c7-1772-4795-a581-05b674220676-unit-5",
      "relation": "is",
      "object_id": "934e19c7-1772-4795-a581-05b674220676-spatial-7"
    },
    {
      "subject_id": "934e19c7-1772-4795-a581-05b674220676-unit-5",
      "relation": "of",
      "object_id": "934e19c7-1772-4795-a581-05b674220676-analyses-8"
    },
    {
      "subject_id": "934e19c7-1772-4795-a581-05b674220676-unit-5",
      "relation": "is",
      "object_id": "934e19c7-1772-4795-a581-05b674220676-appropriate-4"
    },
    {
      "subject_id": "934e19c7-1772-4795-a581-05b674220676-study-3",
      "relation": "supported by",
      "object_id": "934e19c7-1772-4795-a581-05b674220676-techniques-30"
    },
    {
      "subject_id": "934e19c7-1772-4795-a581-05b674220676-study-3",
      "relation": "is",
      "object_id": "NE-DATE-present"
    },
    {
      "subject_id": "934e19c7-1772-4795-a581-05b674220676-study-3",
      "relation": "developed",
      "object_id": "934e19c7-1772-4795-a581-05b674220676-approach-7"
    },
    {
      "subject_id": "934e19c7-1772-4795-a581-05b674220676-techniques-30",
      "relation": "is",
      "object_id": "934e19c7-1772-4795-a581-05b674220676-remote-32"
    },
    {
      "subject_id": "934e19c7-1772-4795-a581-05b674220676-techniques-30",
      "relation": "of",
      "object_id": "934e19c7-1772-4795-a581-05b674220676-cartography-36"
    },
    {
      "subject_id": "934e19c7-1772-4795-a581-05b674220676-approach-7",
      "relation": "of",
      "object_id": "934e19c7-1772-4795-a581-05b674220676-landscape-9-management-12"
    },
    {
      "subject_id": "934e19c7-1772-4795-a581-05b674220676-techniques-30",
      "relation": "is",
      "object_id": "934e19c7-1772-4795-a581-05b674220676-sensing-33"
    },
    {
      "subject_id": "934e19c7-1772-4795-a581-05b674220676-approach-7",
      "relation": "is",
      "object_id": "934e19c7-1772-4795-a581-05b674220676-diagnostic-6"
    },
    {
      "subject_id": "934e19c7-1772-4795-a581-05b674220676-structures-7",
      "relation": "formed by",
      "object_id": "934e19c7-1772-4795-a581-05b674220676-estuaries-23"
    },
    {
      "subject_id": "934e19c7-1772-4795-a581-05b674220676-structures-7",
      "relation": "formed",
      "object_id": "934e19c7-1772-4795-a581-05b674220676-functions-9"
    },
    {
      "subject_id": "934e19c7-1772-4795-a581-05b674220676-structures-7",
      "relation": "do",
      "object_id": "934e19c7-1772-4795-a581-05b674220676-dynamics-12"
    },
    {
      "subject_id": "934e19c7-1772-4795-a581-05b674220676-structures-7",
      "relation": "do",
      "object_id": "934e19c7-1772-4795-a581-05b674220676-Norte-48"
    },
    {
      "subject_id": "934e19c7-1772-4795-a581-05b674220676-dynamics-12",
      "relation": "is",
      "object_id": "934e19c7-1772-4795-a581-05b674220676-geoecological-18"
    },
    {
      "subject_id": "934e19c7-1772-4795-a581-05b674220676-estuaries-23",
      "relation": "is",
      "object_id": "NE-NATIONALITY-Brazilian"
    },
    {
      "subject_id": "934e19c7-1772-4795-a581-05b674220676-dynamics-12",
      "relation": "of",
      "object_id": "934e19c7-1772-4795-a581-05b674220676-units-19"
    },
    {
      "subject_id": "934e19c7-1772-4795-a581-05b674220676-structures-7",
      "relation": "do",
      "object_id": "934e19c7-1772-4795-a581-05b674220676-functions-9"
    },
    {
      "subject_id": "934e19c7-1772-4795-a581-05b674220676-dynamics-12",
      "relation": "is",
      "object_id": "934e19c7-1772-4795-a581-05b674220676-natural-15"
    },
    {
      "subject_id": "934e19c7-1772-4795-a581-05b674220676-estuaries-23",
      "relation": "of",
      "object_id": "934e19c7-1772-4795-a581-05b674220676-three-25-rivers-27"
    },
    {
      "subject_id": "934e19c7-1772-4795-a581-05b674220676-units-6",
      "relation": "indicating",
      "object_id": "934e19c7-1772-4795-a581-05b674220676-units-6"
    },
    {
      "subject_id": "934e19c7-1772-4795-a581-05b674220676-units-6",
      "relation": "is",
      "object_id": "934e19c7-1772-4795-a581-05b674220676-geoecological-5"
    },
    {
      "subject_id": "934e19c7-1772-4795-a581-05b674220676-units-6",
      "relation": "of",
      "object_id": "934e19c7-1772-4795-a581-05b674220676-stability-15"
    },
    {
      "subject_id": "934e19c7-1772-4795-a581-05b674220676-units-6",
      "relation": "maps",
      "object_id": "934e19c7-1772-4795-a581-05b674220676-features-8"
    },
    {
      "subject_id": "934e19c7-1772-4795-a581-05b674220676-units-6",
      "relation": "indicating",
      "object_id": "934e19c7-1772-4795-a581-05b674220676-features-8"
    },
    {
      "subject_id": "934e19c7-1772-4795-a581-05b674220676-units-6",
      "relation": "is",
      "object_id": "934e19c7-1772-4795-a581-05b674220676-ecodynamic-14"
    },
    {
      "subject_id": "934e19c7-1772-4795-a581-05b674220676-features-8",
      "relation": "has",
      "object_id": "934e19c7-1772-4795-a581-05b674220676-units-6"
    },
    {
      "subject_id": "934e19c7-1772-4795-a581-05b674220676-units-6",
      "relation": "of",
      "object_id": "934e19c7-1772-4795-a581-05b674220676-and-7"
    },
    {
      "subject_id": "934e19c7-1772-4795-a581-05b674220676-evolutionary-19-trends-20",
      "relation": "is with",
      "object_id": "934e19c7-1772-4795-a581-05b674220676-objective-30-of-31-defining-32-potential-33-strategies-34-for-35-planning-37-of-38-land-39-use-40-on-41-different-42-functional-43-scales-44"
    },
    {
      "subject_id": "934e19c7-1772-4795-a581-05b674220676-models-4",
      "relation": "were proposed based",
      "object_id": "934e19c7-1772-4795-a581-05b674220676-landscape-13-geoecology-14"
    },
    {
      "subject_id": "934e19c7-1772-4795-a581-05b674220676-models-4",
      "relation": "is",
      "object_id": "934e19c7-1772-4795-a581-05b674220676-Theoretical-1-methodological-3"
    },
    {
      "subject_id": "934e19c7-1772-4795-a581-05b674220676-models-4",
      "relation": "were",
      "object_id": "934e19c7-1772-4795-a581-05b674220676-proposed-9"
    },
    {
      "subject_id": "934e19c7-1772-4795-a581-05b674220676-models-2",
      "relation": "resulted in",
      "object_id": "934e19c7-1772-4795-a581-05b674220676-summary-5-tables-6"
    },
    {
      "subject_id": "934e19c7-1772-4795-a581-05b674220676-models-2",
      "relation": "resulted on",
      "object_id": "934e19c7-1772-4795-a581-05b674220676-three-11-scales-12"
    },
    {
      "subject_id": "934e19c7-1772-4795-a581-05b674220676-study-2",
      "relation": "was",
      "object_id": "934e19c7-1772-4795-a581-05b674220676-coordinated-4"
    },
    {
      "subject_id": "934e19c7-1772-4795-a581-05b674220676-coordinated-4",
      "relation": "by",
      "object_id": "934e19c7-1772-4795-a581-05b674220676-Landscape-7-Geoecology-8"
    },
    {
      "subject_id": "934e19c7-1772-4795-a581-05b674220676-coordinated-4",
      "relation": "of",
      "object_id": "NE-TITLE-researcher"
    },
    {
      "subject_id": "934e19c7-1772-4795-a581-05b674220676-coordinated-4",
      "relation": "of",
      "object_id": "NE-STATE_OR_PROVINCE-PQ"
    },
    {
      "subject_id": "934e19c7-1772-4795-a581-05b674220676-coordinated-4",
      "relation": "case",
      "object_id": "934e19c7-1772-4795-a581-05b674220676-CNPq-22"
    },
    {
      "subject_id": "934e19c7-1772-4795-a581-05b674220676-coordinated-4",
      "relation": "at",
      "object_id": "934e19c7-1772-4795-a581-05b674220676-program-25"
    },
    {
      "subject_id": "934e19c7-1772-4795-a581-05b674220676-Norte-33",
      "relation": "University",
      "object_id": "934e19c7-1772-4795-a581-05b674220676-Federal-35-University-36"
    },
    {
      "subject_id": "934e19c7-1772-4795-a581-05b674220676-Federal-35-University-36",
      "relation": "of",
      "object_id": "934e19c7-1772-4795-a581-05b674220676-Maranhão-38"
    },
    {
      "subject_id": "934e19c7-1772-4795-a581-05b674220676-State-27-University-28",
      "relation": "do",
      "object_id": "934e19c7-1772-4795-a581-05b674220676-Norte-33"
    },
    {
      "subject_id": "934e19c7-1772-4795-a581-05b674220676-study-2",
      "relation": "was coordinated by",
      "object_id": "934e19c7-1772-4795-a581-05b674220676-Landscape-7-Geoecology-8"
    },
    {
      "subject_id": "934e19c7-1772-4795-a581-05b674220676-study-3",
      "relation": "was also supported by",
      "object_id": "934e19c7-1772-4795-a581-05b674220676-four-6-universities-9"
    },
    {
      "subject_id": "934e19c7-1772-4795-a581-05b674220676-study-3",
      "relation": "of",
      "object_id": "NE-DATE-present"
    },
    {
      "subject_id": "934e19c7-1772-4795-a581-05b674220676-four-6-universities-9",
      "relation": "is",
      "object_id": "934e19c7-1772-4795-a581-05b674220676-other-7"
    },
    {
      "subject_id": "934e19c7-1772-4795-a581-05b674220676-four-6-universities-9",
      "relation": "is",
      "object_id": "NE-NATIONALITY-Brazilian"
    },
    {
      "subject_id": "934e19c7-1772-4795-a581-05b674220676-study-3",
      "relation": "was supported by",
      "object_id": "934e19c7-1772-4795-a581-05b674220676-four-6-universities-9"
    },
    {
      "subject_id": "934e19c7-1772-4795-a581-05b674220676-study-2",
      "relation": "represents",
      "object_id": "934e19c7-1772-4795-a581-05b674220676-step-6"
    },
    {
      "subject_id": "934e19c7-1772-4795-a581-05b674220676-step-6",
      "relation": "of",
      "object_id": "934e19c7-1772-4795-a581-05b674220676-development-9"
    },
    {
      "subject_id": "934e19c7-1772-4795-a581-05b674220676-step-6",
      "relation": "is",
      "object_id": "934e19c7-1772-4795-a581-05b674220676-important-5"
    },
    {
      "subject_id": "934e19c7-1772-4795-a581-05b674220676-step-6",
      "relation": "is",
      "object_id": "934e19c7-1772-4795-a581-05b674220676-propositional-13"
    },
    {
      "subject_id": "934e19c7-1772-4795-a581-05b674220676-two-45-distinct-46-environmental-49-realities-50",
      "relation": "is in",
      "object_id": "934e19c7-1772-4795-a581-05b674220676-region-56"
    },
    {
      "subject_id": "934e19c7-1772-4795-a581-05b674220676-region-56",
      "relation": "of",
      "object_id": "NE-LOCATION-Amazon"
    },
    {
      "subject_id": "934e19c7-1772-4795-a581-05b674220676-region-56",
      "relation": "is",
      "object_id": "934e19c7-1772-4795-a581-05b674220676-humid-54"
    },
    {
      "subject_id": "934e19c7-1772-4795-a581-05b674220676-step-6",
      "relation": "of",
      "object_id": "934e19c7-1772-4795-a581-05b674220676-management-14-models-15"
    }
  ],
  "links": {
    "NE-PERSON-Farias": [],
    "NE-PERSON-J.F.": [],
    "NE-DATE-2020": [],
    "934e19c7-1772-4795-a581-05b674220676-eds-11": [],
    "NE-PERSON-Malvárez": [],
    "934e19c7-1772-4795-a581-05b674220676-Estuaries-1": [],
    "934e19c7-1772-4795-a581-05b674220676-unit-5": [],
    "934e19c7-1772-4795-a581-05b674220676-spatial-7": [],
    "934e19c7-1772-4795-a581-05b674220676-analyses-8": [],
    "934e19c7-1772-4795-a581-05b674220676-appropriate-4": [],
    "934e19c7-1772-4795-a581-05b674220676-study-3": [
      "934e19c7-1772-4795-a581-05b674220676-study-2"
    ],
    "934e19c7-1772-4795-a581-05b674220676-techniques-30": [],
    "NE-DATE-present": [],
    "934e19c7-1772-4795-a581-05b674220676-approach-7": [],
    "934e19c7-1772-4795-a581-05b674220676-remote-32": [],
    "934e19c7-1772-4795-a581-05b674220676-cartography-36": [],
    "934e19c7-1772-4795-a581-05b674220676-landscape-9-management-12": [],
    "934e19c7-1772-4795-a581-05b674220676-sensing-33": [],
    "934e19c7-1772-4795-a581-05b674220676-diagnostic-6": [],
    "934e19c7-1772-4795-a581-05b674220676-structures-7": [],
    "934e19c7-1772-4795-a581-05b674220676-estuaries-23": [],
    "934e19c7-1772-4795-a581-05b674220676-functions-9": [],
    "934e19c7-1772-4795-a581-05b674220676-dynamics-12": [],
    "934e19c7-1772-4795-a581-05b674220676-Norte-48": [],
    "934e19c7-1772-4795-a581-05b674220676-geoecological-18": [
      "934e19c7-1772-4795-a581-05b674220676-geoecological-5"
    ],
    "NE-NATIONALITY-Brazilian": [],
    "934e19c7-1772-4795-a581-05b674220676-units-19": [],
    "934e19c7-1772-4795-a581-05b674220676-natural-15": [],
    "934e19c7-1772-4795-a581-05b674220676-three-25-rivers-27": [],
    "934e19c7-1772-4795-a581-05b674220676-units-6": [],
    "934e19c7-1772-4795-a581-05b674220676-geoecological-5": [
      "934e19c7-1772-4795-a581-05b674220676-geoecological-18"
    ],
    "934e19c7-1772-4795-a581-05b674220676-stability-15": [],
    "934e19c7-1772-4795-a581-05b674220676-features-8": [],
    "934e19c7-1772-4795-a581-05b674220676-ecodynamic-14": [],
    "934e19c7-1772-4795-a581-05b674220676-and-7": [],
    "934e19c7-1772-4795-a581-05b674220676-evolutionary-19-trends-20": [],
    "934e19c7-1772-4795-a581-05b674220676-objective-30-of-31-defining-32-potential-33-strategies-34-for-35-planning-37-of-38-land-39-use-40-on-41-different-42-functional-43-scales-44": [],
    "934e19c7-1772-4795-a581-05b674220676-models-4": [],
    "934e19c7-1772-4795-a581-05b674220676-landscape-13-geoecology-14": [
      "934e19c7-1772-4795-a581-05b674220676-Landscape-7-Geoecology-8"
    ],
    "934e19c7-1772-4795-a581-05b674220676-Theoretical-1-methodological-3": [],
    "934e19c7-1772-4795-a581-05b674220676-proposed-9": [],
    "934e19c7-1772-4795-a581-05b674220676-models-2": [],
    "934e19c7-1772-4795-a581-05b674220676-summary-5-tables-6": [],
    "934e19c7-1772-4795-a581-05b674220676-three-11-scales-12": [],
    "934e19c7-1772-4795-a581-05b674220676-study-2": [
      "934e19c7-1772-4795-a581-05b674220676-study-3"
    ],
    "934e19c7-1772-4795-a581-05b674220676-coordinated-4": [],
    "934e19c7-1772-4795-a581-05b674220676-Landscape-7-Geoecology-8": [
      "934e19c7-1772-4795-a581-05b674220676-landscape-13-geoecology-14"
    ],
    "NE-TITLE-researcher": [],
    "NE-STATE_OR_PROVINCE-PQ": [],
    "934e19c7-1772-4795-a581-05b674220676-CNPq-22": [],
    "934e19c7-1772-4795-a581-05b674220676-program-25": [],
    "934e19c7-1772-4795-a581-05b674220676-Norte-33": [],
    "934e19c7-1772-4795-a581-05b674220676-Federal-35-University-36": [],
    "934e19c7-1772-4795-a581-05b674220676-Maranhão-38": [],
    "934e19c7-1772-4795-a581-05b674220676-State-27-University-28": [],
    "934e19c7-1772-4795-a581-05b674220676-four-6-universities-9": [],
    "934e19c7-1772-4795-a581-05b674220676-other-7": [],
    "934e19c7-1772-4795-a581-05b674220676-step-6": [],
    "934e19c7-1772-4795-a581-05b674220676-development-9": [],
    "934e19c7-1772-4795-a581-05b674220676-important-5": [],
    "934e19c7-1772-4795-a581-05b674220676-propositional-13": [],
    "934e19c7-1772-4795-a581-05b674220676-two-45-distinct-46-environmental-49-realities-50": [],
    "934e19c7-1772-4795-a581-05b674220676-region-56": [],
    "NE-LOCATION-Amazon": [],
    "934e19c7-1772-4795-a581-05b674220676-humid-54": [],
    "934e19c7-1772-4795-a581-05b674220676-management-14-models-15": []
  }
}