{
  "document": "D:/Projetos/PIRA_KG/documents/onu_41849140524.txt",
  "entities": {
    "d5ee487c-3b46-46fc-a521-837aed5b9969-overview-14": "overview",
    "d5ee487c-3b46-46fc-a521-837aed5b9969-set-5": "set",
    "d5ee487c-3b46-46fc-a521-837aed5b9969-vast-4": "vast",
    "d5ee487c-3b46-46fc-a521-837aed5b9969-comprehensive-13": "comprehensive",
    "d5ee487c-3b46-46fc-a521-837aed5b9969-in-7": "in",
    "d5ee487c-3b46-46fc-a521-837aed5b9969-provided-29": "provided",
    "NE-ORDINAL-first": "first",
    "d5ee487c-3b46-46fc-a521-837aed5b9969-data-9": "data",
    "d5ee487c-3b46-46fc-a521-837aed5b9969-BTS-1": "BTS",
    "d5ee487c-3b46-46fc-a521-837aed5b9969-vicinity-34": "vicinity",
    "d5ee487c-3b46-46fc-a521-837aed5b9969-located-26": "located",
    "NE-COUNTRY-Brazil": "Brazil",
    "d5ee487c-3b46-46fc-a521-837aed5b9969-bay-7": "bay",
    "NE-ORDINAL-second": "second",
    "NE-CITY-Salvador": "Salvador",
    "d5ee487c-3b46-46fc-a521-837aed5b9969-city-37": "city",
    "d5ee487c-3b46-46fc-a521-837aed5b9969-coastal-6": "coastal",
    "d5ee487c-3b46-46fc-a521-837aed5b9969-largest-5": "largest",
    "d5ee487c-3b46-46fc-a521-837aed5b9969-northeast-29": "northeast",
    "d5ee487c-3b46-46fc-a521-837aed5b9969-km2-15": "km2",
    "NE-DATE-1223": "1223",
    "d5ee487c-3b46-46fc-a521-837aed5b9969-circulation-2": "circulation",
    "d5ee487c-3b46-46fc-a521-837aed5b9969-year-17": "year",
    "d5ee487c-3b46-46fc-a521-837aed5b9969-driven-9": "driven",
    "d5ee487c-3b46-46fc-a521-837aed5b9969-tidally-8": "tidally",
    "d5ee487c-3b46-46fc-a521-837aed5b9969-mostly-7": "mostly",
    "d5ee487c-3b46-46fc-a521-837aed5b9969-seasons-16": "seasons",
    "d5ee487c-3b46-46fc-a521-837aed5b9969-hand-4": "hand",
    "d5ee487c-3b46-46fc-a521-837aed5b9969-wet-7": "wet",
    "d5ee487c-3b46-46fc-a521-837aed5b9969-other-3": "other",
    "d5ee487c-3b46-46fc-a521-837aed5b9969-distribution-21": "distribution",
    "d5ee487c-3b46-46fc-a521-837aed5b9969-water-23-properties-24": "water properties",
    "d5ee487c-3b46-46fc-a521-837aed5b9969-variations-48": "variations",
    "d5ee487c-3b46-46fc-a521-837aed5b9969-can-49-3-53-°C-54": "can 3 °C",
    "d5ee487c-3b46-46fc-a521-837aed5b9969-increase-69-of-70-freshwater-71-Inflow-72": "increase of freshwater Inflow",
    "d5ee487c-3b46-46fc-a521-837aed5b9969-salinity-74-variations-75": "salinity variations",
    "d5ee487c-3b46-46fc-a521-837aed5b9969-Salinity-93-values-94": "Salinity values",
    "d5ee487c-3b46-46fc-a521-837aed5b9969-bay-97": "bay",
    "d5ee487c-3b46-46fc-a521-837aed5b9969-up-51": "up",
    "d5ee487c-3b46-46fc-a521-837aed5b9969-characteristics-11": "characteristics",
    "d5ee487c-3b46-46fc-a521-837aed5b9969-bay-8": "bay",
    "d5ee487c-3b46-46fc-a521-837aed5b9969-Inflow-72": "Inflow",
    "d5ee487c-3b46-46fc-a521-837aed5b9969-stations-84": "stations",
    "d5ee487c-3b46-46fc-a521-837aed5b9969-innermost-83": "innermost",
    "d5ee487c-3b46-46fc-a521-837aed5b9969-Tropical-14-Water-15": "Tropical Water",
    "d5ee487c-3b46-46fc-a521-837aed5b9969-region-23": "region",
    "d5ee487c-3b46-46fc-a521-837aed5b9969-observed-80": "observed",
    "d5ee487c-3b46-46fc-a521-837aed5b9969-whole-22": "whole",
    "d5ee487c-3b46-46fc-a521-837aed5b9969-BTS-86": "BTS",
    "d5ee487c-3b46-46fc-a521-837aed5b9969-oceanic-10": "oceanic",
    "d5ee487c-3b46-46fc-a521-837aed5b9969-maximum-58": "maximum",
    "d5ee487c-3b46-46fc-a521-837aed5b9969-nearly-60-30-61-°C-62": "nearly 30 °C",
    "d5ee487c-3b46-46fc-a521-837aed5b9969-increase-69": "increase",
    "NE-DATE-winter": "winter",
    "d5ee487c-3b46-46fc-a521-837aed5b9969-evaluation-2": "evaluation",
    "d5ee487c-3b46-46fc-a521-837aed5b9969-provided-9": "provided",
    "d5ee487c-3b46-46fc-a521-837aed5b9969-also-8": "also",
    "d5ee487c-3b46-46fc-a521-837aed5b9969-increase-18": "increase",
    "d5ee487c-3b46-46fc-a521-837aed5b9969-can-19-observed-21": "can observed",
    "d5ee487c-3b46-46fc-a521-837aed5b9969-60-fold-17": "60-fold",
    "NE-DATE-summer": "summer",
    "d5ee487c-3b46-46fc-a521-837aed5b9969-upwelling-5-easterlies-7": "upwelling easterlies",
    "d5ee487c-3b46-46fc-a521-837aed5b9969-favorable-6": "favorable",
    "d5ee487c-3b46-46fc-a521-837aed5b9969-southwestward-10-flow-11": "southwestward flow"
  },
  "graph": [
    {
      "subject_id": "d5ee487c-3b46-46fc-a521-837aed5b9969-overview-14",
      "relation": "is provided Based",
      "object_id": "d5ee487c-3b46-46fc-a521-837aed5b9969-set-5"
    },
    {
      "subject_id": "d5ee487c-3b46-46fc-a521-837aed5b9969-set-5",
      "relation": "is",
      "object_id": "d5ee487c-3b46-46fc-a521-837aed5b9969-vast-4"
    },
    {
      "subject_id": "d5ee487c-3b46-46fc-a521-837aed5b9969-overview-14",
      "relation": "is",
      "object_id": "d5ee487c-3b46-46fc-a521-837aed5b9969-comprehensive-13"
    },
    {
      "subject_id": "d5ee487c-3b46-46fc-a521-837aed5b9969-set-5",
      "relation": "is",
      "object_id": "d5ee487c-3b46-46fc-a521-837aed5b9969-in-7"
    },
    {
      "subject_id": "d5ee487c-3b46-46fc-a521-837aed5b9969-overview-14",
      "relation": "is",
      "object_id": "d5ee487c-3b46-46fc-a521-837aed5b9969-provided-29"
    },
    {
      "subject_id": "d5ee487c-3b46-46fc-a521-837aed5b9969-overview-14",
      "relation": "is",
      "object_id": "NE-ORDINAL-first"
    },
    {
      "subject_id": "d5ee487c-3b46-46fc-a521-837aed5b9969-set-5",
      "relation": "of",
      "object_id": "d5ee487c-3b46-46fc-a521-837aed5b9969-data-9"
    },
    {
      "subject_id": "d5ee487c-3b46-46fc-a521-837aed5b9969-BTS-1",
      "relation": "is located In",
      "object_id": "d5ee487c-3b46-46fc-a521-837aed5b9969-vicinity-34"
    },
    {
      "subject_id": "d5ee487c-3b46-46fc-a521-837aed5b9969-BTS-1",
      "relation": "is",
      "object_id": "d5ee487c-3b46-46fc-a521-837aed5b9969-located-26"
    },
    {
      "subject_id": "d5ee487c-3b46-46fc-a521-837aed5b9969-located-26",
      "relation": "at",
      "object_id": "d5ee487c-3b46-46fc-a521-837aed5b9969-vicinity-34"
    },
    {
      "subject_id": "d5ee487c-3b46-46fc-a521-837aed5b9969-located-26",
      "relation": "at",
      "object_id": "NE-COUNTRY-Brazil"
    },
    {
      "subject_id": "d5ee487c-3b46-46fc-a521-837aed5b9969-BTS-1",
      "relation": "is",
      "object_id": "d5ee487c-3b46-46fc-a521-837aed5b9969-bay-7"
    },
    {
      "subject_id": "d5ee487c-3b46-46fc-a521-837aed5b9969-bay-7",
      "relation": "at",
      "object_id": "NE-ORDINAL-second"
    },
    {
      "subject_id": "d5ee487c-3b46-46fc-a521-837aed5b9969-vicinity-34",
      "relation": "of",
      "object_id": "NE-CITY-Salvador"
    },
    {
      "subject_id": "d5ee487c-3b46-46fc-a521-837aed5b9969-vicinity-34",
      "relation": "of",
      "object_id": "d5ee487c-3b46-46fc-a521-837aed5b9969-city-37"
    },
    {
      "subject_id": "d5ee487c-3b46-46fc-a521-837aed5b9969-bay-7",
      "relation": "is",
      "object_id": "d5ee487c-3b46-46fc-a521-837aed5b9969-coastal-6"
    },
    {
      "subject_id": "d5ee487c-3b46-46fc-a521-837aed5b9969-bay-7",
      "relation": "is",
      "object_id": "d5ee487c-3b46-46fc-a521-837aed5b9969-largest-5"
    },
    {
      "subject_id": "d5ee487c-3b46-46fc-a521-837aed5b9969-BTS-1",
      "relation": "is coastal bay in",
      "object_id": "NE-COUNTRY-Brazil"
    },
    {
      "subject_id": "d5ee487c-3b46-46fc-a521-837aed5b9969-BTS-1",
      "relation": "is largest bay in",
      "object_id": "NE-COUNTRY-Brazil"
    },
    {
      "subject_id": "d5ee487c-3b46-46fc-a521-837aed5b9969-bay-7",
      "relation": "is in",
      "object_id": "NE-COUNTRY-Brazil"
    },
    {
      "subject_id": "d5ee487c-3b46-46fc-a521-837aed5b9969-BTS-1",
      "relation": "is located in",
      "object_id": "NE-COUNTRY-Brazil"
    },
    {
      "subject_id": "NE-COUNTRY-Brazil",
      "relation": "of",
      "object_id": "d5ee487c-3b46-46fc-a521-837aed5b9969-northeast-29"
    },
    {
      "subject_id": "d5ee487c-3b46-46fc-a521-837aed5b9969-BTS-1",
      "relation": "is largest coastal bay in",
      "object_id": "NE-COUNTRY-Brazil"
    },
    {
      "subject_id": "d5ee487c-3b46-46fc-a521-837aed5b9969-bay-7",
      "relation": "area of",
      "object_id": "d5ee487c-3b46-46fc-a521-837aed5b9969-km2-15"
    },
    {
      "subject_id": "d5ee487c-3b46-46fc-a521-837aed5b9969-km2-15",
      "relation": "amount to",
      "object_id": "NE-DATE-1223"
    },
    {
      "subject_id": "d5ee487c-3b46-46fc-a521-837aed5b9969-BTS-1",
      "relation": "is bay in",
      "object_id": "NE-COUNTRY-Brazil"
    },
    {
      "subject_id": "d5ee487c-3b46-46fc-a521-837aed5b9969-BTS-1",
      "relation": "is second largest coastal bay in",
      "object_id": "NE-COUNTRY-Brazil"
    },
    {
      "subject_id": "d5ee487c-3b46-46fc-a521-837aed5b9969-BTS-1",
      "relation": "is second largest bay in",
      "object_id": "NE-COUNTRY-Brazil"
    },
    {
      "subject_id": "d5ee487c-3b46-46fc-a521-837aed5b9969-circulation-2",
      "relation": "vary throughout",
      "object_id": "d5ee487c-3b46-46fc-a521-837aed5b9969-year-17"
    },
    {
      "subject_id": "d5ee487c-3b46-46fc-a521-837aed5b9969-circulation-2",
      "relation": "is",
      "object_id": "d5ee487c-3b46-46fc-a521-837aed5b9969-driven-9"
    },
    {
      "subject_id": "d5ee487c-3b46-46fc-a521-837aed5b9969-driven-9",
      "relation": "at",
      "object_id": "d5ee487c-3b46-46fc-a521-837aed5b9969-tidally-8"
    },
    {
      "subject_id": "d5ee487c-3b46-46fc-a521-837aed5b9969-circulation-2",
      "relation": "vary significantly throughout",
      "object_id": "d5ee487c-3b46-46fc-a521-837aed5b9969-year-17"
    },
    {
      "subject_id": "d5ee487c-3b46-46fc-a521-837aed5b9969-driven-9",
      "relation": "at",
      "object_id": "d5ee487c-3b46-46fc-a521-837aed5b9969-mostly-7"
    },
    {
      "subject_id": "d5ee487c-3b46-46fc-a521-837aed5b9969-seasons-16",
      "relation": "does alter distribution On",
      "object_id": "d5ee487c-3b46-46fc-a521-837aed5b9969-hand-4"
    },
    {
      "subject_id": "d5ee487c-3b46-46fc-a521-837aed5b9969-seasons-16",
      "relation": "is",
      "object_id": "d5ee487c-3b46-46fc-a521-837aed5b9969-wet-7"
    },
    {
      "subject_id": "d5ee487c-3b46-46fc-a521-837aed5b9969-hand-4",
      "relation": "is",
      "object_id": "d5ee487c-3b46-46fc-a521-837aed5b9969-other-3"
    },
    {
      "subject_id": "d5ee487c-3b46-46fc-a521-837aed5b9969-seasons-16",
      "relation": "does alter significantly distribution On",
      "object_id": "d5ee487c-3b46-46fc-a521-837aed5b9969-hand-4"
    },
    {
      "subject_id": "d5ee487c-3b46-46fc-a521-837aed5b9969-seasons-16",
      "relation": "does alter",
      "object_id": "d5ee487c-3b46-46fc-a521-837aed5b9969-distribution-21"
    },
    {
      "subject_id": "d5ee487c-3b46-46fc-a521-837aed5b9969-distribution-21",
      "relation": "of",
      "object_id": "d5ee487c-3b46-46fc-a521-837aed5b9969-water-23-properties-24"
    },
    {
      "subject_id": "d5ee487c-3b46-46fc-a521-837aed5b9969-seasons-16",
      "relation": "does alter significantly",
      "object_id": "d5ee487c-3b46-46fc-a521-837aed5b9969-distribution-21"
    },
    {
      "subject_id": "d5ee487c-3b46-46fc-a521-837aed5b9969-variations-48",
      "relation": "can",
      "object_id": "d5ee487c-3b46-46fc-a521-837aed5b9969-can-49-3-53-°C-54"
    },
    {
      "subject_id": "d5ee487c-3b46-46fc-a521-837aed5b9969-can-49-3-53-°C-54",
      "relation": "at",
      "object_id": "d5ee487c-3b46-46fc-a521-837aed5b9969-increase-69-of-70-freshwater-71-Inflow-72"
    },
    {
      "subject_id": "d5ee487c-3b46-46fc-a521-837aed5b9969-salinity-74-variations-75",
      "relation": "are observed between",
      "object_id": "d5ee487c-3b46-46fc-a521-837aed5b9969-Salinity-93-values-94"
    },
    {
      "subject_id": "d5ee487c-3b46-46fc-a521-837aed5b9969-Salinity-93-values-94",
      "relation": "of",
      "object_id": "d5ee487c-3b46-46fc-a521-837aed5b9969-bay-97"
    },
    {
      "subject_id": "d5ee487c-3b46-46fc-a521-837aed5b9969-can-49-3-53-°C-54",
      "relation": "is with",
      "object_id": "d5ee487c-3b46-46fc-a521-837aed5b9969-increase-69-of-70-freshwater-71-Inflow-72"
    },
    {
      "subject_id": "d5ee487c-3b46-46fc-a521-837aed5b9969-can-49-3-53-°C-54",
      "relation": "at",
      "object_id": "d5ee487c-3b46-46fc-a521-837aed5b9969-up-51"
    },
    {
      "subject_id": "d5ee487c-3b46-46fc-a521-837aed5b9969-characteristics-11",
      "relation": "waters Inside",
      "object_id": "d5ee487c-3b46-46fc-a521-837aed5b9969-bay-8"
    },
    {
      "subject_id": "d5ee487c-3b46-46fc-a521-837aed5b9969-can-49-3-53-°C-54",
      "relation": "of",
      "object_id": "d5ee487c-3b46-46fc-a521-837aed5b9969-Inflow-72"
    },
    {
      "subject_id": "d5ee487c-3b46-46fc-a521-837aed5b9969-stations-84",
      "relation": "values inside",
      "object_id": "d5ee487c-3b46-46fc-a521-837aed5b9969-bay-97"
    },
    {
      "subject_id": "d5ee487c-3b46-46fc-a521-837aed5b9969-stations-84",
      "relation": "is",
      "object_id": "d5ee487c-3b46-46fc-a521-837aed5b9969-innermost-83"
    },
    {
      "subject_id": "d5ee487c-3b46-46fc-a521-837aed5b9969-Tropical-14-Water-15",
      "relation": "penetrating along",
      "object_id": "d5ee487c-3b46-46fc-a521-837aed5b9969-region-23"
    },
    {
      "subject_id": "d5ee487c-3b46-46fc-a521-837aed5b9969-Tropical-14-Water-15",
      "relation": "at",
      "object_id": "d5ee487c-3b46-46fc-a521-837aed5b9969-characteristics-11"
    },
    {
      "subject_id": "d5ee487c-3b46-46fc-a521-837aed5b9969-salinity-74-variations-75",
      "relation": "are",
      "object_id": "d5ee487c-3b46-46fc-a521-837aed5b9969-observed-80"
    },
    {
      "subject_id": "d5ee487c-3b46-46fc-a521-837aed5b9969-region-23",
      "relation": "is",
      "object_id": "d5ee487c-3b46-46fc-a521-837aed5b9969-whole-22"
    },
    {
      "subject_id": "d5ee487c-3b46-46fc-a521-837aed5b9969-BTS-86",
      "relation": "Inside stations is",
      "object_id": "d5ee487c-3b46-46fc-a521-837aed5b9969-Salinity-93-values-94"
    },
    {
      "subject_id": "d5ee487c-3b46-46fc-a521-837aed5b9969-characteristics-11",
      "relation": "is",
      "object_id": "d5ee487c-3b46-46fc-a521-837aed5b9969-oceanic-10"
    },
    {
      "subject_id": "d5ee487c-3b46-46fc-a521-837aed5b9969-salinity-74-variations-75",
      "relation": "are observed between",
      "object_id": "d5ee487c-3b46-46fc-a521-837aed5b9969-stations-84"
    },
    {
      "subject_id": "d5ee487c-3b46-46fc-a521-837aed5b9969-variations-48",
      "relation": "reaching",
      "object_id": "d5ee487c-3b46-46fc-a521-837aed5b9969-maximum-58"
    },
    {
      "subject_id": "d5ee487c-3b46-46fc-a521-837aed5b9969-maximum-58",
      "relation": "of",
      "object_id": "d5ee487c-3b46-46fc-a521-837aed5b9969-nearly-60-30-61-°C-62"
    },
    {
      "subject_id": "d5ee487c-3b46-46fc-a521-837aed5b9969-can-49-3-53-°C-54",
      "relation": "at",
      "object_id": "d5ee487c-3b46-46fc-a521-837aed5b9969-increase-69"
    },
    {
      "subject_id": "d5ee487c-3b46-46fc-a521-837aed5b9969-can-49-3-53-°C-54",
      "relation": "at",
      "object_id": "NE-DATE-winter"
    },
    {
      "subject_id": "d5ee487c-3b46-46fc-a521-837aed5b9969-stations-84",
      "relation": "of",
      "object_id": "d5ee487c-3b46-46fc-a521-837aed5b9969-BTS-86"
    },
    {
      "subject_id": "d5ee487c-3b46-46fc-a521-837aed5b9969-evaluation-2",
      "relation": "is",
      "object_id": "d5ee487c-3b46-46fc-a521-837aed5b9969-provided-9"
    },
    {
      "subject_id": "d5ee487c-3b46-46fc-a521-837aed5b9969-provided-9",
      "relation": "at",
      "object_id": "d5ee487c-3b46-46fc-a521-837aed5b9969-also-8"
    },
    {
      "subject_id": "d5ee487c-3b46-46fc-a521-837aed5b9969-increase-18",
      "relation": "can",
      "object_id": "d5ee487c-3b46-46fc-a521-837aed5b9969-can-19-observed-21"
    },
    {
      "subject_id": "d5ee487c-3b46-46fc-a521-837aed5b9969-increase-18",
      "relation": "is",
      "object_id": "d5ee487c-3b46-46fc-a521-837aed5b9969-60-fold-17"
    },
    {
      "subject_id": "d5ee487c-3b46-46fc-a521-837aed5b9969-can-19-observed-21",
      "relation": "at",
      "object_id": "NE-DATE-summer"
    },
    {
      "subject_id": "d5ee487c-3b46-46fc-a521-837aed5b9969-upwelling-5-easterlies-7",
      "relation": "drive southwestward flow During",
      "object_id": "NE-DATE-summer"
    },
    {
      "subject_id": "d5ee487c-3b46-46fc-a521-837aed5b9969-upwelling-5-easterlies-7",
      "relation": "is",
      "object_id": "d5ee487c-3b46-46fc-a521-837aed5b9969-favorable-6"
    },
    {
      "subject_id": "d5ee487c-3b46-46fc-a521-837aed5b9969-upwelling-5-easterlies-7",
      "relation": "drive",
      "object_id": "d5ee487c-3b46-46fc-a521-837aed5b9969-southwestward-10-flow-11"
    }
  ],
  "links": {
    "d5ee487c-3b46-46fc-a521-837aed5b9969-overview-14": [],
    "d5ee487c-3b46-46fc-a521-837aed5b9969-set-5": [],
    "d5ee487c-3b46-46fc-a521-837aed5b9969-vast-4": [],
    "d5ee487c-3b46-46fc-a521-837aed5b9969-comprehensive-13": [],
    "d5ee487c-3b46-46fc-a521-837aed5b9969-in-7": [],
    "d5ee487c-3b46-46fc-a521-837aed5b9969-provided-29": [],
    "NE-ORDINAL-first": [],
    "d5ee487c-3b46-46fc-a521-837aed5b9969-data-9": [],
    "d5ee487c-3b46-46fc-a521-837aed5b9969-BTS-1": [],
    "d5ee487c-3b46-46fc-a521-837aed5b9969-vicinity-34": [],
    "d5ee487c-3b46-46fc-a521-837aed5b9969-located-26": [],
    "NE-COUNTRY-Brazil": [],
    "d5ee487c-3b46-46fc-a521-837aed5b9969-bay-7": [],
    "NE-ORDINAL-second": [],
    "NE-CITY-Salvador": [],
    "d5ee487c-3b46-46fc-a521-837aed5b9969-city-37": [],
    "d5ee487c-3b46-46fc-a521-837aed5b9969-coastal-6": [],
    "d5ee487c-3b46-46fc-a521-837aed5b9969-largest-5": [],
    "d5ee487c-3b46-46fc-a521-837aed5b9969-northeast-29": [],
    "d5ee487c-3b46-46fc-a521-837aed5b9969-km2-15": [],
    "NE-DATE-1223": [],
    "d5ee487c-3b46-46fc-a521-837aed5b9969-circulation-2": [],
    "d5ee487c-3b46-46fc-a521-837aed5b9969-year-17": [],
    "d5ee487c-3b46-46fc-a521-837aed5b9969-driven-9": [],
    "d5ee487c-3b46-46fc-a521-837aed5b9969-tidally-8": [],
    "d5ee487c-3b46-46fc-a521-837aed5b9969-mostly-7": [],
    "d5ee487c-3b46-46fc-a521-837aed5b9969-seasons-16": [],
    "d5ee487c-3b46-46fc-a521-837aed5b9969-hand-4": [],
    "d5ee487c-3b46-46fc-a521-837aed5b9969-wet-7": [],
    "d5ee487c-3b46-46fc-a521-837aed5b9969-other-3": [],
    "d5ee487c-3b46-46fc-a521-837aed5b9969-distribution-21": [],
    "d5ee487c-3b46-46fc-a521-837aed5b9969-water-23-properties-24": [],
    "d5ee487c-3b46-46fc-a521-837aed5b9969-variations-48": [],
    "d5ee487c-3b46-46fc-a521-837aed5b9969-can-49-3-53-°C-54": [],
    "d5ee487c-3b46-46fc-a521-837aed5b9969-increase-69-of-70-freshwater-71-Inflow-72": [],
    "d5ee487c-3b46-46fc-a521-837aed5b9969-salinity-74-variations-75": [
      "d5ee487c-3b46-46fc-a521-837aed5b9969-Salinity-93-values-94"
    ],
    "d5ee487c-3b46-46fc-a521-837aed5b9969-Salinity-93-values-94": [
      "d5ee487c-3b46-46fc-a521-837aed5b9969-salinity-74-variations-75"
    ],
    "d5ee487c-3b46-46fc-a521-837aed5b9969-bay-97": [],
    "d5ee487c-3b46-46fc-a521-837aed5b9969-up-51": [],
    "d5ee487c-3b46-46fc-a521-837aed5b9969-characteristics-11": [],
    "d5ee487c-3b46-46fc-a521-837aed5b9969-bay-8": [],
    "d5ee487c-3b46-46fc-a521-837aed5b9969-Inflow-72": [],
    "d5ee487c-3b46-46fc-a521-837aed5b9969-stations-84": [],
    "d5ee487c-3b46-46fc-a521-837aed5b9969-innermost-83": [],
    "d5ee487c-3b46-46fc-a521-837aed5b9969-Tropical-14-Water-15": [],
    "d5ee487c-3b46-46fc-a521-837aed5b9969-region-23": [],
    "d5ee487c-3b46-46fc-a521-837aed5b9969-observed-80": [],
    "d5ee487c-3b46-46fc-a521-837aed5b9969-whole-22": [],
    "d5ee487c-3b46-46fc-a521-837aed5b9969-BTS-86": [],
    "d5ee487c-3b46-46fc-a521-837aed5b9969-oceanic-10": [],
    "d5ee487c-3b46-46fc-a521-837aed5b9969-maximum-58": [],
    "d5ee487c-3b46-46fc-a521-837aed5b9969-nearly-60-30-61-°C-62": [],
    "d5ee487c-3b46-46fc-a521-837aed5b9969-increase-69": [],
    "NE-DATE-winter": [],
    "d5ee487c-3b46-46fc-a521-837aed5b9969-evaluation-2": [],
    "d5ee487c-3b46-46fc-a521-837aed5b9969-provided-9": [],
    "d5ee487c-3b46-46fc-a521-837aed5b9969-also-8": [],
    "d5ee487c-3b46-46fc-a521-837aed5b9969-increase-18": [],
    "d5ee487c-3b46-46fc-a521-837aed5b9969-can-19-observed-21": [],
    "d5ee487c-3b46-46fc-a521-837aed5b9969-60-fold-17": [],
    "NE-DATE-summer": [],
    "d5ee487c-3b46-46fc-a521-837aed5b9969-upwelling-5-easterlies-7": [],
    "d5ee487c-3b46-46fc-a521-837aed5b9969-favorable-6": [],
    "d5ee487c-3b46-46fc-a521-837aed5b9969-southwestward-10-flow-11": []
  }
}