{
  "document": "D:/Projetos/PIRA_KG/documents/onu_85096104148.txt",
  "entities": {
    "NE-PERSON-Martin-Vaz-Archipelago": "Martin Vaz Archipelago",
    "ae1a2359-6ac6-4b39-9948-774de2ff206e-composed-22": "composed",
    "ae1a2359-6ac6-4b39-9948-774de2ff206e-20-9-°-10-S-11": "20 ° S",
    "ae1a2359-6ac6-4b39-9948-774de2ff206e-located-5": "located",
    "ae1a2359-6ac6-4b39-9948-774de2ff206e-Plio-24-Pleistocenic-26-alkaline-27-rocks-28": "Plio Pleistocenic alkaline rocks",
    "ae1a2359-6ac6-4b39-9948-774de2ff206e-parallel-8": "parallel",
    "ae1a2359-6ac6-4b39-9948-774de2ff206e-Unit-79": "Unit",
    "ae1a2359-6ac6-4b39-9948-774de2ff206e-deposits-87": "deposits",
    "ae1a2359-6ac6-4b39-9948-774de2ff206e-pyroclastic-86": "pyroclastic",
    "ae1a2359-6ac6-4b39-9948-774de2ff206e-tuffs-89": "tuffs",
    "ae1a2359-6ac6-4b39-9948-774de2ff206e-Archipelago-2": "Archipelago",
    "ae1a2359-6ac6-4b39-9948-774de2ff206e-three-6-units-8": "three units",
    "ae1a2359-6ac6-4b39-9948-774de2ff206e-main-7": "main",
    "ae1a2359-6ac6-4b39-9948-774de2ff206e-composed-84": "composed",
    "ae1a2359-6ac6-4b39-9948-774de2ff206e-Basal-78": "Basal",
    "ae1a2359-6ac6-4b39-9948-774de2ff206e-lava-63": "lava",
    "ae1a2359-6ac6-4b39-9948-774de2ff206e-olivine-66": "olivine",
    "ae1a2359-6ac6-4b39-9948-774de2ff206e-melanephelinitic-60": "melanephelinitic",
    "ae1a2359-6ac6-4b39-9948-774de2ff206e-lastly-75": "lastly",
    "ae1a2359-6ac6-4b39-9948-774de2ff206e-Pico-10": "Pico",
    "ae1a2359-6ac6-4b39-9948-774de2ff206e-Gaivotas-12-Unit-13": "Gaivotas Unit",
    "NE-ORGANIZATION-Bandeira-Unit": "Bandeira Unit",
    "ae1a2359-6ac6-4b39-9948-774de2ff206e-turn-57": "turn",
    "ae1a2359-6ac6-4b39-9948-774de2ff206e-nosean-21-phonolite-23-dykes-33": "nosean phonolite dykes",
    "ae1a2359-6ac6-4b39-9948-774de2ff206e-clinopyroxene-35": "clinopyroxene",
    "ae1a2359-6ac6-4b39-9948-774de2ff206e-divided-4": "divided",
    "NE-ORGANIZATION-Bandeira-Units": "Bandeira Units",
    "ae1a2359-6ac6-4b39-9948-774de2ff206e-cores-14": "cores",
    "ae1a2359-6ac6-4b39-9948-774de2ff206e-green-13": "green",
    "ae1a2359-6ac6-4b39-9948-774de2ff206e-das-6": "das",
    "NE-LOCATION-Pico": "Pico",
    "ae1a2359-6ac6-4b39-9948-774de2ff206e-anhedral-12": "anhedral",
    "ae1a2359-6ac6-4b39-9948-774de2ff206e-Gaivotas-7": "Gaivotas",
    "ae1a2359-6ac6-4b39-9948-774de2ff206e-primitive-47-rich-50-magma-51-input-52": "primitive rich magma input",
    "ae1a2359-6ac6-4b39-9948-774de2ff206e-magmatic-55-chamber-56": "magmatic chamber",
    "ae1a2359-6ac6-4b39-9948-774de2ff206e-study-2": "study",
    "ae1a2359-6ac6-4b39-9948-774de2ff206e-mineral-4-chemistry-5-data-6": "mineral chemistry data",
    "ae1a2359-6ac6-4b39-9948-774de2ff206e-indicating-7": "indicating",
    "ae1a2359-6ac6-4b39-9948-774de2ff206e-clinopyroxene-9-rims-10": "clinopyroxene rims",
    "ae1a2359-6ac6-4b39-9948-774de2ff206e-primitive-13": "primitive",
    "ae1a2359-6ac6-4b39-9948-774de2ff206e-more-12": "more",
    "ae1a2359-6ac6-4b39-9948-774de2ff206e-crystals-21": "crystals",
    "ae1a2359-6ac6-4b39-9948-774de2ff206e-origin-25": "origin",
    "ae1a2359-6ac6-4b39-9948-774de2ff206e-mantle-27-source-29": "mantle source",
    "ae1a2359-6ac6-4b39-9948-774de2ff206e-peridotitic-28": "peridotitic",
    "ae1a2359-6ac6-4b39-9948-774de2ff206e-xenocrystic-24": "xenocrystic",
    "ae1a2359-6ac6-4b39-9948-774de2ff206e-Clinopyroxene-1-geothermobarometry-2-data-3": "Clinopyroxene geothermobarometry data",
    "ae1a2359-6ac6-4b39-9948-774de2ff206e-history-21": "history",
    "ae1a2359-6ac6-4b39-9948-774de2ff206e-polybaric-19": "polybaric",
    "ae1a2359-6ac6-4b39-9948-774de2ff206e-evolutionary-20": "evolutionary",
    "ae1a2359-6ac6-4b39-9948-774de2ff206e-pressure-6": "pressure",
    "ae1a2359-6ac6-4b39-9948-774de2ff206e-cores-11": "cores",
    "ae1a2359-6ac6-4b39-9948-774de2ff206e-crystallization-15": "crystallization",
    "ae1a2359-6ac6-4b39-9948-774de2ff206e-different-5": "different",
    "ae1a2359-6ac6-4b39-9948-774de2ff206e-Gaivotas-3-Unit-4-clinopyroxene-5-phenocrysts-6": "Gaivotas Unit clinopyroxene phenocrysts",
    "ae1a2359-6ac6-4b39-9948-774de2ff206e-pressure-12-environment-13": "pressure environment",
    "ae1a2359-6ac6-4b39-9948-774de2ff206e-particularly-9": "particularly",
    "ae1a2359-6ac6-4b39-9948-774de2ff206e-higher-10": "higher"
  },
  "graph": [
    {
      "subject_id": "NE-PERSON-Martin-Vaz-Archipelago",
      "relation": "is",
      "object_id": "ae1a2359-6ac6-4b39-9948-774de2ff206e-composed-22"
    },
    {
      "subject_id": "NE-PERSON-Martin-Vaz-Archipelago",
      "relation": "is located at",
      "object_id": "ae1a2359-6ac6-4b39-9948-774de2ff206e-20-9-°-10-S-11"
    },
    {
      "subject_id": "NE-PERSON-Martin-Vaz-Archipelago",
      "relation": "is",
      "object_id": "ae1a2359-6ac6-4b39-9948-774de2ff206e-located-5"
    },
    {
      "subject_id": "NE-PERSON-Martin-Vaz-Archipelago",
      "relation": "is composed of",
      "object_id": "ae1a2359-6ac6-4b39-9948-774de2ff206e-Plio-24-Pleistocenic-26-alkaline-27-rocks-28"
    },
    {
      "subject_id": "ae1a2359-6ac6-4b39-9948-774de2ff206e-20-9-°-10-S-11",
      "relation": "is",
      "object_id": "ae1a2359-6ac6-4b39-9948-774de2ff206e-parallel-8"
    },
    {
      "subject_id": "ae1a2359-6ac6-4b39-9948-774de2ff206e-Unit-79",
      "relation": "lastly is composed of",
      "object_id": "ae1a2359-6ac6-4b39-9948-774de2ff206e-deposits-87"
    },
    {
      "subject_id": "ae1a2359-6ac6-4b39-9948-774de2ff206e-deposits-87",
      "relation": "is",
      "object_id": "ae1a2359-6ac6-4b39-9948-774de2ff206e-pyroclastic-86"
    },
    {
      "subject_id": "ae1a2359-6ac6-4b39-9948-774de2ff206e-Unit-79",
      "relation": "is composed of",
      "object_id": "ae1a2359-6ac6-4b39-9948-774de2ff206e-deposits-87"
    },
    {
      "subject_id": "ae1a2359-6ac6-4b39-9948-774de2ff206e-deposits-87",
      "relation": "is with",
      "object_id": "ae1a2359-6ac6-4b39-9948-774de2ff206e-tuffs-89"
    },
    {
      "subject_id": "ae1a2359-6ac6-4b39-9948-774de2ff206e-Archipelago-2",
      "relation": "is divided into",
      "object_id": "ae1a2359-6ac6-4b39-9948-774de2ff206e-three-6-units-8"
    },
    {
      "subject_id": "ae1a2359-6ac6-4b39-9948-774de2ff206e-three-6-units-8",
      "relation": "is",
      "object_id": "ae1a2359-6ac6-4b39-9948-774de2ff206e-main-7"
    },
    {
      "subject_id": "ae1a2359-6ac6-4b39-9948-774de2ff206e-Unit-79",
      "relation": "is",
      "object_id": "ae1a2359-6ac6-4b39-9948-774de2ff206e-composed-84"
    },
    {
      "subject_id": "ae1a2359-6ac6-4b39-9948-774de2ff206e-Unit-79",
      "relation": "is",
      "object_id": "ae1a2359-6ac6-4b39-9948-774de2ff206e-Basal-78"
    },
    {
      "subject_id": "ae1a2359-6ac6-4b39-9948-774de2ff206e-lava-63",
      "relation": "flows with",
      "object_id": "ae1a2359-6ac6-4b39-9948-774de2ff206e-olivine-66"
    },
    {
      "subject_id": "ae1a2359-6ac6-4b39-9948-774de2ff206e-lava-63",
      "relation": "is",
      "object_id": "ae1a2359-6ac6-4b39-9948-774de2ff206e-melanephelinitic-60"
    },
    {
      "subject_id": "ae1a2359-6ac6-4b39-9948-774de2ff206e-composed-84",
      "relation": "at",
      "object_id": "ae1a2359-6ac6-4b39-9948-774de2ff206e-lastly-75"
    },
    {
      "subject_id": "ae1a2359-6ac6-4b39-9948-774de2ff206e-Pico-10",
      "relation": "das",
      "object_id": "ae1a2359-6ac6-4b39-9948-774de2ff206e-Gaivotas-12-Unit-13"
    },
    {
      "subject_id": "ae1a2359-6ac6-4b39-9948-774de2ff206e-deposits-87",
      "relation": "of",
      "object_id": "ae1a2359-6ac6-4b39-9948-774de2ff206e-tuffs-89"
    },
    {
      "subject_id": "NE-ORGANIZATION-Bandeira-Unit",
      "relation": "is in",
      "object_id": "ae1a2359-6ac6-4b39-9948-774de2ff206e-turn-57"
    },
    {
      "subject_id": "ae1a2359-6ac6-4b39-9948-774de2ff206e-nosean-21-phonolite-23-dykes-33",
      "relation": "is with",
      "object_id": "ae1a2359-6ac6-4b39-9948-774de2ff206e-clinopyroxene-35"
    },
    {
      "subject_id": "ae1a2359-6ac6-4b39-9948-774de2ff206e-Archipelago-2",
      "relation": "is",
      "object_id": "ae1a2359-6ac6-4b39-9948-774de2ff206e-divided-4"
    },
    {
      "subject_id": "NE-ORGANIZATION-Bandeira-Units",
      "relation": "have",
      "object_id": "ae1a2359-6ac6-4b39-9948-774de2ff206e-cores-14"
    },
    {
      "subject_id": "ae1a2359-6ac6-4b39-9948-774de2ff206e-cores-14",
      "relation": "is",
      "object_id": "ae1a2359-6ac6-4b39-9948-774de2ff206e-green-13"
    },
    {
      "subject_id": "ae1a2359-6ac6-4b39-9948-774de2ff206e-das-6",
      "relation": "have",
      "object_id": "ae1a2359-6ac6-4b39-9948-774de2ff206e-cores-14"
    },
    {
      "subject_id": "ae1a2359-6ac6-4b39-9948-774de2ff206e-das-6",
      "relation": "of",
      "object_id": "NE-LOCATION-Pico"
    },
    {
      "subject_id": "ae1a2359-6ac6-4b39-9948-774de2ff206e-cores-14",
      "relation": "is",
      "object_id": "ae1a2359-6ac6-4b39-9948-774de2ff206e-anhedral-12"
    },
    {
      "subject_id": "ae1a2359-6ac6-4b39-9948-774de2ff206e-Gaivotas-7",
      "relation": "have",
      "object_id": "ae1a2359-6ac6-4b39-9948-774de2ff206e-cores-14"
    },
    {
      "subject_id": "ae1a2359-6ac6-4b39-9948-774de2ff206e-primitive-47-rich-50-magma-51-input-52",
      "relation": "is in",
      "object_id": "ae1a2359-6ac6-4b39-9948-774de2ff206e-magmatic-55-chamber-56"
    },
    {
      "subject_id": "ae1a2359-6ac6-4b39-9948-774de2ff206e-study-2",
      "relation": "provides",
      "object_id": "ae1a2359-6ac6-4b39-9948-774de2ff206e-mineral-4-chemistry-5-data-6"
    },
    {
      "subject_id": "ae1a2359-6ac6-4b39-9948-774de2ff206e-mineral-4-chemistry-5-data-6",
      "relation": "is",
      "object_id": "ae1a2359-6ac6-4b39-9948-774de2ff206e-indicating-7"
    },
    {
      "subject_id": "ae1a2359-6ac6-4b39-9948-774de2ff206e-clinopyroxene-9-rims-10",
      "relation": "are",
      "object_id": "ae1a2359-6ac6-4b39-9948-774de2ff206e-primitive-13"
    },
    {
      "subject_id": "ae1a2359-6ac6-4b39-9948-774de2ff206e-primitive-13",
      "relation": "at",
      "object_id": "ae1a2359-6ac6-4b39-9948-774de2ff206e-more-12"
    },
    {
      "subject_id": "ae1a2359-6ac6-4b39-9948-774de2ff206e-crystals-21",
      "relation": "have",
      "object_id": "ae1a2359-6ac6-4b39-9948-774de2ff206e-origin-25"
    },
    {
      "subject_id": "ae1a2359-6ac6-4b39-9948-774de2ff206e-crystals-21",
      "relation": "xenocrystic origin from",
      "object_id": "ae1a2359-6ac6-4b39-9948-774de2ff206e-mantle-27-source-29"
    },
    {
      "subject_id": "ae1a2359-6ac6-4b39-9948-774de2ff206e-crystals-21",
      "relation": "have",
      "object_id": "ae1a2359-6ac6-4b39-9948-774de2ff206e-mantle-27-source-29"
    },
    {
      "subject_id": "ae1a2359-6ac6-4b39-9948-774de2ff206e-mantle-27-source-29",
      "relation": "is",
      "object_id": "ae1a2359-6ac6-4b39-9948-774de2ff206e-origin-25"
    },
    {
      "subject_id": "ae1a2359-6ac6-4b39-9948-774de2ff206e-crystals-21",
      "relation": "origin from",
      "object_id": "ae1a2359-6ac6-4b39-9948-774de2ff206e-mantle-27-source-29"
    },
    {
      "subject_id": "ae1a2359-6ac6-4b39-9948-774de2ff206e-mantle-27-source-29",
      "relation": "is",
      "object_id": "ae1a2359-6ac6-4b39-9948-774de2ff206e-peridotitic-28"
    },
    {
      "subject_id": "ae1a2359-6ac6-4b39-9948-774de2ff206e-origin-25",
      "relation": "is",
      "object_id": "ae1a2359-6ac6-4b39-9948-774de2ff206e-xenocrystic-24"
    },
    {
      "subject_id": "ae1a2359-6ac6-4b39-9948-774de2ff206e-Clinopyroxene-1-geothermobarometry-2-data-3",
      "relation": "reflecting",
      "object_id": "ae1a2359-6ac6-4b39-9948-774de2ff206e-history-21"
    },
    {
      "subject_id": "ae1a2359-6ac6-4b39-9948-774de2ff206e-history-21",
      "relation": "is",
      "object_id": "ae1a2359-6ac6-4b39-9948-774de2ff206e-polybaric-19"
    },
    {
      "subject_id": "ae1a2359-6ac6-4b39-9948-774de2ff206e-history-21",
      "relation": "is",
      "object_id": "ae1a2359-6ac6-4b39-9948-774de2ff206e-evolutionary-20"
    },
    {
      "subject_id": "ae1a2359-6ac6-4b39-9948-774de2ff206e-Clinopyroxene-1-geothermobarometry-2-data-3",
      "relation": "suggest",
      "object_id": "ae1a2359-6ac6-4b39-9948-774de2ff206e-pressure-6"
    },
    {
      "subject_id": "ae1a2359-6ac6-4b39-9948-774de2ff206e-pressure-6",
      "relation": "of",
      "object_id": "ae1a2359-6ac6-4b39-9948-774de2ff206e-cores-11"
    },
    {
      "subject_id": "ae1a2359-6ac6-4b39-9948-774de2ff206e-Clinopyroxene-1-geothermobarometry-2-data-3",
      "relation": "suggest pressure during",
      "object_id": "ae1a2359-6ac6-4b39-9948-774de2ff206e-crystallization-15"
    },
    {
      "subject_id": "ae1a2359-6ac6-4b39-9948-774de2ff206e-pressure-6",
      "relation": "is",
      "object_id": "ae1a2359-6ac6-4b39-9948-774de2ff206e-different-5"
    },
    {
      "subject_id": "ae1a2359-6ac6-4b39-9948-774de2ff206e-Gaivotas-3-Unit-4-clinopyroxene-5-phenocrysts-6",
      "relation": "suggest",
      "object_id": "ae1a2359-6ac6-4b39-9948-774de2ff206e-pressure-12-environment-13"
    },
    {
      "subject_id": "ae1a2359-6ac6-4b39-9948-774de2ff206e-pressure-12-environment-13",
      "relation": "at",
      "object_id": "ae1a2359-6ac6-4b39-9948-774de2ff206e-particularly-9"
    },
    {
      "subject_id": "ae1a2359-6ac6-4b39-9948-774de2ff206e-pressure-12-environment-13",
      "relation": "is",
      "object_id": "ae1a2359-6ac6-4b39-9948-774de2ff206e-higher-10"
    }
  ],
  "links": {
    "NE-PERSON-Martin-Vaz-Archipelago": [],
    "ae1a2359-6ac6-4b39-9948-774de2ff206e-composed-22": [],
    "ae1a2359-6ac6-4b39-9948-774de2ff206e-20-9-°-10-S-11": [],
    "ae1a2359-6ac6-4b39-9948-774de2ff206e-located-5": [],
    "ae1a2359-6ac6-4b39-9948-774de2ff206e-Plio-24-Pleistocenic-26-alkaline-27-rocks-28": [],
    "ae1a2359-6ac6-4b39-9948-774de2ff206e-parallel-8": [],
    "ae1a2359-6ac6-4b39-9948-774de2ff206e-Unit-79": [],
    "ae1a2359-6ac6-4b39-9948-774de2ff206e-deposits-87": [],
    "ae1a2359-6ac6-4b39-9948-774de2ff206e-pyroclastic-86": [],
    "ae1a2359-6ac6-4b39-9948-774de2ff206e-tuffs-89": [],
    "ae1a2359-6ac6-4b39-9948-774de2ff206e-Archipelago-2": [],
    "ae1a2359-6ac6-4b39-9948-774de2ff206e-three-6-units-8": [],
    "ae1a2359-6ac6-4b39-9948-774de2ff206e-main-7": [],
    "ae1a2359-6ac6-4b39-9948-774de2ff206e-composed-84": [],
    "ae1a2359-6ac6-4b39-9948-774de2ff206e-Basal-78": [],
    "ae1a2359-6ac6-4b39-9948-774de2ff206e-lava-63": [],
    "ae1a2359-6ac6-4b39-9948-774de2ff206e-olivine-66": [],
    "ae1a2359-6ac6-4b39-9948-774de2ff206e-melanephelinitic-60": [],
    "ae1a2359-6ac6-4b39-9948-774de2ff206e-lastly-75": [],
    "ae1a2359-6ac6-4b39-9948-774de2ff206e-Pico-10": [],
    "ae1a2359-6ac6-4b39-9948-774de2ff206e-Gaivotas-12-Unit-13": [],
    "NE-ORGANIZATION-Bandeira-Unit": [],
    "ae1a2359-6ac6-4b39-9948-774de2ff206e-turn-57": [],
    "ae1a2359-6ac6-4b39-9948-774de2ff206e-nosean-21-phonolite-23-dykes-33": [],
    "ae1a2359-6ac6-4b39-9948-774de2ff206e-clinopyroxene-35": [],
    "ae1a2359-6ac6-4b39-9948-774de2ff206e-divided-4": [],
    "NE-ORGANIZATION-Bandeira-Units": [],
    "ae1a2359-6ac6-4b39-9948-774de2ff206e-cores-14": [],
    "ae1a2359-6ac6-4b39-9948-774de2ff206e-green-13": [],
    "ae1a2359-6ac6-4b39-9948-774de2ff206e-das-6": [],
    "NE-LOCATION-Pico": [],
    "ae1a2359-6ac6-4b39-9948-774de2ff206e-anhedral-12": [],
    "ae1a2359-6ac6-4b39-9948-774de2ff206e-Gaivotas-7": [],
    "ae1a2359-6ac6-4b39-9948-774de2ff206e-primitive-47-rich-50-magma-51-input-52": [],
    "ae1a2359-6ac6-4b39-9948-774de2ff206e-magmatic-55-chamber-56": [],
    "ae1a2359-6ac6-4b39-9948-774de2ff206e-study-2": [],
    "ae1a2359-6ac6-4b39-9948-774de2ff206e-mineral-4-chemistry-5-data-6": [],
    "ae1a2359-6ac6-4b39-9948-774de2ff206e-indicating-7": [],
    "ae1a2359-6ac6-4b39-9948-774de2ff206e-clinopyroxene-9-rims-10": [],
    "ae1a2359-6ac6-4b39-9948-774de2ff206e-primitive-13": [],
    "ae1a2359-6ac6-4b39-9948-774de2ff206e-more-12": [],
    "ae1a2359-6ac6-4b39-9948-774de2ff206e-crystals-21": [],
    "ae1a2359-6ac6-4b39-9948-774de2ff206e-origin-25": [],
    "ae1a2359-6ac6-4b39-9948-774de2ff206e-mantle-27-source-29": [],
    "ae1a2359-6ac6-4b39-9948-774de2ff206e-peridotitic-28": [],
    "ae1a2359-6ac6-4b39-9948-774de2ff206e-xenocrystic-24": [],
    "ae1a2359-6ac6-4b39-9948-774de2ff206e-Clinopyroxene-1-geothermobarometry-2-data-3": [],
    "ae1a2359-6ac6-4b39-9948-774de2ff206e-history-21": [],
    "ae1a2359-6ac6-4b39-9948-774de2ff206e-polybaric-19": [],
    "ae1a2359-6ac6-4b39-9948-774de2ff206e-evolutionary-20": [],
    "ae1a2359-6ac6-4b39-9948-774de2ff206e-pressure-6": [],
    "ae1a2359-6ac6-4b39-9948-774de2ff206e-cores-11": [],
    "ae1a2359-6ac6-4b39-9948-774de2ff206e-crystallization-15": [],
    "ae1a2359-6ac6-4b39-9948-774de2ff206e-different-5": [],
    "ae1a2359-6ac6-4b39-9948-774de2ff206e-Gaivotas-3-Unit-4-clinopyroxene-5-phenocrysts-6": [],
    "ae1a2359-6ac6-4b39-9948-774de2ff206e-pressure-12-environment-13": [],
    "ae1a2359-6ac6-4b39-9948-774de2ff206e-particularly-9": [],
    "ae1a2359-6ac6-4b39-9948-774de2ff206e-higher-10": []
  }
}