{
  "document": "D:/Projetos/PIRA_KG/documents/onu_85089245637.txt",
  "entities": {
    "9f8de688-62c3-412d-a7f9-3b51ca170748-carbonate-24-reservoirs-25": "carbonate reservoirs",
    "9f8de688-62c3-412d-a7f9-3b51ca170748-time-33-lapse-35-analysis-37": "time lapse analysis",
    "9f8de688-62c3-412d-a7f9-3b51ca170748-presalt-23": "presalt",
    "9f8de688-62c3-412d-a7f9-3b51ca170748-seismic-36": "seismic",
    "9f8de688-62c3-412d-a7f9-3b51ca170748-candidates-31": "candidates",
    "NE-DATE-now": "now",
    "9f8de688-62c3-412d-a7f9-3b51ca170748-their-2-initial-3-discovery-4": "their initial discovery",
    "NE-DATE-2006": "2006",
    "9f8de688-62c3-412d-a7f9-3b51ca170748-we-3": "we",
    "9f8de688-62c3-412d-a7f9-3b51ca170748-4D-7-feasibility-8-study-9": "4D feasibility study",
    "9f8de688-62c3-412d-a7f9-3b51ca170748-well-15": "well",
    "NE-NATIONALITY-Brazilian": "Brazilian",
    "9f8de688-62c3-412d-a7f9-3b51ca170748-presalt-13-reservoir-14-well-15": "presalt reservoir well",
    "9f8de688-62c3-412d-a7f9-3b51ca170748-presalt-13": "presalt",
    "9f8de688-62c3-412d-a7f9-3b51ca170748-reservoir-14": "reservoir",
    "9f8de688-62c3-412d-a7f9-3b51ca170748-two-3-models-5": "two models",
    "9f8de688-62c3-412d-a7f9-3b51ca170748-impedance-10": "impedance",
    "9f8de688-62c3-412d-a7f9-3b51ca170748-petroelastic-4": "petroelastic",
    "9f8de688-62c3-412d-a7f9-3b51ca170748-acoustic-9": "acoustic",
    "9f8de688-62c3-412d-a7f9-3b51ca170748-latter-17": "latter",
    "9f8de688-62c3-412d-a7f9-3b51ca170748-rock-24": "rock",
    "9f8de688-62c3-412d-a7f9-3b51ca170748-pore-20-geometry-21": "pore geometry",
    "9f8de688-62c3-412d-a7f9-3b51ca170748-rock-24-equations-27": "rock equations",
    "9f8de688-62c3-412d-a7f9-3b51ca170748-models-12": "models",
    "NE-PERSON-Gassmann": "Gassmann",
    "9f8de688-62c3-412d-a7f9-3b51ca170748-this-2": "this",
    "9f8de688-62c3-412d-a7f9-3b51ca170748-its-26-equations-27": "its equations",
    "9f8de688-62c3-412d-a7f9-3b51ca170748-changes-8": "changes",
    "9f8de688-62c3-412d-a7f9-3b51ca170748-similar-15": "similar",
    "9f8de688-62c3-412d-a7f9-3b51ca170748-very-14": "very",
    "9f8de688-62c3-412d-a7f9-3b51ca170748-carbonate-26": "carbonate",
    "NE-TITLE-model": "model",
    "9f8de688-62c3-412d-a7f9-3b51ca170748-pressure-10": "pressure",
    "9f8de688-62c3-412d-a7f9-3b51ca170748-changes-27": "changes",
    "9f8de688-62c3-412d-a7f9-3b51ca170748-microbialite-30": "microbialite",
    "9f8de688-62c3-412d-a7f9-3b51ca170748-some-21": "some",
    "9f8de688-62c3-412d-a7f9-3b51ca170748-detectability-25": "detectability",
    "9f8de688-62c3-412d-a7f9-3b51ca170748-analysis-2": "analysis"
  },
  "graph": [
    {
      "subject_id": "9f8de688-62c3-412d-a7f9-3b51ca170748-carbonate-24-reservoirs-25",
      "relation": "are now candidates for",
      "object_id": "9f8de688-62c3-412d-a7f9-3b51ca170748-time-33-lapse-35-analysis-37"
    },
    {
      "subject_id": "9f8de688-62c3-412d-a7f9-3b51ca170748-carbonate-24-reservoirs-25",
      "relation": "is",
      "object_id": "9f8de688-62c3-412d-a7f9-3b51ca170748-presalt-23"
    },
    {
      "subject_id": "9f8de688-62c3-412d-a7f9-3b51ca170748-carbonate-24-reservoirs-25",
      "relation": "are candidates for",
      "object_id": "9f8de688-62c3-412d-a7f9-3b51ca170748-time-33-lapse-35-analysis-37"
    },
    {
      "subject_id": "9f8de688-62c3-412d-a7f9-3b51ca170748-time-33-lapse-35-analysis-37",
      "relation": "is",
      "object_id": "9f8de688-62c3-412d-a7f9-3b51ca170748-seismic-36"
    },
    {
      "subject_id": "9f8de688-62c3-412d-a7f9-3b51ca170748-carbonate-24-reservoirs-25",
      "relation": "are",
      "object_id": "9f8de688-62c3-412d-a7f9-3b51ca170748-candidates-31"
    },
    {
      "subject_id": "9f8de688-62c3-412d-a7f9-3b51ca170748-candidates-31",
      "relation": "at",
      "object_id": "NE-DATE-now"
    },
    {
      "subject_id": "9f8de688-62c3-412d-a7f9-3b51ca170748-their-2-initial-3-discovery-4",
      "relation": "is in",
      "object_id": "NE-DATE-2006"
    },
    {
      "subject_id": "9f8de688-62c3-412d-a7f9-3b51ca170748-we-3",
      "relation": "have conducted",
      "object_id": "9f8de688-62c3-412d-a7f9-3b51ca170748-4D-7-feasibility-8-study-9"
    },
    {
      "subject_id": "9f8de688-62c3-412d-a7f9-3b51ca170748-4D-7-feasibility-8-study-9",
      "relation": "at",
      "object_id": "9f8de688-62c3-412d-a7f9-3b51ca170748-well-15"
    },
    {
      "subject_id": "9f8de688-62c3-412d-a7f9-3b51ca170748-we-3",
      "relation": "Therefore have conducted",
      "object_id": "9f8de688-62c3-412d-a7f9-3b51ca170748-4D-7-feasibility-8-study-9"
    },
    {
      "subject_id": "9f8de688-62c3-412d-a7f9-3b51ca170748-4D-7-feasibility-8-study-9",
      "relation": "is",
      "object_id": "NE-NATIONALITY-Brazilian"
    },
    {
      "subject_id": "9f8de688-62c3-412d-a7f9-3b51ca170748-4D-7-feasibility-8-study-9",
      "relation": "is in",
      "object_id": "9f8de688-62c3-412d-a7f9-3b51ca170748-presalt-13-reservoir-14-well-15"
    },
    {
      "subject_id": "9f8de688-62c3-412d-a7f9-3b51ca170748-presalt-13-reservoir-14-well-15",
      "relation": "is",
      "object_id": "NE-NATIONALITY-Brazilian"
    },
    {
      "subject_id": "9f8de688-62c3-412d-a7f9-3b51ca170748-4D-7-feasibility-8-study-9",
      "relation": "is",
      "object_id": "9f8de688-62c3-412d-a7f9-3b51ca170748-presalt-13"
    },
    {
      "subject_id": "9f8de688-62c3-412d-a7f9-3b51ca170748-4D-7-feasibility-8-study-9",
      "relation": "of",
      "object_id": "9f8de688-62c3-412d-a7f9-3b51ca170748-reservoir-14"
    },
    {
      "subject_id": "9f8de688-62c3-412d-a7f9-3b51ca170748-4D-7-feasibility-8-study-9",
      "relation": "of",
      "object_id": "9f8de688-62c3-412d-a7f9-3b51ca170748-presalt-13-reservoir-14-well-15"
    },
    {
      "subject_id": "9f8de688-62c3-412d-a7f9-3b51ca170748-we-3",
      "relation": "evaluated",
      "object_id": "9f8de688-62c3-412d-a7f9-3b51ca170748-two-3-models-5"
    },
    {
      "subject_id": "9f8de688-62c3-412d-a7f9-3b51ca170748-two-3-models-5",
      "relation": "obtain",
      "object_id": "9f8de688-62c3-412d-a7f9-3b51ca170748-impedance-10"
    },
    {
      "subject_id": "9f8de688-62c3-412d-a7f9-3b51ca170748-two-3-models-5",
      "relation": "is",
      "object_id": "9f8de688-62c3-412d-a7f9-3b51ca170748-petroelastic-4"
    },
    {
      "subject_id": "9f8de688-62c3-412d-a7f9-3b51ca170748-impedance-10",
      "relation": "is",
      "object_id": "9f8de688-62c3-412d-a7f9-3b51ca170748-acoustic-9"
    },
    {
      "subject_id": "9f8de688-62c3-412d-a7f9-3b51ca170748-latter-17",
      "relation": "considers",
      "object_id": "9f8de688-62c3-412d-a7f9-3b51ca170748-rock-24"
    },
    {
      "subject_id": "9f8de688-62c3-412d-a7f9-3b51ca170748-rock-24",
      "relation": "of",
      "object_id": "9f8de688-62c3-412d-a7f9-3b51ca170748-pore-20-geometry-21"
    },
    {
      "subject_id": "9f8de688-62c3-412d-a7f9-3b51ca170748-latter-17",
      "relation": "considers",
      "object_id": "9f8de688-62c3-412d-a7f9-3b51ca170748-rock-24-equations-27"
    },
    {
      "subject_id": "9f8de688-62c3-412d-a7f9-3b51ca170748-rock-24-equations-27",
      "relation": "of",
      "object_id": "9f8de688-62c3-412d-a7f9-3b51ca170748-rock-24"
    },
    {
      "subject_id": "9f8de688-62c3-412d-a7f9-3b51ca170748-we-3",
      "relation": "used",
      "object_id": "9f8de688-62c3-412d-a7f9-3b51ca170748-models-12"
    },
    {
      "subject_id": "9f8de688-62c3-412d-a7f9-3b51ca170748-models-12",
      "relation": "of",
      "object_id": "NE-PERSON-Gassmann"
    },
    {
      "subject_id": "9f8de688-62c3-412d-a7f9-3b51ca170748-we-3",
      "relation": "used Gassmann models For",
      "object_id": "9f8de688-62c3-412d-a7f9-3b51ca170748-this-2"
    },
    {
      "subject_id": "9f8de688-62c3-412d-a7f9-3b51ca170748-pore-20-geometry-21",
      "relation": "is in",
      "object_id": "9f8de688-62c3-412d-a7f9-3b51ca170748-its-26-equations-27"
    },
    {
      "subject_id": "9f8de688-62c3-412d-a7f9-3b51ca170748-rock-24-equations-27",
      "relation": "of",
      "object_id": "9f8de688-62c3-412d-a7f9-3b51ca170748-pore-20-geometry-21"
    },
    {
      "subject_id": "9f8de688-62c3-412d-a7f9-3b51ca170748-changes-8",
      "relation": "are",
      "object_id": "9f8de688-62c3-412d-a7f9-3b51ca170748-similar-15"
    },
    {
      "subject_id": "9f8de688-62c3-412d-a7f9-3b51ca170748-similar-15",
      "relation": "at",
      "object_id": "9f8de688-62c3-412d-a7f9-3b51ca170748-very-14"
    },
    {
      "subject_id": "9f8de688-62c3-412d-a7f9-3b51ca170748-rock-24",
      "relation": "can conclude",
      "object_id": "9f8de688-62c3-412d-a7f9-3b51ca170748-carbonate-26"
    },
    {
      "subject_id": "9f8de688-62c3-412d-a7f9-3b51ca170748-rock-24",
      "relation": "being",
      "object_id": "9f8de688-62c3-412d-a7f9-3b51ca170748-carbonate-26"
    },
    {
      "subject_id": "NE-PERSON-Gassmann",
      "relation": "of",
      "object_id": "NE-TITLE-model"
    },
    {
      "subject_id": "9f8de688-62c3-412d-a7f9-3b51ca170748-changes-8",
      "relation": "is in",
      "object_id": "9f8de688-62c3-412d-a7f9-3b51ca170748-pressure-10"
    },
    {
      "subject_id": "9f8de688-62c3-412d-a7f9-3b51ca170748-changes-27",
      "relation": "is in",
      "object_id": "9f8de688-62c3-412d-a7f9-3b51ca170748-microbialite-30"
    },
    {
      "subject_id": "9f8de688-62c3-412d-a7f9-3b51ca170748-some-21",
      "relation": "detectability of",
      "object_id": "9f8de688-62c3-412d-a7f9-3b51ca170748-changes-27"
    },
    {
      "subject_id": "9f8de688-62c3-412d-a7f9-3b51ca170748-some-21",
      "relation": "presented",
      "object_id": "9f8de688-62c3-412d-a7f9-3b51ca170748-detectability-25"
    },
    {
      "subject_id": "9f8de688-62c3-412d-a7f9-3b51ca170748-detectability-25",
      "relation": "of",
      "object_id": "9f8de688-62c3-412d-a7f9-3b51ca170748-changes-27"
    },
    {
      "subject_id": "9f8de688-62c3-412d-a7f9-3b51ca170748-analysis-2",
      "relation": "provided",
      "object_id": "9f8de688-62c3-412d-a7f9-3b51ca170748-we-3"
    }
  ],
  "links": {
    "9f8de688-62c3-412d-a7f9-3b51ca170748-carbonate-24-reservoirs-25": [],
    "9f8de688-62c3-412d-a7f9-3b51ca170748-time-33-lapse-35-analysis-37": [],
    "9f8de688-62c3-412d-a7f9-3b51ca170748-presalt-23": [],
    "9f8de688-62c3-412d-a7f9-3b51ca170748-seismic-36": [],
    "9f8de688-62c3-412d-a7f9-3b51ca170748-candidates-31": [],
    "NE-DATE-now": [],
    "9f8de688-62c3-412d-a7f9-3b51ca170748-their-2-initial-3-discovery-4": [],
    "NE-DATE-2006": [],
    "9f8de688-62c3-412d-a7f9-3b51ca170748-we-3": [],
    "9f8de688-62c3-412d-a7f9-3b51ca170748-4D-7-feasibility-8-study-9": [],
    "9f8de688-62c3-412d-a7f9-3b51ca170748-well-15": [],
    "NE-NATIONALITY-Brazilian": [],
    "9f8de688-62c3-412d-a7f9-3b51ca170748-presalt-13-reservoir-14-well-15": [],
    "9f8de688-62c3-412d-a7f9-3b51ca170748-presalt-13": [],
    "9f8de688-62c3-412d-a7f9-3b51ca170748-reservoir-14": [],
    "9f8de688-62c3-412d-a7f9-3b51ca170748-two-3-models-5": [],
    "9f8de688-62c3-412d-a7f9-3b51ca170748-impedance-10": [],
    "9f8de688-62c3-412d-a7f9-3b51ca170748-petroelastic-4": [],
    "9f8de688-62c3-412d-a7f9-3b51ca170748-acoustic-9": [],
    "9f8de688-62c3-412d-a7f9-3b51ca170748-latter-17": [],
    "9f8de688-62c3-412d-a7f9-3b51ca170748-rock-24": [],
    "9f8de688-62c3-412d-a7f9-3b51ca170748-pore-20-geometry-21": [],
    "9f8de688-62c3-412d-a7f9-3b51ca170748-rock-24-equations-27": [],
    "9f8de688-62c3-412d-a7f9-3b51ca170748-models-12": [],
    "NE-PERSON-Gassmann": [],
    "9f8de688-62c3-412d-a7f9-3b51ca170748-this-2": [],
    "9f8de688-62c3-412d-a7f9-3b51ca170748-its-26-equations-27": [],
    "9f8de688-62c3-412d-a7f9-3b51ca170748-changes-8": [],
    "9f8de688-62c3-412d-a7f9-3b51ca170748-similar-15": [],
    "9f8de688-62c3-412d-a7f9-3b51ca170748-very-14": [],
    "9f8de688-62c3-412d-a7f9-3b51ca170748-carbonate-26": [],
    "NE-TITLE-model": [],
    "9f8de688-62c3-412d-a7f9-3b51ca170748-pressure-10": [],
    "9f8de688-62c3-412d-a7f9-3b51ca170748-changes-27": [],
    "9f8de688-62c3-412d-a7f9-3b51ca170748-microbialite-30": [],
    "9f8de688-62c3-412d-a7f9-3b51ca170748-some-21": [],
    "9f8de688-62c3-412d-a7f9-3b51ca170748-detectability-25": [],
    "9f8de688-62c3-412d-a7f9-3b51ca170748-analysis-2": []
  }
}