{
  "document": "D:/Projetos/PIRA_KG/documents/onu_2342623297.txt",
  "entities": {
    "f25f6215-5192-4162-b2e7-5bee2a7f90d8-discussion-2": "discussion",
    "f25f6215-5192-4162-b2e7-5bee2a7f90d8-three-5-PROCAP-7-programs-8": "three PROCAP programs",
    "f25f6215-5192-4162-b2e7-5bee2a7f90d8-consecutive-6": "consecutive",
    "NE-ORGANIZATION-Petrobras": "Petrobras",
    "f25f6215-5192-4162-b2e7-5bee2a7f90d8-exploitation-15": "exploitation",
    "f25f6215-5192-4162-b2e7-5bee2a7f90d8-owned-9": "owned",
    "f25f6215-5192-4162-b2e7-5bee2a7f90d8-ultra-17-waters-19": "ultra waters",
    "f25f6215-5192-4162-b2e7-5bee2a7f90d8-deep-18": "deep",
    "f25f6215-5192-4162-b2e7-5bee2a7f90d8-engineering-4-programs-5": "engineering programs",
    "f25f6215-5192-4162-b2e7-5bee2a7f90d8-configuration-3": "configuration",
    "f25f6215-5192-4162-b2e7-5bee2a7f90d8-described-15": "described",
    "NE-DATE-present": "present",
    "f25f6215-5192-4162-b2e7-5bee2a7f90d8-details-9-of-10-program-12-systemics-13": "details of program systemics",
    "f25f6215-5192-4162-b2e7-5bee2a7f90d8-focus-24": "focus",
    "f25f6215-5192-4162-b2e7-5bee2a7f90d8-oil-31": "oil",
    "f25f6215-5192-4162-b2e7-5bee2a7f90d8-topics-2": "topics",
    "f25f6215-5192-4162-b2e7-5bee2a7f90d8-potential-6": "potential",
    "f25f6215-5192-4162-b2e7-5bee2a7f90d8-its-54-association-55": "its association",
    "f25f6215-5192-4162-b2e7-5bee2a7f90d8-industry-57": "industry",
    "f25f6215-5192-4162-b2e7-5bee2a7f90d8-waters-28": "waters",
    "f25f6215-5192-4162-b2e7-5bee2a7f90d8-deep-27": "deep",
    "f25f6215-5192-4162-b2e7-5bee2a7f90d8-gas-33": "gas",
    "f25f6215-5192-4162-b2e7-5bee2a7f90d8-deep-16-waters-17": "deep waters",
    "f25f6215-5192-4162-b2e7-5bee2a7f90d8-success-36": "success",
    "f25f6215-5192-4162-b2e7-5bee2a7f90d8-oil-11": "oil",
    "f25f6215-5192-4162-b2e7-5bee2a7f90d8-motivation-22": "motivation",
    "f25f6215-5192-4162-b2e7-5bee2a7f90d8-sub-97-sea-98-system-99": "sub sea system",
    "f25f6215-5192-4162-b2e7-5bee2a7f90d8-oil-117": "oil",
    "NE-COUNTRY-Brazil": "Brazil",
    "f25f6215-5192-4162-b2e7-5bee2a7f90d8-resources-9": "resources",
    "f25f6215-5192-4162-b2e7-5bee2a7f90d8-waters-17": "waters",
    "f25f6215-5192-4162-b2e7-5bee2a7f90d8-deep-16": "deep",
    "f25f6215-5192-4162-b2e7-5bee2a7f90d8-water-115": "water",
    "f25f6215-5192-4162-b2e7-5bee2a7f90d8-PROCAP1000-1": "PROCAP1000",
    "f25f6215-5192-4162-b2e7-5bee2a7f90d8-depths-13": "depths",
    "f25f6215-5192-4162-b2e7-5bee2a7f90d8-active-3": "active",
    "NE-DATE-1000": "1000",
    "f25f6215-5192-4162-b2e7-5bee2a7f90d8-m.-16-PROCAP-17-2000-19": "m. PROCAP 2000",
    "f25f6215-5192-4162-b2e7-5bee2a7f90d8-exploitation-11": "exploitation",
    "f25f6215-5192-4162-b2e7-5bee2a7f90d8-program-5": "program",
    "f25f6215-5192-4162-b2e7-5bee2a7f90d8-depths-15": "depths",
    "NE-DATE-3000": "3000",
    "f25f6215-5192-4162-b2e7-5bee2a7f90d8-m-18": "m",
    "f25f6215-5192-4162-b2e7-5bee2a7f90d8-active-7": "active",
    "f25f6215-5192-4162-b2e7-5bee2a7f90d8-world-6": "world",
    "f25f6215-5192-4162-b2e7-5bee2a7f90d8-intelligent-9-submarine-10-system-11": "intelligent submarine system",
    "NE-ORDINAL-first": "first",
    "f25f6215-5192-4162-b2e7-5bee2a7f90d8-Petróbras-2-installation-3": "Petróbras installation",
    "f25f6215-5192-4162-b2e7-5bee2a7f90d8-described-24": "described",
    "f25f6215-5192-4162-b2e7-5bee2a7f90d8-Petróbras-1": "Petróbras",
    "f25f6215-5192-4162-b2e7-5bee2a7f90d8-InCode-4-software-5": "InCode software",
    "f25f6215-5192-4162-b2e7-5bee2a7f90d8-equipment-13": "equipment",
    "f25f6215-5192-4162-b2e7-5bee2a7f90d8-well-12": "well",
    "NE-ORGANIZATION-Baker-Oil-Tools": "Baker Oil Tools",
    "f25f6215-5192-4162-b2e7-5bee2a7f90d8-installation-2": "installation",
    "f25f6215-5192-4162-b2e7-5bee2a7f90d8-deep-6-water-7": "deep water",
    "NE-LOCATION-Atlas": "Atlas",
    "NE-CITY-Baker": "Baker",
    "f25f6215-5192-4162-b2e7-5bee2a7f90d8-5-13-yr-15-development-16-project-17": "5 yr development project",
    "f25f6215-5192-4162-b2e7-5bee2a7f90d8-culmination-10": "culmination",
    "f25f6215-5192-4162-b2e7-5bee2a7f90d8-participation-19": "participation",
    "f25f6215-5192-4162-b2e7-5bee2a7f90d8-11,000-6-million-7-boe-8": "11,000 million boe",
    "f25f6215-5192-4162-b2e7-5bee2a7f90d8-proven-10-reserves-11": "proven reserves",
    "f25f6215-5192-4162-b2e7-5bee2a7f90d8-Petróbras-4": "Petróbras",
    "f25f6215-5192-4162-b2e7-5bee2a7f90d8-reserves-11": "reserves",
    "f25f6215-5192-4162-b2e7-5bee2a7f90d8-reserves-2": "reserves",
    "NE-PERCENT-11%": "11 %",
    "f25f6215-5192-4162-b2e7-5bee2a7f90d8-only-6": "only",
    "f25f6215-5192-4162-b2e7-5bee2a7f90d8-total-11": "total",
    "f25f6215-5192-4162-b2e7-5bee2a7f90d8-%-6": "%",
    "f25f6215-5192-4162-b2e7-5bee2a7f90d8-waters-9": "waters",
    "f25f6215-5192-4162-b2e7-5bee2a7f90d8-76-5": "76",
    "f25f6215-5192-4162-b2e7-5bee2a7f90d8-rest-3": "rest",
    "f25f6215-5192-4162-b2e7-5bee2a7f90d8-examination-5": "examination",
    "f25f6215-5192-4162-b2e7-5bee2a7f90d8-production-8": "production",
    "f25f6215-5192-4162-b2e7-5bee2a7f90d8-tabulation-54": "tabulation",
    "f25f6215-5192-4162-b2e7-5bee2a7f90d8-various-62-areas-63": "various areas",
    "f25f6215-5192-4162-b2e7-5bee2a7f90d8-LNG-67": "LNG",
    "f25f6215-5192-4162-b2e7-5bee2a7f90d8-statistical-4": "statistical",
    "f25f6215-5192-4162-b2e7-5bee2a7f90d8-flow-23-rates-24": "flow rates",
    "f25f6215-5192-4162-b2e7-5bee2a7f90d8-barrels-28": "barrels",
    "NE-DURATION-day": "day",
    "NE-PERSON-Petróbras": "Petróbras",
    "f25f6215-5192-4162-b2e7-5bee2a7f90d8-oil-10": "oil",
    "f25f6215-5192-4162-b2e7-5bee2a7f90d8-mixture-32": "mixture",
    "f25f6215-5192-4162-b2e7-5bee2a7f90d8-barrels-45": "barrels",
    "NE-DATE-3/14/2003": "3/14/2003",
    "f25f6215-5192-4162-b2e7-5bee2a7f90d8-oil-49": "oil"
  },
  "graph": [
    {
      "subject_id": "f25f6215-5192-4162-b2e7-5bee2a7f90d8-discussion-2",
      "relation": "covers",
      "object_id": "f25f6215-5192-4162-b2e7-5bee2a7f90d8-three-5-PROCAP-7-programs-8"
    },
    {
      "subject_id": "f25f6215-5192-4162-b2e7-5bee2a7f90d8-three-5-PROCAP-7-programs-8",
      "relation": "is",
      "object_id": "f25f6215-5192-4162-b2e7-5bee2a7f90d8-consecutive-6"
    },
    {
      "subject_id": "NE-ORGANIZATION-Petrobras",
      "relation": "developed with",
      "object_id": "f25f6215-5192-4162-b2e7-5bee2a7f90d8-exploitation-15"
    },
    {
      "subject_id": "NE-ORGANIZATION-Petrobras",
      "relation": "is",
      "object_id": "f25f6215-5192-4162-b2e7-5bee2a7f90d8-owned-9"
    },
    {
      "subject_id": "NE-ORGANIZATION-Petrobras",
      "relation": "developed in",
      "object_id": "f25f6215-5192-4162-b2e7-5bee2a7f90d8-ultra-17-waters-19"
    },
    {
      "subject_id": "f25f6215-5192-4162-b2e7-5bee2a7f90d8-ultra-17-waters-19",
      "relation": "is",
      "object_id": "f25f6215-5192-4162-b2e7-5bee2a7f90d8-deep-18"
    },
    {
      "subject_id": "f25f6215-5192-4162-b2e7-5bee2a7f90d8-discussion-2",
      "relation": "are",
      "object_id": "f25f6215-5192-4162-b2e7-5bee2a7f90d8-engineering-4-programs-5"
    },
    {
      "subject_id": "f25f6215-5192-4162-b2e7-5bee2a7f90d8-configuration-3",
      "relation": "is",
      "object_id": "f25f6215-5192-4162-b2e7-5bee2a7f90d8-described-15"
    },
    {
      "subject_id": "f25f6215-5192-4162-b2e7-5bee2a7f90d8-configuration-3",
      "relation": "is",
      "object_id": "NE-DATE-present"
    },
    {
      "subject_id": "f25f6215-5192-4162-b2e7-5bee2a7f90d8-configuration-3",
      "relation": "is with",
      "object_id": "f25f6215-5192-4162-b2e7-5bee2a7f90d8-details-9-of-10-program-12-systemics-13"
    },
    {
      "subject_id": "f25f6215-5192-4162-b2e7-5bee2a7f90d8-focus-24",
      "relation": "extract",
      "object_id": "f25f6215-5192-4162-b2e7-5bee2a7f90d8-oil-31"
    },
    {
      "subject_id": "f25f6215-5192-4162-b2e7-5bee2a7f90d8-topics-2",
      "relation": "relate to",
      "object_id": "f25f6215-5192-4162-b2e7-5bee2a7f90d8-potential-6"
    },
    {
      "subject_id": "f25f6215-5192-4162-b2e7-5bee2a7f90d8-its-54-association-55",
      "relation": "is with",
      "object_id": "f25f6215-5192-4162-b2e7-5bee2a7f90d8-industry-57"
    },
    {
      "subject_id": "f25f6215-5192-4162-b2e7-5bee2a7f90d8-focus-24",
      "relation": "motivation on",
      "object_id": "f25f6215-5192-4162-b2e7-5bee2a7f90d8-waters-28"
    },
    {
      "subject_id": "f25f6215-5192-4162-b2e7-5bee2a7f90d8-waters-28",
      "relation": "is",
      "object_id": "f25f6215-5192-4162-b2e7-5bee2a7f90d8-deep-27"
    },
    {
      "subject_id": "f25f6215-5192-4162-b2e7-5bee2a7f90d8-oil-31",
      "relation": "focus",
      "object_id": "f25f6215-5192-4162-b2e7-5bee2a7f90d8-gas-33"
    },
    {
      "subject_id": "f25f6215-5192-4162-b2e7-5bee2a7f90d8-potential-6",
      "relation": "of",
      "object_id": "f25f6215-5192-4162-b2e7-5bee2a7f90d8-deep-16-waters-17"
    },
    {
      "subject_id": "f25f6215-5192-4162-b2e7-5bee2a7f90d8-focus-24",
      "relation": "extract oil with",
      "object_id": "f25f6215-5192-4162-b2e7-5bee2a7f90d8-success-36"
    },
    {
      "subject_id": "f25f6215-5192-4162-b2e7-5bee2a7f90d8-oil-31",
      "relation": "motivation on",
      "object_id": "f25f6215-5192-4162-b2e7-5bee2a7f90d8-waters-28"
    },
    {
      "subject_id": "f25f6215-5192-4162-b2e7-5bee2a7f90d8-oil-31",
      "relation": "success",
      "object_id": "f25f6215-5192-4162-b2e7-5bee2a7f90d8-gas-33"
    },
    {
      "subject_id": "f25f6215-5192-4162-b2e7-5bee2a7f90d8-oil-31",
      "relation": "motivation",
      "object_id": "f25f6215-5192-4162-b2e7-5bee2a7f90d8-gas-33"
    },
    {
      "subject_id": "f25f6215-5192-4162-b2e7-5bee2a7f90d8-potential-6",
      "relation": "of",
      "object_id": "f25f6215-5192-4162-b2e7-5bee2a7f90d8-oil-11"
    },
    {
      "subject_id": "f25f6215-5192-4162-b2e7-5bee2a7f90d8-motivation-22",
      "relation": "extract",
      "object_id": "f25f6215-5192-4162-b2e7-5bee2a7f90d8-oil-31"
    },
    {
      "subject_id": "f25f6215-5192-4162-b2e7-5bee2a7f90d8-sub-97-sea-98-system-99",
      "relation": "separate water from",
      "object_id": "f25f6215-5192-4162-b2e7-5bee2a7f90d8-oil-117"
    },
    {
      "subject_id": "f25f6215-5192-4162-b2e7-5bee2a7f90d8-potential-6",
      "relation": "is in",
      "object_id": "f25f6215-5192-4162-b2e7-5bee2a7f90d8-deep-16-waters-17"
    },
    {
      "subject_id": "f25f6215-5192-4162-b2e7-5bee2a7f90d8-deep-16-waters-17",
      "relation": "of",
      "object_id": "NE-COUNTRY-Brazil"
    },
    {
      "subject_id": "f25f6215-5192-4162-b2e7-5bee2a7f90d8-motivation-22",
      "relation": "extract oil with",
      "object_id": "f25f6215-5192-4162-b2e7-5bee2a7f90d8-success-36"
    },
    {
      "subject_id": "f25f6215-5192-4162-b2e7-5bee2a7f90d8-potential-6",
      "relation": "of",
      "object_id": "f25f6215-5192-4162-b2e7-5bee2a7f90d8-resources-9"
    },
    {
      "subject_id": "f25f6215-5192-4162-b2e7-5bee2a7f90d8-potential-6",
      "relation": "of",
      "object_id": "NE-COUNTRY-Brazil"
    },
    {
      "subject_id": "f25f6215-5192-4162-b2e7-5bee2a7f90d8-potential-6",
      "relation": "of",
      "object_id": "f25f6215-5192-4162-b2e7-5bee2a7f90d8-waters-17"
    },
    {
      "subject_id": "f25f6215-5192-4162-b2e7-5bee2a7f90d8-potential-6",
      "relation": "is",
      "object_id": "f25f6215-5192-4162-b2e7-5bee2a7f90d8-deep-16"
    },
    {
      "subject_id": "f25f6215-5192-4162-b2e7-5bee2a7f90d8-sub-97-sea-98-system-99",
      "relation": "separate",
      "object_id": "f25f6215-5192-4162-b2e7-5bee2a7f90d8-water-115"
    },
    {
      "subject_id": "f25f6215-5192-4162-b2e7-5bee2a7f90d8-PROCAP1000-1",
      "relation": "dealt active at",
      "object_id": "f25f6215-5192-4162-b2e7-5bee2a7f90d8-depths-13"
    },
    {
      "subject_id": "f25f6215-5192-4162-b2e7-5bee2a7f90d8-PROCAP1000-1",
      "relation": "is",
      "object_id": "f25f6215-5192-4162-b2e7-5bee2a7f90d8-active-3"
    },
    {
      "subject_id": "f25f6215-5192-4162-b2e7-5bee2a7f90d8-PROCAP1000-1",
      "relation": "dealt at",
      "object_id": "f25f6215-5192-4162-b2e7-5bee2a7f90d8-depths-13"
    },
    {
      "subject_id": "f25f6215-5192-4162-b2e7-5bee2a7f90d8-depths-13",
      "relation": "amount to",
      "object_id": "NE-DATE-1000"
    },
    {
      "subject_id": "f25f6215-5192-4162-b2e7-5bee2a7f90d8-depths-13",
      "relation": "of",
      "object_id": "f25f6215-5192-4162-b2e7-5bee2a7f90d8-m.-16-PROCAP-17-2000-19"
    },
    {
      "subject_id": "f25f6215-5192-4162-b2e7-5bee2a7f90d8-PROCAP1000-1",
      "relation": "dealt active with",
      "object_id": "f25f6215-5192-4162-b2e7-5bee2a7f90d8-exploitation-11"
    },
    {
      "subject_id": "f25f6215-5192-4162-b2e7-5bee2a7f90d8-PROCAP1000-1",
      "relation": "dealt with",
      "object_id": "f25f6215-5192-4162-b2e7-5bee2a7f90d8-exploitation-11"
    },
    {
      "subject_id": "f25f6215-5192-4162-b2e7-5bee2a7f90d8-program-5",
      "relation": "is active at",
      "object_id": "f25f6215-5192-4162-b2e7-5bee2a7f90d8-depths-15"
    },
    {
      "subject_id": "f25f6215-5192-4162-b2e7-5bee2a7f90d8-depths-15",
      "relation": "amount to",
      "object_id": "NE-DATE-3000"
    },
    {
      "subject_id": "f25f6215-5192-4162-b2e7-5bee2a7f90d8-depths-15",
      "relation": "of",
      "object_id": "f25f6215-5192-4162-b2e7-5bee2a7f90d8-m-18"
    },
    {
      "subject_id": "f25f6215-5192-4162-b2e7-5bee2a7f90d8-program-5",
      "relation": "is",
      "object_id": "f25f6215-5192-4162-b2e7-5bee2a7f90d8-active-7"
    },
    {
      "subject_id": "f25f6215-5192-4162-b2e7-5bee2a7f90d8-world-6",
      "relation": "of",
      "object_id": "f25f6215-5192-4162-b2e7-5bee2a7f90d8-intelligent-9-submarine-10-system-11"
    },
    {
      "subject_id": "f25f6215-5192-4162-b2e7-5bee2a7f90d8-intelligent-9-submarine-10-system-11",
      "relation": "is",
      "object_id": "NE-ORDINAL-first"
    },
    {
      "subject_id": "f25f6215-5192-4162-b2e7-5bee2a7f90d8-Petróbras-2-installation-3",
      "relation": "is",
      "object_id": "f25f6215-5192-4162-b2e7-5bee2a7f90d8-described-24"
    },
    {
      "subject_id": "f25f6215-5192-4162-b2e7-5bee2a7f90d8-Petróbras-1",
      "relation": "uses",
      "object_id": "f25f6215-5192-4162-b2e7-5bee2a7f90d8-InCode-4-software-5"
    },
    {
      "subject_id": "f25f6215-5192-4162-b2e7-5bee2a7f90d8-InCode-4-software-5",
      "relation": "control",
      "object_id": "f25f6215-5192-4162-b2e7-5bee2a7f90d8-equipment-13"
    },
    {
      "subject_id": "f25f6215-5192-4162-b2e7-5bee2a7f90d8-equipment-13",
      "relation": "at",
      "object_id": "f25f6215-5192-4162-b2e7-5bee2a7f90d8-well-12"
    },
    {
      "subject_id": "f25f6215-5192-4162-b2e7-5bee2a7f90d8-InCode-4-software-5",
      "relation": "of",
      "object_id": "NE-ORGANIZATION-Baker-Oil-Tools"
    },
    {
      "subject_id": "f25f6215-5192-4162-b2e7-5bee2a7f90d8-installation-2",
      "relation": "is in",
      "object_id": "f25f6215-5192-4162-b2e7-5bee2a7f90d8-deep-6-water-7"
    },
    {
      "subject_id": "NE-LOCATION-Atlas",
      "relation": "is",
      "object_id": "NE-CITY-Baker"
    },
    {
      "subject_id": "f25f6215-5192-4162-b2e7-5bee2a7f90d8-installation-2",
      "relation": "is culmination of",
      "object_id": "f25f6215-5192-4162-b2e7-5bee2a7f90d8-5-13-yr-15-development-16-project-17"
    },
    {
      "subject_id": "f25f6215-5192-4162-b2e7-5bee2a7f90d8-installation-2",
      "relation": "is",
      "object_id": "f25f6215-5192-4162-b2e7-5bee2a7f90d8-culmination-10"
    },
    {
      "subject_id": "f25f6215-5192-4162-b2e7-5bee2a7f90d8-5-13-yr-15-development-16-project-17",
      "relation": "of",
      "object_id": "f25f6215-5192-4162-b2e7-5bee2a7f90d8-participation-19"
    },
    {
      "subject_id": "f25f6215-5192-4162-b2e7-5bee2a7f90d8-5-13-yr-15-development-16-project-17",
      "relation": "is with",
      "object_id": "f25f6215-5192-4162-b2e7-5bee2a7f90d8-participation-19"
    },
    {
      "subject_id": "f25f6215-5192-4162-b2e7-5bee2a7f90d8-participation-19",
      "relation": "of",
      "object_id": "NE-ORGANIZATION-Baker-Oil-Tools"
    },
    {
      "subject_id": "f25f6215-5192-4162-b2e7-5bee2a7f90d8-11,000-6-million-7-boe-8",
      "relation": "is in",
      "object_id": "f25f6215-5192-4162-b2e7-5bee2a7f90d8-proven-10-reserves-11"
    },
    {
      "subject_id": "f25f6215-5192-4162-b2e7-5bee2a7f90d8-Petróbras-4",
      "relation": "had",
      "object_id": "f25f6215-5192-4162-b2e7-5bee2a7f90d8-11,000-6-million-7-boe-8"
    },
    {
      "subject_id": "f25f6215-5192-4162-b2e7-5bee2a7f90d8-11,000-6-million-7-boe-8",
      "relation": "of",
      "object_id": "f25f6215-5192-4162-b2e7-5bee2a7f90d8-proven-10-reserves-11"
    },
    {
      "subject_id": "f25f6215-5192-4162-b2e7-5bee2a7f90d8-11,000-6-million-7-boe-8",
      "relation": "of",
      "object_id": "f25f6215-5192-4162-b2e7-5bee2a7f90d8-reserves-11"
    },
    {
      "subject_id": "f25f6215-5192-4162-b2e7-5bee2a7f90d8-reserves-2",
      "relation": "are",
      "object_id": "NE-PERCENT-11%"
    },
    {
      "subject_id": "NE-PERCENT-11%",
      "relation": "at",
      "object_id": "f25f6215-5192-4162-b2e7-5bee2a7f90d8-only-6"
    },
    {
      "subject_id": "NE-PERCENT-11%",
      "relation": "of",
      "object_id": "f25f6215-5192-4162-b2e7-5bee2a7f90d8-total-11"
    },
    {
      "subject_id": "f25f6215-5192-4162-b2e7-5bee2a7f90d8-%-6",
      "relation": "are in",
      "object_id": "f25f6215-5192-4162-b2e7-5bee2a7f90d8-waters-9"
    },
    {
      "subject_id": "f25f6215-5192-4162-b2e7-5bee2a7f90d8-%-6",
      "relation": "amount to",
      "object_id": "f25f6215-5192-4162-b2e7-5bee2a7f90d8-76-5"
    },
    {
      "subject_id": "f25f6215-5192-4162-b2e7-5bee2a7f90d8-waters-9",
      "relation": "case",
      "object_id": "f25f6215-5192-4162-b2e7-5bee2a7f90d8-rest-3"
    },
    {
      "subject_id": "f25f6215-5192-4162-b2e7-5bee2a7f90d8-examination-5",
      "relation": "forecast of",
      "object_id": "f25f6215-5192-4162-b2e7-5bee2a7f90d8-production-8"
    },
    {
      "subject_id": "f25f6215-5192-4162-b2e7-5bee2a7f90d8-tabulation-54",
      "relation": "is in",
      "object_id": "f25f6215-5192-4162-b2e7-5bee2a7f90d8-various-62-areas-63"
    },
    {
      "subject_id": "f25f6215-5192-4162-b2e7-5bee2a7f90d8-various-62-areas-63",
      "relation": "of",
      "object_id": "NE-COUNTRY-Brazil"
    },
    {
      "subject_id": "f25f6215-5192-4162-b2e7-5bee2a7f90d8-various-62-areas-63",
      "relation": "of",
      "object_id": "f25f6215-5192-4162-b2e7-5bee2a7f90d8-LNG-67"
    },
    {
      "subject_id": "f25f6215-5192-4162-b2e7-5bee2a7f90d8-examination-5",
      "relation": "is",
      "object_id": "f25f6215-5192-4162-b2e7-5bee2a7f90d8-statistical-4"
    },
    {
      "subject_id": "f25f6215-5192-4162-b2e7-5bee2a7f90d8-flow-23-rates-24",
      "relation": "is in",
      "object_id": "f25f6215-5192-4162-b2e7-5bee2a7f90d8-barrels-28"
    },
    {
      "subject_id": "f25f6215-5192-4162-b2e7-5bee2a7f90d8-barrels-28",
      "relation": "of",
      "object_id": "NE-DURATION-day"
    },
    {
      "subject_id": "f25f6215-5192-4162-b2e7-5bee2a7f90d8-production-8",
      "relation": "of",
      "object_id": "NE-PERSON-Petróbras"
    },
    {
      "subject_id": "f25f6215-5192-4162-b2e7-5bee2a7f90d8-production-8",
      "relation": "of",
      "object_id": "f25f6215-5192-4162-b2e7-5bee2a7f90d8-oil-10"
    },
    {
      "subject_id": "f25f6215-5192-4162-b2e7-5bee2a7f90d8-mixture-32",
      "relation": "is in",
      "object_id": "f25f6215-5192-4162-b2e7-5bee2a7f90d8-barrels-45"
    },
    {
      "subject_id": "f25f6215-5192-4162-b2e7-5bee2a7f90d8-barrels-45",
      "relation": "of",
      "object_id": "NE-DURATION-day"
    },
    {
      "subject_id": "f25f6215-5192-4162-b2e7-5bee2a7f90d8-barrels-45",
      "relation": "of",
      "object_id": "NE-DATE-3/14/2003"
    },
    {
      "subject_id": "f25f6215-5192-4162-b2e7-5bee2a7f90d8-barrels-45",
      "relation": "of",
      "object_id": "f25f6215-5192-4162-b2e7-5bee2a7f90d8-oil-49"
    }
  ],
  "links": {
    "f25f6215-5192-4162-b2e7-5bee2a7f90d8-discussion-2": [],
    "f25f6215-5192-4162-b2e7-5bee2a7f90d8-three-5-PROCAP-7-programs-8": [],
    "f25f6215-5192-4162-b2e7-5bee2a7f90d8-consecutive-6": [],
    "NE-ORGANIZATION-Petrobras": [
      "f25f6215-5192-4162-b2e7-5bee2a7f90d8-Petróbras-2-installation-3",
      "f25f6215-5192-4162-b2e7-5bee2a7f90d8-Petróbras-4",
      "NE-PERSON-Petróbras"
    ],
    "f25f6215-5192-4162-b2e7-5bee2a7f90d8-exploitation-15": [],
    "f25f6215-5192-4162-b2e7-5bee2a7f90d8-owned-9": [],
    "f25f6215-5192-4162-b2e7-5bee2a7f90d8-ultra-17-waters-19": [],
    "f25f6215-5192-4162-b2e7-5bee2a7f90d8-deep-18": [
      "f25f6215-5192-4162-b2e7-5bee2a7f90d8-deep-27"
    ],
    "f25f6215-5192-4162-b2e7-5bee2a7f90d8-engineering-4-programs-5": [],
    "f25f6215-5192-4162-b2e7-5bee2a7f90d8-configuration-3": [],
    "f25f6215-5192-4162-b2e7-5bee2a7f90d8-described-15": [],
    "NE-DATE-present": [],
    "f25f6215-5192-4162-b2e7-5bee2a7f90d8-details-9-of-10-program-12-systemics-13": [],
    "f25f6215-5192-4162-b2e7-5bee2a7f90d8-focus-24": [],
    "f25f6215-5192-4162-b2e7-5bee2a7f90d8-oil-31": [],
    "f25f6215-5192-4162-b2e7-5bee2a7f90d8-topics-2": [],
    "f25f6215-5192-4162-b2e7-5bee2a7f90d8-potential-6": [],
    "f25f6215-5192-4162-b2e7-5bee2a7f90d8-its-54-association-55": [],
    "f25f6215-5192-4162-b2e7-5bee2a7f90d8-industry-57": [],
    "f25f6215-5192-4162-b2e7-5bee2a7f90d8-waters-28": [],
    "f25f6215-5192-4162-b2e7-5bee2a7f90d8-deep-27": [
      "f25f6215-5192-4162-b2e7-5bee2a7f90d8-deep-18"
    ],
    "f25f6215-5192-4162-b2e7-5bee2a7f90d8-gas-33": [],
    "f25f6215-5192-4162-b2e7-5bee2a7f90d8-deep-16-waters-17": [],
    "f25f6215-5192-4162-b2e7-5bee2a7f90d8-success-36": [],
    "f25f6215-5192-4162-b2e7-5bee2a7f90d8-oil-11": [],
    "f25f6215-5192-4162-b2e7-5bee2a7f90d8-motivation-22": [],
    "f25f6215-5192-4162-b2e7-5bee2a7f90d8-sub-97-sea-98-system-99": [],
    "f25f6215-5192-4162-b2e7-5bee2a7f90d8-oil-117": [],
    "NE-COUNTRY-Brazil": [],
    "f25f6215-5192-4162-b2e7-5bee2a7f90d8-resources-9": [],
    "f25f6215-5192-4162-b2e7-5bee2a7f90d8-waters-17": [],
    "f25f6215-5192-4162-b2e7-5bee2a7f90d8-deep-16": [],
    "f25f6215-5192-4162-b2e7-5bee2a7f90d8-water-115": [],
    "f25f6215-5192-4162-b2e7-5bee2a7f90d8-PROCAP1000-1": [],
    "f25f6215-5192-4162-b2e7-5bee2a7f90d8-depths-13": [
      "f25f6215-5192-4162-b2e7-5bee2a7f90d8-depths-15"
    ],
    "f25f6215-5192-4162-b2e7-5bee2a7f90d8-active-3": [],
    "NE-DATE-1000": [
      "NE-DATE-3000"
    ],
    "f25f6215-5192-4162-b2e7-5bee2a7f90d8-m.-16-PROCAP-17-2000-19": [],
    "f25f6215-5192-4162-b2e7-5bee2a7f90d8-exploitation-11": [],
    "f25f6215-5192-4162-b2e7-5bee2a7f90d8-program-5": [],
    "f25f6215-5192-4162-b2e7-5bee2a7f90d8-depths-15": [
      "f25f6215-5192-4162-b2e7-5bee2a7f90d8-depths-13"
    ],
    "NE-DATE-3000": [
      "NE-DATE-1000"
    ],
    "f25f6215-5192-4162-b2e7-5bee2a7f90d8-m-18": [],
    "f25f6215-5192-4162-b2e7-5bee2a7f90d8-active-7": [],
    "f25f6215-5192-4162-b2e7-5bee2a7f90d8-world-6": [],
    "f25f6215-5192-4162-b2e7-5bee2a7f90d8-intelligent-9-submarine-10-system-11": [],
    "NE-ORDINAL-first": [],
    "f25f6215-5192-4162-b2e7-5bee2a7f90d8-Petróbras-2-installation-3": [
      "NE-ORGANIZATION-Petrobras"
    ],
    "f25f6215-5192-4162-b2e7-5bee2a7f90d8-described-24": [],
    "f25f6215-5192-4162-b2e7-5bee2a7f90d8-Petróbras-1": [],
    "f25f6215-5192-4162-b2e7-5bee2a7f90d8-InCode-4-software-5": [],
    "f25f6215-5192-4162-b2e7-5bee2a7f90d8-equipment-13": [],
    "f25f6215-5192-4162-b2e7-5bee2a7f90d8-well-12": [],
    "NE-ORGANIZATION-Baker-Oil-Tools": [],
    "f25f6215-5192-4162-b2e7-5bee2a7f90d8-installation-2": [],
    "f25f6215-5192-4162-b2e7-5bee2a7f90d8-deep-6-water-7": [],
    "NE-LOCATION-Atlas": [],
    "NE-CITY-Baker": [],
    "f25f6215-5192-4162-b2e7-5bee2a7f90d8-5-13-yr-15-development-16-project-17": [],
    "f25f6215-5192-4162-b2e7-5bee2a7f90d8-culmination-10": [],
    "f25f6215-5192-4162-b2e7-5bee2a7f90d8-participation-19": [],
    "f25f6215-5192-4162-b2e7-5bee2a7f90d8-11,000-6-million-7-boe-8": [],
    "f25f6215-5192-4162-b2e7-5bee2a7f90d8-proven-10-reserves-11": [],
    "f25f6215-5192-4162-b2e7-5bee2a7f90d8-Petróbras-4": [
      "NE-ORGANIZATION-Petrobras"
    ],
    "f25f6215-5192-4162-b2e7-5bee2a7f90d8-reserves-11": [],
    "f25f6215-5192-4162-b2e7-5bee2a7f90d8-reserves-2": [],
    "NE-PERCENT-11%": [],
    "f25f6215-5192-4162-b2e7-5bee2a7f90d8-only-6": [],
    "f25f6215-5192-4162-b2e7-5bee2a7f90d8-total-11": [],
    "f25f6215-5192-4162-b2e7-5bee2a7f90d8-%-6": [],
    "f25f6215-5192-4162-b2e7-5bee2a7f90d8-waters-9": [],
    "f25f6215-5192-4162-b2e7-5bee2a7f90d8-76-5": [],
    "f25f6215-5192-4162-b2e7-5bee2a7f90d8-rest-3": [],
    "f25f6215-5192-4162-b2e7-5bee2a7f90d8-examination-5": [],
    "f25f6215-5192-4162-b2e7-5bee2a7f90d8-production-8": [],
    "f25f6215-5192-4162-b2e7-5bee2a7f90d8-tabulation-54": [],
    "f25f6215-5192-4162-b2e7-5bee2a7f90d8-various-62-areas-63": [],
    "f25f6215-5192-4162-b2e7-5bee2a7f90d8-LNG-67": [],
    "f25f6215-5192-4162-b2e7-5bee2a7f90d8-statistical-4": [],
    "f25f6215-5192-4162-b2e7-5bee2a7f90d8-flow-23-rates-24": [],
    "f25f6215-5192-4162-b2e7-5bee2a7f90d8-barrels-28": [
      "f25f6215-5192-4162-b2e7-5bee2a7f90d8-barrels-45"
    ],
    "NE-DURATION-day": [],
    "NE-PERSON-Petróbras": [
      "NE-ORGANIZATION-Petrobras"
    ],
    "f25f6215-5192-4162-b2e7-5bee2a7f90d8-oil-10": [],
    "f25f6215-5192-4162-b2e7-5bee2a7f90d8-mixture-32": [],
    "f25f6215-5192-4162-b2e7-5bee2a7f90d8-barrels-45": [
      "f25f6215-5192-4162-b2e7-5bee2a7f90d8-barrels-28"
    ],
    "NE-DATE-3/14/2003": [],
    "f25f6215-5192-4162-b2e7-5bee2a7f90d8-oil-49": []
  }
}