{
  "document": "D:/Projetos/PIRA_KG/documents/onu_35573581.txt",
  "entities": {
    "919869c7-27ec-44eb-bc21-ebd2300438cf-paper-2": "paper",
    "919869c7-27ec-44eb-bc21-ebd2300438cf-application-5": "application",
    "919869c7-27ec-44eb-bc21-ebd2300438cf-oil-11-spill-12-monitoring-13": "oil spill monitoring",
    "NE-CITY-Bay": "Bay",
    "NE-LOCATION-Guanabara": "Guanabara",
    "919869c7-27ec-44eb-bc21-ebd2300438cf-data-9": "data",
    "919869c7-27ec-44eb-bc21-ebd2300438cf-sensing-8": "sensing",
    "919869c7-27ec-44eb-bc21-ebd2300438cf-remote-7": "remote",
    "919869c7-27ec-44eb-bc21-ebd2300438cf-Image-1-classification-2-procedures-3": "Image classification procedures",
    "919869c7-27ec-44eb-bc21-ebd2300438cf-areas-12": "areas",
    "919869c7-27ec-44eb-bc21-ebd2300438cf-have-4-utilized-6": "have utilized",
    "919869c7-27ec-44eb-bc21-ebd2300438cf-covered-11": "covered",
    "919869c7-27ec-44eb-bc21-ebd2300438cf-oil-9": "oil",
    "919869c7-27ec-44eb-bc21-ebd2300438cf-water-15-surface-16": "water surface",
    "919869c7-27ec-44eb-bc21-ebd2300438cf-environment-22": "environment",
    "919869c7-27ec-44eb-bc21-ebd2300438cf-oil-4-detection-5": "oil detection",
    "919869c7-27ec-44eb-bc21-ebd2300438cf-Ambiguities-1": "Ambiguities",
    "919869c7-27ec-44eb-bc21-ebd2300438cf-aid-10": "aid",
    "919869c7-27ec-44eb-bc21-ebd2300438cf-GIS-16": "GIS",
    "919869c7-27ec-44eb-bc21-ebd2300438cf-information-13": "information",
    "919869c7-27ec-44eb-bc21-ebd2300438cf-ancillary-12": "ancillary",
    "NE-ORGANIZATION-PETROBRAS": "PETROBRAS",
    "919869c7-27ec-44eb-bc21-ebd2300438cf-emergency-9-response-10-procedures-11": "emergency response procedures"
  },
  "graph": [
    {
      "subject_id": "919869c7-27ec-44eb-bc21-ebd2300438cf-paper-2",
      "relation": "describes",
      "object_id": "919869c7-27ec-44eb-bc21-ebd2300438cf-application-5"
    },
    {
      "subject_id": "919869c7-27ec-44eb-bc21-ebd2300438cf-application-5",
      "relation": "of",
      "object_id": "919869c7-27ec-44eb-bc21-ebd2300438cf-oil-11-spill-12-monitoring-13"
    },
    {
      "subject_id": "919869c7-27ec-44eb-bc21-ebd2300438cf-oil-11-spill-12-monitoring-13",
      "relation": "is in",
      "object_id": "NE-CITY-Bay"
    },
    {
      "subject_id": "919869c7-27ec-44eb-bc21-ebd2300438cf-application-5",
      "relation": "of",
      "object_id": "NE-CITY-Bay"
    },
    {
      "subject_id": "919869c7-27ec-44eb-bc21-ebd2300438cf-application-5",
      "relation": "of",
      "object_id": "NE-LOCATION-Guanabara"
    },
    {
      "subject_id": "919869c7-27ec-44eb-bc21-ebd2300438cf-application-5",
      "relation": "of",
      "object_id": "919869c7-27ec-44eb-bc21-ebd2300438cf-data-9"
    },
    {
      "subject_id": "919869c7-27ec-44eb-bc21-ebd2300438cf-application-5",
      "relation": "is",
      "object_id": "919869c7-27ec-44eb-bc21-ebd2300438cf-sensing-8"
    },
    {
      "subject_id": "919869c7-27ec-44eb-bc21-ebd2300438cf-application-5",
      "relation": "is",
      "object_id": "919869c7-27ec-44eb-bc21-ebd2300438cf-remote-7"
    },
    {
      "subject_id": "919869c7-27ec-44eb-bc21-ebd2300438cf-Image-1-classification-2-procedures-3",
      "relation": "highlight",
      "object_id": "919869c7-27ec-44eb-bc21-ebd2300438cf-areas-12"
    },
    {
      "subject_id": "919869c7-27ec-44eb-bc21-ebd2300438cf-Image-1-classification-2-procedures-3",
      "relation": "have",
      "object_id": "919869c7-27ec-44eb-bc21-ebd2300438cf-have-4-utilized-6"
    },
    {
      "subject_id": "919869c7-27ec-44eb-bc21-ebd2300438cf-areas-12",
      "relation": "is",
      "object_id": "919869c7-27ec-44eb-bc21-ebd2300438cf-covered-11"
    },
    {
      "subject_id": "919869c7-27ec-44eb-bc21-ebd2300438cf-areas-12",
      "relation": "at",
      "object_id": "919869c7-27ec-44eb-bc21-ebd2300438cf-oil-9"
    },
    {
      "subject_id": "919869c7-27ec-44eb-bc21-ebd2300438cf-areas-12",
      "relation": "of",
      "object_id": "919869c7-27ec-44eb-bc21-ebd2300438cf-water-15-surface-16"
    },
    {
      "subject_id": "919869c7-27ec-44eb-bc21-ebd2300438cf-environment-22",
      "relation": "Ambiguities in",
      "object_id": "919869c7-27ec-44eb-bc21-ebd2300438cf-oil-4-detection-5"
    },
    {
      "subject_id": "919869c7-27ec-44eb-bc21-ebd2300438cf-Ambiguities-1",
      "relation": "were resolved environment with",
      "object_id": "919869c7-27ec-44eb-bc21-ebd2300438cf-aid-10"
    },
    {
      "subject_id": "919869c7-27ec-44eb-bc21-ebd2300438cf-aid-10",
      "relation": "of",
      "object_id": "919869c7-27ec-44eb-bc21-ebd2300438cf-GIS-16"
    },
    {
      "subject_id": "919869c7-27ec-44eb-bc21-ebd2300438cf-aid-10",
      "relation": "is in",
      "object_id": "919869c7-27ec-44eb-bc21-ebd2300438cf-GIS-16"
    },
    {
      "subject_id": "919869c7-27ec-44eb-bc21-ebd2300438cf-aid-10",
      "relation": "of",
      "object_id": "919869c7-27ec-44eb-bc21-ebd2300438cf-information-13"
    },
    {
      "subject_id": "919869c7-27ec-44eb-bc21-ebd2300438cf-aid-10",
      "relation": "is",
      "object_id": "919869c7-27ec-44eb-bc21-ebd2300438cf-ancillary-12"
    },
    {
      "subject_id": "919869c7-27ec-44eb-bc21-ebd2300438cf-Ambiguities-1",
      "relation": "is in",
      "object_id": "919869c7-27ec-44eb-bc21-ebd2300438cf-oil-4-detection-5"
    },
    {
      "subject_id": "919869c7-27ec-44eb-bc21-ebd2300438cf-Ambiguities-1",
      "relation": "were resolved",
      "object_id": "919869c7-27ec-44eb-bc21-ebd2300438cf-environment-22"
    },
    {
      "subject_id": "NE-ORGANIZATION-PETROBRAS",
      "relation": "optimize",
      "object_id": "919869c7-27ec-44eb-bc21-ebd2300438cf-emergency-9-response-10-procedures-11"
    }
  ],
  "links": {
    "919869c7-27ec-44eb-bc21-ebd2300438cf-paper-2": [],
    "919869c7-27ec-44eb-bc21-ebd2300438cf-application-5": [],
    "919869c7-27ec-44eb-bc21-ebd2300438cf-oil-11-spill-12-monitoring-13": [],
    "NE-CITY-Bay": [],
    "NE-LOCATION-Guanabara": [],
    "919869c7-27ec-44eb-bc21-ebd2300438cf-data-9": [],
    "919869c7-27ec-44eb-bc21-ebd2300438cf-sensing-8": [],
    "919869c7-27ec-44eb-bc21-ebd2300438cf-remote-7": [],
    "919869c7-27ec-44eb-bc21-ebd2300438cf-Image-1-classification-2-procedures-3": [],
    "919869c7-27ec-44eb-bc21-ebd2300438cf-areas-12": [],
    "919869c7-27ec-44eb-bc21-ebd2300438cf-have-4-utilized-6": [],
    "919869c7-27ec-44eb-bc21-ebd2300438cf-covered-11": [],
    "919869c7-27ec-44eb-bc21-ebd2300438cf-oil-9": [],
    "919869c7-27ec-44eb-bc21-ebd2300438cf-water-15-surface-16": [],
    "919869c7-27ec-44eb-bc21-ebd2300438cf-environment-22": [],
    "919869c7-27ec-44eb-bc21-ebd2300438cf-oil-4-detection-5": [],
    "919869c7-27ec-44eb-bc21-ebd2300438cf-Ambiguities-1": [],
    "919869c7-27ec-44eb-bc21-ebd2300438cf-aid-10": [],
    "919869c7-27ec-44eb-bc21-ebd2300438cf-GIS-16": [],
    "919869c7-27ec-44eb-bc21-ebd2300438cf-information-13": [],
    "919869c7-27ec-44eb-bc21-ebd2300438cf-ancillary-12": [],
    "NE-ORGANIZATION-PETROBRAS": [],
    "919869c7-27ec-44eb-bc21-ebd2300438cf-emergency-9-response-10-procedures-11": []
  }
}