{
  "document": "D:/Projetos/PIRA_KG/documents/onu_84896824358.txt",
  "entities": {
    "NE-COUNTRY-Brazil": "Brazil",
    "a674b86c-95d0-4e2a-aca6-37744b347071-transport-4-system-5": "transport system",
    "a674b86c-95d0-4e2a-aca6-37744b347071-little-7": "little",
    "a674b86c-95d0-4e2a-aca6-37744b347071-little-7-presence-8-of-9-intermodality-10": "little presence of intermodality",
    "a674b86c-95d0-4e2a-aca6-37744b347071-presence-8": "presence",
    "a674b86c-95d0-4e2a-aca6-37744b347071-intermodality-10": "intermodality",
    "a674b86c-95d0-4e2a-aca6-37744b347071-diagnosis-10": "diagnosis",
    "a674b86c-95d0-4e2a-aca6-37744b347071-paper-5": "paper",
    "a674b86c-95d0-4e2a-aca6-37744b347071-aim-2": "aim",
    "a674b86c-95d0-4e2a-aca6-37744b347071-potential-14-use-15": "potential use",
    "a674b86c-95d0-4e2a-aca6-37744b347071-investigative-13": "investigative",
    "a674b86c-95d0-4e2a-aca6-37744b347071-Sea-21-Shipping-22": "Sea Shipping",
    "a674b86c-95d0-4e2a-aca6-37744b347071-Short-19-Sea-21-Shipping-22": "Short Sea Shipping",
    "a674b86c-95d0-4e2a-aca6-37744b347071-we-6": "we",
    "a674b86c-95d0-4e2a-aca6-37744b347071-concept-10": "concept",
    "a674b86c-95d0-4e2a-aca6-37744b347071-coastal-14": "coastal",
    "a674b86c-95d0-4e2a-aca6-37744b347071-fast-13-coastal-14-terminals-15": "fast coastal terminals",
    "NE-TITLE-model": "model",
    "a674b86c-95d0-4e2a-aca6-37744b347071-intermodal-26-transportation-27-network-28": "intermodal transportation network",
    "a674b86c-95d0-4e2a-aca6-37744b347071-its-18": "its",
    "a674b86c-95d0-4e2a-aca6-37744b347071-terminals-15": "terminals",
    "a674b86c-95d0-4e2a-aca6-37744b347071-new-9": "new",
    "a674b86c-95d0-4e2a-aca6-37744b347071-conceptual-19": "conceptual",
    "a674b86c-95d0-4e2a-aca6-37744b347071-fast-13": "fast",
    "a674b86c-95d0-4e2a-aca6-37744b347071-effect-4": "effect"
  },
  "graph": [
    {
      "subject_id": "NE-COUNTRY-Brazil",
      "relation": "has",
      "object_id": "a674b86c-95d0-4e2a-aca6-37744b347071-transport-4-system-5"
    },
    {
      "subject_id": "a674b86c-95d0-4e2a-aca6-37744b347071-transport-4-system-5",
      "relation": "is",
      "object_id": "a674b86c-95d0-4e2a-aca6-37744b347071-little-7"
    },
    {
      "subject_id": "a674b86c-95d0-4e2a-aca6-37744b347071-transport-4-system-5",
      "relation": "is with",
      "object_id": "a674b86c-95d0-4e2a-aca6-37744b347071-little-7-presence-8-of-9-intermodality-10"
    },
    {
      "subject_id": "a674b86c-95d0-4e2a-aca6-37744b347071-transport-4-system-5",
      "relation": "of",
      "object_id": "a674b86c-95d0-4e2a-aca6-37744b347071-presence-8"
    },
    {
      "subject_id": "a674b86c-95d0-4e2a-aca6-37744b347071-transport-4-system-5",
      "relation": "of",
      "object_id": "a674b86c-95d0-4e2a-aca6-37744b347071-intermodality-10"
    },
    {
      "subject_id": "a674b86c-95d0-4e2a-aca6-37744b347071-transport-4-system-5",
      "relation": "of",
      "object_id": "a674b86c-95d0-4e2a-aca6-37744b347071-little-7-presence-8-of-9-intermodality-10"
    },
    {
      "subject_id": "a674b86c-95d0-4e2a-aca6-37744b347071-diagnosis-10",
      "relation": "aim of",
      "object_id": "a674b86c-95d0-4e2a-aca6-37744b347071-paper-5"
    },
    {
      "subject_id": "a674b86c-95d0-4e2a-aca6-37744b347071-aim-2",
      "relation": "is make diagnosis on",
      "object_id": "a674b86c-95d0-4e2a-aca6-37744b347071-potential-14-use-15"
    },
    {
      "subject_id": "a674b86c-95d0-4e2a-aca6-37744b347071-potential-14-use-15",
      "relation": "is",
      "object_id": "a674b86c-95d0-4e2a-aca6-37744b347071-investigative-13"
    },
    {
      "subject_id": "a674b86c-95d0-4e2a-aca6-37744b347071-potential-14-use-15",
      "relation": "of",
      "object_id": "NE-COUNTRY-Brazil"
    },
    {
      "subject_id": "a674b86c-95d0-4e2a-aca6-37744b347071-aim-2",
      "relation": "is make",
      "object_id": "a674b86c-95d0-4e2a-aca6-37744b347071-diagnosis-10"
    },
    {
      "subject_id": "a674b86c-95d0-4e2a-aca6-37744b347071-potential-14-use-15",
      "relation": "of",
      "object_id": "a674b86c-95d0-4e2a-aca6-37744b347071-Sea-21-Shipping-22"
    },
    {
      "subject_id": "a674b86c-95d0-4e2a-aca6-37744b347071-Short-19-Sea-21-Shipping-22",
      "relation": "is in",
      "object_id": "NE-COUNTRY-Brazil"
    },
    {
      "subject_id": "a674b86c-95d0-4e2a-aca6-37744b347071-potential-14-use-15",
      "relation": "of",
      "object_id": "a674b86c-95d0-4e2a-aca6-37744b347071-Short-19-Sea-21-Shipping-22"
    },
    {
      "subject_id": "a674b86c-95d0-4e2a-aca6-37744b347071-we-6",
      "relation": "present",
      "object_id": "a674b86c-95d0-4e2a-aca6-37744b347071-concept-10"
    },
    {
      "subject_id": "a674b86c-95d0-4e2a-aca6-37744b347071-concept-10",
      "relation": "is",
      "object_id": "a674b86c-95d0-4e2a-aca6-37744b347071-coastal-14"
    },
    {
      "subject_id": "a674b86c-95d0-4e2a-aca6-37744b347071-concept-10",
      "relation": "of",
      "object_id": "a674b86c-95d0-4e2a-aca6-37744b347071-fast-13-coastal-14-terminals-15"
    },
    {
      "subject_id": "NE-TITLE-model",
      "relation": "is in",
      "object_id": "a674b86c-95d0-4e2a-aca6-37744b347071-intermodal-26-transportation-27-network-28"
    },
    {
      "subject_id": "a674b86c-95d0-4e2a-aca6-37744b347071-we-6",
      "relation": "present",
      "object_id": "NE-TITLE-model"
    },
    {
      "subject_id": "a674b86c-95d0-4e2a-aca6-37744b347071-its-18",
      "relation": "has",
      "object_id": "NE-TITLE-model"
    },
    {
      "subject_id": "a674b86c-95d0-4e2a-aca6-37744b347071-concept-10",
      "relation": "of",
      "object_id": "a674b86c-95d0-4e2a-aca6-37744b347071-terminals-15"
    },
    {
      "subject_id": "a674b86c-95d0-4e2a-aca6-37744b347071-concept-10",
      "relation": "model",
      "object_id": "a674b86c-95d0-4e2a-aca6-37744b347071-its-18"
    },
    {
      "subject_id": "a674b86c-95d0-4e2a-aca6-37744b347071-concept-10",
      "relation": "is",
      "object_id": "a674b86c-95d0-4e2a-aca6-37744b347071-new-9"
    },
    {
      "subject_id": "NE-TITLE-model",
      "relation": "is",
      "object_id": "a674b86c-95d0-4e2a-aca6-37744b347071-conceptual-19"
    },
    {
      "subject_id": "a674b86c-95d0-4e2a-aca6-37744b347071-concept-10",
      "relation": "is",
      "object_id": "a674b86c-95d0-4e2a-aca6-37744b347071-fast-13"
    },
    {
      "subject_id": "a674b86c-95d0-4e2a-aca6-37744b347071-fast-13-coastal-14-terminals-15",
      "relation": "of concept is",
      "object_id": "NE-TITLE-model"
    },
    {
      "subject_id": "a674b86c-95d0-4e2a-aca6-37744b347071-concept-10",
      "relation": "model in",
      "object_id": "a674b86c-95d0-4e2a-aca6-37744b347071-intermodal-26-transportation-27-network-28"
    },
    {
      "subject_id": "a674b86c-95d0-4e2a-aca6-37744b347071-we-6",
      "relation": "base",
      "object_id": "a674b86c-95d0-4e2a-aca6-37744b347071-effect-4"
    }
  ],
  "links": {
    "NE-COUNTRY-Brazil": [],
    "a674b86c-95d0-4e2a-aca6-37744b347071-transport-4-system-5": [],
    "a674b86c-95d0-4e2a-aca6-37744b347071-little-7": [],
    "a674b86c-95d0-4e2a-aca6-37744b347071-little-7-presence-8-of-9-intermodality-10": [],
    "a674b86c-95d0-4e2a-aca6-37744b347071-presence-8": [],
    "a674b86c-95d0-4e2a-aca6-37744b347071-intermodality-10": [],
    "a674b86c-95d0-4e2a-aca6-37744b347071-diagnosis-10": [],
    "a674b86c-95d0-4e2a-aca6-37744b347071-paper-5": [],
    "a674b86c-95d0-4e2a-aca6-37744b347071-aim-2": [],
    "a674b86c-95d0-4e2a-aca6-37744b347071-potential-14-use-15": [],
    "a674b86c-95d0-4e2a-aca6-37744b347071-investigative-13": [],
    "a674b86c-95d0-4e2a-aca6-37744b347071-Sea-21-Shipping-22": [],
    "a674b86c-95d0-4e2a-aca6-37744b347071-Short-19-Sea-21-Shipping-22": [],
    "a674b86c-95d0-4e2a-aca6-37744b347071-we-6": [],
    "a674b86c-95d0-4e2a-aca6-37744b347071-concept-10": [],
    "a674b86c-95d0-4e2a-aca6-37744b347071-coastal-14": [],
    "a674b86c-95d0-4e2a-aca6-37744b347071-fast-13-coastal-14-terminals-15": [],
    "NE-TITLE-model": [],
    "a674b86c-95d0-4e2a-aca6-37744b347071-intermodal-26-transportation-27-network-28": [],
    "a674b86c-95d0-4e2a-aca6-37744b347071-its-18": [],
    "a674b86c-95d0-4e2a-aca6-37744b347071-terminals-15": [],
    "a674b86c-95d0-4e2a-aca6-37744b347071-new-9": [],
    "a674b86c-95d0-4e2a-aca6-37744b347071-conceptual-19": [],
    "a674b86c-95d0-4e2a-aca6-37744b347071-fast-13": [],
    "a674b86c-95d0-4e2a-aca6-37744b347071-effect-4": []
  }
}