{
  "document": "D:/Projetos/PIRA_KG/documents/onu_85074632793.txt",
  "entities": {
    "e96160f9-afe1-4286-9ca9-11f35229455a-pattern-30": "pattern",
    "e96160f9-afe1-4286-9ca9-11f35229455a-frontogenesis-32": "frontogenesis",
    "e96160f9-afe1-4286-9ca9-11f35229455a-frontal-29": "frontal",
    "e96160f9-afe1-4286-9ca9-11f35229455a-data-23": "data",
    "e96160f9-afe1-4286-9ca9-11f35229455a-shelf-37": "shelf",
    "NE-COUNTRY-Brazil": "Brazil",
    "e96160f9-afe1-4286-9ca9-11f35229455a-used-25": "used",
    "e96160f9-afe1-4286-9ca9-11f35229455a-southeastern-35": "southeastern",
    "e96160f9-afe1-4286-9ca9-11f35229455a-continental-36": "continental",
    "e96160f9-afe1-4286-9ca9-11f35229455a-probability-18": "probability",
    "e96160f9-afe1-4286-9ca9-11f35229455a-calculated-24": "calculated",
    "NE-SET-monthly": "monthly",
    "e96160f9-afe1-4286-9ca9-11f35229455a-subsequently-23": "subsequently",
    "e96160f9-afe1-4286-9ca9-11f35229455a-frontal-17": "frontal",
    "e96160f9-afe1-4286-9ca9-11f35229455a-SST-3-fronts-4": "SST fronts",
    "e96160f9-afe1-4286-9ca9-11f35229455a-obtained-6": "obtained",
    "NE-SET-daily": "daily",
    "e96160f9-afe1-4286-9ca9-11f35229455a-SST-2-FPs-3": "SST FPs",
    "e96160f9-afe1-4286-9ca9-11f35229455a-coast-9": "coast",
    "e96160f9-afe1-4286-9ca9-11f35229455a-High-1": "High",
    "e96160f9-afe1-4286-9ca9-11f35229455a-distributed-6": "distributed",
    "e96160f9-afe1-4286-9ca9-11f35229455a-distance-13": "distance",
    "e96160f9-afe1-4286-9ca9-11f35229455a-coastline-16": "coastline",
    "e96160f9-afe1-4286-9ca9-11f35229455a-mainly-5": "mainly",
    "e96160f9-afe1-4286-9ca9-11f35229455a-decrease-11": "decrease",
    "e96160f9-afe1-4286-9ca9-11f35229455a-strong-12-seasonal-13-variability-14": "strong seasonal variability",
    "e96160f9-afe1-4286-9ca9-11f35229455a-maximum-21-minimum-23": "maximum minimum",
    "e96160f9-afe1-4286-9ca9-11f35229455a-Wind-1": "Wind",
    "e96160f9-afe1-4286-9ca9-11f35229455a-role-5": "role",
    "e96160f9-afe1-4286-9ca9-11f35229455a-stress-24": "stress",
    "e96160f9-afe1-4286-9ca9-11f35229455a-wind-20-stress-21": "wind stress",
    "e96160f9-afe1-4286-9ca9-11f35229455a-important-4": "important",
    "e96160f9-afe1-4286-9ca9-11f35229455a-FPs-14": "FPs",
    "e96160f9-afe1-4286-9ca9-11f35229455a-accompanied-16": "accompanied",
    "e96160f9-afe1-4286-9ca9-11f35229455a-high-13": "high",
    "e96160f9-afe1-4286-9ca9-11f35229455a-alongshore-19": "alongshore",
    "e96160f9-afe1-4286-9ca9-11f35229455a-strong-18": "strong",
    "e96160f9-afe1-4286-9ca9-11f35229455a-transport-12": "transport",
    "e96160f9-afe1-4286-9ca9-11f35229455a-alongshore-16-component-17": "alongshore component",
    "e96160f9-afe1-4286-9ca9-11f35229455a-total-11": "total",
    "e96160f9-afe1-4286-9ca9-11f35229455a-upwelling-19-favorable-21": "upwelling favorable",
    "e96160f9-afe1-4286-9ca9-11f35229455a-winds-22": "winds",
    "e96160f9-afe1-4286-9ca9-11f35229455a-fronts-2": "fronts",
    "e96160f9-afe1-4286-9ca9-11f35229455a-factors-7": "factors",
    "e96160f9-afe1-4286-9ca9-11f35229455a-wind-10": "wind",
    "e96160f9-afe1-4286-9ca9-11f35229455a-multiple-6": "multiple",
    "e96160f9-afe1-4286-9ca9-11f35229455a-forcing-11": "forcing",
    "e96160f9-afe1-4286-9ca9-11f35229455a-other-8": "other",
    "e96160f9-afe1-4286-9ca9-11f35229455a-difference-9": "difference",
    "e96160f9-afe1-4286-9ca9-11f35229455a-locations-28": "locations",
    "e96160f9-afe1-4286-9ca9-11f35229455a-slight-8": "slight",
    "e96160f9-afe1-4286-9ca9-11f35229455a-spatial-27": "spatial",
    "e96160f9-afe1-4286-9ca9-11f35229455a-impact-2": "impact",
    "e96160f9-afe1-4286-9ca9-11f35229455a-zone-15": "zone",
    "e96160f9-afe1-4286-9ca9-11f35229455a-frontal-14": "frontal",
    "e96160f9-afe1-4286-9ca9-11f35229455a-coupling-19-coefficients-20": "coupling coefficients",
    "e96160f9-afe1-4286-9ca9-11f35229455a-crosswind-25": "crosswind",
    "e96160f9-afe1-4286-9ca9-11f35229455a-downwind-27": "downwind",
    "e96160f9-afe1-4286-9ca9-11f35229455a-found-22": "found",
    "e96160f9-afe1-4286-9ca9-11f35229455a-large-18": "large",
    "e96160f9-afe1-4286-9ca9-11f35229455a-investigated-11": "investigated",
    "e96160f9-afe1-4286-9ca9-11f35229455a-further-10": "further",
    "e96160f9-afe1-4286-9ca9-11f35229455a-analysis-2": "analysis",
    "e96160f9-afe1-4286-9ca9-11f35229455a-understanding-13": "understanding",
    "e96160f9-afe1-4286-9ca9-11f35229455a-southeastern-21": "southeastern",
    "e96160f9-afe1-4286-9ca9-11f35229455a-results-29": "results",
    "e96160f9-afe1-4286-9ca9-11f35229455a-air-37-sea-39-coupling-40-process-41": "air sea coupling process",
    "e96160f9-afe1-4286-9ca9-11f35229455a-can-30-used-32": "can used",
    "e96160f9-afe1-4286-9ca9-11f35229455a-dynamics-16": "dynamics",
    "e96160f9-afe1-4286-9ca9-11f35229455a-better-12": "better",
    "e96160f9-afe1-4286-9ca9-11f35229455a-level-44": "level",
    "e96160f9-afe1-4286-9ca9-11f35229455a-shelf-23": "shelf",
    "e96160f9-afe1-4286-9ca9-11f35229455a-regional-43": "regional"
  },
  "graph": [
    {
      "subject_id": "e96160f9-afe1-4286-9ca9-11f35229455a-pattern-30",
      "relation": "continental shelf",
      "object_id": "e96160f9-afe1-4286-9ca9-11f35229455a-frontogenesis-32"
    },
    {
      "subject_id": "e96160f9-afe1-4286-9ca9-11f35229455a-pattern-30",
      "relation": "is",
      "object_id": "e96160f9-afe1-4286-9ca9-11f35229455a-frontal-29"
    },
    {
      "subject_id": "e96160f9-afe1-4286-9ca9-11f35229455a-data-23",
      "relation": "describe pattern on",
      "object_id": "e96160f9-afe1-4286-9ca9-11f35229455a-shelf-37"
    },
    {
      "subject_id": "e96160f9-afe1-4286-9ca9-11f35229455a-pattern-30",
      "relation": "southeastern continental shelf",
      "object_id": "e96160f9-afe1-4286-9ca9-11f35229455a-frontogenesis-32"
    },
    {
      "subject_id": "e96160f9-afe1-4286-9ca9-11f35229455a-pattern-30",
      "relation": "southeastern shelf",
      "object_id": "e96160f9-afe1-4286-9ca9-11f35229455a-frontogenesis-32"
    },
    {
      "subject_id": "e96160f9-afe1-4286-9ca9-11f35229455a-pattern-30",
      "relation": "shelf",
      "object_id": "e96160f9-afe1-4286-9ca9-11f35229455a-frontogenesis-32"
    },
    {
      "subject_id": "e96160f9-afe1-4286-9ca9-11f35229455a-shelf-37",
      "relation": "of",
      "object_id": "NE-COUNTRY-Brazil"
    },
    {
      "subject_id": "e96160f9-afe1-4286-9ca9-11f35229455a-data-23",
      "relation": "are",
      "object_id": "e96160f9-afe1-4286-9ca9-11f35229455a-used-25"
    },
    {
      "subject_id": "e96160f9-afe1-4286-9ca9-11f35229455a-shelf-37",
      "relation": "is",
      "object_id": "e96160f9-afe1-4286-9ca9-11f35229455a-southeastern-35"
    },
    {
      "subject_id": "e96160f9-afe1-4286-9ca9-11f35229455a-shelf-37",
      "relation": "is",
      "object_id": "e96160f9-afe1-4286-9ca9-11f35229455a-continental-36"
    },
    {
      "subject_id": "e96160f9-afe1-4286-9ca9-11f35229455a-data-23",
      "relation": "describe",
      "object_id": "e96160f9-afe1-4286-9ca9-11f35229455a-pattern-30"
    },
    {
      "subject_id": "e96160f9-afe1-4286-9ca9-11f35229455a-probability-18",
      "relation": "is",
      "object_id": "e96160f9-afe1-4286-9ca9-11f35229455a-calculated-24"
    },
    {
      "subject_id": "e96160f9-afe1-4286-9ca9-11f35229455a-probability-18",
      "relation": "is",
      "object_id": "NE-SET-monthly"
    },
    {
      "subject_id": "e96160f9-afe1-4286-9ca9-11f35229455a-calculated-24",
      "relation": "at",
      "object_id": "e96160f9-afe1-4286-9ca9-11f35229455a-subsequently-23"
    },
    {
      "subject_id": "e96160f9-afe1-4286-9ca9-11f35229455a-probability-18",
      "relation": "is",
      "object_id": "e96160f9-afe1-4286-9ca9-11f35229455a-frontal-17"
    },
    {
      "subject_id": "e96160f9-afe1-4286-9ca9-11f35229455a-SST-3-fronts-4",
      "relation": "are",
      "object_id": "e96160f9-afe1-4286-9ca9-11f35229455a-obtained-6"
    },
    {
      "subject_id": "e96160f9-afe1-4286-9ca9-11f35229455a-SST-3-fronts-4",
      "relation": "is",
      "object_id": "NE-SET-daily"
    },
    {
      "subject_id": "e96160f9-afe1-4286-9ca9-11f35229455a-SST-2-FPs-3",
      "relation": "are distributed along",
      "object_id": "e96160f9-afe1-4286-9ca9-11f35229455a-coast-9"
    },
    {
      "subject_id": "e96160f9-afe1-4286-9ca9-11f35229455a-SST-2-FPs-3",
      "relation": "is",
      "object_id": "e96160f9-afe1-4286-9ca9-11f35229455a-High-1"
    },
    {
      "subject_id": "e96160f9-afe1-4286-9ca9-11f35229455a-SST-2-FPs-3",
      "relation": "are mainly distributed along",
      "object_id": "e96160f9-afe1-4286-9ca9-11f35229455a-coast-9"
    },
    {
      "subject_id": "e96160f9-afe1-4286-9ca9-11f35229455a-SST-2-FPs-3",
      "relation": "are",
      "object_id": "e96160f9-afe1-4286-9ca9-11f35229455a-distributed-6"
    },
    {
      "subject_id": "e96160f9-afe1-4286-9ca9-11f35229455a-SST-2-FPs-3",
      "relation": "decrease with",
      "object_id": "e96160f9-afe1-4286-9ca9-11f35229455a-distance-13"
    },
    {
      "subject_id": "e96160f9-afe1-4286-9ca9-11f35229455a-distance-13",
      "relation": "of",
      "object_id": "e96160f9-afe1-4286-9ca9-11f35229455a-coastline-16"
    },
    {
      "subject_id": "e96160f9-afe1-4286-9ca9-11f35229455a-distributed-6",
      "relation": "at",
      "object_id": "e96160f9-afe1-4286-9ca9-11f35229455a-mainly-5"
    },
    {
      "subject_id": "e96160f9-afe1-4286-9ca9-11f35229455a-decrease-11",
      "relation": "is with",
      "object_id": "e96160f9-afe1-4286-9ca9-11f35229455a-distance-13"
    },
    {
      "subject_id": "e96160f9-afe1-4286-9ca9-11f35229455a-strong-12-seasonal-13-variability-14",
      "relation": "is with",
      "object_id": "e96160f9-afe1-4286-9ca9-11f35229455a-maximum-21-minimum-23"
    },
    {
      "subject_id": "e96160f9-afe1-4286-9ca9-11f35229455a-Wind-1",
      "relation": "plays",
      "object_id": "e96160f9-afe1-4286-9ca9-11f35229455a-role-5"
    },
    {
      "subject_id": "e96160f9-afe1-4286-9ca9-11f35229455a-stress-24",
      "relation": "curl by",
      "object_id": "e96160f9-afe1-4286-9ca9-11f35229455a-wind-20-stress-21"
    },
    {
      "subject_id": "e96160f9-afe1-4286-9ca9-11f35229455a-role-5",
      "relation": "is",
      "object_id": "e96160f9-afe1-4286-9ca9-11f35229455a-important-4"
    },
    {
      "subject_id": "e96160f9-afe1-4286-9ca9-11f35229455a-FPs-14",
      "relation": "are",
      "object_id": "e96160f9-afe1-4286-9ca9-11f35229455a-accompanied-16"
    },
    {
      "subject_id": "e96160f9-afe1-4286-9ca9-11f35229455a-FPs-14",
      "relation": "is",
      "object_id": "e96160f9-afe1-4286-9ca9-11f35229455a-high-13"
    },
    {
      "subject_id": "e96160f9-afe1-4286-9ca9-11f35229455a-wind-20-stress-21",
      "relation": "at",
      "object_id": "e96160f9-afe1-4286-9ca9-11f35229455a-alongshore-19"
    },
    {
      "subject_id": "e96160f9-afe1-4286-9ca9-11f35229455a-wind-20-stress-21",
      "relation": "is",
      "object_id": "e96160f9-afe1-4286-9ca9-11f35229455a-strong-18"
    },
    {
      "subject_id": "e96160f9-afe1-4286-9ca9-11f35229455a-transport-12",
      "relation": "induced by",
      "object_id": "e96160f9-afe1-4286-9ca9-11f35229455a-alongshore-16-component-17"
    },
    {
      "subject_id": "e96160f9-afe1-4286-9ca9-11f35229455a-transport-12",
      "relation": "is",
      "object_id": "e96160f9-afe1-4286-9ca9-11f35229455a-total-11"
    },
    {
      "subject_id": "e96160f9-afe1-4286-9ca9-11f35229455a-alongshore-16-component-17",
      "relation": "is",
      "object_id": "e96160f9-afe1-4286-9ca9-11f35229455a-upwelling-19-favorable-21"
    },
    {
      "subject_id": "e96160f9-afe1-4286-9ca9-11f35229455a-alongshore-16-component-17",
      "relation": "of",
      "object_id": "e96160f9-afe1-4286-9ca9-11f35229455a-winds-22"
    },
    {
      "subject_id": "e96160f9-afe1-4286-9ca9-11f35229455a-fronts-2",
      "relation": "are influenced by",
      "object_id": "e96160f9-afe1-4286-9ca9-11f35229455a-factors-7"
    },
    {
      "subject_id": "e96160f9-afe1-4286-9ca9-11f35229455a-factors-7",
      "relation": "at",
      "object_id": "e96160f9-afe1-4286-9ca9-11f35229455a-wind-10"
    },
    {
      "subject_id": "e96160f9-afe1-4286-9ca9-11f35229455a-factors-7",
      "relation": "is",
      "object_id": "e96160f9-afe1-4286-9ca9-11f35229455a-multiple-6"
    },
    {
      "subject_id": "e96160f9-afe1-4286-9ca9-11f35229455a-factors-7",
      "relation": "is",
      "object_id": "e96160f9-afe1-4286-9ca9-11f35229455a-forcing-11"
    },
    {
      "subject_id": "e96160f9-afe1-4286-9ca9-11f35229455a-factors-7",
      "relation": "is",
      "object_id": "e96160f9-afe1-4286-9ca9-11f35229455a-other-8"
    },
    {
      "subject_id": "e96160f9-afe1-4286-9ca9-11f35229455a-difference-9",
      "relation": "varying with",
      "object_id": "e96160f9-afe1-4286-9ca9-11f35229455a-locations-28"
    },
    {
      "subject_id": "e96160f9-afe1-4286-9ca9-11f35229455a-difference-9",
      "relation": "is",
      "object_id": "e96160f9-afe1-4286-9ca9-11f35229455a-slight-8"
    },
    {
      "subject_id": "e96160f9-afe1-4286-9ca9-11f35229455a-locations-28",
      "relation": "is",
      "object_id": "e96160f9-afe1-4286-9ca9-11f35229455a-spatial-27"
    },
    {
      "subject_id": "e96160f9-afe1-4286-9ca9-11f35229455a-impact-2",
      "relation": "is investigated in",
      "object_id": "e96160f9-afe1-4286-9ca9-11f35229455a-zone-15"
    },
    {
      "subject_id": "e96160f9-afe1-4286-9ca9-11f35229455a-zone-15",
      "relation": "is",
      "object_id": "e96160f9-afe1-4286-9ca9-11f35229455a-frontal-14"
    },
    {
      "subject_id": "e96160f9-afe1-4286-9ca9-11f35229455a-coupling-19-coefficients-20",
      "relation": "are found between",
      "object_id": "e96160f9-afe1-4286-9ca9-11f35229455a-crosswind-25"
    },
    {
      "subject_id": "e96160f9-afe1-4286-9ca9-11f35229455a-crosswind-25",
      "relation": "at",
      "object_id": "e96160f9-afe1-4286-9ca9-11f35229455a-downwind-27"
    },
    {
      "subject_id": "e96160f9-afe1-4286-9ca9-11f35229455a-impact-2",
      "relation": "is further investigated in",
      "object_id": "e96160f9-afe1-4286-9ca9-11f35229455a-zone-15"
    },
    {
      "subject_id": "e96160f9-afe1-4286-9ca9-11f35229455a-coupling-19-coefficients-20",
      "relation": "are",
      "object_id": "e96160f9-afe1-4286-9ca9-11f35229455a-found-22"
    },
    {
      "subject_id": "e96160f9-afe1-4286-9ca9-11f35229455a-coupling-19-coefficients-20",
      "relation": "is",
      "object_id": "e96160f9-afe1-4286-9ca9-11f35229455a-large-18"
    },
    {
      "subject_id": "e96160f9-afe1-4286-9ca9-11f35229455a-impact-2",
      "relation": "is",
      "object_id": "e96160f9-afe1-4286-9ca9-11f35229455a-investigated-11"
    },
    {
      "subject_id": "e96160f9-afe1-4286-9ca9-11f35229455a-investigated-11",
      "relation": "at",
      "object_id": "e96160f9-afe1-4286-9ca9-11f35229455a-further-10"
    },
    {
      "subject_id": "e96160f9-afe1-4286-9ca9-11f35229455a-analysis-2",
      "relation": "leads to",
      "object_id": "e96160f9-afe1-4286-9ca9-11f35229455a-understanding-13"
    },
    {
      "subject_id": "e96160f9-afe1-4286-9ca9-11f35229455a-understanding-13",
      "relation": "is",
      "object_id": "e96160f9-afe1-4286-9ca9-11f35229455a-southeastern-21"
    },
    {
      "subject_id": "e96160f9-afe1-4286-9ca9-11f35229455a-results-29",
      "relation": "understand",
      "object_id": "e96160f9-afe1-4286-9ca9-11f35229455a-air-37-sea-39-coupling-40-process-41"
    },
    {
      "subject_id": "e96160f9-afe1-4286-9ca9-11f35229455a-results-29",
      "relation": "further understand",
      "object_id": "e96160f9-afe1-4286-9ca9-11f35229455a-air-37-sea-39-coupling-40-process-41"
    },
    {
      "subject_id": "e96160f9-afe1-4286-9ca9-11f35229455a-results-29",
      "relation": "can",
      "object_id": "e96160f9-afe1-4286-9ca9-11f35229455a-can-30-used-32"
    },
    {
      "subject_id": "e96160f9-afe1-4286-9ca9-11f35229455a-understanding-13",
      "relation": "of",
      "object_id": "e96160f9-afe1-4286-9ca9-11f35229455a-dynamics-16"
    },
    {
      "subject_id": "e96160f9-afe1-4286-9ca9-11f35229455a-understanding-13",
      "relation": "is",
      "object_id": "e96160f9-afe1-4286-9ca9-11f35229455a-better-12"
    },
    {
      "subject_id": "e96160f9-afe1-4286-9ca9-11f35229455a-results-29",
      "relation": "understand air sea coupling process at",
      "object_id": "e96160f9-afe1-4286-9ca9-11f35229455a-level-44"
    },
    {
      "subject_id": "e96160f9-afe1-4286-9ca9-11f35229455a-understanding-13",
      "relation": "of",
      "object_id": "e96160f9-afe1-4286-9ca9-11f35229455a-shelf-23"
    },
    {
      "subject_id": "e96160f9-afe1-4286-9ca9-11f35229455a-results-29",
      "relation": "further understand air sea coupling process at",
      "object_id": "e96160f9-afe1-4286-9ca9-11f35229455a-level-44"
    },
    {
      "subject_id": "e96160f9-afe1-4286-9ca9-11f35229455a-level-44",
      "relation": "is",
      "object_id": "e96160f9-afe1-4286-9ca9-11f35229455a-regional-43"
    }
  ],
  "links": {
    "e96160f9-afe1-4286-9ca9-11f35229455a-pattern-30": [],
    "e96160f9-afe1-4286-9ca9-11f35229455a-frontogenesis-32": [],
    "e96160f9-afe1-4286-9ca9-11f35229455a-frontal-29": [],
    "e96160f9-afe1-4286-9ca9-11f35229455a-data-23": [],
    "e96160f9-afe1-4286-9ca9-11f35229455a-shelf-37": [],
    "NE-COUNTRY-Brazil": [],
    "e96160f9-afe1-4286-9ca9-11f35229455a-used-25": [],
    "e96160f9-afe1-4286-9ca9-11f35229455a-southeastern-35": [],
    "e96160f9-afe1-4286-9ca9-11f35229455a-continental-36": [],
    "e96160f9-afe1-4286-9ca9-11f35229455a-probability-18": [],
    "e96160f9-afe1-4286-9ca9-11f35229455a-calculated-24": [],
    "NE-SET-monthly": [],
    "e96160f9-afe1-4286-9ca9-11f35229455a-subsequently-23": [],
    "e96160f9-afe1-4286-9ca9-11f35229455a-frontal-17": [],
    "e96160f9-afe1-4286-9ca9-11f35229455a-SST-3-fronts-4": [],
    "e96160f9-afe1-4286-9ca9-11f35229455a-obtained-6": [],
    "NE-SET-daily": [],
    "e96160f9-afe1-4286-9ca9-11f35229455a-SST-2-FPs-3": [],
    "e96160f9-afe1-4286-9ca9-11f35229455a-coast-9": [],
    "e96160f9-afe1-4286-9ca9-11f35229455a-High-1": [
      "e96160f9-afe1-4286-9ca9-11f35229455a-high-13"
    ],
    "e96160f9-afe1-4286-9ca9-11f35229455a-distributed-6": [],
    "e96160f9-afe1-4286-9ca9-11f35229455a-distance-13": [],
    "e96160f9-afe1-4286-9ca9-11f35229455a-coastline-16": [],
    "e96160f9-afe1-4286-9ca9-11f35229455a-mainly-5": [],
    "e96160f9-afe1-4286-9ca9-11f35229455a-decrease-11": [],
    "e96160f9-afe1-4286-9ca9-11f35229455a-strong-12-seasonal-13-variability-14": [],
    "e96160f9-afe1-4286-9ca9-11f35229455a-maximum-21-minimum-23": [],
    "e96160f9-afe1-4286-9ca9-11f35229455a-Wind-1": [],
    "e96160f9-afe1-4286-9ca9-11f35229455a-role-5": [],
    "e96160f9-afe1-4286-9ca9-11f35229455a-stress-24": [],
    "e96160f9-afe1-4286-9ca9-11f35229455a-wind-20-stress-21": [],
    "e96160f9-afe1-4286-9ca9-11f35229455a-important-4": [],
    "e96160f9-afe1-4286-9ca9-11f35229455a-FPs-14": [],
    "e96160f9-afe1-4286-9ca9-11f35229455a-accompanied-16": [],
    "e96160f9-afe1-4286-9ca9-11f35229455a-high-13": [
      "e96160f9-afe1-4286-9ca9-11f35229455a-High-1"
    ],
    "e96160f9-afe1-4286-9ca9-11f35229455a-alongshore-19": [],
    "e96160f9-afe1-4286-9ca9-11f35229455a-strong-18": [],
    "e96160f9-afe1-4286-9ca9-11f35229455a-transport-12": [],
    "e96160f9-afe1-4286-9ca9-11f35229455a-alongshore-16-component-17": [],
    "e96160f9-afe1-4286-9ca9-11f35229455a-total-11": [],
    "e96160f9-afe1-4286-9ca9-11f35229455a-upwelling-19-favorable-21": [],
    "e96160f9-afe1-4286-9ca9-11f35229455a-winds-22": [],
    "e96160f9-afe1-4286-9ca9-11f35229455a-fronts-2": [],
    "e96160f9-afe1-4286-9ca9-11f35229455a-factors-7": [],
    "e96160f9-afe1-4286-9ca9-11f35229455a-wind-10": [],
    "e96160f9-afe1-4286-9ca9-11f35229455a-multiple-6": [],
    "e96160f9-afe1-4286-9ca9-11f35229455a-forcing-11": [],
    "e96160f9-afe1-4286-9ca9-11f35229455a-other-8": [],
    "e96160f9-afe1-4286-9ca9-11f35229455a-difference-9": [],
    "e96160f9-afe1-4286-9ca9-11f35229455a-locations-28": [],
    "e96160f9-afe1-4286-9ca9-11f35229455a-slight-8": [],
    "e96160f9-afe1-4286-9ca9-11f35229455a-spatial-27": [],
    "e96160f9-afe1-4286-9ca9-11f35229455a-impact-2": [],
    "e96160f9-afe1-4286-9ca9-11f35229455a-zone-15": [],
    "e96160f9-afe1-4286-9ca9-11f35229455a-frontal-14": [],
    "e96160f9-afe1-4286-9ca9-11f35229455a-coupling-19-coefficients-20": [],
    "e96160f9-afe1-4286-9ca9-11f35229455a-crosswind-25": [],
    "e96160f9-afe1-4286-9ca9-11f35229455a-downwind-27": [],
    "e96160f9-afe1-4286-9ca9-11f35229455a-found-22": [],
    "e96160f9-afe1-4286-9ca9-11f35229455a-large-18": [],
    "e96160f9-afe1-4286-9ca9-11f35229455a-investigated-11": [],
    "e96160f9-afe1-4286-9ca9-11f35229455a-further-10": [],
    "e96160f9-afe1-4286-9ca9-11f35229455a-analysis-2": [],
    "e96160f9-afe1-4286-9ca9-11f35229455a-understanding-13": [],
    "e96160f9-afe1-4286-9ca9-11f35229455a-southeastern-21": [],
    "e96160f9-afe1-4286-9ca9-11f35229455a-results-29": [],
    "e96160f9-afe1-4286-9ca9-11f35229455a-air-37-sea-39-coupling-40-process-41": [],
    "e96160f9-afe1-4286-9ca9-11f35229455a-can-30-used-32": [],
    "e96160f9-afe1-4286-9ca9-11f35229455a-dynamics-16": [],
    "e96160f9-afe1-4286-9ca9-11f35229455a-better-12": [],
    "e96160f9-afe1-4286-9ca9-11f35229455a-level-44": [],
    "e96160f9-afe1-4286-9ca9-11f35229455a-shelf-23": [],
    "e96160f9-afe1-4286-9ca9-11f35229455a-regional-43": []
  }
}