{
  "document": "D:/Projetos/PIRA_KG/documents/onu_85048345043.txt",
  "entities": {
    "40c5929f-d671-4179-89e9-66e6e803fa30-development-12": "development",
    "40c5929f-d671-4179-89e9-66e6e803fa30-past-6-decades-8": "past decades",
    "40c5929f-d671-4179-89e9-66e6e803fa30-few-7": "few",
    "40c5929f-d671-4179-89e9-66e6e803fa30-medium-37-term-39": "medium term",
    "40c5929f-d671-4179-89e9-66e6e803fa30-communities-53": "communities",
    "40c5929f-d671-4179-89e9-66e6e803fa30-term-30": "term",
    "40c5929f-d671-4179-89e9-66e6e803fa30-short-28": "short",
    "40c5929f-d671-4179-89e9-66e6e803fa30-We-1": "We",
    "40c5929f-d671-4179-89e9-66e6e803fa30-coupling-4-framework-5": "coupling framework",
    "NE-TITLE-model": "model",
    "40c5929f-d671-4179-89e9-66e6e803fa30-including-7": "including",
    "40c5929f-d671-4179-89e9-66e6e803fa30-components-9": "components",
    "40c5929f-d671-4179-89e9-66e6e803fa30-modeling-2-systems-3": "modeling systems",
    "40c5929f-d671-4179-89e9-66e6e803fa30-can-4-run-6": "can run",
    "40c5929f-d671-4179-89e9-66e6e803fa30-fully-8": "fully",
    "40c5929f-d671-4179-89e9-66e6e803fa30-atmosphere-10-ocean-12-configurations-19": "atmosphere ocean configurations",
    "40c5929f-d671-4179-89e9-66e6e803fa30-coupled-9": "coupled",
    "40c5929f-d671-4179-89e9-66e6e803fa30-Examples-1-applied-6": "Examples applied",
    "40c5929f-d671-4179-89e9-66e6e803fa30-presented-32": "presented",
    "NE-LOCATION-Gulf-of": "Gulf",
    "NE-COUNTRY-Mexico": "Mexico",
    "40c5929f-d671-4179-89e9-66e6e803fa30-field-10-campaigns-11": "field campaigns",
    "40c5929f-d671-4179-89e9-66e6e803fa30-understanding-17": "understanding",
    "40c5929f-d671-4179-89e9-66e6e803fa30-underlying-20": "underlying",
    "40c5929f-d671-4179-89e9-66e6e803fa30-studies-5": "studies",
    "40c5929f-d671-4179-89e9-66e6e803fa30-associated-22": "associated",
    "40c5929f-d671-4179-89e9-66e6e803fa30-atmosphere-25-ocean-27-feedbacks-28": "atmosphere ocean feedbacks",
    "40c5929f-d671-4179-89e9-66e6e803fa30-better-16": "better",
    "40c5929f-d671-4179-89e9-66e6e803fa30-physics-21": "physics",
    "40c5929f-d671-4179-89e9-66e6e803fa30-improvements-3": "improvements",
    "40c5929f-d671-4179-89e9-66e6e803fa30-predictive-5-skill-6": "predictive skill",
    "40c5929f-d671-4179-89e9-66e6e803fa30-Examples-1": "Examples",
    "40c5929f-d671-4179-89e9-66e6e803fa30-shown-15": "shown",
    "40c5929f-d671-4179-89e9-66e6e803fa30-challenges-3": "challenges",
    "40c5929f-d671-4179-89e9-66e6e803fa30-discussed-17": "discussed",
    "40c5929f-d671-4179-89e9-66e6e803fa30-Coupled-1": "Coupled"
  },
  "graph": [
    {
      "subject_id": "40c5929f-d671-4179-89e9-66e6e803fa30-development-12",
      "relation": "technological advances over",
      "object_id": "40c5929f-d671-4179-89e9-66e6e803fa30-past-6-decades-8"
    },
    {
      "subject_id": "40c5929f-d671-4179-89e9-66e6e803fa30-past-6-decades-8",
      "relation": "is",
      "object_id": "40c5929f-d671-4179-89e9-66e6e803fa30-few-7"
    },
    {
      "subject_id": "40c5929f-d671-4179-89e9-66e6e803fa30-development-12",
      "relation": "Recent advances over",
      "object_id": "40c5929f-d671-4179-89e9-66e6e803fa30-past-6-decades-8"
    },
    {
      "subject_id": "40c5929f-d671-4179-89e9-66e6e803fa30-medium-37-term-39",
      "relation": "needs for",
      "object_id": "40c5929f-d671-4179-89e9-66e6e803fa30-communities-53"
    },
    {
      "subject_id": "40c5929f-d671-4179-89e9-66e6e803fa30-term-30",
      "relation": "needs for",
      "object_id": "40c5929f-d671-4179-89e9-66e6e803fa30-communities-53"
    },
    {
      "subject_id": "40c5929f-d671-4179-89e9-66e6e803fa30-term-30",
      "relation": "is",
      "object_id": "40c5929f-d671-4179-89e9-66e6e803fa30-short-28"
    },
    {
      "subject_id": "40c5929f-d671-4179-89e9-66e6e803fa30-development-12",
      "relation": "Recent technological advances over",
      "object_id": "40c5929f-d671-4179-89e9-66e6e803fa30-past-6-decades-8"
    },
    {
      "subject_id": "40c5929f-d671-4179-89e9-66e6e803fa30-development-12",
      "relation": "advances over",
      "object_id": "40c5929f-d671-4179-89e9-66e6e803fa30-past-6-decades-8"
    },
    {
      "subject_id": "40c5929f-d671-4179-89e9-66e6e803fa30-We-1",
      "relation": "overview",
      "object_id": "40c5929f-d671-4179-89e9-66e6e803fa30-coupling-4-framework-5"
    },
    {
      "subject_id": "40c5929f-d671-4179-89e9-66e6e803fa30-coupling-4-framework-5",
      "relation": "of",
      "object_id": "NE-TITLE-model"
    },
    {
      "subject_id": "40c5929f-d671-4179-89e9-66e6e803fa30-coupling-4-framework-5",
      "relation": "case",
      "object_id": "40c5929f-d671-4179-89e9-66e6e803fa30-including-7"
    },
    {
      "subject_id": "40c5929f-d671-4179-89e9-66e6e803fa30-coupling-4-framework-5",
      "relation": "of",
      "object_id": "40c5929f-d671-4179-89e9-66e6e803fa30-components-9"
    },
    {
      "subject_id": "40c5929f-d671-4179-89e9-66e6e803fa30-modeling-2-systems-3",
      "relation": "can",
      "object_id": "40c5929f-d671-4179-89e9-66e6e803fa30-can-4-run-6"
    },
    {
      "subject_id": "40c5929f-d671-4179-89e9-66e6e803fa30-can-4-run-6",
      "relation": "at",
      "object_id": "40c5929f-d671-4179-89e9-66e6e803fa30-fully-8"
    },
    {
      "subject_id": "40c5929f-d671-4179-89e9-66e6e803fa30-can-4-run-6",
      "relation": "at",
      "object_id": "40c5929f-d671-4179-89e9-66e6e803fa30-atmosphere-10-ocean-12-configurations-19"
    },
    {
      "subject_id": "40c5929f-d671-4179-89e9-66e6e803fa30-can-4-run-6",
      "relation": "is",
      "object_id": "40c5929f-d671-4179-89e9-66e6e803fa30-coupled-9"
    },
    {
      "subject_id": "40c5929f-d671-4179-89e9-66e6e803fa30-Examples-1-applied-6",
      "relation": "are",
      "object_id": "40c5929f-d671-4179-89e9-66e6e803fa30-presented-32"
    },
    {
      "subject_id": "NE-LOCATION-Gulf-of",
      "relation": "is of",
      "object_id": "NE-COUNTRY-Mexico"
    },
    {
      "subject_id": "40c5929f-d671-4179-89e9-66e6e803fa30-field-10-campaigns-11",
      "relation": "have contributed to",
      "object_id": "40c5929f-d671-4179-89e9-66e6e803fa30-understanding-17"
    },
    {
      "subject_id": "40c5929f-d671-4179-89e9-66e6e803fa30-understanding-17",
      "relation": "is",
      "object_id": "40c5929f-d671-4179-89e9-66e6e803fa30-underlying-20"
    },
    {
      "subject_id": "40c5929f-d671-4179-89e9-66e6e803fa30-field-10-campaigns-11",
      "relation": "is In",
      "object_id": "40c5929f-d671-4179-89e9-66e6e803fa30-studies-5"
    },
    {
      "subject_id": "40c5929f-d671-4179-89e9-66e6e803fa30-understanding-17",
      "relation": "is",
      "object_id": "40c5929f-d671-4179-89e9-66e6e803fa30-associated-22"
    },
    {
      "subject_id": "40c5929f-d671-4179-89e9-66e6e803fa30-understanding-17",
      "relation": "at",
      "object_id": "40c5929f-d671-4179-89e9-66e6e803fa30-atmosphere-25-ocean-27-feedbacks-28"
    },
    {
      "subject_id": "40c5929f-d671-4179-89e9-66e6e803fa30-understanding-17",
      "relation": "is",
      "object_id": "40c5929f-d671-4179-89e9-66e6e803fa30-better-16"
    },
    {
      "subject_id": "40c5929f-d671-4179-89e9-66e6e803fa30-understanding-17",
      "relation": "of",
      "object_id": "40c5929f-d671-4179-89e9-66e6e803fa30-physics-21"
    },
    {
      "subject_id": "40c5929f-d671-4179-89e9-66e6e803fa30-improvements-3",
      "relation": "is in",
      "object_id": "40c5929f-d671-4179-89e9-66e6e803fa30-predictive-5-skill-6"
    },
    {
      "subject_id": "40c5929f-d671-4179-89e9-66e6e803fa30-Examples-1",
      "relation": "are",
      "object_id": "40c5929f-d671-4179-89e9-66e6e803fa30-shown-15"
    },
    {
      "subject_id": "40c5929f-d671-4179-89e9-66e6e803fa30-challenges-3",
      "relation": "are",
      "object_id": "40c5929f-d671-4179-89e9-66e6e803fa30-discussed-17"
    },
    {
      "subject_id": "40c5929f-d671-4179-89e9-66e6e803fa30-challenges-3",
      "relation": "is",
      "object_id": "40c5929f-d671-4179-89e9-66e6e803fa30-Coupled-1"
    },
    {
      "subject_id": "40c5929f-d671-4179-89e9-66e6e803fa30-challenges-3",
      "relation": "of",
      "object_id": "NE-TITLE-model"
    }
  ],
  "links": {
    "40c5929f-d671-4179-89e9-66e6e803fa30-development-12": [],
    "40c5929f-d671-4179-89e9-66e6e803fa30-past-6-decades-8": [],
    "40c5929f-d671-4179-89e9-66e6e803fa30-few-7": [],
    "40c5929f-d671-4179-89e9-66e6e803fa30-medium-37-term-39": [],
    "40c5929f-d671-4179-89e9-66e6e803fa30-communities-53": [],
    "40c5929f-d671-4179-89e9-66e6e803fa30-term-30": [],
    "40c5929f-d671-4179-89e9-66e6e803fa30-short-28": [],
    "40c5929f-d671-4179-89e9-66e6e803fa30-We-1": [],
    "40c5929f-d671-4179-89e9-66e6e803fa30-coupling-4-framework-5": [],
    "NE-TITLE-model": [],
    "40c5929f-d671-4179-89e9-66e6e803fa30-including-7": [],
    "40c5929f-d671-4179-89e9-66e6e803fa30-components-9": [],
    "40c5929f-d671-4179-89e9-66e6e803fa30-modeling-2-systems-3": [],
    "40c5929f-d671-4179-89e9-66e6e803fa30-can-4-run-6": [],
    "40c5929f-d671-4179-89e9-66e6e803fa30-fully-8": [],
    "40c5929f-d671-4179-89e9-66e6e803fa30-atmosphere-10-ocean-12-configurations-19": [],
    "40c5929f-d671-4179-89e9-66e6e803fa30-coupled-9": [],
    "40c5929f-d671-4179-89e9-66e6e803fa30-Examples-1-applied-6": [],
    "40c5929f-d671-4179-89e9-66e6e803fa30-presented-32": [],
    "NE-LOCATION-Gulf-of": [],
    "NE-COUNTRY-Mexico": [],
    "40c5929f-d671-4179-89e9-66e6e803fa30-field-10-campaigns-11": [],
    "40c5929f-d671-4179-89e9-66e6e803fa30-understanding-17": [],
    "40c5929f-d671-4179-89e9-66e6e803fa30-underlying-20": [],
    "40c5929f-d671-4179-89e9-66e6e803fa30-studies-5": [],
    "40c5929f-d671-4179-89e9-66e6e803fa30-associated-22": [],
    "40c5929f-d671-4179-89e9-66e6e803fa30-atmosphere-25-ocean-27-feedbacks-28": [],
    "40c5929f-d671-4179-89e9-66e6e803fa30-better-16": [],
    "40c5929f-d671-4179-89e9-66e6e803fa30-physics-21": [],
    "40c5929f-d671-4179-89e9-66e6e803fa30-improvements-3": [],
    "40c5929f-d671-4179-89e9-66e6e803fa30-predictive-5-skill-6": [],
    "40c5929f-d671-4179-89e9-66e6e803fa30-Examples-1": [],
    "40c5929f-d671-4179-89e9-66e6e803fa30-shown-15": [],
    "40c5929f-d671-4179-89e9-66e6e803fa30-challenges-3": [],
    "40c5929f-d671-4179-89e9-66e6e803fa30-discussed-17": [],
    "40c5929f-d671-4179-89e9-66e6e803fa30-Coupled-1": []
  }
}