{
  "document": "D:/Projetos/PIRA_KG/documents/onu_85056110569.txt",
  "entities": {
    "1a82d70b-0282-4199-a560-d0aab9c27373-have-9-discovered-11": "have discovered",
    "1a82d70b-0282-4199-a560-d0aab9c27373-challenge-28": "challenge",
    "1a82d70b-0282-4199-a560-d0aab9c27373-volumes-2": "volumes",
    "NE-PERSON-Campos": "Campos",
    "1a82d70b-0282-4199-a560-d0aab9c27373-Basins-17": "Basins",
    "1a82d70b-0282-4199-a560-d0aab9c27373-Significant-1": "Significant",
    "1a82d70b-0282-4199-a560-d0aab9c27373-production-2-technologies-3": "production technologies",
    "1a82d70b-0282-4199-a560-d0aab9c27373-development-9": "development",
    "1a82d70b-0282-4199-a560-d0aab9c27373-New-1": "New",
    "1a82d70b-0282-4199-a560-d0aab9c27373-heavy-12": "heavy",
    "1a82d70b-0282-4199-a560-d0aab9c27373-oil-13-reservoirs-14": "oil reservoirs",
    "1a82d70b-0282-4199-a560-d0aab9c27373-required-5": "required",
    "1a82d70b-0282-4199-a560-d0aab9c27373-offshore-11": "offshore",
    "1a82d70b-0282-4199-a560-d0aab9c27373-economic-8": "economic",
    "1a82d70b-0282-4199-a560-d0aab9c27373-decrease-24": "decrease",
    "1a82d70b-0282-4199-a560-d0aab9c27373-oil-31-viscosity-32": "oil viscosity",
    "1a82d70b-0282-4199-a560-d0aab9c27373-high-30": "high",
    "1a82d70b-0282-4199-a560-d0aab9c27373-productivity-26": "productivity",
    "1a82d70b-0282-4199-a560-d0aab9c27373-flow-2-assurance-3": "flow assurance",
    "1a82d70b-0282-4199-a560-d0aab9c27373-could-4-improved-6": "could improved",
    "1a82d70b-0282-4199-a560-d0aab9c27373-flowlines-11": "flowlines",
    "1a82d70b-0282-4199-a560-d0aab9c27373-insulated-8": "insulated",
    "1a82d70b-0282-4199-a560-d0aab9c27373-heavy-26-oil-27-transportation-28": "heavy oil transportation",
    "1a82d70b-0282-4199-a560-d0aab9c27373-emulsified-30-water-31": "emulsified water",
    "1a82d70b-0282-4199-a560-d0aab9c27373-separation-16-technologies-17": "separation technologies",
    "1a82d70b-0282-4199-a560-d0aab9c27373-should-33-investigated-35": "should investigated",
    "1a82d70b-0282-4199-a560-d0aab9c27373-new-15": "new",
    "1a82d70b-0282-4199-a560-d0aab9c27373-existence-2": "existence",
    "1a82d70b-0282-4199-a560-d0aab9c27373-would-16-issue-20": "would issue",
    "1a82d70b-0282-4199-a560-d0aab9c27373-feasibility-24": "feasibility",
    "1a82d70b-0282-4199-a560-d0aab9c27373-important-19": "important",
    "1a82d70b-0282-4199-a560-d0aab9c27373-neighboring-8-reservoirs-9": "neighboring reservoirs",
    "1a82d70b-0282-4199-a560-d0aab9c27373-oil-5-reserves-6": "oil reserves",
    "1a82d70b-0282-4199-a560-d0aab9c27373-light-4": "light",
    "1a82d70b-0282-4199-a560-d0aab9c27373-even-11-small-13-volumes-14": "even small volumes",
    "1a82d70b-0282-4199-a560-d0aab9c27373-offshore-5-heavy-6-oil-7-fields-8": "offshore heavy oil fields",
    "NE-LOCATION-Basin": "Basin",
    "1a82d70b-0282-4199-a560-d0aab9c27373-Petrobras-2-experience-3": "Petrobras experience",
    "NE-CITY-Campos": "Campos",
    "1a82d70b-0282-4199-a560-d0aab9c27373-some-15": "some",
    "1a82d70b-0282-4199-a560-d0aab9c27373-produced-19": "produced",
    "1a82d70b-0282-4199-a560-d0aab9c27373-economically-18": "economically",
    "1a82d70b-0282-4199-a560-d0aab9c27373-feasibility-5": "feasibility",
    "1a82d70b-0282-4199-a560-d0aab9c27373-factors-9": "factors",
    "1a82d70b-0282-4199-a560-d0aab9c27373-economic-4": "economic",
    "1a82d70b-0282-4199-a560-d0aab9c27373-blend-21": "blend",
    "1a82d70b-0282-4199-a560-d0aab9c27373-light-23-oil-24": "light oil",
    "NE-PERSON-PROPES": "PROPES",
    "1a82d70b-0282-4199-a560-d0aab9c27373-charge-14": "charge",
    "NE-ORGANIZATION-Petrobras-Heavy-Oil-Technological-Program": "Petrobras Heavy Oil Technological Program",
    "1a82d70b-0282-4199-a560-d0aab9c27373-development-17": "development",
    "1a82d70b-0282-4199-a560-d0aab9c27373-created-3": "created",
    "1a82d70b-0282-4199-a560-d0aab9c27373-basis-12": "basis",
    "1a82d70b-0282-4199-a560-d0aab9c27373-work-7": "work",
    "NE-COUNTRY-Brazil": "Brazil",
    "1a82d70b-0282-4199-a560-d0aab9c27373-offshore-26": "offshore",
    "1a82d70b-0282-4199-a560-d0aab9c27373-research-6-topics-9": "research topics",
    "1a82d70b-0282-4199-a560-d0aab9c27373-production-22-technologies-23": "production technologies",
    "1a82d70b-0282-4199-a560-d0aab9c27373-main-5": "main",
    "1a82d70b-0282-4199-a560-d0aab9c27373-key-21": "key",
    "1a82d70b-0282-4199-a560-d0aab9c27373-paper-2": "paper",
    "NE-ORGANIZATION-Petrobras-Heavy-Oil-Program": "Petrobras Heavy Oil Program",
    "1a82d70b-0282-4199-a560-d0aab9c27373-target-26-fields-27": "target fields",
    "1a82d70b-0282-4199-a560-d0aab9c27373-heavy-17-oil-18-reservoirs-19": "heavy oil reservoirs",
    "1a82d70b-0282-4199-a560-d0aab9c27373-EWT-14": "EWT",
    "1a82d70b-0282-4199-a560-d0aab9c27373-Tests-12": "Tests"
  },
  "graph": [
    {
      "subject_id": "1a82d70b-0282-4199-a560-d0aab9c27373-have-9-discovered-11",
      "relation": "is",
      "object_id": "1a82d70b-0282-4199-a560-d0aab9c27373-challenge-28"
    },
    {
      "subject_id": "1a82d70b-0282-4199-a560-d0aab9c27373-volumes-2",
      "relation": "have",
      "object_id": "1a82d70b-0282-4199-a560-d0aab9c27373-have-9-discovered-11"
    },
    {
      "subject_id": "1a82d70b-0282-4199-a560-d0aab9c27373-have-9-discovered-11",
      "relation": "of",
      "object_id": "NE-PERSON-Campos"
    },
    {
      "subject_id": "1a82d70b-0282-4199-a560-d0aab9c27373-have-9-discovered-11",
      "relation": "at",
      "object_id": "1a82d70b-0282-4199-a560-d0aab9c27373-Basins-17"
    },
    {
      "subject_id": "1a82d70b-0282-4199-a560-d0aab9c27373-volumes-2",
      "relation": "is",
      "object_id": "1a82d70b-0282-4199-a560-d0aab9c27373-Significant-1"
    },
    {
      "subject_id": "1a82d70b-0282-4199-a560-d0aab9c27373-production-2-technologies-3",
      "relation": "are required for",
      "object_id": "1a82d70b-0282-4199-a560-d0aab9c27373-development-9"
    },
    {
      "subject_id": "1a82d70b-0282-4199-a560-d0aab9c27373-production-2-technologies-3",
      "relation": "is",
      "object_id": "1a82d70b-0282-4199-a560-d0aab9c27373-New-1"
    },
    {
      "subject_id": "1a82d70b-0282-4199-a560-d0aab9c27373-development-9",
      "relation": "is",
      "object_id": "1a82d70b-0282-4199-a560-d0aab9c27373-heavy-12"
    },
    {
      "subject_id": "1a82d70b-0282-4199-a560-d0aab9c27373-development-9",
      "relation": "of",
      "object_id": "1a82d70b-0282-4199-a560-d0aab9c27373-oil-13-reservoirs-14"
    },
    {
      "subject_id": "1a82d70b-0282-4199-a560-d0aab9c27373-production-2-technologies-3",
      "relation": "are",
      "object_id": "1a82d70b-0282-4199-a560-d0aab9c27373-required-5"
    },
    {
      "subject_id": "1a82d70b-0282-4199-a560-d0aab9c27373-development-9",
      "relation": "is",
      "object_id": "1a82d70b-0282-4199-a560-d0aab9c27373-offshore-11"
    },
    {
      "subject_id": "1a82d70b-0282-4199-a560-d0aab9c27373-development-9",
      "relation": "is",
      "object_id": "1a82d70b-0282-4199-a560-d0aab9c27373-economic-8"
    },
    {
      "subject_id": "1a82d70b-0282-4199-a560-d0aab9c27373-decrease-24",
      "relation": "caused by",
      "object_id": "1a82d70b-0282-4199-a560-d0aab9c27373-oil-31-viscosity-32"
    },
    {
      "subject_id": "1a82d70b-0282-4199-a560-d0aab9c27373-oil-31-viscosity-32",
      "relation": "is",
      "object_id": "1a82d70b-0282-4199-a560-d0aab9c27373-high-30"
    },
    {
      "subject_id": "1a82d70b-0282-4199-a560-d0aab9c27373-decrease-24",
      "relation": "is in",
      "object_id": "1a82d70b-0282-4199-a560-d0aab9c27373-productivity-26"
    },
    {
      "subject_id": "1a82d70b-0282-4199-a560-d0aab9c27373-flow-2-assurance-3",
      "relation": "could",
      "object_id": "1a82d70b-0282-4199-a560-d0aab9c27373-could-4-improved-6"
    },
    {
      "subject_id": "1a82d70b-0282-4199-a560-d0aab9c27373-could-4-improved-6",
      "relation": "at",
      "object_id": "1a82d70b-0282-4199-a560-d0aab9c27373-flowlines-11"
    },
    {
      "subject_id": "1a82d70b-0282-4199-a560-d0aab9c27373-could-4-improved-6",
      "relation": "is",
      "object_id": "1a82d70b-0282-4199-a560-d0aab9c27373-insulated-8"
    },
    {
      "subject_id": "1a82d70b-0282-4199-a560-d0aab9c27373-heavy-26-oil-27-transportation-28",
      "relation": "is with",
      "object_id": "1a82d70b-0282-4199-a560-d0aab9c27373-emulsified-30-water-31"
    },
    {
      "subject_id": "1a82d70b-0282-4199-a560-d0aab9c27373-separation-16-technologies-17",
      "relation": "should",
      "object_id": "1a82d70b-0282-4199-a560-d0aab9c27373-should-33-investigated-35"
    },
    {
      "subject_id": "1a82d70b-0282-4199-a560-d0aab9c27373-separation-16-technologies-17",
      "relation": "is",
      "object_id": "1a82d70b-0282-4199-a560-d0aab9c27373-new-15"
    },
    {
      "subject_id": "1a82d70b-0282-4199-a560-d0aab9c27373-existence-2",
      "relation": "would",
      "object_id": "1a82d70b-0282-4199-a560-d0aab9c27373-would-16-issue-20"
    },
    {
      "subject_id": "1a82d70b-0282-4199-a560-d0aab9c27373-would-16-issue-20",
      "relation": "of",
      "object_id": "1a82d70b-0282-4199-a560-d0aab9c27373-feasibility-24"
    },
    {
      "subject_id": "1a82d70b-0282-4199-a560-d0aab9c27373-would-16-issue-20",
      "relation": "is",
      "object_id": "1a82d70b-0282-4199-a560-d0aab9c27373-important-19"
    },
    {
      "subject_id": "1a82d70b-0282-4199-a560-d0aab9c27373-existence-2",
      "relation": "is in",
      "object_id": "1a82d70b-0282-4199-a560-d0aab9c27373-neighboring-8-reservoirs-9"
    },
    {
      "subject_id": "1a82d70b-0282-4199-a560-d0aab9c27373-oil-5-reserves-6",
      "relation": "existence of be",
      "object_id": "1a82d70b-0282-4199-a560-d0aab9c27373-would-16-issue-20"
    },
    {
      "subject_id": "1a82d70b-0282-4199-a560-d0aab9c27373-oil-5-reserves-6",
      "relation": "is",
      "object_id": "1a82d70b-0282-4199-a560-d0aab9c27373-light-4"
    },
    {
      "subject_id": "1a82d70b-0282-4199-a560-d0aab9c27373-existence-2",
      "relation": "be important",
      "object_id": "1a82d70b-0282-4199-a560-d0aab9c27373-feasibility-24"
    },
    {
      "subject_id": "1a82d70b-0282-4199-a560-d0aab9c27373-existence-2",
      "relation": "is in",
      "object_id": "1a82d70b-0282-4199-a560-d0aab9c27373-even-11-small-13-volumes-14"
    },
    {
      "subject_id": "1a82d70b-0282-4199-a560-d0aab9c27373-offshore-5-heavy-6-oil-7-fields-8",
      "relation": "is in",
      "object_id": "NE-LOCATION-Basin"
    },
    {
      "subject_id": "1a82d70b-0282-4199-a560-d0aab9c27373-Petrobras-2-experience-3",
      "relation": "is with",
      "object_id": "1a82d70b-0282-4199-a560-d0aab9c27373-offshore-5-heavy-6-oil-7-fields-8"
    },
    {
      "subject_id": "1a82d70b-0282-4199-a560-d0aab9c27373-offshore-5-heavy-6-oil-7-fields-8",
      "relation": "of",
      "object_id": "NE-LOCATION-Basin"
    },
    {
      "subject_id": "1a82d70b-0282-4199-a560-d0aab9c27373-offshore-5-heavy-6-oil-7-fields-8",
      "relation": "of",
      "object_id": "NE-CITY-Campos"
    },
    {
      "subject_id": "1a82d70b-0282-4199-a560-d0aab9c27373-some-15",
      "relation": "be",
      "object_id": "1a82d70b-0282-4199-a560-d0aab9c27373-produced-19"
    },
    {
      "subject_id": "NE-LOCATION-Basin",
      "relation": "is in",
      "object_id": "NE-CITY-Campos"
    },
    {
      "subject_id": "1a82d70b-0282-4199-a560-d0aab9c27373-produced-19",
      "relation": "at",
      "object_id": "1a82d70b-0282-4199-a560-d0aab9c27373-economically-18"
    },
    {
      "subject_id": "1a82d70b-0282-4199-a560-d0aab9c27373-feasibility-5",
      "relation": "is controlled by",
      "object_id": "1a82d70b-0282-4199-a560-d0aab9c27373-factors-9"
    },
    {
      "subject_id": "1a82d70b-0282-4199-a560-d0aab9c27373-feasibility-5",
      "relation": "is",
      "object_id": "1a82d70b-0282-4199-a560-d0aab9c27373-economic-4"
    },
    {
      "subject_id": "1a82d70b-0282-4199-a560-d0aab9c27373-feasibility-5",
      "relation": "However is controlled by",
      "object_id": "1a82d70b-0282-4199-a560-d0aab9c27373-factors-9"
    },
    {
      "subject_id": "1a82d70b-0282-4199-a560-d0aab9c27373-blend-21",
      "relation": "is with",
      "object_id": "1a82d70b-0282-4199-a560-d0aab9c27373-light-23-oil-24"
    },
    {
      "subject_id": "NE-PERSON-PROPES",
      "relation": "is in",
      "object_id": "1a82d70b-0282-4199-a560-d0aab9c27373-charge-14"
    },
    {
      "subject_id": "NE-PERSON-PROPES",
      "relation": "of",
      "object_id": "NE-ORGANIZATION-Petrobras-Heavy-Oil-Technological-Program"
    },
    {
      "subject_id": "1a82d70b-0282-4199-a560-d0aab9c27373-charge-14",
      "relation": "of",
      "object_id": "1a82d70b-0282-4199-a560-d0aab9c27373-development-17"
    },
    {
      "subject_id": "NE-PERSON-PROPES",
      "relation": "is",
      "object_id": "1a82d70b-0282-4199-a560-d0aab9c27373-created-3"
    },
    {
      "subject_id": "NE-PERSON-PROPES",
      "relation": "is",
      "object_id": "NE-ORGANIZATION-Petrobras-Heavy-Oil-Technological-Program"
    },
    {
      "subject_id": "1a82d70b-0282-4199-a560-d0aab9c27373-basis-12",
      "relation": "objective of",
      "object_id": "1a82d70b-0282-4199-a560-d0aab9c27373-work-7"
    },
    {
      "subject_id": "1a82d70b-0282-4199-a560-d0aab9c27373-basis-12",
      "relation": "discovered",
      "object_id": "NE-COUNTRY-Brazil"
    },
    {
      "subject_id": "1a82d70b-0282-4199-a560-d0aab9c27373-basis-12",
      "relation": "already discovered",
      "object_id": "NE-COUNTRY-Brazil"
    },
    {
      "subject_id": "1a82d70b-0282-4199-a560-d0aab9c27373-basis-12",
      "relation": "main objective of",
      "object_id": "1a82d70b-0282-4199-a560-d0aab9c27373-work-7"
    },
    {
      "subject_id": "NE-COUNTRY-Brazil",
      "relation": "is",
      "object_id": "1a82d70b-0282-4199-a560-d0aab9c27373-offshore-26"
    },
    {
      "subject_id": "1a82d70b-0282-4199-a560-d0aab9c27373-research-6-topics-9",
      "relation": "paper",
      "object_id": "1a82d70b-0282-4199-a560-d0aab9c27373-production-22-technologies-23"
    },
    {
      "subject_id": "1a82d70b-0282-4199-a560-d0aab9c27373-research-6-topics-9",
      "relation": "is",
      "object_id": "1a82d70b-0282-4199-a560-d0aab9c27373-main-5"
    },
    {
      "subject_id": "1a82d70b-0282-4199-a560-d0aab9c27373-production-22-technologies-23",
      "relation": "is",
      "object_id": "1a82d70b-0282-4199-a560-d0aab9c27373-key-21"
    },
    {
      "subject_id": "1a82d70b-0282-4199-a560-d0aab9c27373-paper-2",
      "relation": "presents",
      "object_id": "1a82d70b-0282-4199-a560-d0aab9c27373-research-6-topics-9"
    },
    {
      "subject_id": "1a82d70b-0282-4199-a560-d0aab9c27373-research-6-topics-9",
      "relation": "of",
      "object_id": "NE-ORGANIZATION-Petrobras-Heavy-Oil-Program"
    },
    {
      "subject_id": "1a82d70b-0282-4199-a560-d0aab9c27373-production-22-technologies-23",
      "relation": "of",
      "object_id": "1a82d70b-0282-4199-a560-d0aab9c27373-target-26-fields-27"
    },
    {
      "subject_id": "1a82d70b-0282-4199-a560-d0aab9c27373-heavy-17-oil-18-reservoirs-19",
      "relation": "in Tests is",
      "object_id": "1a82d70b-0282-4199-a560-d0aab9c27373-EWT-14"
    },
    {
      "subject_id": "1a82d70b-0282-4199-a560-d0aab9c27373-Tests-12",
      "relation": "is in",
      "object_id": "1a82d70b-0282-4199-a560-d0aab9c27373-heavy-17-oil-18-reservoirs-19"
    },
    {
      "subject_id": "1a82d70b-0282-4199-a560-d0aab9c27373-heavy-17-oil-18-reservoirs-19",
      "relation": "is in",
      "object_id": "NE-LOCATION-Basin"
    }
  ],
  "links": {
    "1a82d70b-0282-4199-a560-d0aab9c27373-have-9-discovered-11": [],
    "1a82d70b-0282-4199-a560-d0aab9c27373-challenge-28": [],
    "1a82d70b-0282-4199-a560-d0aab9c27373-volumes-2": [],
    "NE-PERSON-Campos": [],
    "1a82d70b-0282-4199-a560-d0aab9c27373-Basins-17": [],
    "1a82d70b-0282-4199-a560-d0aab9c27373-Significant-1": [],
    "1a82d70b-0282-4199-a560-d0aab9c27373-production-2-technologies-3": [
      "1a82d70b-0282-4199-a560-d0aab9c27373-production-22-technologies-23"
    ],
    "1a82d70b-0282-4199-a560-d0aab9c27373-development-9": [],
    "1a82d70b-0282-4199-a560-d0aab9c27373-New-1": [
      "1a82d70b-0282-4199-a560-d0aab9c27373-new-15"
    ],
    "1a82d70b-0282-4199-a560-d0aab9c27373-heavy-12": [],
    "1a82d70b-0282-4199-a560-d0aab9c27373-oil-13-reservoirs-14": [],
    "1a82d70b-0282-4199-a560-d0aab9c27373-required-5": [],
    "1a82d70b-0282-4199-a560-d0aab9c27373-offshore-11": [],
    "1a82d70b-0282-4199-a560-d0aab9c27373-economic-8": [],
    "1a82d70b-0282-4199-a560-d0aab9c27373-decrease-24": [],
    "1a82d70b-0282-4199-a560-d0aab9c27373-oil-31-viscosity-32": [],
    "1a82d70b-0282-4199-a560-d0aab9c27373-high-30": [],
    "1a82d70b-0282-4199-a560-d0aab9c27373-productivity-26": [],
    "1a82d70b-0282-4199-a560-d0aab9c27373-flow-2-assurance-3": [],
    "1a82d70b-0282-4199-a560-d0aab9c27373-could-4-improved-6": [],
    "1a82d70b-0282-4199-a560-d0aab9c27373-flowlines-11": [],
    "1a82d70b-0282-4199-a560-d0aab9c27373-insulated-8": [],
    "1a82d70b-0282-4199-a560-d0aab9c27373-heavy-26-oil-27-transportation-28": [],
    "1a82d70b-0282-4199-a560-d0aab9c27373-emulsified-30-water-31": [],
    "1a82d70b-0282-4199-a560-d0aab9c27373-separation-16-technologies-17": [],
    "1a82d70b-0282-4199-a560-d0aab9c27373-should-33-investigated-35": [],
    "1a82d70b-0282-4199-a560-d0aab9c27373-new-15": [
      "1a82d70b-0282-4199-a560-d0aab9c27373-New-1"
    ],
    "1a82d70b-0282-4199-a560-d0aab9c27373-existence-2": [],
    "1a82d70b-0282-4199-a560-d0aab9c27373-would-16-issue-20": [],
    "1a82d70b-0282-4199-a560-d0aab9c27373-feasibility-24": [],
    "1a82d70b-0282-4199-a560-d0aab9c27373-important-19": [],
    "1a82d70b-0282-4199-a560-d0aab9c27373-neighboring-8-reservoirs-9": [],
    "1a82d70b-0282-4199-a560-d0aab9c27373-oil-5-reserves-6": [],
    "1a82d70b-0282-4199-a560-d0aab9c27373-light-4": [],
    "1a82d70b-0282-4199-a560-d0aab9c27373-even-11-small-13-volumes-14": [],
    "1a82d70b-0282-4199-a560-d0aab9c27373-offshore-5-heavy-6-oil-7-fields-8": [],
    "NE-LOCATION-Basin": [],
    "1a82d70b-0282-4199-a560-d0aab9c27373-Petrobras-2-experience-3": [],
    "NE-CITY-Campos": [],
    "1a82d70b-0282-4199-a560-d0aab9c27373-some-15": [],
    "1a82d70b-0282-4199-a560-d0aab9c27373-produced-19": [],
    "1a82d70b-0282-4199-a560-d0aab9c27373-economically-18": [],
    "1a82d70b-0282-4199-a560-d0aab9c27373-feasibility-5": [],
    "1a82d70b-0282-4199-a560-d0aab9c27373-factors-9": [],
    "1a82d70b-0282-4199-a560-d0aab9c27373-economic-4": [],
    "1a82d70b-0282-4199-a560-d0aab9c27373-blend-21": [],
    "1a82d70b-0282-4199-a560-d0aab9c27373-light-23-oil-24": [],
    "NE-PERSON-PROPES": [],
    "1a82d70b-0282-4199-a560-d0aab9c27373-charge-14": [],
    "NE-ORGANIZATION-Petrobras-Heavy-Oil-Technological-Program": [
      "NE-ORGANIZATION-Petrobras-Heavy-Oil-Program"
    ],
    "1a82d70b-0282-4199-a560-d0aab9c27373-development-17": [],
    "1a82d70b-0282-4199-a560-d0aab9c27373-created-3": [],
    "1a82d70b-0282-4199-a560-d0aab9c27373-basis-12": [],
    "1a82d70b-0282-4199-a560-d0aab9c27373-work-7": [],
    "NE-COUNTRY-Brazil": [],
    "1a82d70b-0282-4199-a560-d0aab9c27373-offshore-26": [],
    "1a82d70b-0282-4199-a560-d0aab9c27373-research-6-topics-9": [],
    "1a82d70b-0282-4199-a560-d0aab9c27373-production-22-technologies-23": [
      "1a82d70b-0282-4199-a560-d0aab9c27373-production-2-technologies-3"
    ],
    "1a82d70b-0282-4199-a560-d0aab9c27373-main-5": [],
    "1a82d70b-0282-4199-a560-d0aab9c27373-key-21": [],
    "1a82d70b-0282-4199-a560-d0aab9c27373-paper-2": [],
    "NE-ORGANIZATION-Petrobras-Heavy-Oil-Program": [
      "NE-ORGANIZATION-Petrobras-Heavy-Oil-Technological-Program"
    ],
    "1a82d70b-0282-4199-a560-d0aab9c27373-target-26-fields-27": [],
    "1a82d70b-0282-4199-a560-d0aab9c27373-heavy-17-oil-18-reservoirs-19": [],
    "1a82d70b-0282-4199-a560-d0aab9c27373-EWT-14": [],
    "1a82d70b-0282-4199-a560-d0aab9c27373-Tests-12": []
  }
}