{
  "document": "D:/Projetos/PIRA_KG/documents/onu_85064764902.txt",
  "entities": {
    "11cdb5e6-cecf-4388-bb5e-cd624208f6f9-REMO-9": "REMO",
    "NE-ORGANIZATION-Observação-Oceanográfica": "Observação Oceanográfica",
    "11cdb5e6-cecf-4388-bb5e-cd624208f6f9-Oceanographic-3": "Oceanographic",
    "NE-ORGANIZATION-REMO-Ocean-Data-Assimilation-System": "REMO Ocean Data Assimilation System",
    "NE-NATIONALITY-Portuguese": "Portuguese",
    "NE-NATIONALITY-Brazilian": "Brazilian",
    "11cdb5e6-cecf-4388-bb5e-cd624208f6f9-It-1": "It",
    "11cdb5e6-cecf-4388-bb5e-cd624208f6f9-Ensemble-6-Interpolation-8-scheme-9": "Ensemble Interpolation scheme",
    "11cdb5e6-cecf-4388-bb5e-cd624208f6f9-applied-10": "applied",
    "NE-TITLE-Model": "Model",
    "11cdb5e6-cecf-4388-bb5e-cd624208f6f9-Hybrid-13-Coordinate-14-Ocean-15": "Hybrid Coordinate Ocean",
    "11cdb5e6-cecf-4388-bb5e-cd624208f6f9-based-3": "based",
    "11cdb5e6-cecf-4388-bb5e-cd624208f6f9-Optimal-7": "Optimal",
    "11cdb5e6-cecf-4388-bb5e-cd624208f6f9-study-2": "study",
    "11cdb5e6-cecf-4388-bb5e-cd624208f6f9-each-33": "each",
    "11cdb5e6-cecf-4388-bb5e-cd624208f6f9-outputs-2": "outputs",
    "11cdb5e6-cecf-4388-bb5e-cd624208f6f9-run-20": "run",
    "11cdb5e6-cecf-4388-bb5e-cd624208f6f9-compared-4": "compared",
    "NE-TITLE-model": "model",
    "11cdb5e6-cecf-4388-bb5e-cd624208f6f9-free-19": "free",
    "11cdb5e6-cecf-4388-bb5e-cd624208f6f9-root-6-mean-7-difference-9": "root mean difference",
    "11cdb5e6-cecf-4388-bb5e-cd624208f6f9-correlation-15-at-30-lead-32-times-33": "correlation at lead times",
    "11cdb5e6-cecf-4388-bb5e-cd624208f6f9-lowest-5": "lowest",
    "11cdb5e6-cecf-4388-bb5e-cd624208f6f9-highest-14": "highest",
    "11cdb5e6-cecf-4388-bb5e-cd624208f6f9-square-8": "square",
    "11cdb5e6-cecf-4388-bb5e-cd624208f6f9-hindcasts-2": "hindcasts",
    "11cdb5e6-cecf-4388-bb5e-cd624208f6f9-sea-17-surface-18-temperature-19": "sea surface temperature",
    "11cdb5e6-cecf-4388-bb5e-cd624208f6f9-1.09-9-°C-10": "1.09 °C",
    "11cdb5e6-cecf-4388-bb5e-cd624208f6f9-0.08-12-m-13": "0.08 m",
    "11cdb5e6-cecf-4388-bb5e-cd624208f6f9-persistence-6-RMSD-7": "persistence RMSD",
    "11cdb5e6-cecf-4388-bb5e-cd624208f6f9-hindcast-23-RMSD-24": "hindcast RMSD",
    "11cdb5e6-cecf-4388-bb5e-cd624208f6f9-0.46-26-°C-27": "0.46 °C",
    "11cdb5e6-cecf-4388-bb5e-cd624208f6f9-0.05-29-m-30": "0.05 m",
    "11cdb5e6-cecf-4388-bb5e-cd624208f6f9-run-3-RMSD-4": "run RMSD",
    "11cdb5e6-cecf-4388-bb5e-cd624208f6f9-average-10": "average",
    "11cdb5e6-cecf-4388-bb5e-cd624208f6f9-0.88-12-°C-13": "0.88 °C",
    "11cdb5e6-cecf-4388-bb5e-cd624208f6f9-constant-7": "constant",
    "11cdb5e6-cecf-4388-bb5e-cd624208f6f9-free-2": "free",
    "11cdb5e6-cecf-4388-bb5e-cd624208f6f9-almost-6": "almost",
    "11cdb5e6-cecf-4388-bb5e-cd624208f6f9-hindcast-5-RMSD-6-increase-7": "hindcast RMSD increase",
    "11cdb5e6-cecf-4388-bb5e-cd624208f6f9-lower-10": "lower",
    "11cdb5e6-cecf-4388-bb5e-cd624208f6f9-even-9": "even",
    "11cdb5e6-cecf-4388-bb5e-cd624208f6f9-subsurface-3": "subsurface",
    "11cdb5e6-cecf-4388-bb5e-cd624208f6f9-state-19": "state",
    "11cdb5e6-cecf-4388-bb5e-cd624208f6f9-run-32": "run",
    "11cdb5e6-cecf-4388-bb5e-cd624208f6f9-thermohaline-18": "thermohaline",
    "11cdb5e6-cecf-4388-bb5e-cd624208f6f9-free-30": "free",
    "11cdb5e6-cecf-4388-bb5e-cd624208f6f9-improved-25": "improved",
    "11cdb5e6-cecf-4388-bb5e-cd624208f6f9-consistently-24": "consistently",
    "11cdb5e6-cecf-4388-bb5e-cd624208f6f9-HYCOM-5-RODAS-7-skill-9": "HYCOM RODAS skill",
    "11cdb5e6-cecf-4388-bb5e-cd624208f6f9-a-14-month-15": "a month",
    "11cdb5e6-cecf-4388-bb5e-cd624208f6f9-predictive-8": "predictive"
  },
  "graph": [
    {
      "subject_id": "11cdb5e6-cecf-4388-bb5e-cd624208f6f9-REMO-9",
      "relation": "acronym for",
      "object_id": "NE-ORGANIZATION-Observação-Oceanográfica"
    },
    {
      "subject_id": "11cdb5e6-cecf-4388-bb5e-cd624208f6f9-Oceanographic-3",
      "relation": "Modeling",
      "object_id": "NE-ORGANIZATION-REMO-Ocean-Data-Assimilation-System"
    },
    {
      "subject_id": "NE-ORGANIZATION-Observação-Oceanográfica",
      "relation": "is in",
      "object_id": "NE-NATIONALITY-Portuguese"
    },
    {
      "subject_id": "11cdb5e6-cecf-4388-bb5e-cd624208f6f9-Oceanographic-3",
      "relation": "is",
      "object_id": "NE-NATIONALITY-Brazilian"
    },
    {
      "subject_id": "11cdb5e6-cecf-4388-bb5e-cd624208f6f9-It-1",
      "relation": "is based on",
      "object_id": "11cdb5e6-cecf-4388-bb5e-cd624208f6f9-Ensemble-6-Interpolation-8-scheme-9"
    },
    {
      "subject_id": "11cdb5e6-cecf-4388-bb5e-cd624208f6f9-Ensemble-6-Interpolation-8-scheme-9",
      "relation": "is",
      "object_id": "11cdb5e6-cecf-4388-bb5e-cd624208f6f9-applied-10"
    },
    {
      "subject_id": "11cdb5e6-cecf-4388-bb5e-cd624208f6f9-Ensemble-6-Interpolation-8-scheme-9",
      "relation": "at",
      "object_id": "NE-TITLE-Model"
    },
    {
      "subject_id": "11cdb5e6-cecf-4388-bb5e-cd624208f6f9-Ensemble-6-Interpolation-8-scheme-9",
      "relation": "case",
      "object_id": "11cdb5e6-cecf-4388-bb5e-cd624208f6f9-Hybrid-13-Coordinate-14-Ocean-15"
    },
    {
      "subject_id": "11cdb5e6-cecf-4388-bb5e-cd624208f6f9-It-1",
      "relation": "is",
      "object_id": "11cdb5e6-cecf-4388-bb5e-cd624208f6f9-based-3"
    },
    {
      "subject_id": "11cdb5e6-cecf-4388-bb5e-cd624208f6f9-Ensemble-6-Interpolation-8-scheme-9",
      "relation": "is",
      "object_id": "11cdb5e6-cecf-4388-bb5e-cd624208f6f9-Optimal-7"
    },
    {
      "subject_id": "11cdb5e6-cecf-4388-bb5e-cd624208f6f9-study-2",
      "relation": "investigate range predictability",
      "object_id": "11cdb5e6-cecf-4388-bb5e-cd624208f6f9-each-33"
    },
    {
      "subject_id": "11cdb5e6-cecf-4388-bb5e-cd624208f6f9-outputs-2",
      "relation": "were compared to",
      "object_id": "11cdb5e6-cecf-4388-bb5e-cd624208f6f9-run-20"
    },
    {
      "subject_id": "11cdb5e6-cecf-4388-bb5e-cd624208f6f9-outputs-2",
      "relation": "were",
      "object_id": "11cdb5e6-cecf-4388-bb5e-cd624208f6f9-compared-4"
    },
    {
      "subject_id": "11cdb5e6-cecf-4388-bb5e-cd624208f6f9-run-20",
      "relation": "is",
      "object_id": "NE-TITLE-model"
    },
    {
      "subject_id": "11cdb5e6-cecf-4388-bb5e-cd624208f6f9-run-20",
      "relation": "is",
      "object_id": "11cdb5e6-cecf-4388-bb5e-cd624208f6f9-free-19"
    },
    {
      "subject_id": "11cdb5e6-cecf-4388-bb5e-cd624208f6f9-root-6-mean-7-difference-9",
      "relation": "hindcasts",
      "object_id": "11cdb5e6-cecf-4388-bb5e-cd624208f6f9-correlation-15-at-30-lead-32-times-33"
    },
    {
      "subject_id": "11cdb5e6-cecf-4388-bb5e-cd624208f6f9-root-6-mean-7-difference-9",
      "relation": "is",
      "object_id": "11cdb5e6-cecf-4388-bb5e-cd624208f6f9-lowest-5"
    },
    {
      "subject_id": "11cdb5e6-cecf-4388-bb5e-cd624208f6f9-correlation-15-at-30-lead-32-times-33",
      "relation": "is",
      "object_id": "11cdb5e6-cecf-4388-bb5e-cd624208f6f9-highest-14"
    },
    {
      "subject_id": "11cdb5e6-cecf-4388-bb5e-cd624208f6f9-root-6-mean-7-difference-9",
      "relation": "is",
      "object_id": "11cdb5e6-cecf-4388-bb5e-cd624208f6f9-square-8"
    },
    {
      "subject_id": "11cdb5e6-cecf-4388-bb5e-cd624208f6f9-hindcasts-2",
      "relation": "had",
      "object_id": "11cdb5e6-cecf-4388-bb5e-cd624208f6f9-root-6-mean-7-difference-9"
    },
    {
      "subject_id": "11cdb5e6-cecf-4388-bb5e-cd624208f6f9-correlation-15-at-30-lead-32-times-33",
      "relation": "of",
      "object_id": "11cdb5e6-cecf-4388-bb5e-cd624208f6f9-sea-17-surface-18-temperature-19"
    },
    {
      "subject_id": "11cdb5e6-cecf-4388-bb5e-cd624208f6f9-1.09-9-°C-10",
      "relation": "day",
      "object_id": "11cdb5e6-cecf-4388-bb5e-cd624208f6f9-0.08-12-m-13"
    },
    {
      "subject_id": "11cdb5e6-cecf-4388-bb5e-cd624208f6f9-persistence-6-RMSD-7",
      "relation": "reached",
      "object_id": "11cdb5e6-cecf-4388-bb5e-cd624208f6f9-1.09-9-°C-10"
    },
    {
      "subject_id": "11cdb5e6-cecf-4388-bb5e-cd624208f6f9-1.09-9-°C-10",
      "relation": "SST",
      "object_id": "11cdb5e6-cecf-4388-bb5e-cd624208f6f9-0.08-12-m-13"
    },
    {
      "subject_id": "11cdb5e6-cecf-4388-bb5e-cd624208f6f9-persistence-6-RMSD-7",
      "relation": "reached respectively",
      "object_id": "11cdb5e6-cecf-4388-bb5e-cd624208f6f9-1.09-9-°C-10"
    },
    {
      "subject_id": "11cdb5e6-cecf-4388-bb5e-cd624208f6f9-1.09-9-°C-10",
      "relation": "RMSD",
      "object_id": "11cdb5e6-cecf-4388-bb5e-cd624208f6f9-0.08-12-m-13"
    },
    {
      "subject_id": "11cdb5e6-cecf-4388-bb5e-cd624208f6f9-hindcast-23-RMSD-24",
      "relation": "reached",
      "object_id": "11cdb5e6-cecf-4388-bb5e-cd624208f6f9-0.46-26-°C-27"
    },
    {
      "subject_id": "11cdb5e6-cecf-4388-bb5e-cd624208f6f9-1.09-9-°C-10",
      "relation": "30th day",
      "object_id": "11cdb5e6-cecf-4388-bb5e-cd624208f6f9-0.08-12-m-13"
    },
    {
      "subject_id": "11cdb5e6-cecf-4388-bb5e-cd624208f6f9-0.46-26-°C-27",
      "relation": "RMSD",
      "object_id": "11cdb5e6-cecf-4388-bb5e-cd624208f6f9-0.05-29-m-30"
    },
    {
      "subject_id": "11cdb5e6-cecf-4388-bb5e-cd624208f6f9-run-3-RMSD-4",
      "relation": "was almost constant with",
      "object_id": "11cdb5e6-cecf-4388-bb5e-cd624208f6f9-average-10"
    },
    {
      "subject_id": "11cdb5e6-cecf-4388-bb5e-cd624208f6f9-run-3-RMSD-4",
      "relation": "was constant with",
      "object_id": "11cdb5e6-cecf-4388-bb5e-cd624208f6f9-average-10"
    },
    {
      "subject_id": "11cdb5e6-cecf-4388-bb5e-cd624208f6f9-average-10",
      "relation": "of",
      "object_id": "11cdb5e6-cecf-4388-bb5e-cd624208f6f9-0.88-12-°C-13"
    },
    {
      "subject_id": "11cdb5e6-cecf-4388-bb5e-cd624208f6f9-run-3-RMSD-4",
      "relation": "was",
      "object_id": "11cdb5e6-cecf-4388-bb5e-cd624208f6f9-constant-7"
    },
    {
      "subject_id": "11cdb5e6-cecf-4388-bb5e-cd624208f6f9-run-3-RMSD-4",
      "relation": "is",
      "object_id": "11cdb5e6-cecf-4388-bb5e-cd624208f6f9-free-2"
    },
    {
      "subject_id": "11cdb5e6-cecf-4388-bb5e-cd624208f6f9-constant-7",
      "relation": "at",
      "object_id": "11cdb5e6-cecf-4388-bb5e-cd624208f6f9-almost-6"
    },
    {
      "subject_id": "11cdb5e6-cecf-4388-bb5e-cd624208f6f9-hindcast-5-RMSD-6-increase-7",
      "relation": "was",
      "object_id": "11cdb5e6-cecf-4388-bb5e-cd624208f6f9-lower-10"
    },
    {
      "subject_id": "11cdb5e6-cecf-4388-bb5e-cd624208f6f9-lower-10",
      "relation": "at",
      "object_id": "11cdb5e6-cecf-4388-bb5e-cd624208f6f9-even-9"
    },
    {
      "subject_id": "11cdb5e6-cecf-4388-bb5e-cd624208f6f9-hindcast-5-RMSD-6-increase-7",
      "relation": "was lower In",
      "object_id": "11cdb5e6-cecf-4388-bb5e-cd624208f6f9-subsurface-3"
    },
    {
      "subject_id": "11cdb5e6-cecf-4388-bb5e-cd624208f6f9-hindcast-5-RMSD-6-increase-7",
      "relation": "was even lower In",
      "object_id": "11cdb5e6-cecf-4388-bb5e-cd624208f6f9-subsurface-3"
    },
    {
      "subject_id": "11cdb5e6-cecf-4388-bb5e-cd624208f6f9-state-19",
      "relation": "was improved with",
      "object_id": "11cdb5e6-cecf-4388-bb5e-cd624208f6f9-run-32"
    },
    {
      "subject_id": "11cdb5e6-cecf-4388-bb5e-cd624208f6f9-state-19",
      "relation": "is",
      "object_id": "11cdb5e6-cecf-4388-bb5e-cd624208f6f9-thermohaline-18"
    },
    {
      "subject_id": "11cdb5e6-cecf-4388-bb5e-cd624208f6f9-run-32",
      "relation": "of",
      "object_id": "NE-TITLE-model"
    },
    {
      "subject_id": "11cdb5e6-cecf-4388-bb5e-cd624208f6f9-state-19",
      "relation": "was consistently improved with",
      "object_id": "11cdb5e6-cecf-4388-bb5e-cd624208f6f9-run-32"
    },
    {
      "subject_id": "11cdb5e6-cecf-4388-bb5e-cd624208f6f9-run-32",
      "relation": "is",
      "object_id": "11cdb5e6-cecf-4388-bb5e-cd624208f6f9-free-30"
    },
    {
      "subject_id": "11cdb5e6-cecf-4388-bb5e-cd624208f6f9-state-19",
      "relation": "was",
      "object_id": "11cdb5e6-cecf-4388-bb5e-cd624208f6f9-improved-25"
    },
    {
      "subject_id": "11cdb5e6-cecf-4388-bb5e-cd624208f6f9-improved-25",
      "relation": "at",
      "object_id": "11cdb5e6-cecf-4388-bb5e-cd624208f6f9-consistently-24"
    },
    {
      "subject_id": "11cdb5e6-cecf-4388-bb5e-cd624208f6f9-HYCOM-5-RODAS-7-skill-9",
      "relation": "extends for",
      "object_id": "11cdb5e6-cecf-4388-bb5e-cd624208f6f9-a-14-month-15"
    },
    {
      "subject_id": "11cdb5e6-cecf-4388-bb5e-cd624208f6f9-HYCOM-5-RODAS-7-skill-9",
      "relation": "is",
      "object_id": "11cdb5e6-cecf-4388-bb5e-cd624208f6f9-predictive-8"
    }
  ],
  "links": {
    "11cdb5e6-cecf-4388-bb5e-cd624208f6f9-REMO-9": [],
    "NE-ORGANIZATION-Observação-Oceanográfica": [],
    "11cdb5e6-cecf-4388-bb5e-cd624208f6f9-Oceanographic-3": [],
    "NE-ORGANIZATION-REMO-Ocean-Data-Assimilation-System": [],
    "NE-NATIONALITY-Portuguese": [],
    "NE-NATIONALITY-Brazilian": [],
    "11cdb5e6-cecf-4388-bb5e-cd624208f6f9-It-1": [],
    "11cdb5e6-cecf-4388-bb5e-cd624208f6f9-Ensemble-6-Interpolation-8-scheme-9": [],
    "11cdb5e6-cecf-4388-bb5e-cd624208f6f9-applied-10": [],
    "NE-TITLE-Model": [],
    "11cdb5e6-cecf-4388-bb5e-cd624208f6f9-Hybrid-13-Coordinate-14-Ocean-15": [],
    "11cdb5e6-cecf-4388-bb5e-cd624208f6f9-based-3": [],
    "11cdb5e6-cecf-4388-bb5e-cd624208f6f9-Optimal-7": [],
    "11cdb5e6-cecf-4388-bb5e-cd624208f6f9-study-2": [],
    "11cdb5e6-cecf-4388-bb5e-cd624208f6f9-each-33": [],
    "11cdb5e6-cecf-4388-bb5e-cd624208f6f9-outputs-2": [],
    "11cdb5e6-cecf-4388-bb5e-cd624208f6f9-run-20": [],
    "11cdb5e6-cecf-4388-bb5e-cd624208f6f9-compared-4": [],
    "NE-TITLE-model": [],
    "11cdb5e6-cecf-4388-bb5e-cd624208f6f9-free-19": [
      "11cdb5e6-cecf-4388-bb5e-cd624208f6f9-free-2",
      "11cdb5e6-cecf-4388-bb5e-cd624208f6f9-free-30"
    ],
    "11cdb5e6-cecf-4388-bb5e-cd624208f6f9-root-6-mean-7-difference-9": [],
    "11cdb5e6-cecf-4388-bb5e-cd624208f6f9-correlation-15-at-30-lead-32-times-33": [],
    "11cdb5e6-cecf-4388-bb5e-cd624208f6f9-lowest-5": [],
    "11cdb5e6-cecf-4388-bb5e-cd624208f6f9-highest-14": [],
    "11cdb5e6-cecf-4388-bb5e-cd624208f6f9-square-8": [],
    "11cdb5e6-cecf-4388-bb5e-cd624208f6f9-hindcasts-2": [],
    "11cdb5e6-cecf-4388-bb5e-cd624208f6f9-sea-17-surface-18-temperature-19": [],
    "11cdb5e6-cecf-4388-bb5e-cd624208f6f9-1.09-9-°C-10": [],
    "11cdb5e6-cecf-4388-bb5e-cd624208f6f9-0.08-12-m-13": [
      "11cdb5e6-cecf-4388-bb5e-cd624208f6f9-0.05-29-m-30"
    ],
    "11cdb5e6-cecf-4388-bb5e-cd624208f6f9-persistence-6-RMSD-7": [],
    "11cdb5e6-cecf-4388-bb5e-cd624208f6f9-hindcast-23-RMSD-24": [],
    "11cdb5e6-cecf-4388-bb5e-cd624208f6f9-0.46-26-°C-27": [],
    "11cdb5e6-cecf-4388-bb5e-cd624208f6f9-0.05-29-m-30": [
      "11cdb5e6-cecf-4388-bb5e-cd624208f6f9-0.08-12-m-13"
    ],
    "11cdb5e6-cecf-4388-bb5e-cd624208f6f9-run-3-RMSD-4": [],
    "11cdb5e6-cecf-4388-bb5e-cd624208f6f9-average-10": [],
    "11cdb5e6-cecf-4388-bb5e-cd624208f6f9-0.88-12-°C-13": [],
    "11cdb5e6-cecf-4388-bb5e-cd624208f6f9-constant-7": [],
    "11cdb5e6-cecf-4388-bb5e-cd624208f6f9-free-2": [
      "11cdb5e6-cecf-4388-bb5e-cd624208f6f9-free-19",
      "11cdb5e6-cecf-4388-bb5e-cd624208f6f9-free-30"
    ],
    "11cdb5e6-cecf-4388-bb5e-cd624208f6f9-almost-6": [],
    "11cdb5e6-cecf-4388-bb5e-cd624208f6f9-hindcast-5-RMSD-6-increase-7": [],
    "11cdb5e6-cecf-4388-bb5e-cd624208f6f9-lower-10": [],
    "11cdb5e6-cecf-4388-bb5e-cd624208f6f9-even-9": [],
    "11cdb5e6-cecf-4388-bb5e-cd624208f6f9-subsurface-3": [],
    "11cdb5e6-cecf-4388-bb5e-cd624208f6f9-state-19": [],
    "11cdb5e6-cecf-4388-bb5e-cd624208f6f9-run-32": [],
    "11cdb5e6-cecf-4388-bb5e-cd624208f6f9-thermohaline-18": [],
    "11cdb5e6-cecf-4388-bb5e-cd624208f6f9-free-30": [
      "11cdb5e6-cecf-4388-bb5e-cd624208f6f9-free-19",
      "11cdb5e6-cecf-4388-bb5e-cd624208f6f9-free-2"
    ],
    "11cdb5e6-cecf-4388-bb5e-cd624208f6f9-improved-25": [],
    "11cdb5e6-cecf-4388-bb5e-cd624208f6f9-consistently-24": [],
    "11cdb5e6-cecf-4388-bb5e-cd624208f6f9-HYCOM-5-RODAS-7-skill-9": [],
    "11cdb5e6-cecf-4388-bb5e-cd624208f6f9-a-14-month-15": [],
    "11cdb5e6-cecf-4388-bb5e-cd624208f6f9-predictive-8": []
  }
}