{
  "document": "D:/Projetos/PIRA_KG/documents/onu_85097914346.txt",
  "entities": {
    "7bd350f1-1b5a-4581-ba39-6b5bf410ee6c-its-14-effects-15": "its effects",
    "7bd350f1-1b5a-4581-ba39-6b5bf410ee6c-estuarine-17-zones-18": "estuarine zones",
    "7bd350f1-1b5a-4581-ba39-6b5bf410ee6c-knowledge-2": "knowledge",
    "7bd350f1-1b5a-4581-ba39-6b5bf410ee6c-important-11": "important",
    "7bd350f1-1b5a-4581-ba39-6b5bf410ee6c-aquatic-8-environment-9": "aquatic environment",
    "7bd350f1-1b5a-4581-ba39-6b5bf410ee6c-study-3": "study",
    "7bd350f1-1b5a-4581-ba39-6b5bf410ee6c-variation-9": "variation",
    "NE-DATE-present": "present",
    "7bd350f1-1b5a-4581-ba39-6b5bf410ee6c-physicochemical-11": "physicochemical",
    "7bd350f1-1b5a-4581-ba39-6b5bf410ee6c-parameters-12": "parameters",
    "7bd350f1-1b5a-4581-ba39-6b5bf410ee6c-spatial-6": "spatial",
    "7bd350f1-1b5a-4581-ba39-6b5bf410ee6c-Metal-1-concentrations-2": "Metal concentrations",
    "7bd350f1-1b5a-4581-ba39-6b5bf410ee6c-parameters-31": "parameters",
    "7bd350f1-1b5a-4581-ba39-6b5bf410ee6c-fluctuating-29": "fluctuating",
    "7bd350f1-1b5a-4581-ba39-6b5bf410ee6c-surface-4-waters-5": "surface waters",
    "7bd350f1-1b5a-4581-ba39-6b5bf410ee6c-three-11-sampling-12-times-13": "three sampling times",
    "7bd350f1-1b5a-4581-ba39-6b5bf410ee6c-physicochemical-30": "physicochemical",
    "7bd350f1-1b5a-4581-ba39-6b5bf410ee6c-sediment-2-concentrations-3": "sediment concentrations",
    "7bd350f1-1b5a-4581-ba39-6b5bf410ee6c-matter-13-content-14": "matter content",
    "7bd350f1-1b5a-4581-ba39-6b5bf410ee6c-organic-12": "organic",
    "7bd350f1-1b5a-4581-ba39-6b5bf410ee6c-correlated-10": "correlated",
    "7bd350f1-1b5a-4581-ba39-6b5bf410ee6c-strongly-9": "strongly",
    "7bd350f1-1b5a-4581-ba39-6b5bf410ee6c-water-11-properties-14": "water properties",
    "7bd350f1-1b5a-4581-ba39-6b5bf410ee6c-metal-20-concentration-21": "metal concentration",
    "7bd350f1-1b5a-4581-ba39-6b5bf410ee6c-seasonality-5": "seasonality",
    "7bd350f1-1b5a-4581-ba39-6b5bf410ee6c-different-10": "different"
  },
  "graph": [
    {
      "subject_id": "7bd350f1-1b5a-4581-ba39-6b5bf410ee6c-its-14-effects-15",
      "relation": "is in",
      "object_id": "7bd350f1-1b5a-4581-ba39-6b5bf410ee6c-estuarine-17-zones-18"
    },
    {
      "subject_id": "7bd350f1-1b5a-4581-ba39-6b5bf410ee6c-knowledge-2",
      "relation": "is",
      "object_id": "7bd350f1-1b5a-4581-ba39-6b5bf410ee6c-important-11"
    },
    {
      "subject_id": "7bd350f1-1b5a-4581-ba39-6b5bf410ee6c-knowledge-2",
      "relation": "is in",
      "object_id": "7bd350f1-1b5a-4581-ba39-6b5bf410ee6c-aquatic-8-environment-9"
    },
    {
      "subject_id": "7bd350f1-1b5a-4581-ba39-6b5bf410ee6c-study-3",
      "relation": "investigated",
      "object_id": "7bd350f1-1b5a-4581-ba39-6b5bf410ee6c-variation-9"
    },
    {
      "subject_id": "7bd350f1-1b5a-4581-ba39-6b5bf410ee6c-study-3",
      "relation": "is",
      "object_id": "NE-DATE-present"
    },
    {
      "subject_id": "7bd350f1-1b5a-4581-ba39-6b5bf410ee6c-variation-9",
      "relation": "is",
      "object_id": "7bd350f1-1b5a-4581-ba39-6b5bf410ee6c-physicochemical-11"
    },
    {
      "subject_id": "7bd350f1-1b5a-4581-ba39-6b5bf410ee6c-variation-9",
      "relation": "of",
      "object_id": "7bd350f1-1b5a-4581-ba39-6b5bf410ee6c-parameters-12"
    },
    {
      "subject_id": "7bd350f1-1b5a-4581-ba39-6b5bf410ee6c-variation-9",
      "relation": "is",
      "object_id": "7bd350f1-1b5a-4581-ba39-6b5bf410ee6c-spatial-6"
    },
    {
      "subject_id": "7bd350f1-1b5a-4581-ba39-6b5bf410ee6c-Metal-1-concentrations-2",
      "relation": "were affected by",
      "object_id": "7bd350f1-1b5a-4581-ba39-6b5bf410ee6c-parameters-31"
    },
    {
      "subject_id": "7bd350f1-1b5a-4581-ba39-6b5bf410ee6c-parameters-31",
      "relation": "is",
      "object_id": "7bd350f1-1b5a-4581-ba39-6b5bf410ee6c-fluctuating-29"
    },
    {
      "subject_id": "7bd350f1-1b5a-4581-ba39-6b5bf410ee6c-Metal-1-concentrations-2",
      "relation": "is in",
      "object_id": "7bd350f1-1b5a-4581-ba39-6b5bf410ee6c-surface-4-waters-5"
    },
    {
      "subject_id": "7bd350f1-1b5a-4581-ba39-6b5bf410ee6c-Metal-1-concentrations-2",
      "relation": "differed between",
      "object_id": "7bd350f1-1b5a-4581-ba39-6b5bf410ee6c-three-11-sampling-12-times-13"
    },
    {
      "subject_id": "7bd350f1-1b5a-4581-ba39-6b5bf410ee6c-parameters-31",
      "relation": "is",
      "object_id": "7bd350f1-1b5a-4581-ba39-6b5bf410ee6c-physicochemical-30"
    },
    {
      "subject_id": "7bd350f1-1b5a-4581-ba39-6b5bf410ee6c-sediment-2-concentrations-3",
      "relation": "were strongly correlated with",
      "object_id": "7bd350f1-1b5a-4581-ba39-6b5bf410ee6c-matter-13-content-14"
    },
    {
      "subject_id": "7bd350f1-1b5a-4581-ba39-6b5bf410ee6c-sediment-2-concentrations-3",
      "relation": "were correlated with",
      "object_id": "7bd350f1-1b5a-4581-ba39-6b5bf410ee6c-matter-13-content-14"
    },
    {
      "subject_id": "7bd350f1-1b5a-4581-ba39-6b5bf410ee6c-matter-13-content-14",
      "relation": "is",
      "object_id": "7bd350f1-1b5a-4581-ba39-6b5bf410ee6c-organic-12"
    },
    {
      "subject_id": "7bd350f1-1b5a-4581-ba39-6b5bf410ee6c-sediment-2-concentrations-3",
      "relation": "were",
      "object_id": "7bd350f1-1b5a-4581-ba39-6b5bf410ee6c-correlated-10"
    },
    {
      "subject_id": "7bd350f1-1b5a-4581-ba39-6b5bf410ee6c-correlated-10",
      "relation": "at",
      "object_id": "7bd350f1-1b5a-4581-ba39-6b5bf410ee6c-strongly-9"
    },
    {
      "subject_id": "7bd350f1-1b5a-4581-ba39-6b5bf410ee6c-water-11-properties-14",
      "relation": "directly affect",
      "object_id": "7bd350f1-1b5a-4581-ba39-6b5bf410ee6c-metal-20-concentration-21"
    },
    {
      "subject_id": "7bd350f1-1b5a-4581-ba39-6b5bf410ee6c-seasonality-5",
      "relation": "directly affect",
      "object_id": "7bd350f1-1b5a-4581-ba39-6b5bf410ee6c-metal-20-concentration-21"
    },
    {
      "subject_id": "7bd350f1-1b5a-4581-ba39-6b5bf410ee6c-seasonality-5",
      "relation": "affect",
      "object_id": "7bd350f1-1b5a-4581-ba39-6b5bf410ee6c-metal-20-concentration-21"
    },
    {
      "subject_id": "7bd350f1-1b5a-4581-ba39-6b5bf410ee6c-water-11-properties-14",
      "relation": "affect",
      "object_id": "7bd350f1-1b5a-4581-ba39-6b5bf410ee6c-metal-20-concentration-21"
    },
    {
      "subject_id": "7bd350f1-1b5a-4581-ba39-6b5bf410ee6c-water-11-properties-14",
      "relation": "is",
      "object_id": "7bd350f1-1b5a-4581-ba39-6b5bf410ee6c-different-10"
    }
  ],
  "links": {
    "7bd350f1-1b5a-4581-ba39-6b5bf410ee6c-its-14-effects-15": [],
    "7bd350f1-1b5a-4581-ba39-6b5bf410ee6c-estuarine-17-zones-18": [],
    "7bd350f1-1b5a-4581-ba39-6b5bf410ee6c-knowledge-2": [],
    "7bd350f1-1b5a-4581-ba39-6b5bf410ee6c-important-11": [],
    "7bd350f1-1b5a-4581-ba39-6b5bf410ee6c-aquatic-8-environment-9": [],
    "7bd350f1-1b5a-4581-ba39-6b5bf410ee6c-study-3": [],
    "7bd350f1-1b5a-4581-ba39-6b5bf410ee6c-variation-9": [],
    "NE-DATE-present": [],
    "7bd350f1-1b5a-4581-ba39-6b5bf410ee6c-physicochemical-11": [
      "7bd350f1-1b5a-4581-ba39-6b5bf410ee6c-physicochemical-30"
    ],
    "7bd350f1-1b5a-4581-ba39-6b5bf410ee6c-parameters-12": [],
    "7bd350f1-1b5a-4581-ba39-6b5bf410ee6c-spatial-6": [],
    "7bd350f1-1b5a-4581-ba39-6b5bf410ee6c-Metal-1-concentrations-2": [],
    "7bd350f1-1b5a-4581-ba39-6b5bf410ee6c-parameters-31": [],
    "7bd350f1-1b5a-4581-ba39-6b5bf410ee6c-fluctuating-29": [],
    "7bd350f1-1b5a-4581-ba39-6b5bf410ee6c-surface-4-waters-5": [],
    "7bd350f1-1b5a-4581-ba39-6b5bf410ee6c-three-11-sampling-12-times-13": [],
    "7bd350f1-1b5a-4581-ba39-6b5bf410ee6c-physicochemical-30": [
      "7bd350f1-1b5a-4581-ba39-6b5bf410ee6c-physicochemical-11"
    ],
    "7bd350f1-1b5a-4581-ba39-6b5bf410ee6c-sediment-2-concentrations-3": [],
    "7bd350f1-1b5a-4581-ba39-6b5bf410ee6c-matter-13-content-14": [],
    "7bd350f1-1b5a-4581-ba39-6b5bf410ee6c-organic-12": [],
    "7bd350f1-1b5a-4581-ba39-6b5bf410ee6c-correlated-10": [],
    "7bd350f1-1b5a-4581-ba39-6b5bf410ee6c-strongly-9": [],
    "7bd350f1-1b5a-4581-ba39-6b5bf410ee6c-water-11-properties-14": [],
    "7bd350f1-1b5a-4581-ba39-6b5bf410ee6c-metal-20-concentration-21": [],
    "7bd350f1-1b5a-4581-ba39-6b5bf410ee6c-seasonality-5": [],
    "7bd350f1-1b5a-4581-ba39-6b5bf410ee6c-different-10": []
  }
}