{
  "document": "D:/Projetos/PIRA_KG/documents/onu_24662461.txt",
  "entities": {
    "a33dbe39-f837-43e6-a660-479c5769090b-system-23": "system",
    "a33dbe39-f837-43e6-a660-479c5769090b-center-30": "center",
    "a33dbe39-f837-43e6-a660-479c5769090b-Campos-38-basin-39": "Campos basin",
    "a33dbe39-f837-43e6-a660-479c5769090b-located-31": "located",
    "NE-CITY-Sao-Paulo": "Sao Paulo",
    "a33dbe39-f837-43e6-a660-479c5769090b-state-35": "state",
    "a33dbe39-f837-43e6-a660-479c5769090b-main-26": "main",
    "a33dbe39-f837-43e6-a660-479c5769090b-industrial-29": "industrial",
    "NE-LOCATION-South": "South",
    "NE-COUNTRY-America": "America",
    "a33dbe39-f837-43e6-a660-479c5769090b-basin-2": "basin",
    "a33dbe39-f837-43e6-a660-479c5769090b-development-17": "development",
    "a33dbe39-f837-43e6-a660-479c5769090b-world-20": "world",
    "a33dbe39-f837-43e6-a660-479c5769090b-fastest-16": "fastest",
    "a33dbe39-f837-43e6-a660-479c5769090b-paper-2": "paper",
    "a33dbe39-f837-43e6-a660-479c5769090b-terrain-6-characteristics-7": "terrain characteristics",
    "a33dbe39-f837-43e6-a660-479c5769090b-various-5": "various",
    "a33dbe39-f837-43e6-a660-479c5769090b-project-15": "project",
    "a33dbe39-f837-43e6-a660-479c5769090b-construction-11-details-12": "construction details",
    "a33dbe39-f837-43e6-a660-479c5769090b-logistics-9": "logistics"
  },
  "graph": [
    {
      "subject_id": "a33dbe39-f837-43e6-a660-479c5769090b-system-23",
      "relation": "interconnects",
      "object_id": "a33dbe39-f837-43e6-a660-479c5769090b-center-30"
    },
    {
      "subject_id": "a33dbe39-f837-43e6-a660-479c5769090b-center-30",
      "relation": "at",
      "object_id": "a33dbe39-f837-43e6-a660-479c5769090b-Campos-38-basin-39"
    },
    {
      "subject_id": "a33dbe39-f837-43e6-a660-479c5769090b-center-30",
      "relation": "is",
      "object_id": "a33dbe39-f837-43e6-a660-479c5769090b-located-31"
    },
    {
      "subject_id": "a33dbe39-f837-43e6-a660-479c5769090b-center-30",
      "relation": "of",
      "object_id": "NE-CITY-Sao-Paulo"
    },
    {
      "subject_id": "a33dbe39-f837-43e6-a660-479c5769090b-center-30",
      "relation": "at",
      "object_id": "a33dbe39-f837-43e6-a660-479c5769090b-state-35"
    },
    {
      "subject_id": "a33dbe39-f837-43e6-a660-479c5769090b-center-30",
      "relation": "is",
      "object_id": "a33dbe39-f837-43e6-a660-479c5769090b-main-26"
    },
    {
      "subject_id": "a33dbe39-f837-43e6-a660-479c5769090b-center-30",
      "relation": "is",
      "object_id": "a33dbe39-f837-43e6-a660-479c5769090b-industrial-29"
    },
    {
      "subject_id": "a33dbe39-f837-43e6-a660-479c5769090b-center-30",
      "relation": "of",
      "object_id": "NE-LOCATION-South"
    },
    {
      "subject_id": "a33dbe39-f837-43e6-a660-479c5769090b-center-30",
      "relation": "of",
      "object_id": "NE-COUNTRY-America"
    },
    {
      "subject_id": "a33dbe39-f837-43e6-a660-479c5769090b-basin-2",
      "relation": "has",
      "object_id": "a33dbe39-f837-43e6-a660-479c5769090b-development-17"
    },
    {
      "subject_id": "a33dbe39-f837-43e6-a660-479c5769090b-development-17",
      "relation": "of",
      "object_id": "a33dbe39-f837-43e6-a660-479c5769090b-world-20"
    },
    {
      "subject_id": "a33dbe39-f837-43e6-a660-479c5769090b-development-17",
      "relation": "is",
      "object_id": "a33dbe39-f837-43e6-a660-479c5769090b-fastest-16"
    },
    {
      "subject_id": "a33dbe39-f837-43e6-a660-479c5769090b-development-17",
      "relation": "is in",
      "object_id": "a33dbe39-f837-43e6-a660-479c5769090b-world-20"
    },
    {
      "subject_id": "a33dbe39-f837-43e6-a660-479c5769090b-paper-2",
      "relation": "discuses",
      "object_id": "a33dbe39-f837-43e6-a660-479c5769090b-terrain-6-characteristics-7"
    },
    {
      "subject_id": "a33dbe39-f837-43e6-a660-479c5769090b-terrain-6-characteristics-7",
      "relation": "is",
      "object_id": "a33dbe39-f837-43e6-a660-479c5769090b-various-5"
    },
    {
      "subject_id": "a33dbe39-f837-43e6-a660-479c5769090b-terrain-6-characteristics-7",
      "relation": "of",
      "object_id": "a33dbe39-f837-43e6-a660-479c5769090b-project-15"
    },
    {
      "subject_id": "a33dbe39-f837-43e6-a660-479c5769090b-terrain-6-characteristics-7",
      "relation": "paper",
      "object_id": "a33dbe39-f837-43e6-a660-479c5769090b-construction-11-details-12"
    },
    {
      "subject_id": "a33dbe39-f837-43e6-a660-479c5769090b-terrain-6-characteristics-7",
      "relation": "paper",
      "object_id": "a33dbe39-f837-43e6-a660-479c5769090b-logistics-9"
    }
  ],
  "links": {
    "a33dbe39-f837-43e6-a660-479c5769090b-system-23": [],
    "a33dbe39-f837-43e6-a660-479c5769090b-center-30": [],
    "a33dbe39-f837-43e6-a660-479c5769090b-Campos-38-basin-39": [],
    "a33dbe39-f837-43e6-a660-479c5769090b-located-31": [],
    "NE-CITY-Sao-Paulo": [],
    "a33dbe39-f837-43e6-a660-479c5769090b-state-35": [],
    "a33dbe39-f837-43e6-a660-479c5769090b-main-26": [],
    "a33dbe39-f837-43e6-a660-479c5769090b-industrial-29": [],
    "NE-LOCATION-South": [],
    "NE-COUNTRY-America": [],
    "a33dbe39-f837-43e6-a660-479c5769090b-basin-2": [],
    "a33dbe39-f837-43e6-a660-479c5769090b-development-17": [],
    "a33dbe39-f837-43e6-a660-479c5769090b-world-20": [],
    "a33dbe39-f837-43e6-a660-479c5769090b-fastest-16": [],
    "a33dbe39-f837-43e6-a660-479c5769090b-paper-2": [],
    "a33dbe39-f837-43e6-a660-479c5769090b-terrain-6-characteristics-7": [],
    "a33dbe39-f837-43e6-a660-479c5769090b-various-5": [],
    "a33dbe39-f837-43e6-a660-479c5769090b-project-15": [],
    "a33dbe39-f837-43e6-a660-479c5769090b-construction-11-details-12": [],
    "a33dbe39-f837-43e6-a660-479c5769090b-logistics-9": []
  }
}