{
  "document": "D:/Projetos/PIRA_KG/documents/onu_84987763922.txt",
  "entities": {
    "aaacca52-cd9d-43fb-a220-3e463dad8ed9-estuary-2": "estuary",
    "aaacca52-cd9d-43fb-a220-3e463dad8ed9-Rio-8-Pacoti-9-Environmental-10-Protection-11-Area-12": "Rio Pacoti Environmental Protection Area",
    "aaacca52-cd9d-43fb-a220-3e463dad8ed9-part-5": "part",
    "NE-ORGANIZATION-Rio-Pacoti-EPA": "Rio Pacoti EPA",
    "aaacca52-cd9d-43fb-a220-3e463dad8ed9-also-4": "also",
    "aaacca52-cd9d-43fb-a220-3e463dad8ed9-quality-8": "quality",
    "aaacca52-cd9d-43fb-a220-3e463dad8ed9-is-13-threatened-15-by-16-impacts-17": "is threatened by impacts",
    "aaacca52-cd9d-43fb-a220-3e463dad8ed9-all-37": "all",
    "aaacca52-cd9d-43fb-a220-3e463dad8ed9-dynamics-41": "dynamics",
    "aaacca52-cd9d-43fb-a220-3e463dad8ed9-protected-3": "protected",
    "aaacca52-cd9d-43fb-a220-3e463dad8ed9-environmental-7": "environmental",
    "aaacca52-cd9d-43fb-a220-3e463dad8ed9-legally-4": "legally",
    "aaacca52-cd9d-43fb-a220-3e463dad8ed9-systems-45": "systems",
    "aaacca52-cd9d-43fb-a220-3e463dad8ed9-local-44": "local",
    "aaacca52-cd9d-43fb-a220-3e463dad8ed9-natural-40": "natural",
    "aaacca52-cd9d-43fb-a220-3e463dad8ed9-impacts-2": "impacts",
    "aaacca52-cd9d-43fb-a220-3e463dad8ed9-processes-6": "processes",
    "aaacca52-cd9d-43fb-a220-3e463dad8ed9-potentialities-18": "potentialities",
    "aaacca52-cd9d-43fb-a220-3e463dad8ed9-limitations-20": "limitations",
    "aaacca52-cd9d-43fb-a220-3e463dad8ed9-local-17": "local",
    "aaacca52-cd9d-43fb-a220-3e463dad8ed9-fail-14": "fail",
    "aaacca52-cd9d-43fb-a220-3e463dad8ed9-inadequate-5": "inadequate",
    "aaacca52-cd9d-43fb-a220-3e463dad8ed9-land-8-use-9": "land use",
    "aaacca52-cd9d-43fb-a220-3e463dad8ed9-description-12": "description",
    "aaacca52-cd9d-43fb-a220-3e463dad8ed9-diagnosis-19": "diagnosis",
    "aaacca52-cd9d-43fb-a220-3e463dad8ed9-two-31-phases-32-organization-34": "two phases organization",
    "aaacca52-cd9d-43fb-a220-3e463dad8ed9-analysis-38": "analysis",
    "aaacca52-cd9d-43fb-a220-3e463dad8ed9-study-6": "study",
    "aaacca52-cd9d-43fb-a220-3e463dad8ed9-analysis-25": "analysis",
    "aaacca52-cd9d-43fb-a220-3e463dad8ed9-geoecological-24": "geoecological",
    "aaacca52-cd9d-43fb-a220-3e463dad8ed9-landscape-28": "landscape",
    "aaacca52-cd9d-43fb-a220-3e463dad8ed9-integrated-18": "integrated",
    "aaacca52-cd9d-43fb-a220-3e463dad8ed9-context-3": "context",
    "aaacca52-cd9d-43fb-a220-3e463dad8ed9-geo-9-environmental-11": "geo environmental",
    "aaacca52-cd9d-43fb-a220-3e463dad8ed9-estuary-15": "estuary",
    "aaacca52-cd9d-43fb-a220-3e463dad8ed9-application-2": "application",
    "aaacca52-cd9d-43fb-a220-3e463dad8ed9-demarcation-12": "demarcation",
    "aaacca52-cd9d-43fb-a220-3e463dad8ed9-following-17": "following",
    "aaacca52-cd9d-43fb-a220-3e463dad8ed9-units-18": "units",
    "aaacca52-cd9d-43fb-a220-3e463dad8ed9-proposal-7": "proposal",
    "aaacca52-cd9d-43fb-a220-3e463dad8ed9-put-19": "put",
    "aaacca52-cd9d-43fb-a220-3e463dad8ed9-forward-20": "forward",
    "aaacca52-cd9d-43fb-a220-3e463dad8ed9-objective-24": "objective",
    "aaacca52-cd9d-43fb-a220-3e463dad8ed9-analysis-4": "analysis",
    "aaacca52-cd9d-43fb-a220-3e463dad8ed9-development-28": "development",
    "aaacca52-cd9d-43fb-a220-3e463dad8ed9-conservation-31-of-32-local-33-natural-34-resources-35": "conservation of local natural resources"
  },
  "graph": [
    {
      "subject_id": "aaacca52-cd9d-43fb-a220-3e463dad8ed9-estuary-2",
      "relation": "is also part of",
      "object_id": "aaacca52-cd9d-43fb-a220-3e463dad8ed9-Rio-8-Pacoti-9-Environmental-10-Protection-11-Area-12"
    },
    {
      "subject_id": "aaacca52-cd9d-43fb-a220-3e463dad8ed9-estuary-2",
      "relation": "is",
      "object_id": "aaacca52-cd9d-43fb-a220-3e463dad8ed9-part-5"
    },
    {
      "subject_id": "aaacca52-cd9d-43fb-a220-3e463dad8ed9-estuary-2",
      "relation": "is also part of",
      "object_id": "NE-ORGANIZATION-Rio-Pacoti-EPA"
    },
    {
      "subject_id": "aaacca52-cd9d-43fb-a220-3e463dad8ed9-estuary-2",
      "relation": "is part of",
      "object_id": "NE-ORGANIZATION-Rio-Pacoti-EPA"
    },
    {
      "subject_id": "aaacca52-cd9d-43fb-a220-3e463dad8ed9-part-5",
      "relation": "at",
      "object_id": "aaacca52-cd9d-43fb-a220-3e463dad8ed9-also-4"
    },
    {
      "subject_id": "aaacca52-cd9d-43fb-a220-3e463dad8ed9-estuary-2",
      "relation": "is part of",
      "object_id": "aaacca52-cd9d-43fb-a220-3e463dad8ed9-Rio-8-Pacoti-9-Environmental-10-Protection-11-Area-12"
    },
    {
      "subject_id": "aaacca52-cd9d-43fb-a220-3e463dad8ed9-quality-8",
      "relation": "is",
      "object_id": "aaacca52-cd9d-43fb-a220-3e463dad8ed9-is-13-threatened-15-by-16-impacts-17"
    },
    {
      "subject_id": "aaacca52-cd9d-43fb-a220-3e463dad8ed9-all-37",
      "relation": "alter",
      "object_id": "aaacca52-cd9d-43fb-a220-3e463dad8ed9-dynamics-41"
    },
    {
      "subject_id": "aaacca52-cd9d-43fb-a220-3e463dad8ed9-quality-8",
      "relation": "being",
      "object_id": "aaacca52-cd9d-43fb-a220-3e463dad8ed9-protected-3"
    },
    {
      "subject_id": "aaacca52-cd9d-43fb-a220-3e463dad8ed9-quality-8",
      "relation": "is",
      "object_id": "aaacca52-cd9d-43fb-a220-3e463dad8ed9-environmental-7"
    },
    {
      "subject_id": "aaacca52-cd9d-43fb-a220-3e463dad8ed9-protected-3",
      "relation": "at",
      "object_id": "aaacca52-cd9d-43fb-a220-3e463dad8ed9-legally-4"
    },
    {
      "subject_id": "aaacca52-cd9d-43fb-a220-3e463dad8ed9-all-37",
      "relation": "natural dynamics of",
      "object_id": "aaacca52-cd9d-43fb-a220-3e463dad8ed9-systems-45"
    },
    {
      "subject_id": "aaacca52-cd9d-43fb-a220-3e463dad8ed9-all-37",
      "relation": "dynamics of",
      "object_id": "aaacca52-cd9d-43fb-a220-3e463dad8ed9-systems-45"
    },
    {
      "subject_id": "aaacca52-cd9d-43fb-a220-3e463dad8ed9-systems-45",
      "relation": "is",
      "object_id": "aaacca52-cd9d-43fb-a220-3e463dad8ed9-local-44"
    },
    {
      "subject_id": "aaacca52-cd9d-43fb-a220-3e463dad8ed9-dynamics-41",
      "relation": "of",
      "object_id": "aaacca52-cd9d-43fb-a220-3e463dad8ed9-systems-45"
    },
    {
      "subject_id": "aaacca52-cd9d-43fb-a220-3e463dad8ed9-dynamics-41",
      "relation": "is",
      "object_id": "aaacca52-cd9d-43fb-a220-3e463dad8ed9-natural-40"
    },
    {
      "subject_id": "aaacca52-cd9d-43fb-a220-3e463dad8ed9-impacts-2",
      "relation": "result from",
      "object_id": "aaacca52-cd9d-43fb-a220-3e463dad8ed9-processes-6"
    },
    {
      "subject_id": "aaacca52-cd9d-43fb-a220-3e463dad8ed9-potentialities-18",
      "relation": "fail",
      "object_id": "aaacca52-cd9d-43fb-a220-3e463dad8ed9-limitations-20"
    },
    {
      "subject_id": "aaacca52-cd9d-43fb-a220-3e463dad8ed9-potentialities-18",
      "relation": "is",
      "object_id": "aaacca52-cd9d-43fb-a220-3e463dad8ed9-local-17"
    },
    {
      "subject_id": "aaacca52-cd9d-43fb-a220-3e463dad8ed9-fail-14",
      "relation": "respect",
      "object_id": "aaacca52-cd9d-43fb-a220-3e463dad8ed9-potentialities-18"
    },
    {
      "subject_id": "aaacca52-cd9d-43fb-a220-3e463dad8ed9-processes-6",
      "relation": "is",
      "object_id": "aaacca52-cd9d-43fb-a220-3e463dad8ed9-inadequate-5"
    },
    {
      "subject_id": "aaacca52-cd9d-43fb-a220-3e463dad8ed9-processes-6",
      "relation": "of",
      "object_id": "aaacca52-cd9d-43fb-a220-3e463dad8ed9-land-8-use-9"
    },
    {
      "subject_id": "aaacca52-cd9d-43fb-a220-3e463dad8ed9-description-12",
      "relation": "context",
      "object_id": "aaacca52-cd9d-43fb-a220-3e463dad8ed9-diagnosis-19"
    },
    {
      "subject_id": "aaacca52-cd9d-43fb-a220-3e463dad8ed9-two-31-phases-32-organization-34",
      "relation": "in analysis is",
      "object_id": "aaacca52-cd9d-43fb-a220-3e463dad8ed9-analysis-38"
    },
    {
      "subject_id": "aaacca52-cd9d-43fb-a220-3e463dad8ed9-study-6",
      "relation": "presents description based",
      "object_id": "aaacca52-cd9d-43fb-a220-3e463dad8ed9-analysis-25"
    },
    {
      "subject_id": "aaacca52-cd9d-43fb-a220-3e463dad8ed9-analysis-25",
      "relation": "is",
      "object_id": "aaacca52-cd9d-43fb-a220-3e463dad8ed9-geoecological-24"
    },
    {
      "subject_id": "aaacca52-cd9d-43fb-a220-3e463dad8ed9-landscape-28",
      "relation": "of analysis is",
      "object_id": "aaacca52-cd9d-43fb-a220-3e463dad8ed9-analysis-38"
    },
    {
      "subject_id": "aaacca52-cd9d-43fb-a220-3e463dad8ed9-diagnosis-19",
      "relation": "is",
      "object_id": "aaacca52-cd9d-43fb-a220-3e463dad8ed9-integrated-18"
    },
    {
      "subject_id": "aaacca52-cd9d-43fb-a220-3e463dad8ed9-study-6",
      "relation": "presents",
      "object_id": "aaacca52-cd9d-43fb-a220-3e463dad8ed9-description-12"
    },
    {
      "subject_id": "aaacca52-cd9d-43fb-a220-3e463dad8ed9-study-6",
      "relation": "presents description In",
      "object_id": "aaacca52-cd9d-43fb-a220-3e463dad8ed9-context-3"
    },
    {
      "subject_id": "aaacca52-cd9d-43fb-a220-3e463dad8ed9-description-12",
      "relation": "study",
      "object_id": "aaacca52-cd9d-43fb-a220-3e463dad8ed9-diagnosis-19"
    },
    {
      "subject_id": "aaacca52-cd9d-43fb-a220-3e463dad8ed9-analysis-25",
      "relation": "is in",
      "object_id": "aaacca52-cd9d-43fb-a220-3e463dad8ed9-two-31-phases-32-organization-34"
    },
    {
      "subject_id": "aaacca52-cd9d-43fb-a220-3e463dad8ed9-description-12",
      "relation": "is",
      "object_id": "aaacca52-cd9d-43fb-a220-3e463dad8ed9-geo-9-environmental-11"
    },
    {
      "subject_id": "aaacca52-cd9d-43fb-a220-3e463dad8ed9-description-12",
      "relation": "of",
      "object_id": "aaacca52-cd9d-43fb-a220-3e463dad8ed9-estuary-15"
    },
    {
      "subject_id": "aaacca52-cd9d-43fb-a220-3e463dad8ed9-application-2",
      "relation": "resulted in",
      "object_id": "aaacca52-cd9d-43fb-a220-3e463dad8ed9-demarcation-12"
    },
    {
      "subject_id": "aaacca52-cd9d-43fb-a220-3e463dad8ed9-demarcation-12",
      "relation": "is",
      "object_id": "aaacca52-cd9d-43fb-a220-3e463dad8ed9-following-17"
    },
    {
      "subject_id": "aaacca52-cd9d-43fb-a220-3e463dad8ed9-demarcation-12",
      "relation": "of",
      "object_id": "aaacca52-cd9d-43fb-a220-3e463dad8ed9-units-18"
    },
    {
      "subject_id": "aaacca52-cd9d-43fb-a220-3e463dad8ed9-proposal-7",
      "relation": "was",
      "object_id": "aaacca52-cd9d-43fb-a220-3e463dad8ed9-put-19"
    },
    {
      "subject_id": "aaacca52-cd9d-43fb-a220-3e463dad8ed9-put-19",
      "relation": "at",
      "object_id": "aaacca52-cd9d-43fb-a220-3e463dad8ed9-forward-20"
    },
    {
      "subject_id": "aaacca52-cd9d-43fb-a220-3e463dad8ed9-proposal-7",
      "relation": "was put with",
      "object_id": "aaacca52-cd9d-43fb-a220-3e463dad8ed9-objective-24"
    },
    {
      "subject_id": "aaacca52-cd9d-43fb-a220-3e463dad8ed9-proposal-7",
      "relation": "was put forward Based",
      "object_id": "aaacca52-cd9d-43fb-a220-3e463dad8ed9-analysis-4"
    },
    {
      "subject_id": "aaacca52-cd9d-43fb-a220-3e463dad8ed9-objective-24",
      "relation": "of",
      "object_id": "aaacca52-cd9d-43fb-a220-3e463dad8ed9-development-28"
    },
    {
      "subject_id": "aaacca52-cd9d-43fb-a220-3e463dad8ed9-proposal-7",
      "relation": "was put Based",
      "object_id": "aaacca52-cd9d-43fb-a220-3e463dad8ed9-analysis-4"
    },
    {
      "subject_id": "aaacca52-cd9d-43fb-a220-3e463dad8ed9-proposal-7",
      "relation": "was put forward with",
      "object_id": "aaacca52-cd9d-43fb-a220-3e463dad8ed9-objective-24"
    },
    {
      "subject_id": "aaacca52-cd9d-43fb-a220-3e463dad8ed9-objective-24",
      "relation": "is with",
      "object_id": "aaacca52-cd9d-43fb-a220-3e463dad8ed9-conservation-31-of-32-local-33-natural-34-resources-35"
    }
  ],
  "links": {
    "aaacca52-cd9d-43fb-a220-3e463dad8ed9-estuary-2": [],
    "aaacca52-cd9d-43fb-a220-3e463dad8ed9-Rio-8-Pacoti-9-Environmental-10-Protection-11-Area-12": [],
    "aaacca52-cd9d-43fb-a220-3e463dad8ed9-part-5": [],
    "NE-ORGANIZATION-Rio-Pacoti-EPA": [],
    "aaacca52-cd9d-43fb-a220-3e463dad8ed9-also-4": [],
    "aaacca52-cd9d-43fb-a220-3e463dad8ed9-quality-8": [],
    "aaacca52-cd9d-43fb-a220-3e463dad8ed9-is-13-threatened-15-by-16-impacts-17": [],
    "aaacca52-cd9d-43fb-a220-3e463dad8ed9-all-37": [],
    "aaacca52-cd9d-43fb-a220-3e463dad8ed9-dynamics-41": [],
    "aaacca52-cd9d-43fb-a220-3e463dad8ed9-protected-3": [],
    "aaacca52-cd9d-43fb-a220-3e463dad8ed9-environmental-7": [],
    "aaacca52-cd9d-43fb-a220-3e463dad8ed9-legally-4": [],
    "aaacca52-cd9d-43fb-a220-3e463dad8ed9-systems-45": [],
    "aaacca52-cd9d-43fb-a220-3e463dad8ed9-local-44": [],
    "aaacca52-cd9d-43fb-a220-3e463dad8ed9-natural-40": [],
    "aaacca52-cd9d-43fb-a220-3e463dad8ed9-impacts-2": [],
    "aaacca52-cd9d-43fb-a220-3e463dad8ed9-processes-6": [],
    "aaacca52-cd9d-43fb-a220-3e463dad8ed9-potentialities-18": [],
    "aaacca52-cd9d-43fb-a220-3e463dad8ed9-limitations-20": [],
    "aaacca52-cd9d-43fb-a220-3e463dad8ed9-local-17": [],
    "aaacca52-cd9d-43fb-a220-3e463dad8ed9-fail-14": [],
    "aaacca52-cd9d-43fb-a220-3e463dad8ed9-inadequate-5": [],
    "aaacca52-cd9d-43fb-a220-3e463dad8ed9-land-8-use-9": [],
    "aaacca52-cd9d-43fb-a220-3e463dad8ed9-description-12": [],
    "aaacca52-cd9d-43fb-a220-3e463dad8ed9-diagnosis-19": [],
    "aaacca52-cd9d-43fb-a220-3e463dad8ed9-two-31-phases-32-organization-34": [],
    "aaacca52-cd9d-43fb-a220-3e463dad8ed9-analysis-38": [],
    "aaacca52-cd9d-43fb-a220-3e463dad8ed9-study-6": [],
    "aaacca52-cd9d-43fb-a220-3e463dad8ed9-analysis-25": [],
    "aaacca52-cd9d-43fb-a220-3e463dad8ed9-geoecological-24": [],
    "aaacca52-cd9d-43fb-a220-3e463dad8ed9-landscape-28": [],
    "aaacca52-cd9d-43fb-a220-3e463dad8ed9-integrated-18": [],
    "aaacca52-cd9d-43fb-a220-3e463dad8ed9-context-3": [],
    "aaacca52-cd9d-43fb-a220-3e463dad8ed9-geo-9-environmental-11": [],
    "aaacca52-cd9d-43fb-a220-3e463dad8ed9-estuary-15": [],
    "aaacca52-cd9d-43fb-a220-3e463dad8ed9-application-2": [],
    "aaacca52-cd9d-43fb-a220-3e463dad8ed9-demarcation-12": [],
    "aaacca52-cd9d-43fb-a220-3e463dad8ed9-following-17": [],
    "aaacca52-cd9d-43fb-a220-3e463dad8ed9-units-18": [],
    "aaacca52-cd9d-43fb-a220-3e463dad8ed9-proposal-7": [],
    "aaacca52-cd9d-43fb-a220-3e463dad8ed9-put-19": [],
    "aaacca52-cd9d-43fb-a220-3e463dad8ed9-forward-20": [],
    "aaacca52-cd9d-43fb-a220-3e463dad8ed9-objective-24": [],
    "aaacca52-cd9d-43fb-a220-3e463dad8ed9-analysis-4": [],
    "aaacca52-cd9d-43fb-a220-3e463dad8ed9-development-28": [],
    "aaacca52-cd9d-43fb-a220-3e463dad8ed9-conservation-31-of-32-local-33-natural-34-resources-35": []
  }
}