{
  "document": "D:/Projetos/PIRA_KG/documents/onu_85096833213.txt",
  "entities": {
    "4d34758f-998c-42ff-ab34-a71d7aeaba00-Manganese-1": "Manganese",
    "4d34758f-998c-42ff-ab34-a71d7aeaba00-processes-21": "processes",
    "4d34758f-998c-42ff-ab34-a71d7aeaba00-plants-23": "plants",
    "4d34758f-998c-42ff-ab34-a71d7aeaba00-element-8": "element",
    "4d34758f-998c-42ff-ab34-a71d7aeaba00-ecosystems-13": "ecosystems",
    "4d34758f-998c-42ff-ab34-a71d7aeaba00-abundant-7": "abundant",
    "4d34758f-998c-42ff-ab34-a71d7aeaba00-terrestrial-10": "terrestrial",
    "4d34758f-998c-42ff-ab34-a71d7aeaba00-metabolic-20": "metabolic",
    "4d34758f-998c-42ff-ab34-a71d7aeaba00-essential-16-micronutrient-17": "essential micronutrient",
    "4d34758f-998c-42ff-ab34-a71d7aeaba00-Mn-8-dynamic-9": "Mn dynamic",
    "4d34758f-998c-42ff-ab34-a71d7aeaba00-ecosystems-5-controlled-20": "ecosystems controlled",
    "4d34758f-998c-42ff-ab34-a71d7aeaba00-redox-22-processes-23": "redox processes",
    "4d34758f-998c-42ff-ab34-a71d7aeaba00-However-1": "However",
    "4d34758f-998c-42ff-ab34-a71d7aeaba00-mostly-19": "mostly",
    "4d34758f-998c-42ff-ab34-a71d7aeaba00-coastal-4": "coastal",
    "4d34758f-998c-42ff-ab34-a71d7aeaba00-mine-24-tailings-25": "mine tailings",
    "4d34758f-998c-42ff-ab34-a71d7aeaba00-exposure-33": "exposure",
    "4d34758f-998c-42ff-ab34-a71d7aeaba00-world-21": "world",
    "4d34758f-998c-42ff-ab34-a71d7aeaba00-wildlife-36": "wildlife",
    "4d34758f-998c-42ff-ab34-a71d7aeaba00-largest-23-mine-24-tailings-25": "largest mine tailings",
    "4d34758f-998c-42ff-ab34-a71d7aeaba00-local-35": "local",
    "4d34758f-998c-42ff-ab34-a71d7aeaba00-we-3": "we",
    "4d34758f-998c-42ff-ab34-a71d7aeaba00-potential-6-contamination-7": "potential contamination",
    "4d34758f-998c-42ff-ab34-a71d7aeaba00-chronic-32": "chronic",
    "4d34758f-998c-42ff-ab34-a71d7aeaba00-collapse-27": "collapse",
    "NE-LOCATION-Rio-Doce": "Rio Doce",
    "4d34758f-998c-42ff-ab34-a71d7aeaba00-estuary-12": "estuary",
    "4d34758f-998c-42ff-ab34-a71d7aeaba00-soils-2": "soils",
    "4d34758f-998c-42ff-ab34-a71d7aeaba00-collected-9": "collected",
    "4d34758f-998c-42ff-ab34-a71d7aeaba00-Estuarine-1": "Estuarine",
    "NE-DURATION-seven-days": "seven days",
    "4d34758f-998c-42ff-ab34-a71d7aeaba00-arrival-16": "arrival",
    "NE-DATE-2015": "2015",
    "4d34758f-998c-42ff-ab34-a71d7aeaba00-dam-28-collapse-29": "dam collapse",
    "NE-DATE-2017": "2017",
    "4d34758f-998c-42ff-ab34-a71d7aeaba00-we-3-results-18": "we results",
    "4d34758f-998c-42ff-ab34-a71d7aeaba00-suite-3": "suite",
    "4d34758f-998c-42ff-ab34-a71d7aeaba00-solid-5": "solid",
    "4d34758f-998c-42ff-ab34-a71d7aeaba00-quantity-23": "quantity",
    "4d34758f-998c-42ff-ab34-a71d7aeaba00-large-22": "large",
    "4d34758f-998c-42ff-ab34-a71d7aeaba00-phase-7-analyses-8": "phase analyses",
    "4d34758f-998c-42ff-ab34-a71d7aeaba00-estuary-29": "estuary",
    "4d34758f-998c-42ff-ab34-a71d7aeaba00-including-9-X-ray-10-absorption-11-spectroscopy-12": "including X-ray absorption spectroscopy",
    "4d34758f-998c-42ff-ab34-a71d7aeaba00-Mn-5": "Mn",
    "4d34758f-998c-42ff-ab34-a71d7aeaba00-released-9": "released",
    "4d34758f-998c-42ff-ab34-a71d7aeaba00-dissolved-4": "dissolved",
    "4d34758f-998c-42ff-ab34-a71d7aeaba00-soils-11": "soils",
    "4d34758f-998c-42ff-ab34-a71d7aeaba00-time-2": "time",
    "4d34758f-998c-42ff-ab34-a71d7aeaba00-FeIII-13-oxyhydroxides-14": "FeIII oxyhydroxides",
    "4d34758f-998c-42ff-ab34-a71d7aeaba00-dissolution-17": "dissolution",
    "4d34758f-998c-42ff-ab34-a71d7aeaba00-reductive-16": "reductive",
    "4d34758f-998c-42ff-ab34-a71d7aeaba00-Fe-8": "Fe",
    "4d34758f-998c-42ff-ab34-a71d7aeaba00-re-oxidized-13": "re-oxidized",
    "4d34758f-998c-42ff-ab34-a71d7aeaba00-FeIII-15": "FeIII",
    "4d34758f-998c-42ff-ab34-a71d7aeaba00-then-12": "then",
    "4d34758f-998c-42ff-ab34-a71d7aeaba00-redox-4-conditions-5-favorable-20": "redox conditions favorable",
    "4d34758f-998c-42ff-ab34-a71d7aeaba00-increase-30": "increase",
    "4d34758f-998c-42ff-ab34-a71d7aeaba00-dissolved-37-Mn-38": "dissolved Mn",
    "4d34758f-998c-42ff-ab34-a71d7aeaba00-total-92-Mn-93-content-94": "total Mn content",
    "4d34758f-998c-42ff-ab34-a71d7aeaba00-soils-96": "soils",
    "4d34758f-998c-42ff-ab34-a71d7aeaba00-decrease-66": "decrease",
    "NE-PERCENT-880%": "880 %",
    "NE-PERCENT-75%": "75 %",
    "4d34758f-998c-42ff-ab34-a71d7aeaba00-Mn-38": "Mn",
    "4d34758f-998c-42ff-ab34-a71d7aeaba00-582-54-626-56-µg-57": "582 626 µg",
    "4d34758f-998c-42ff-ab34-a71d7aeaba00-water-63": "water",
    "4d34758f-998c-42ff-ab34-a71d7aeaba00-crystalline-2-Fe-3-oxyhydroxides-4-content-5": "crystalline Fe oxyhydroxides content",
    "4d34758f-998c-42ff-ab34-a71d7aeaba00-fraction-10": "fraction",
    "4d34758f-998c-42ff-ab34-a71d7aeaba00-Fe-14-oxides-15": "Fe oxides",
    "4d34758f-998c-42ff-ab34-a71d7aeaba00-soils-19": "soils",
    "4d34758f-998c-42ff-ab34-a71d7aeaba00-poorly-12": "poorly",
    "4d34758f-998c-42ff-ab34-a71d7aeaba00-role-22": "role",
    "4d34758f-998c-42ff-ab34-a71d7aeaba00-Mn-26-retention-27": "Mn retention",
    "4d34758f-998c-42ff-ab34-a71d7aeaba00-ordered-13": "ordered",
    "4d34758f-998c-42ff-ab34-a71d7aeaba00-concentration-3": "concentration",
    "NE-DURATION-two-years": "two years",
    "4d34758f-998c-42ff-ab34-a71d7aeaba00-high-2": "high",
    "4d34758f-998c-42ff-ab34-a71d7aeaba00-estuary-10": "estuary",
    "4d34758f-998c-42ff-ab34-a71d7aeaba00-arrival-15": "arrival",
    "4d34758f-998c-42ff-ab34-a71d7aeaba00-mine-17-tailings-18": "mine tailings",
    "4d34758f-998c-42ff-ab34-a71d7aeaba00-high-31-levels-32": "high levels",
    "4d34758f-998c-42ff-ab34-a71d7aeaba00-two-36-species-37-of-38-fish-39-living-40-in-41-estuary-43": "two species of fish living in estuary",
    "4d34758f-998c-42ff-ab34-a71d7aeaba00-Our-1-work-2": "Our work",
    "4d34758f-998c-42ff-ab34-a71d7aeaba00-risk-6": "risk",
    "4d34758f-998c-42ff-ab34-a71d7aeaba00-biota-9": "biota",
    "4d34758f-998c-42ff-ab34-a71d7aeaba00-estuarine-8": "estuarine",
    "4d34758f-998c-42ff-ab34-a71d7aeaba00-high-5": "high"
  },
  "graph": [
    {
      "subject_id": "4d34758f-998c-42ff-ab34-a71d7aeaba00-Manganese-1",
      "relation": "micronutrient in",
      "object_id": "4d34758f-998c-42ff-ab34-a71d7aeaba00-processes-21"
    },
    {
      "subject_id": "4d34758f-998c-42ff-ab34-a71d7aeaba00-Manganese-1",
      "relation": "essential micronutrient in",
      "object_id": "4d34758f-998c-42ff-ab34-a71d7aeaba00-processes-21"
    },
    {
      "subject_id": "4d34758f-998c-42ff-ab34-a71d7aeaba00-processes-21",
      "relation": "of",
      "object_id": "4d34758f-998c-42ff-ab34-a71d7aeaba00-plants-23"
    },
    {
      "subject_id": "4d34758f-998c-42ff-ab34-a71d7aeaba00-element-8",
      "relation": "is in",
      "object_id": "4d34758f-998c-42ff-ab34-a71d7aeaba00-ecosystems-13"
    },
    {
      "subject_id": "4d34758f-998c-42ff-ab34-a71d7aeaba00-element-8",
      "relation": "is",
      "object_id": "4d34758f-998c-42ff-ab34-a71d7aeaba00-abundant-7"
    },
    {
      "subject_id": "4d34758f-998c-42ff-ab34-a71d7aeaba00-ecosystems-13",
      "relation": "is",
      "object_id": "4d34758f-998c-42ff-ab34-a71d7aeaba00-terrestrial-10"
    },
    {
      "subject_id": "4d34758f-998c-42ff-ab34-a71d7aeaba00-processes-21",
      "relation": "is",
      "object_id": "4d34758f-998c-42ff-ab34-a71d7aeaba00-metabolic-20"
    },
    {
      "subject_id": "4d34758f-998c-42ff-ab34-a71d7aeaba00-Manganese-1",
      "relation": "is abundant element in",
      "object_id": "4d34758f-998c-42ff-ab34-a71d7aeaba00-ecosystems-13"
    },
    {
      "subject_id": "4d34758f-998c-42ff-ab34-a71d7aeaba00-Manganese-1",
      "relation": "is element in",
      "object_id": "4d34758f-998c-42ff-ab34-a71d7aeaba00-ecosystems-13"
    },
    {
      "subject_id": "4d34758f-998c-42ff-ab34-a71d7aeaba00-essential-16-micronutrient-17",
      "relation": "is in",
      "object_id": "4d34758f-998c-42ff-ab34-a71d7aeaba00-processes-21"
    },
    {
      "subject_id": "4d34758f-998c-42ff-ab34-a71d7aeaba00-Manganese-1",
      "relation": "is",
      "object_id": "4d34758f-998c-42ff-ab34-a71d7aeaba00-element-8"
    },
    {
      "subject_id": "4d34758f-998c-42ff-ab34-a71d7aeaba00-Manganese-1",
      "relation": "is abundant",
      "object_id": "4d34758f-998c-42ff-ab34-a71d7aeaba00-ecosystems-13"
    },
    {
      "subject_id": "4d34758f-998c-42ff-ab34-a71d7aeaba00-Mn-8-dynamic-9",
      "relation": "is",
      "object_id": "4d34758f-998c-42ff-ab34-a71d7aeaba00-ecosystems-5-controlled-20"
    },
    {
      "subject_id": "4d34758f-998c-42ff-ab34-a71d7aeaba00-ecosystems-5-controlled-20",
      "relation": "by",
      "object_id": "4d34758f-998c-42ff-ab34-a71d7aeaba00-redox-22-processes-23"
    },
    {
      "subject_id": "4d34758f-998c-42ff-ab34-a71d7aeaba00-ecosystems-5-controlled-20",
      "relation": "at",
      "object_id": "4d34758f-998c-42ff-ab34-a71d7aeaba00-However-1"
    },
    {
      "subject_id": "4d34758f-998c-42ff-ab34-a71d7aeaba00-ecosystems-5-controlled-20",
      "relation": "at",
      "object_id": "4d34758f-998c-42ff-ab34-a71d7aeaba00-mostly-19"
    },
    {
      "subject_id": "4d34758f-998c-42ff-ab34-a71d7aeaba00-Mn-8-dynamic-9",
      "relation": "However is controlled by",
      "object_id": "4d34758f-998c-42ff-ab34-a71d7aeaba00-redox-22-processes-23"
    },
    {
      "subject_id": "4d34758f-998c-42ff-ab34-a71d7aeaba00-ecosystems-5-controlled-20",
      "relation": "is",
      "object_id": "4d34758f-998c-42ff-ab34-a71d7aeaba00-coastal-4"
    },
    {
      "subject_id": "4d34758f-998c-42ff-ab34-a71d7aeaba00-Mn-8-dynamic-9",
      "relation": "However is mostly controlled by",
      "object_id": "4d34758f-998c-42ff-ab34-a71d7aeaba00-redox-22-processes-23"
    },
    {
      "subject_id": "4d34758f-998c-42ff-ab34-a71d7aeaba00-Mn-8-dynamic-9",
      "relation": "is mostly controlled by",
      "object_id": "4d34758f-998c-42ff-ab34-a71d7aeaba00-redox-22-processes-23"
    },
    {
      "subject_id": "4d34758f-998c-42ff-ab34-a71d7aeaba00-Mn-8-dynamic-9",
      "relation": "is controlled by",
      "object_id": "4d34758f-998c-42ff-ab34-a71d7aeaba00-redox-22-processes-23"
    },
    {
      "subject_id": "4d34758f-998c-42ff-ab34-a71d7aeaba00-mine-24-tailings-25",
      "relation": "potentially resulting in",
      "object_id": "4d34758f-998c-42ff-ab34-a71d7aeaba00-exposure-33"
    },
    {
      "subject_id": "4d34758f-998c-42ff-ab34-a71d7aeaba00-world-21",
      "relation": "has",
      "object_id": "4d34758f-998c-42ff-ab34-a71d7aeaba00-mine-24-tailings-25"
    },
    {
      "subject_id": "4d34758f-998c-42ff-ab34-a71d7aeaba00-exposure-33",
      "relation": "of",
      "object_id": "4d34758f-998c-42ff-ab34-a71d7aeaba00-wildlife-36"
    },
    {
      "subject_id": "4d34758f-998c-42ff-ab34-a71d7aeaba00-mine-24-tailings-25",
      "relation": "resulting in",
      "object_id": "4d34758f-998c-42ff-ab34-a71d7aeaba00-exposure-33"
    },
    {
      "subject_id": "4d34758f-998c-42ff-ab34-a71d7aeaba00-mine-24-tailings-25",
      "relation": "is",
      "object_id": "4d34758f-998c-42ff-ab34-a71d7aeaba00-largest-23-mine-24-tailings-25"
    },
    {
      "subject_id": "4d34758f-998c-42ff-ab34-a71d7aeaba00-exposure-33",
      "relation": "is",
      "object_id": "4d34758f-998c-42ff-ab34-a71d7aeaba00-local-35"
    },
    {
      "subject_id": "4d34758f-998c-42ff-ab34-a71d7aeaba00-we-3",
      "relation": "assessed",
      "object_id": "4d34758f-998c-42ff-ab34-a71d7aeaba00-potential-6-contamination-7"
    },
    {
      "subject_id": "4d34758f-998c-42ff-ab34-a71d7aeaba00-we-3",
      "relation": "Here assessed",
      "object_id": "4d34758f-998c-42ff-ab34-a71d7aeaba00-potential-6-contamination-7"
    },
    {
      "subject_id": "4d34758f-998c-42ff-ab34-a71d7aeaba00-exposure-33",
      "relation": "is",
      "object_id": "4d34758f-998c-42ff-ab34-a71d7aeaba00-chronic-32"
    },
    {
      "subject_id": "4d34758f-998c-42ff-ab34-a71d7aeaba00-mine-24-tailings-25",
      "relation": "dam",
      "object_id": "4d34758f-998c-42ff-ab34-a71d7aeaba00-collapse-27"
    },
    {
      "subject_id": "4d34758f-998c-42ff-ab34-a71d7aeaba00-potential-6-contamination-7",
      "relation": "of",
      "object_id": "NE-LOCATION-Rio-Doce"
    },
    {
      "subject_id": "4d34758f-998c-42ff-ab34-a71d7aeaba00-potential-6-contamination-7",
      "relation": "of",
      "object_id": "4d34758f-998c-42ff-ab34-a71d7aeaba00-estuary-12"
    },
    {
      "subject_id": "4d34758f-998c-42ff-ab34-a71d7aeaba00-world-21",
      "relation": "has",
      "object_id": "4d34758f-998c-42ff-ab34-a71d7aeaba00-largest-23-mine-24-tailings-25"
    },
    {
      "subject_id": "4d34758f-998c-42ff-ab34-a71d7aeaba00-soils-2",
      "relation": "were",
      "object_id": "4d34758f-998c-42ff-ab34-a71d7aeaba00-collected-9"
    },
    {
      "subject_id": "4d34758f-998c-42ff-ab34-a71d7aeaba00-soils-2",
      "relation": "is",
      "object_id": "4d34758f-998c-42ff-ab34-a71d7aeaba00-Estuarine-1"
    },
    {
      "subject_id": "4d34758f-998c-42ff-ab34-a71d7aeaba00-collected-9",
      "relation": "at",
      "object_id": "NE-DURATION-seven-days"
    },
    {
      "subject_id": "4d34758f-998c-42ff-ab34-a71d7aeaba00-arrival-16",
      "relation": "is in",
      "object_id": "NE-DATE-2015"
    },
    {
      "subject_id": "4d34758f-998c-42ff-ab34-a71d7aeaba00-dam-28-collapse-29",
      "relation": "is in",
      "object_id": "NE-DATE-2017"
    },
    {
      "subject_id": "4d34758f-998c-42ff-ab34-a71d7aeaba00-we-3-results-18",
      "relation": "Using",
      "object_id": "4d34758f-998c-42ff-ab34-a71d7aeaba00-suite-3"
    },
    {
      "subject_id": "4d34758f-998c-42ff-ab34-a71d7aeaba00-suite-3",
      "relation": "is",
      "object_id": "4d34758f-998c-42ff-ab34-a71d7aeaba00-solid-5"
    },
    {
      "subject_id": "4d34758f-998c-42ff-ab34-a71d7aeaba00-quantity-23",
      "relation": "arrived in",
      "object_id": "NE-DATE-2015"
    },
    {
      "subject_id": "4d34758f-998c-42ff-ab34-a71d7aeaba00-quantity-23",
      "relation": "is",
      "object_id": "4d34758f-998c-42ff-ab34-a71d7aeaba00-large-22"
    },
    {
      "subject_id": "4d34758f-998c-42ff-ab34-a71d7aeaba00-suite-3",
      "relation": "of",
      "object_id": "4d34758f-998c-42ff-ab34-a71d7aeaba00-phase-7-analyses-8"
    },
    {
      "subject_id": "4d34758f-998c-42ff-ab34-a71d7aeaba00-quantity-23",
      "relation": "arrived in",
      "object_id": "4d34758f-998c-42ff-ab34-a71d7aeaba00-estuary-29"
    },
    {
      "subject_id": "4d34758f-998c-42ff-ab34-a71d7aeaba00-suite-3",
      "relation": "of",
      "object_id": "4d34758f-998c-42ff-ab34-a71d7aeaba00-including-9-X-ray-10-absorption-11-spectroscopy-12"
    },
    {
      "subject_id": "4d34758f-998c-42ff-ab34-a71d7aeaba00-Mn-5",
      "relation": "were",
      "object_id": "4d34758f-998c-42ff-ab34-a71d7aeaba00-released-9"
    },
    {
      "subject_id": "4d34758f-998c-42ff-ab34-a71d7aeaba00-Mn-5",
      "relation": "is",
      "object_id": "4d34758f-998c-42ff-ab34-a71d7aeaba00-dissolved-4"
    },
    {
      "subject_id": "4d34758f-998c-42ff-ab34-a71d7aeaba00-released-9",
      "relation": "at",
      "object_id": "4d34758f-998c-42ff-ab34-a71d7aeaba00-soils-11"
    },
    {
      "subject_id": "4d34758f-998c-42ff-ab34-a71d7aeaba00-released-9",
      "relation": "case",
      "object_id": "4d34758f-998c-42ff-ab34-a71d7aeaba00-time-2"
    },
    {
      "subject_id": "4d34758f-998c-42ff-ab34-a71d7aeaba00-FeIII-13-oxyhydroxides-14",
      "relation": "underwent",
      "object_id": "4d34758f-998c-42ff-ab34-a71d7aeaba00-dissolution-17"
    },
    {
      "subject_id": "4d34758f-998c-42ff-ab34-a71d7aeaba00-dissolution-17",
      "relation": "is",
      "object_id": "4d34758f-998c-42ff-ab34-a71d7aeaba00-reductive-16"
    },
    {
      "subject_id": "4d34758f-998c-42ff-ab34-a71d7aeaba00-Fe-8",
      "relation": "were",
      "object_id": "4d34758f-998c-42ff-ab34-a71d7aeaba00-re-oxidized-13"
    },
    {
      "subject_id": "4d34758f-998c-42ff-ab34-a71d7aeaba00-re-oxidized-13",
      "relation": "at",
      "object_id": "4d34758f-998c-42ff-ab34-a71d7aeaba00-FeIII-15"
    },
    {
      "subject_id": "4d34758f-998c-42ff-ab34-a71d7aeaba00-re-oxidized-13",
      "relation": "at",
      "object_id": "4d34758f-998c-42ff-ab34-a71d7aeaba00-then-12"
    },
    {
      "subject_id": "4d34758f-998c-42ff-ab34-a71d7aeaba00-redox-4-conditions-5-favorable-20",
      "relation": "led to",
      "object_id": "4d34758f-998c-42ff-ab34-a71d7aeaba00-increase-30"
    },
    {
      "subject_id": "4d34758f-998c-42ff-ab34-a71d7aeaba00-increase-30",
      "relation": "of",
      "object_id": "4d34758f-998c-42ff-ab34-a71d7aeaba00-dissolved-37-Mn-38"
    },
    {
      "subject_id": "4d34758f-998c-42ff-ab34-a71d7aeaba00-total-92-Mn-93-content-94",
      "relation": "is in",
      "object_id": "4d34758f-998c-42ff-ab34-a71d7aeaba00-soils-96"
    },
    {
      "subject_id": "4d34758f-998c-42ff-ab34-a71d7aeaba00-decrease-66",
      "relation": "is in",
      "object_id": "4d34758f-998c-42ff-ab34-a71d7aeaba00-total-92-Mn-93-content-94"
    },
    {
      "subject_id": "4d34758f-998c-42ff-ab34-a71d7aeaba00-dissolved-37-Mn-38",
      "relation": "of increase is",
      "object_id": "NE-PERCENT-880%"
    },
    {
      "subject_id": "4d34758f-998c-42ff-ab34-a71d7aeaba00-total-92-Mn-93-content-94",
      "relation": "in decrease is",
      "object_id": "NE-PERCENT-75%"
    },
    {
      "subject_id": "4d34758f-998c-42ff-ab34-a71d7aeaba00-increase-30",
      "relation": "of",
      "object_id": "4d34758f-998c-42ff-ab34-a71d7aeaba00-Mn-38"
    },
    {
      "subject_id": "4d34758f-998c-42ff-ab34-a71d7aeaba00-582-54-626-56-µg-57",
      "relation": "is in",
      "object_id": "4d34758f-998c-42ff-ab34-a71d7aeaba00-water-63"
    },
    {
      "subject_id": "4d34758f-998c-42ff-ab34-a71d7aeaba00-crystalline-2-Fe-3-oxyhydroxides-4-content-5",
      "relation": "decreased",
      "object_id": "4d34758f-998c-42ff-ab34-a71d7aeaba00-fraction-10"
    },
    {
      "subject_id": "4d34758f-998c-42ff-ab34-a71d7aeaba00-fraction-10",
      "relation": "of",
      "object_id": "4d34758f-998c-42ff-ab34-a71d7aeaba00-Fe-14-oxides-15"
    },
    {
      "subject_id": "4d34758f-998c-42ff-ab34-a71d7aeaba00-fraction-10",
      "relation": "increased in",
      "object_id": "4d34758f-998c-42ff-ab34-a71d7aeaba00-soils-19"
    },
    {
      "subject_id": "4d34758f-998c-42ff-ab34-a71d7aeaba00-fraction-10",
      "relation": "at",
      "object_id": "4d34758f-998c-42ff-ab34-a71d7aeaba00-soils-19"
    },
    {
      "subject_id": "4d34758f-998c-42ff-ab34-a71d7aeaba00-fraction-10",
      "relation": "at",
      "object_id": "4d34758f-998c-42ff-ab34-a71d7aeaba00-poorly-12"
    },
    {
      "subject_id": "4d34758f-998c-42ff-ab34-a71d7aeaba00-crystalline-2-Fe-3-oxyhydroxides-4-content-5",
      "relation": "significantly decreased",
      "object_id": "4d34758f-998c-42ff-ab34-a71d7aeaba00-fraction-10"
    },
    {
      "subject_id": "4d34758f-998c-42ff-ab34-a71d7aeaba00-role-22",
      "relation": "is in",
      "object_id": "4d34758f-998c-42ff-ab34-a71d7aeaba00-Mn-26-retention-27"
    },
    {
      "subject_id": "4d34758f-998c-42ff-ab34-a71d7aeaba00-fraction-10",
      "relation": "is",
      "object_id": "4d34758f-998c-42ff-ab34-a71d7aeaba00-ordered-13"
    },
    {
      "subject_id": "4d34758f-998c-42ff-ab34-a71d7aeaba00-concentration-3",
      "relation": "found within",
      "object_id": "NE-DURATION-two-years"
    },
    {
      "subject_id": "4d34758f-998c-42ff-ab34-a71d7aeaba00-concentration-3",
      "relation": "is",
      "object_id": "4d34758f-998c-42ff-ab34-a71d7aeaba00-high-2"
    },
    {
      "subject_id": "NE-DURATION-two-years",
      "relation": "is",
      "object_id": "4d34758f-998c-42ff-ab34-a71d7aeaba00-estuary-10"
    },
    {
      "subject_id": "4d34758f-998c-42ff-ab34-a71d7aeaba00-concentration-3",
      "relation": "found after",
      "object_id": "4d34758f-998c-42ff-ab34-a71d7aeaba00-arrival-15"
    },
    {
      "subject_id": "4d34758f-998c-42ff-ab34-a71d7aeaba00-arrival-15",
      "relation": "of",
      "object_id": "4d34758f-998c-42ff-ab34-a71d7aeaba00-mine-17-tailings-18"
    },
    {
      "subject_id": "4d34758f-998c-42ff-ab34-a71d7aeaba00-high-31-levels-32",
      "relation": "is in",
      "object_id": "4d34758f-998c-42ff-ab34-a71d7aeaba00-two-36-species-37-of-38-fish-39-living-40-in-41-estuary-43"
    },
    {
      "subject_id": "4d34758f-998c-42ff-ab34-a71d7aeaba00-Our-1-work-2",
      "relation": "suggests",
      "object_id": "4d34758f-998c-42ff-ab34-a71d7aeaba00-risk-6"
    },
    {
      "subject_id": "4d34758f-998c-42ff-ab34-a71d7aeaba00-risk-6",
      "relation": "of",
      "object_id": "4d34758f-998c-42ff-ab34-a71d7aeaba00-biota-9"
    },
    {
      "subject_id": "4d34758f-998c-42ff-ab34-a71d7aeaba00-risk-6",
      "relation": "is",
      "object_id": "4d34758f-998c-42ff-ab34-a71d7aeaba00-estuarine-8"
    },
    {
      "subject_id": "4d34758f-998c-42ff-ab34-a71d7aeaba00-risk-6",
      "relation": "is",
      "object_id": "4d34758f-998c-42ff-ab34-a71d7aeaba00-high-5"
    }
  ],
  "links": {
    "4d34758f-998c-42ff-ab34-a71d7aeaba00-Manganese-1": [],
    "4d34758f-998c-42ff-ab34-a71d7aeaba00-processes-21": [],
    "4d34758f-998c-42ff-ab34-a71d7aeaba00-plants-23": [],
    "4d34758f-998c-42ff-ab34-a71d7aeaba00-element-8": [],
    "4d34758f-998c-42ff-ab34-a71d7aeaba00-ecosystems-13": [],
    "4d34758f-998c-42ff-ab34-a71d7aeaba00-abundant-7": [],
    "4d34758f-998c-42ff-ab34-a71d7aeaba00-terrestrial-10": [],
    "4d34758f-998c-42ff-ab34-a71d7aeaba00-metabolic-20": [],
    "4d34758f-998c-42ff-ab34-a71d7aeaba00-essential-16-micronutrient-17": [],
    "4d34758f-998c-42ff-ab34-a71d7aeaba00-Mn-8-dynamic-9": [],
    "4d34758f-998c-42ff-ab34-a71d7aeaba00-ecosystems-5-controlled-20": [],
    "4d34758f-998c-42ff-ab34-a71d7aeaba00-redox-22-processes-23": [],
    "4d34758f-998c-42ff-ab34-a71d7aeaba00-However-1": [],
    "4d34758f-998c-42ff-ab34-a71d7aeaba00-mostly-19": [],
    "4d34758f-998c-42ff-ab34-a71d7aeaba00-coastal-4": [],
    "4d34758f-998c-42ff-ab34-a71d7aeaba00-mine-24-tailings-25": [],
    "4d34758f-998c-42ff-ab34-a71d7aeaba00-exposure-33": [],
    "4d34758f-998c-42ff-ab34-a71d7aeaba00-world-21": [],
    "4d34758f-998c-42ff-ab34-a71d7aeaba00-wildlife-36": [],
    "4d34758f-998c-42ff-ab34-a71d7aeaba00-largest-23-mine-24-tailings-25": [],
    "4d34758f-998c-42ff-ab34-a71d7aeaba00-local-35": [],
    "4d34758f-998c-42ff-ab34-a71d7aeaba00-we-3": [],
    "4d34758f-998c-42ff-ab34-a71d7aeaba00-potential-6-contamination-7": [],
    "4d34758f-998c-42ff-ab34-a71d7aeaba00-chronic-32": [],
    "4d34758f-998c-42ff-ab34-a71d7aeaba00-collapse-27": [],
    "NE-LOCATION-Rio-Doce": [],
    "4d34758f-998c-42ff-ab34-a71d7aeaba00-estuary-12": [],
    "4d34758f-998c-42ff-ab34-a71d7aeaba00-soils-2": [],
    "4d34758f-998c-42ff-ab34-a71d7aeaba00-collected-9": [],
    "4d34758f-998c-42ff-ab34-a71d7aeaba00-Estuarine-1": [
      "4d34758f-998c-42ff-ab34-a71d7aeaba00-estuarine-8"
    ],
    "NE-DURATION-seven-days": [],
    "4d34758f-998c-42ff-ab34-a71d7aeaba00-arrival-16": [],
    "NE-DATE-2015": [],
    "4d34758f-998c-42ff-ab34-a71d7aeaba00-dam-28-collapse-29": [],
    "NE-DATE-2017": [],
    "4d34758f-998c-42ff-ab34-a71d7aeaba00-we-3-results-18": [],
    "4d34758f-998c-42ff-ab34-a71d7aeaba00-suite-3": [],
    "4d34758f-998c-42ff-ab34-a71d7aeaba00-solid-5": [],
    "4d34758f-998c-42ff-ab34-a71d7aeaba00-quantity-23": [],
    "4d34758f-998c-42ff-ab34-a71d7aeaba00-large-22": [],
    "4d34758f-998c-42ff-ab34-a71d7aeaba00-phase-7-analyses-8": [],
    "4d34758f-998c-42ff-ab34-a71d7aeaba00-estuary-29": [],
    "4d34758f-998c-42ff-ab34-a71d7aeaba00-including-9-X-ray-10-absorption-11-spectroscopy-12": [],
    "4d34758f-998c-42ff-ab34-a71d7aeaba00-Mn-5": [],
    "4d34758f-998c-42ff-ab34-a71d7aeaba00-released-9": [],
    "4d34758f-998c-42ff-ab34-a71d7aeaba00-dissolved-4": [],
    "4d34758f-998c-42ff-ab34-a71d7aeaba00-soils-11": [],
    "4d34758f-998c-42ff-ab34-a71d7aeaba00-time-2": [],
    "4d34758f-998c-42ff-ab34-a71d7aeaba00-FeIII-13-oxyhydroxides-14": [
      "4d34758f-998c-42ff-ab34-a71d7aeaba00-crystalline-2-Fe-3-oxyhydroxides-4-content-5"
    ],
    "4d34758f-998c-42ff-ab34-a71d7aeaba00-dissolution-17": [],
    "4d34758f-998c-42ff-ab34-a71d7aeaba00-reductive-16": [],
    "4d34758f-998c-42ff-ab34-a71d7aeaba00-Fe-8": [],
    "4d34758f-998c-42ff-ab34-a71d7aeaba00-re-oxidized-13": [],
    "4d34758f-998c-42ff-ab34-a71d7aeaba00-FeIII-15": [],
    "4d34758f-998c-42ff-ab34-a71d7aeaba00-then-12": [],
    "4d34758f-998c-42ff-ab34-a71d7aeaba00-redox-4-conditions-5-favorable-20": [],
    "4d34758f-998c-42ff-ab34-a71d7aeaba00-increase-30": [],
    "4d34758f-998c-42ff-ab34-a71d7aeaba00-dissolved-37-Mn-38": [],
    "4d34758f-998c-42ff-ab34-a71d7aeaba00-total-92-Mn-93-content-94": [],
    "4d34758f-998c-42ff-ab34-a71d7aeaba00-soils-96": [],
    "4d34758f-998c-42ff-ab34-a71d7aeaba00-decrease-66": [],
    "NE-PERCENT-880%": [],
    "NE-PERCENT-75%": [],
    "4d34758f-998c-42ff-ab34-a71d7aeaba00-Mn-38": [],
    "4d34758f-998c-42ff-ab34-a71d7aeaba00-582-54-626-56-µg-57": [],
    "4d34758f-998c-42ff-ab34-a71d7aeaba00-water-63": [],
    "4d34758f-998c-42ff-ab34-a71d7aeaba00-crystalline-2-Fe-3-oxyhydroxides-4-content-5": [
      "4d34758f-998c-42ff-ab34-a71d7aeaba00-FeIII-13-oxyhydroxides-14"
    ],
    "4d34758f-998c-42ff-ab34-a71d7aeaba00-fraction-10": [],
    "4d34758f-998c-42ff-ab34-a71d7aeaba00-Fe-14-oxides-15": [],
    "4d34758f-998c-42ff-ab34-a71d7aeaba00-soils-19": [],
    "4d34758f-998c-42ff-ab34-a71d7aeaba00-poorly-12": [],
    "4d34758f-998c-42ff-ab34-a71d7aeaba00-role-22": [],
    "4d34758f-998c-42ff-ab34-a71d7aeaba00-Mn-26-retention-27": [],
    "4d34758f-998c-42ff-ab34-a71d7aeaba00-ordered-13": [],
    "4d34758f-998c-42ff-ab34-a71d7aeaba00-concentration-3": [],
    "NE-DURATION-two-years": [],
    "4d34758f-998c-42ff-ab34-a71d7aeaba00-high-2": [],
    "4d34758f-998c-42ff-ab34-a71d7aeaba00-estuary-10": [],
    "4d34758f-998c-42ff-ab34-a71d7aeaba00-arrival-15": [],
    "4d34758f-998c-42ff-ab34-a71d7aeaba00-mine-17-tailings-18": [],
    "4d34758f-998c-42ff-ab34-a71d7aeaba00-high-31-levels-32": [],
    "4d34758f-998c-42ff-ab34-a71d7aeaba00-two-36-species-37-of-38-fish-39-living-40-in-41-estuary-43": [],
    "4d34758f-998c-42ff-ab34-a71d7aeaba00-Our-1-work-2": [],
    "4d34758f-998c-42ff-ab34-a71d7aeaba00-risk-6": [],
    "4d34758f-998c-42ff-ab34-a71d7aeaba00-biota-9": [],
    "4d34758f-998c-42ff-ab34-a71d7aeaba00-estuarine-8": [
      "4d34758f-998c-42ff-ab34-a71d7aeaba00-Estuarine-1"
    ],
    "4d34758f-998c-42ff-ab34-a71d7aeaba00-high-5": []
  }
}