{
  "document": "D:/Projetos/PIRA_KG/documents/onu_33293728.txt",
  "entities": {
    "cfd050f2-67ba-42f7-a36c-18e221b0e3a7-turret-9": "turret",
    "cfd050f2-67ba-42f7-a36c-18e221b0e3a7-780-22-meters-23-of-24-water-25": "780 meters of water",
    "cfd050f2-67ba-42f7-a36c-18e221b0e3a7-site-5-installation-6": "site installation",
    "NE-LOCATION-Basin": "Basin",
    "NE-CITY-Campos": "Campos",
    "cfd050f2-67ba-42f7-a36c-18e221b0e3a7-paper-2": "paper",
    "cfd050f2-67ba-42f7-a36c-18e221b0e3a7-780-22-meters-23": "780 meters",
    "cfd050f2-67ba-42f7-a36c-18e221b0e3a7-system-6": "system",
    "cfd050f2-67ba-42f7-a36c-18e221b0e3a7-8-13-chain-14-wire-16-rope-17-chain-19": "8 chain wire rope chain",
    "NE-MISC-Turret": "Turret",
    "cfd050f2-67ba-42f7-a36c-18e221b0e3a7-bow-3": "bow",
    "cfd050f2-67ba-42f7-a36c-18e221b0e3a7-seafloor-11": "seafloor",
    "cfd050f2-67ba-42f7-a36c-18e221b0e3a7-used-25": "used",
    "cfd050f2-67ba-42f7-a36c-18e221b0e3a7-internal-2": "internal",
    "cfd050f2-67ba-42f7-a36c-18e221b0e3a7-Thirty-1-five-3-risers-5": "Thirty five risers",
    "cfd050f2-67ba-42f7-a36c-18e221b0e3a7-flow-18-path-19": "flow path",
    "NE-ORGANIZATION-FPSO": "FPSO",
    "cfd050f2-67ba-42f7-a36c-18e221b0e3a7-catenary-13-configuration-14": "catenary configuration",
    "cfd050f2-67ba-42f7-a36c-18e221b0e3a7-flexible-4": "flexible",
    "cfd050f2-67ba-42f7-a36c-18e221b0e3a7-hanging-12": "hanging",
    "cfd050f2-67ba-42f7-a36c-18e221b0e3a7-seafloor-30": "seafloor"
  },
  "graph": [
    {
      "subject_id": "cfd050f2-67ba-42f7-a36c-18e221b0e3a7-turret-9",
      "relation": "is in",
      "object_id": "cfd050f2-67ba-42f7-a36c-18e221b0e3a7-780-22-meters-23-of-24-water-25"
    },
    {
      "subject_id": "cfd050f2-67ba-42f7-a36c-18e221b0e3a7-site-5-installation-6",
      "relation": "is in",
      "object_id": "NE-LOCATION-Basin"
    },
    {
      "subject_id": "NE-LOCATION-Basin",
      "relation": "is in",
      "object_id": "NE-CITY-Campos"
    },
    {
      "subject_id": "cfd050f2-67ba-42f7-a36c-18e221b0e3a7-paper-2",
      "relation": "describes",
      "object_id": "cfd050f2-67ba-42f7-a36c-18e221b0e3a7-site-5-installation-6"
    },
    {
      "subject_id": "cfd050f2-67ba-42f7-a36c-18e221b0e3a7-site-5-installation-6",
      "relation": "of",
      "object_id": "cfd050f2-67ba-42f7-a36c-18e221b0e3a7-780-22-meters-23"
    },
    {
      "subject_id": "cfd050f2-67ba-42f7-a36c-18e221b0e3a7-site-5-installation-6",
      "relation": "of",
      "object_id": "cfd050f2-67ba-42f7-a36c-18e221b0e3a7-turret-9"
    },
    {
      "subject_id": "cfd050f2-67ba-42f7-a36c-18e221b0e3a7-site-5-installation-6",
      "relation": "of",
      "object_id": "cfd050f2-67ba-42f7-a36c-18e221b0e3a7-780-22-meters-23-of-24-water-25"
    },
    {
      "subject_id": "cfd050f2-67ba-42f7-a36c-18e221b0e3a7-site-5-installation-6",
      "relation": "of",
      "object_id": "NE-LOCATION-Basin"
    },
    {
      "subject_id": "cfd050f2-67ba-42f7-a36c-18e221b0e3a7-site-5-installation-6",
      "relation": "of",
      "object_id": "NE-CITY-Campos"
    },
    {
      "subject_id": "cfd050f2-67ba-42f7-a36c-18e221b0e3a7-system-6",
      "relation": "anchored by",
      "object_id": "cfd050f2-67ba-42f7-a36c-18e221b0e3a7-8-13-chain-14-wire-16-rope-17-chain-19"
    },
    {
      "subject_id": "cfd050f2-67ba-42f7-a36c-18e221b0e3a7-system-6",
      "relation": "of",
      "object_id": "NE-MISC-Turret"
    },
    {
      "subject_id": "cfd050f2-67ba-42f7-a36c-18e221b0e3a7-bow-3",
      "relation": "mounted",
      "object_id": "cfd050f2-67ba-42f7-a36c-18e221b0e3a7-system-6"
    },
    {
      "subject_id": "cfd050f2-67ba-42f7-a36c-18e221b0e3a7-system-6",
      "relation": "anchored to",
      "object_id": "cfd050f2-67ba-42f7-a36c-18e221b0e3a7-seafloor-11"
    },
    {
      "subject_id": "cfd050f2-67ba-42f7-a36c-18e221b0e3a7-system-6",
      "relation": "is",
      "object_id": "cfd050f2-67ba-42f7-a36c-18e221b0e3a7-used-25"
    },
    {
      "subject_id": "cfd050f2-67ba-42f7-a36c-18e221b0e3a7-bow-3",
      "relation": "is",
      "object_id": "cfd050f2-67ba-42f7-a36c-18e221b0e3a7-internal-2"
    },
    {
      "subject_id": "cfd050f2-67ba-42f7-a36c-18e221b0e3a7-Thirty-1-five-3-risers-5",
      "relation": "provide",
      "object_id": "cfd050f2-67ba-42f7-a36c-18e221b0e3a7-flow-18-path-19"
    },
    {
      "subject_id": "cfd050f2-67ba-42f7-a36c-18e221b0e3a7-flow-18-path-19",
      "relation": "of",
      "object_id": "NE-ORGANIZATION-FPSO"
    },
    {
      "subject_id": "cfd050f2-67ba-42f7-a36c-18e221b0e3a7-Thirty-1-five-3-risers-5",
      "relation": "laid in",
      "object_id": "cfd050f2-67ba-42f7-a36c-18e221b0e3a7-catenary-13-configuration-14"
    },
    {
      "subject_id": "cfd050f2-67ba-42f7-a36c-18e221b0e3a7-Thirty-1-five-3-risers-5",
      "relation": "is",
      "object_id": "cfd050f2-67ba-42f7-a36c-18e221b0e3a7-flexible-4"
    },
    {
      "subject_id": "cfd050f2-67ba-42f7-a36c-18e221b0e3a7-catenary-13-configuration-14",
      "relation": "is",
      "object_id": "cfd050f2-67ba-42f7-a36c-18e221b0e3a7-hanging-12"
    },
    {
      "subject_id": "cfd050f2-67ba-42f7-a36c-18e221b0e3a7-Thirty-1-five-3-risers-5",
      "relation": "provide flow path on",
      "object_id": "cfd050f2-67ba-42f7-a36c-18e221b0e3a7-seafloor-30"
    },
    {
      "subject_id": "cfd050f2-67ba-42f7-a36c-18e221b0e3a7-Thirty-1-five-3-risers-5",
      "relation": "at",
      "object_id": "cfd050f2-67ba-42f7-a36c-18e221b0e3a7-flow-18-path-19"
    }
  ],
  "links": {
    "cfd050f2-67ba-42f7-a36c-18e221b0e3a7-turret-9": [],
    "cfd050f2-67ba-42f7-a36c-18e221b0e3a7-780-22-meters-23-of-24-water-25": [],
    "cfd050f2-67ba-42f7-a36c-18e221b0e3a7-site-5-installation-6": [],
    "NE-LOCATION-Basin": [],
    "NE-CITY-Campos": [],
    "cfd050f2-67ba-42f7-a36c-18e221b0e3a7-paper-2": [],
    "cfd050f2-67ba-42f7-a36c-18e221b0e3a7-780-22-meters-23": [],
    "cfd050f2-67ba-42f7-a36c-18e221b0e3a7-system-6": [],
    "cfd050f2-67ba-42f7-a36c-18e221b0e3a7-8-13-chain-14-wire-16-rope-17-chain-19": [],
    "NE-MISC-Turret": [],
    "cfd050f2-67ba-42f7-a36c-18e221b0e3a7-bow-3": [],
    "cfd050f2-67ba-42f7-a36c-18e221b0e3a7-seafloor-11": [
      "cfd050f2-67ba-42f7-a36c-18e221b0e3a7-seafloor-30"
    ],
    "cfd050f2-67ba-42f7-a36c-18e221b0e3a7-used-25": [],
    "cfd050f2-67ba-42f7-a36c-18e221b0e3a7-internal-2": [],
    "cfd050f2-67ba-42f7-a36c-18e221b0e3a7-Thirty-1-five-3-risers-5": [],
    "cfd050f2-67ba-42f7-a36c-18e221b0e3a7-flow-18-path-19": [],
    "NE-ORGANIZATION-FPSO": [],
    "cfd050f2-67ba-42f7-a36c-18e221b0e3a7-catenary-13-configuration-14": [],
    "cfd050f2-67ba-42f7-a36c-18e221b0e3a7-flexible-4": [],
    "cfd050f2-67ba-42f7-a36c-18e221b0e3a7-hanging-12": [],
    "cfd050f2-67ba-42f7-a36c-18e221b0e3a7-seafloor-30": [
      "cfd050f2-67ba-42f7-a36c-18e221b0e3a7-seafloor-11"
    ]
  }
}