{
  "document": "D:/Projetos/PIRA_KG/documents/onu_33751315219.txt",
  "entities": {
    "0709a62c-a215-4068-a74c-360cc8510fa9-its-18-occurrence-19": "its occurrence",
    "0709a62c-a215-4068-a74c-360cc8510fa9-different-21-structures-22-such-24-electrical-26-cables-27": "different structures such electrical cables",
    "0709a62c-a215-4068-a74c-360cc8510fa9-regions-27": "regions",
    "0709a62c-a215-4068-a74c-360cc8510fa9-speed-31": "speed",
    "NE-DATE-current": "current",
    "0709a62c-a215-4068-a74c-360cc8510fa9-high-29": "high",
    "0709a62c-a215-4068-a74c-360cc8510fa9-Vortex-4-Induced-6-Motions-7-VIM-9": "Vortex Induced Motions VIM",
    "0709a62c-a215-4068-a74c-360cc8510fa9-have-26-observed-28": "have observed",
    "0709a62c-a215-4068-a74c-360cc8510fa9-SPAR-30-platforms-31": "SPAR platforms",
    "0709a62c-a215-4068-a74c-360cc8510fa9-induced-17-vibration-18": "induced vibration",
    "0709a62c-a215-4068-a74c-360cc8510fa9-vortex-15": "vortex",
    "0709a62c-a215-4068-a74c-360cc8510fa9-high-20-magnitude-21": "high magnitude",
    "0709a62c-a215-4068-a74c-360cc8510fa9-high-20-magnitude-21-of-22-response-23-amplitude-24": "high magnitude of response amplitude",
    "NE-DATE-Recently": "Recently",
    "0709a62c-a215-4068-a74c-360cc8510fa9-aspects-5": "aspects",
    "0709a62c-a215-4068-a74c-360cc8510fa9-problem-23": "problem",
    "0709a62c-a215-4068-a74c-360cc8510fa9-motions-3": "motions",
    "0709a62c-a215-4068-a74c-360cc8510fa9-oil-25-production-26": "oil production",
    "NE-LOCATION-Basin": "Basin",
    "NE-CITY-Campos": "Campos",
    "0709a62c-a215-4068-a74c-360cc8510fa9-partnership-5": "partnership",
    "NE-ORGANIZATION-University-of-Sao-Paulo": "University of Sao Paulo",
    "NE-ORGANIZATION-PETROBRAS": "PETROBRAS",
    "0709a62c-a215-4068-a74c-360cc8510fa9-conditions-4": "conditions",
    "0709a62c-a215-4068-a74c-360cc8510fa9-areas-7": "areas",
    "0709a62c-a215-4068-a74c-360cc8510fa9-floaters-12": "floaters",
    "0709a62c-a215-4068-a74c-360cc8510fa9-VIM-16-behavior-17": "VIM behavior",
    "0709a62c-a215-4068-a74c-360cc8510fa9-monocolumn-11": "monocolumn",
    "0709a62c-a215-4068-a74c-360cc8510fa9-SPAR-19-platforms-20": "SPAR platforms",
    "0709a62c-a215-4068-a74c-360cc8510fa9-similar-15": "similar",
    "0709a62c-a215-4068-a74c-360cc8510fa9-small-33-scale-35-monocolumn-36-floaters-37": "small scale monocolumn floaters",
    "0709a62c-a215-4068-a74c-360cc8510fa9-towing-39-tank-40": "towing tank",
    "0709a62c-a215-4068-a74c-360cc8510fa9-environmental-3": "environmental",
    "0709a62c-a215-4068-a74c-360cc8510fa9-geometry-20": "geometry",
    "0709a62c-a215-4068-a74c-360cc8510fa9-susceptibility-27": "susceptibility",
    "0709a62c-a215-4068-a74c-360cc8510fa9-different-19": "different",
    "0709a62c-a215-4068-a74c-360cc8510fa9-effects-33": "effects",
    "0709a62c-a215-4068-a74c-360cc8510fa9-larger-26": "larger",
    "0709a62c-a215-4068-a74c-360cc8510fa9-monocolumn-15-experiments-16": "monocolumn experiments",
    "0709a62c-a215-4068-a74c-360cc8510fa9-used-9": "used",
    "0709a62c-a215-4068-a74c-360cc8510fa9-state-5": "state",
    "0709a62c-a215-4068-a74c-360cc8510fa9-three-30-dimensional-32": "three dimensional",
    "0709a62c-a215-4068-a74c-360cc8510fa9-SPAR-11-platforms-12": "SPAR platforms",
    "0709a62c-a215-4068-a74c-360cc8510fa9-concept-23": "concept",
    "0709a62c-a215-4068-a74c-360cc8510fa9-art-7-procedures-8": "art procedures",
    "0709a62c-a215-4068-a74c-360cc8510fa9-attention-2": "attention",
    "0709a62c-a215-4068-a74c-360cc8510fa9-given-4": "given",
    "0709a62c-a215-4068-a74c-360cc8510fa9-order-12": "order",
    "0709a62c-a215-4068-a74c-360cc8510fa9-similarity-15": "similarity",
    "0709a62c-a215-4068-a74c-360cc8510fa9-experiments-18": "experiments",
    "0709a62c-a215-4068-a74c-360cc8510fa9-Special-1": "Special",
    "0709a62c-a215-4068-a74c-360cc8510fa9-ratio-7-roughness-8-beam-10": "ratio roughness beam",
    "0709a62c-a215-4068-a74c-360cc8510fa9-heading-4-conditions-5": "heading conditions",
    "0709a62c-a215-4068-a74c-360cc8510fa9-tested-8": "tested",
    "0709a62c-a215-4068-a74c-360cc8510fa9-also-7": "also",
    "0709a62c-a215-4068-a74c-360cc8510fa9-different-3": "different",
    "0709a62c-a215-4068-a74c-360cc8510fa9-Additionally-1": "Additionally",
    "0709a62c-a215-4068-a74c-360cc8510fa9-work-5": "work",
    "0709a62c-a215-4068-a74c-360cc8510fa9-set-8": "set",
    "0709a62c-a215-4068-a74c-360cc8510fa9-results-11": "results",
    "NE-DATE-present": "present",
    "0709a62c-a215-4068-a74c-360cc8510fa9-preliminary-10": "preliminary"
  },
  "graph": [
    {
      "subject_id": "0709a62c-a215-4068-a74c-360cc8510fa9-its-18-occurrence-19",
      "relation": "is in",
      "object_id": "0709a62c-a215-4068-a74c-360cc8510fa9-different-21-structures-22-such-24-electrical-26-cables-27"
    },
    {
      "subject_id": "0709a62c-a215-4068-a74c-360cc8510fa9-regions-27",
      "relation": "is with",
      "object_id": "0709a62c-a215-4068-a74c-360cc8510fa9-speed-31"
    },
    {
      "subject_id": "0709a62c-a215-4068-a74c-360cc8510fa9-speed-31",
      "relation": "is",
      "object_id": "NE-DATE-current"
    },
    {
      "subject_id": "0709a62c-a215-4068-a74c-360cc8510fa9-speed-31",
      "relation": "is",
      "object_id": "0709a62c-a215-4068-a74c-360cc8510fa9-high-29"
    },
    {
      "subject_id": "0709a62c-a215-4068-a74c-360cc8510fa9-Vortex-4-Induced-6-Motions-7-VIM-9",
      "relation": "have",
      "object_id": "0709a62c-a215-4068-a74c-360cc8510fa9-have-26-observed-28"
    },
    {
      "subject_id": "0709a62c-a215-4068-a74c-360cc8510fa9-have-26-observed-28",
      "relation": "at",
      "object_id": "0709a62c-a215-4068-a74c-360cc8510fa9-SPAR-30-platforms-31"
    },
    {
      "subject_id": "0709a62c-a215-4068-a74c-360cc8510fa9-Vortex-4-Induced-6-Motions-7-VIM-9",
      "relation": "case of",
      "object_id": "0709a62c-a215-4068-a74c-360cc8510fa9-induced-17-vibration-18"
    },
    {
      "subject_id": "0709a62c-a215-4068-a74c-360cc8510fa9-induced-17-vibration-18",
      "relation": "at",
      "object_id": "0709a62c-a215-4068-a74c-360cc8510fa9-vortex-15"
    },
    {
      "subject_id": "0709a62c-a215-4068-a74c-360cc8510fa9-induced-17-vibration-18",
      "relation": "of",
      "object_id": "0709a62c-a215-4068-a74c-360cc8510fa9-high-20-magnitude-21"
    },
    {
      "subject_id": "0709a62c-a215-4068-a74c-360cc8510fa9-induced-17-vibration-18",
      "relation": "is with",
      "object_id": "0709a62c-a215-4068-a74c-360cc8510fa9-high-20-magnitude-21-of-22-response-23-amplitude-24"
    },
    {
      "subject_id": "0709a62c-a215-4068-a74c-360cc8510fa9-have-26-observed-28",
      "relation": "at",
      "object_id": "NE-DATE-Recently"
    },
    {
      "subject_id": "0709a62c-a215-4068-a74c-360cc8510fa9-aspects-5",
      "relation": "turn",
      "object_id": "0709a62c-a215-4068-a74c-360cc8510fa9-problem-23"
    },
    {
      "subject_id": "0709a62c-a215-4068-a74c-360cc8510fa9-aspects-5",
      "relation": "turn problem For",
      "object_id": "0709a62c-a215-4068-a74c-360cc8510fa9-motions-3"
    },
    {
      "subject_id": "0709a62c-a215-4068-a74c-360cc8510fa9-oil-25-production-26",
      "relation": "is in",
      "object_id": "NE-LOCATION-Basin"
    },
    {
      "subject_id": "NE-LOCATION-Basin",
      "relation": "is in",
      "object_id": "NE-CITY-Campos"
    },
    {
      "subject_id": "0709a62c-a215-4068-a74c-360cc8510fa9-partnership-5",
      "relation": "is with",
      "object_id": "NE-ORGANIZATION-University-of-Sao-Paulo"
    },
    {
      "subject_id": "NE-ORGANIZATION-PETROBRAS",
      "relation": "was started investigation Considering",
      "object_id": "0709a62c-a215-4068-a74c-360cc8510fa9-conditions-4"
    },
    {
      "subject_id": "0709a62c-a215-4068-a74c-360cc8510fa9-conditions-4",
      "relation": "of",
      "object_id": "0709a62c-a215-4068-a74c-360cc8510fa9-areas-7"
    },
    {
      "subject_id": "0709a62c-a215-4068-a74c-360cc8510fa9-floaters-12",
      "relation": "exhibit",
      "object_id": "0709a62c-a215-4068-a74c-360cc8510fa9-VIM-16-behavior-17"
    },
    {
      "subject_id": "0709a62c-a215-4068-a74c-360cc8510fa9-floaters-12",
      "relation": "is",
      "object_id": "0709a62c-a215-4068-a74c-360cc8510fa9-monocolumn-11"
    },
    {
      "subject_id": "0709a62c-a215-4068-a74c-360cc8510fa9-VIM-16-behavior-17",
      "relation": "of",
      "object_id": "0709a62c-a215-4068-a74c-360cc8510fa9-SPAR-19-platforms-20"
    },
    {
      "subject_id": "0709a62c-a215-4068-a74c-360cc8510fa9-VIM-16-behavior-17",
      "relation": "is",
      "object_id": "0709a62c-a215-4068-a74c-360cc8510fa9-similar-15"
    },
    {
      "subject_id": "0709a62c-a215-4068-a74c-360cc8510fa9-small-33-scale-35-monocolumn-36-floaters-37",
      "relation": "is in",
      "object_id": "0709a62c-a215-4068-a74c-360cc8510fa9-towing-39-tank-40"
    },
    {
      "subject_id": "0709a62c-a215-4068-a74c-360cc8510fa9-conditions-4",
      "relation": "is in",
      "object_id": "0709a62c-a215-4068-a74c-360cc8510fa9-areas-7"
    },
    {
      "subject_id": "0709a62c-a215-4068-a74c-360cc8510fa9-conditions-4",
      "relation": "is",
      "object_id": "0709a62c-a215-4068-a74c-360cc8510fa9-environmental-3"
    },
    {
      "subject_id": "0709a62c-a215-4068-a74c-360cc8510fa9-geometry-20",
      "relation": "experiments",
      "object_id": "0709a62c-a215-4068-a74c-360cc8510fa9-susceptibility-27"
    },
    {
      "subject_id": "0709a62c-a215-4068-a74c-360cc8510fa9-geometry-20",
      "relation": "is",
      "object_id": "0709a62c-a215-4068-a74c-360cc8510fa9-different-19"
    },
    {
      "subject_id": "0709a62c-a215-4068-a74c-360cc8510fa9-susceptibility-27",
      "relation": "of",
      "object_id": "0709a62c-a215-4068-a74c-360cc8510fa9-effects-33"
    },
    {
      "subject_id": "0709a62c-a215-4068-a74c-360cc8510fa9-susceptibility-27",
      "relation": "is",
      "object_id": "0709a62c-a215-4068-a74c-360cc8510fa9-larger-26"
    },
    {
      "subject_id": "0709a62c-a215-4068-a74c-360cc8510fa9-monocolumn-15-experiments-16",
      "relation": "considered geometry",
      "object_id": "0709a62c-a215-4068-a74c-360cc8510fa9-used-9"
    },
    {
      "subject_id": "0709a62c-a215-4068-a74c-360cc8510fa9-monocolumn-15-experiments-16",
      "relation": "used based",
      "object_id": "0709a62c-a215-4068-a74c-360cc8510fa9-state-5"
    },
    {
      "subject_id": "0709a62c-a215-4068-a74c-360cc8510fa9-susceptibility-27",
      "relation": "is",
      "object_id": "0709a62c-a215-4068-a74c-360cc8510fa9-three-30-dimensional-32"
    },
    {
      "subject_id": "0709a62c-a215-4068-a74c-360cc8510fa9-monocolumn-15-experiments-16",
      "relation": "used for",
      "object_id": "0709a62c-a215-4068-a74c-360cc8510fa9-SPAR-11-platforms-12"
    },
    {
      "subject_id": "0709a62c-a215-4068-a74c-360cc8510fa9-monocolumn-15-experiments-16",
      "relation": "considered",
      "object_id": "0709a62c-a215-4068-a74c-360cc8510fa9-geometry-20"
    },
    {
      "subject_id": "0709a62c-a215-4068-a74c-360cc8510fa9-monocolumn-15-experiments-16",
      "relation": "considered geometry",
      "object_id": "0709a62c-a215-4068-a74c-360cc8510fa9-SPAR-11-platforms-12"
    },
    {
      "subject_id": "0709a62c-a215-4068-a74c-360cc8510fa9-SPAR-11-platforms-12",
      "relation": "mark",
      "object_id": "0709a62c-a215-4068-a74c-360cc8510fa9-used-9"
    },
    {
      "subject_id": "0709a62c-a215-4068-a74c-360cc8510fa9-geometry-20",
      "relation": "of",
      "object_id": "0709a62c-a215-4068-a74c-360cc8510fa9-concept-23"
    },
    {
      "subject_id": "0709a62c-a215-4068-a74c-360cc8510fa9-state-5",
      "relation": "of",
      "object_id": "0709a62c-a215-4068-a74c-360cc8510fa9-art-7-procedures-8"
    },
    {
      "subject_id": "0709a62c-a215-4068-a74c-360cc8510fa9-attention-2",
      "relation": "was",
      "object_id": "0709a62c-a215-4068-a74c-360cc8510fa9-given-4"
    },
    {
      "subject_id": "0709a62c-a215-4068-a74c-360cc8510fa9-order-12",
      "relation": "guarantee",
      "object_id": "0709a62c-a215-4068-a74c-360cc8510fa9-similarity-15"
    },
    {
      "subject_id": "0709a62c-a215-4068-a74c-360cc8510fa9-similarity-15",
      "relation": "of",
      "object_id": "0709a62c-a215-4068-a74c-360cc8510fa9-experiments-18"
    },
    {
      "subject_id": "0709a62c-a215-4068-a74c-360cc8510fa9-attention-2",
      "relation": "is",
      "object_id": "0709a62c-a215-4068-a74c-360cc8510fa9-Special-1"
    },
    {
      "subject_id": "0709a62c-a215-4068-a74c-360cc8510fa9-order-12",
      "relation": "similarity between",
      "object_id": "0709a62c-a215-4068-a74c-360cc8510fa9-experiments-18"
    },
    {
      "subject_id": "0709a62c-a215-4068-a74c-360cc8510fa9-attention-2",
      "relation": "was given to",
      "object_id": "0709a62c-a215-4068-a74c-360cc8510fa9-ratio-7-roughness-8-beam-10"
    },
    {
      "subject_id": "0709a62c-a215-4068-a74c-360cc8510fa9-heading-4-conditions-5",
      "relation": "were",
      "object_id": "0709a62c-a215-4068-a74c-360cc8510fa9-tested-8"
    },
    {
      "subject_id": "0709a62c-a215-4068-a74c-360cc8510fa9-tested-8",
      "relation": "at",
      "object_id": "0709a62c-a215-4068-a74c-360cc8510fa9-also-7"
    },
    {
      "subject_id": "0709a62c-a215-4068-a74c-360cc8510fa9-heading-4-conditions-5",
      "relation": "is",
      "object_id": "0709a62c-a215-4068-a74c-360cc8510fa9-different-3"
    },
    {
      "subject_id": "0709a62c-a215-4068-a74c-360cc8510fa9-tested-8",
      "relation": "at",
      "object_id": "0709a62c-a215-4068-a74c-360cc8510fa9-Additionally-1"
    },
    {
      "subject_id": "0709a62c-a215-4068-a74c-360cc8510fa9-work-5",
      "relation": "Thus presents",
      "object_id": "0709a62c-a215-4068-a74c-360cc8510fa9-set-8"
    },
    {
      "subject_id": "0709a62c-a215-4068-a74c-360cc8510fa9-set-8",
      "relation": "of",
      "object_id": "0709a62c-a215-4068-a74c-360cc8510fa9-results-11"
    },
    {
      "subject_id": "0709a62c-a215-4068-a74c-360cc8510fa9-work-5",
      "relation": "presents",
      "object_id": "0709a62c-a215-4068-a74c-360cc8510fa9-set-8"
    },
    {
      "subject_id": "0709a62c-a215-4068-a74c-360cc8510fa9-work-5",
      "relation": "is",
      "object_id": "NE-DATE-present"
    },
    {
      "subject_id": "0709a62c-a215-4068-a74c-360cc8510fa9-set-8",
      "relation": "is",
      "object_id": "0709a62c-a215-4068-a74c-360cc8510fa9-preliminary-10"
    }
  ],
  "links": {
    "0709a62c-a215-4068-a74c-360cc8510fa9-its-18-occurrence-19": [],
    "0709a62c-a215-4068-a74c-360cc8510fa9-different-21-structures-22-such-24-electrical-26-cables-27": [],
    "0709a62c-a215-4068-a74c-360cc8510fa9-regions-27": [],
    "0709a62c-a215-4068-a74c-360cc8510fa9-speed-31": [],
    "NE-DATE-current": [],
    "0709a62c-a215-4068-a74c-360cc8510fa9-high-29": [],
    "0709a62c-a215-4068-a74c-360cc8510fa9-Vortex-4-Induced-6-Motions-7-VIM-9": [],
    "0709a62c-a215-4068-a74c-360cc8510fa9-have-26-observed-28": [],
    "0709a62c-a215-4068-a74c-360cc8510fa9-SPAR-30-platforms-31": [],
    "0709a62c-a215-4068-a74c-360cc8510fa9-induced-17-vibration-18": [],
    "0709a62c-a215-4068-a74c-360cc8510fa9-vortex-15": [],
    "0709a62c-a215-4068-a74c-360cc8510fa9-high-20-magnitude-21": [],
    "0709a62c-a215-4068-a74c-360cc8510fa9-high-20-magnitude-21-of-22-response-23-amplitude-24": [],
    "NE-DATE-Recently": [],
    "0709a62c-a215-4068-a74c-360cc8510fa9-aspects-5": [],
    "0709a62c-a215-4068-a74c-360cc8510fa9-problem-23": [],
    "0709a62c-a215-4068-a74c-360cc8510fa9-motions-3": [],
    "0709a62c-a215-4068-a74c-360cc8510fa9-oil-25-production-26": [],
    "NE-LOCATION-Basin": [],
    "NE-CITY-Campos": [],
    "0709a62c-a215-4068-a74c-360cc8510fa9-partnership-5": [],
    "NE-ORGANIZATION-University-of-Sao-Paulo": [],
    "NE-ORGANIZATION-PETROBRAS": [],
    "0709a62c-a215-4068-a74c-360cc8510fa9-conditions-4": [],
    "0709a62c-a215-4068-a74c-360cc8510fa9-areas-7": [],
    "0709a62c-a215-4068-a74c-360cc8510fa9-floaters-12": [],
    "0709a62c-a215-4068-a74c-360cc8510fa9-VIM-16-behavior-17": [],
    "0709a62c-a215-4068-a74c-360cc8510fa9-monocolumn-11": [],
    "0709a62c-a215-4068-a74c-360cc8510fa9-SPAR-19-platforms-20": [
      "0709a62c-a215-4068-a74c-360cc8510fa9-SPAR-11-platforms-12"
    ],
    "0709a62c-a215-4068-a74c-360cc8510fa9-similar-15": [],
    "0709a62c-a215-4068-a74c-360cc8510fa9-small-33-scale-35-monocolumn-36-floaters-37": [],
    "0709a62c-a215-4068-a74c-360cc8510fa9-towing-39-tank-40": [],
    "0709a62c-a215-4068-a74c-360cc8510fa9-environmental-3": [],
    "0709a62c-a215-4068-a74c-360cc8510fa9-geometry-20": [],
    "0709a62c-a215-4068-a74c-360cc8510fa9-susceptibility-27": [],
    "0709a62c-a215-4068-a74c-360cc8510fa9-different-19": [
      "0709a62c-a215-4068-a74c-360cc8510fa9-different-3"
    ],
    "0709a62c-a215-4068-a74c-360cc8510fa9-effects-33": [],
    "0709a62c-a215-4068-a74c-360cc8510fa9-larger-26": [],
    "0709a62c-a215-4068-a74c-360cc8510fa9-monocolumn-15-experiments-16": [],
    "0709a62c-a215-4068-a74c-360cc8510fa9-used-9": [],
    "0709a62c-a215-4068-a74c-360cc8510fa9-state-5": [],
    "0709a62c-a215-4068-a74c-360cc8510fa9-three-30-dimensional-32": [],
    "0709a62c-a215-4068-a74c-360cc8510fa9-SPAR-11-platforms-12": [
      "0709a62c-a215-4068-a74c-360cc8510fa9-SPAR-19-platforms-20"
    ],
    "0709a62c-a215-4068-a74c-360cc8510fa9-concept-23": [],
    "0709a62c-a215-4068-a74c-360cc8510fa9-art-7-procedures-8": [],
    "0709a62c-a215-4068-a74c-360cc8510fa9-attention-2": [],
    "0709a62c-a215-4068-a74c-360cc8510fa9-given-4": [],
    "0709a62c-a215-4068-a74c-360cc8510fa9-order-12": [],
    "0709a62c-a215-4068-a74c-360cc8510fa9-similarity-15": [],
    "0709a62c-a215-4068-a74c-360cc8510fa9-experiments-18": [],
    "0709a62c-a215-4068-a74c-360cc8510fa9-Special-1": [],
    "0709a62c-a215-4068-a74c-360cc8510fa9-ratio-7-roughness-8-beam-10": [],
    "0709a62c-a215-4068-a74c-360cc8510fa9-heading-4-conditions-5": [],
    "0709a62c-a215-4068-a74c-360cc8510fa9-tested-8": [],
    "0709a62c-a215-4068-a74c-360cc8510fa9-also-7": [],
    "0709a62c-a215-4068-a74c-360cc8510fa9-different-3": [
      "0709a62c-a215-4068-a74c-360cc8510fa9-different-19"
    ],
    "0709a62c-a215-4068-a74c-360cc8510fa9-Additionally-1": [],
    "0709a62c-a215-4068-a74c-360cc8510fa9-work-5": [],
    "0709a62c-a215-4068-a74c-360cc8510fa9-set-8": [],
    "0709a62c-a215-4068-a74c-360cc8510fa9-results-11": [],
    "NE-DATE-present": [],
    "0709a62c-a215-4068-a74c-360cc8510fa9-preliminary-10": []
  }
}