{
  "document": "D:/Projetos/PIRA_KG/documents/onu_25144481375.txt",
  "entities": {
    "585f4243-2b9e-4ec6-aef4-0fe54aaaa4ba-aspects-8": "aspects",
    "585f4243-2b9e-4ec6-aef4-0fe54aaaa4ba-analyzed-19": "analyzed",
    "585f4243-2b9e-4ec6-aef4-0fe54aaaa4ba-main-2": "main",
    "NE-ORGANIZATION-Eastern-Basins": "Eastern Basins",
    "NE-NATIONALITY-Brazilian": "Brazilian",
    "585f4243-2b9e-4ec6-aef4-0fe54aaaa4ba-tectonic-3": "tectonic",
    "NE-MISC-Aptian": "Aptian",
    "585f4243-2b9e-4ec6-aef4-0fe54aaaa4ba-can-16-subdivided-18": "can subdivided",
    "585f4243-2b9e-4ec6-aef4-0fe54aaaa4ba-characteristics-28": "characteristics",
    "585f4243-2b9e-4ec6-aef4-0fe54aaaa4ba-specific-24-tectonic-25-characteristics-28": "specific tectonic characteristics",
    "585f4243-2b9e-4ec6-aef4-0fe54aaaa4ba-2-20-main-21-packages-22": "2 main packages",
    "585f4243-2b9e-4ec6-aef4-0fe54aaaa4ba-specific-24": "specific",
    "585f4243-2b9e-4ec6-aef4-0fe54aaaa4ba-2-20-packages-22": "2 packages",
    "585f4243-2b9e-4ec6-aef4-0fe54aaaa4ba-tectonic-25": "tectonic",
    "585f4243-2b9e-4ec6-aef4-0fe54aaaa4ba-Lower-2-Aptian-3": "Lower Aptian",
    "585f4243-2b9e-4ec6-aef4-0fe54aaaa4ba-characterized-18": "characterized",
    "585f4243-2b9e-4ec6-aef4-0fe54aaaa4ba-sedimentation-21": "sedimentation",
    "585f4243-2b9e-4ec6-aef4-0fe54aaaa4ba-rift-23-tectonics-24": "rift tectonics",
    "585f4243-2b9e-4ec6-aef4-0fe54aaaa4ba-continental-20": "continental",
    "585f4243-2b9e-4ec6-aef4-0fe54aaaa4ba-incursions-3": "incursions",
    "585f4243-2b9e-4ec6-aef4-0fe54aaaa4ba-package-8": "package",
    "585f4243-2b9e-4ec6-aef4-0fe54aaaa4ba-Scarce-1": "Scarce",
    "585f4243-2b9e-4ec6-aef4-0fe54aaaa4ba-recognized-5": "recognized",
    "NE-TITLE-marine": "marine",
    "585f4243-2b9e-4ec6-aef4-0fe54aaaa4ba-Sedimentation-1": "Sedimentation",
    "585f4243-2b9e-4ec6-aef4-0fe54aaaa4ba-grabens-5": "grabens",
    "585f4243-2b9e-4ec6-aef4-0fe54aaaa4ba-located-6": "located",
    "585f4243-2b9e-4ec6-aef4-0fe54aaaa4ba-portions-10": "portions",
    "585f4243-2b9e-4ec6-aef4-0fe54aaaa4ba-rift-13": "rift",
    "585f4243-2b9e-4ec6-aef4-0fe54aaaa4ba-central-9": "central",
    "585f4243-2b9e-4ec6-aef4-0fe54aaaa4ba-Upper-2-Aptian-3-package-10": "Upper Aptian package",
    "585f4243-2b9e-4ec6-aef4-0fe54aaaa4ba-deposited-12": "deposited",
    "585f4243-2b9e-4ec6-aef4-0fe54aaaa4ba-conditions-16": "conditions",
    "585f4243-2b9e-4ec6-aef4-0fe54aaaa4ba-stable-14": "stable",
    "585f4243-2b9e-4ec6-aef4-0fe54aaaa4ba-tectonic-15": "tectonic",
    "585f4243-2b9e-4ec6-aef4-0fe54aaaa4ba-sag-19-basin-20": "sag basin",
    "585f4243-2b9e-4ec6-aef4-0fe54aaaa4ba-portion-3": "portion",
    "585f4243-2b9e-4ec6-aef4-0fe54aaaa4ba-sedimentation-14": "sedimentation",
    "585f4243-2b9e-4ec6-aef4-0fe54aaaa4ba-lower-2": "lower",
    "585f4243-2b9e-4ec6-aef4-0fe54aaaa4ba-widespread-17-occurrence-18": "widespread occurrence",
    "585f4243-2b9e-4ec6-aef4-0fe54aaaa4ba-characterized-8": "characterized",
    "585f4243-2b9e-4ec6-aef4-0fe54aaaa4ba-fluvio-11": "fluvio",
    "585f4243-2b9e-4ec6-aef4-0fe54aaaa4ba-alluvial-13": "alluvial",
    "585f4243-2b9e-4ec6-aef4-0fe54aaaa4ba-areas-22-of-23-marginal-25-basins-26": "areas of marginal basins",
    "585f4243-2b9e-4ec6-aef4-0fe54aaaa4ba-occurrence-18": "occurrence",
    "585f4243-2b9e-4ec6-aef4-0fe54aaaa4ba-proximal-21": "proximal",
    "585f4243-2b9e-4ec6-aef4-0fe54aaaa4ba-sediments-2": "sediments",
    "585f4243-2b9e-4ec6-aef4-0fe54aaaa4ba-conditions-9": "conditions",
    "585f4243-2b9e-4ec6-aef4-0fe54aaaa4ba-Distal-1": "Distal",
    "585f4243-2b9e-4ec6-aef4-0fe54aaaa4ba-deposited-5": "deposited",
    "585f4243-2b9e-4ec6-aef4-0fe54aaaa4ba-however-3": "however",
    "585f4243-2b9e-4ec6-aef4-0fe54aaaa4ba-shallow-7": "shallow",
    "585f4243-2b9e-4ec6-aef4-0fe54aaaa4ba-High-23": "High",
    "585f4243-2b9e-4ec6-aef4-0fe54aaaa4ba-deposition-27": "deposition",
    "NE-LOCATION-São-Paulo": "São Paulo",
    "585f4243-2b9e-4ec6-aef4-0fe54aaaa4ba-end-3": "end",
    "585f4243-2b9e-4ec6-aef4-0fe54aaaa4ba-package-33": "package"
  },
  "graph": [
    {
      "subject_id": "585f4243-2b9e-4ec6-aef4-0fe54aaaa4ba-aspects-8",
      "relation": "were",
      "object_id": "585f4243-2b9e-4ec6-aef4-0fe54aaaa4ba-analyzed-19"
    },
    {
      "subject_id": "585f4243-2b9e-4ec6-aef4-0fe54aaaa4ba-aspects-8",
      "relation": "is",
      "object_id": "585f4243-2b9e-4ec6-aef4-0fe54aaaa4ba-main-2"
    },
    {
      "subject_id": "NE-ORGANIZATION-Eastern-Basins",
      "relation": "is along",
      "object_id": "NE-NATIONALITY-Brazilian"
    },
    {
      "subject_id": "585f4243-2b9e-4ec6-aef4-0fe54aaaa4ba-aspects-8",
      "relation": "is",
      "object_id": "585f4243-2b9e-4ec6-aef4-0fe54aaaa4ba-tectonic-3"
    },
    {
      "subject_id": "NE-MISC-Aptian",
      "relation": "can",
      "object_id": "585f4243-2b9e-4ec6-aef4-0fe54aaaa4ba-can-16-subdivided-18"
    },
    {
      "subject_id": "585f4243-2b9e-4ec6-aef4-0fe54aaaa4ba-can-16-subdivided-18",
      "relation": "of",
      "object_id": "585f4243-2b9e-4ec6-aef4-0fe54aaaa4ba-characteristics-28"
    },
    {
      "subject_id": "585f4243-2b9e-4ec6-aef4-0fe54aaaa4ba-can-16-subdivided-18",
      "relation": "of",
      "object_id": "585f4243-2b9e-4ec6-aef4-0fe54aaaa4ba-specific-24-tectonic-25-characteristics-28"
    },
    {
      "subject_id": "585f4243-2b9e-4ec6-aef4-0fe54aaaa4ba-can-16-subdivided-18",
      "relation": "at",
      "object_id": "585f4243-2b9e-4ec6-aef4-0fe54aaaa4ba-2-20-main-21-packages-22"
    },
    {
      "subject_id": "585f4243-2b9e-4ec6-aef4-0fe54aaaa4ba-2-20-main-21-packages-22",
      "relation": "is with",
      "object_id": "585f4243-2b9e-4ec6-aef4-0fe54aaaa4ba-specific-24-tectonic-25-characteristics-28"
    },
    {
      "subject_id": "585f4243-2b9e-4ec6-aef4-0fe54aaaa4ba-can-16-subdivided-18",
      "relation": "is",
      "object_id": "585f4243-2b9e-4ec6-aef4-0fe54aaaa4ba-specific-24"
    },
    {
      "subject_id": "585f4243-2b9e-4ec6-aef4-0fe54aaaa4ba-can-16-subdivided-18",
      "relation": "at",
      "object_id": "585f4243-2b9e-4ec6-aef4-0fe54aaaa4ba-2-20-packages-22"
    },
    {
      "subject_id": "585f4243-2b9e-4ec6-aef4-0fe54aaaa4ba-can-16-subdivided-18",
      "relation": "is",
      "object_id": "585f4243-2b9e-4ec6-aef4-0fe54aaaa4ba-tectonic-25"
    },
    {
      "subject_id": "585f4243-2b9e-4ec6-aef4-0fe54aaaa4ba-Lower-2-Aptian-3",
      "relation": "is",
      "object_id": "585f4243-2b9e-4ec6-aef4-0fe54aaaa4ba-characterized-18"
    },
    {
      "subject_id": "585f4243-2b9e-4ec6-aef4-0fe54aaaa4ba-characterized-18",
      "relation": "by",
      "object_id": "585f4243-2b9e-4ec6-aef4-0fe54aaaa4ba-sedimentation-21"
    },
    {
      "subject_id": "585f4243-2b9e-4ec6-aef4-0fe54aaaa4ba-characterized-18",
      "relation": "at",
      "object_id": "585f4243-2b9e-4ec6-aef4-0fe54aaaa4ba-rift-23-tectonics-24"
    },
    {
      "subject_id": "585f4243-2b9e-4ec6-aef4-0fe54aaaa4ba-Lower-2-Aptian-3",
      "relation": "is characterized by",
      "object_id": "585f4243-2b9e-4ec6-aef4-0fe54aaaa4ba-sedimentation-21"
    },
    {
      "subject_id": "585f4243-2b9e-4ec6-aef4-0fe54aaaa4ba-sedimentation-21",
      "relation": "is",
      "object_id": "585f4243-2b9e-4ec6-aef4-0fe54aaaa4ba-continental-20"
    },
    {
      "subject_id": "585f4243-2b9e-4ec6-aef4-0fe54aaaa4ba-incursions-3",
      "relation": "were recognized in",
      "object_id": "585f4243-2b9e-4ec6-aef4-0fe54aaaa4ba-package-8"
    },
    {
      "subject_id": "585f4243-2b9e-4ec6-aef4-0fe54aaaa4ba-incursions-3",
      "relation": "is",
      "object_id": "585f4243-2b9e-4ec6-aef4-0fe54aaaa4ba-Scarce-1"
    },
    {
      "subject_id": "585f4243-2b9e-4ec6-aef4-0fe54aaaa4ba-incursions-3",
      "relation": "were",
      "object_id": "585f4243-2b9e-4ec6-aef4-0fe54aaaa4ba-recognized-5"
    },
    {
      "subject_id": "585f4243-2b9e-4ec6-aef4-0fe54aaaa4ba-incursions-3",
      "relation": "is",
      "object_id": "NE-TITLE-marine"
    },
    {
      "subject_id": "585f4243-2b9e-4ec6-aef4-0fe54aaaa4ba-Sedimentation-1",
      "relation": "occurred mainly in",
      "object_id": "585f4243-2b9e-4ec6-aef4-0fe54aaaa4ba-grabens-5"
    },
    {
      "subject_id": "585f4243-2b9e-4ec6-aef4-0fe54aaaa4ba-Sedimentation-1",
      "relation": "occurred in",
      "object_id": "585f4243-2b9e-4ec6-aef4-0fe54aaaa4ba-grabens-5"
    },
    {
      "subject_id": "585f4243-2b9e-4ec6-aef4-0fe54aaaa4ba-grabens-5",
      "relation": "is",
      "object_id": "585f4243-2b9e-4ec6-aef4-0fe54aaaa4ba-located-6"
    },
    {
      "subject_id": "585f4243-2b9e-4ec6-aef4-0fe54aaaa4ba-grabens-5",
      "relation": "at",
      "object_id": "585f4243-2b9e-4ec6-aef4-0fe54aaaa4ba-portions-10"
    },
    {
      "subject_id": "585f4243-2b9e-4ec6-aef4-0fe54aaaa4ba-grabens-5",
      "relation": "of",
      "object_id": "585f4243-2b9e-4ec6-aef4-0fe54aaaa4ba-rift-13"
    },
    {
      "subject_id": "585f4243-2b9e-4ec6-aef4-0fe54aaaa4ba-grabens-5",
      "relation": "is",
      "object_id": "585f4243-2b9e-4ec6-aef4-0fe54aaaa4ba-central-9"
    },
    {
      "subject_id": "585f4243-2b9e-4ec6-aef4-0fe54aaaa4ba-Upper-2-Aptian-3-package-10",
      "relation": "was",
      "object_id": "585f4243-2b9e-4ec6-aef4-0fe54aaaa4ba-deposited-12"
    },
    {
      "subject_id": "585f4243-2b9e-4ec6-aef4-0fe54aaaa4ba-Upper-2-Aptian-3-package-10",
      "relation": "was deposited under",
      "object_id": "585f4243-2b9e-4ec6-aef4-0fe54aaaa4ba-conditions-16"
    },
    {
      "subject_id": "585f4243-2b9e-4ec6-aef4-0fe54aaaa4ba-conditions-16",
      "relation": "is",
      "object_id": "585f4243-2b9e-4ec6-aef4-0fe54aaaa4ba-stable-14"
    },
    {
      "subject_id": "585f4243-2b9e-4ec6-aef4-0fe54aaaa4ba-deposited-12",
      "relation": "at",
      "object_id": "585f4243-2b9e-4ec6-aef4-0fe54aaaa4ba-conditions-16"
    },
    {
      "subject_id": "585f4243-2b9e-4ec6-aef4-0fe54aaaa4ba-conditions-16",
      "relation": "is",
      "object_id": "585f4243-2b9e-4ec6-aef4-0fe54aaaa4ba-tectonic-15"
    },
    {
      "subject_id": "585f4243-2b9e-4ec6-aef4-0fe54aaaa4ba-deposited-12",
      "relation": "at",
      "object_id": "585f4243-2b9e-4ec6-aef4-0fe54aaaa4ba-sag-19-basin-20"
    },
    {
      "subject_id": "585f4243-2b9e-4ec6-aef4-0fe54aaaa4ba-Upper-2-Aptian-3-package-10",
      "relation": "was deposited in",
      "object_id": "585f4243-2b9e-4ec6-aef4-0fe54aaaa4ba-sag-19-basin-20"
    },
    {
      "subject_id": "585f4243-2b9e-4ec6-aef4-0fe54aaaa4ba-portion-3",
      "relation": "is characterized by",
      "object_id": "585f4243-2b9e-4ec6-aef4-0fe54aaaa4ba-sedimentation-14"
    },
    {
      "subject_id": "585f4243-2b9e-4ec6-aef4-0fe54aaaa4ba-portion-3",
      "relation": "is",
      "object_id": "585f4243-2b9e-4ec6-aef4-0fe54aaaa4ba-lower-2"
    },
    {
      "subject_id": "585f4243-2b9e-4ec6-aef4-0fe54aaaa4ba-sedimentation-14",
      "relation": "of",
      "object_id": "585f4243-2b9e-4ec6-aef4-0fe54aaaa4ba-widespread-17-occurrence-18"
    },
    {
      "subject_id": "585f4243-2b9e-4ec6-aef4-0fe54aaaa4ba-portion-3",
      "relation": "is",
      "object_id": "585f4243-2b9e-4ec6-aef4-0fe54aaaa4ba-characterized-8"
    },
    {
      "subject_id": "585f4243-2b9e-4ec6-aef4-0fe54aaaa4ba-characterized-8",
      "relation": "by",
      "object_id": "585f4243-2b9e-4ec6-aef4-0fe54aaaa4ba-sedimentation-14"
    },
    {
      "subject_id": "585f4243-2b9e-4ec6-aef4-0fe54aaaa4ba-sedimentation-14",
      "relation": "is",
      "object_id": "585f4243-2b9e-4ec6-aef4-0fe54aaaa4ba-fluvio-11"
    },
    {
      "subject_id": "585f4243-2b9e-4ec6-aef4-0fe54aaaa4ba-sedimentation-14",
      "relation": "is",
      "object_id": "585f4243-2b9e-4ec6-aef4-0fe54aaaa4ba-alluvial-13"
    },
    {
      "subject_id": "585f4243-2b9e-4ec6-aef4-0fe54aaaa4ba-characterized-8",
      "relation": "at",
      "object_id": "585f4243-2b9e-4ec6-aef4-0fe54aaaa4ba-areas-22-of-23-marginal-25-basins-26"
    },
    {
      "subject_id": "585f4243-2b9e-4ec6-aef4-0fe54aaaa4ba-sedimentation-14",
      "relation": "of",
      "object_id": "585f4243-2b9e-4ec6-aef4-0fe54aaaa4ba-occurrence-18"
    },
    {
      "subject_id": "585f4243-2b9e-4ec6-aef4-0fe54aaaa4ba-sedimentation-14",
      "relation": "is with",
      "object_id": "585f4243-2b9e-4ec6-aef4-0fe54aaaa4ba-widespread-17-occurrence-18"
    },
    {
      "subject_id": "585f4243-2b9e-4ec6-aef4-0fe54aaaa4ba-characterized-8",
      "relation": "is",
      "object_id": "585f4243-2b9e-4ec6-aef4-0fe54aaaa4ba-proximal-21"
    },
    {
      "subject_id": "585f4243-2b9e-4ec6-aef4-0fe54aaaa4ba-sediments-2",
      "relation": "were deposited under",
      "object_id": "585f4243-2b9e-4ec6-aef4-0fe54aaaa4ba-conditions-9"
    },
    {
      "subject_id": "585f4243-2b9e-4ec6-aef4-0fe54aaaa4ba-conditions-9",
      "relation": "is",
      "object_id": "NE-TITLE-marine"
    },
    {
      "subject_id": "585f4243-2b9e-4ec6-aef4-0fe54aaaa4ba-sediments-2",
      "relation": "is",
      "object_id": "585f4243-2b9e-4ec6-aef4-0fe54aaaa4ba-Distal-1"
    },
    {
      "subject_id": "585f4243-2b9e-4ec6-aef4-0fe54aaaa4ba-sediments-2",
      "relation": "however were deposited under",
      "object_id": "585f4243-2b9e-4ec6-aef4-0fe54aaaa4ba-conditions-9"
    },
    {
      "subject_id": "585f4243-2b9e-4ec6-aef4-0fe54aaaa4ba-sediments-2",
      "relation": "were",
      "object_id": "585f4243-2b9e-4ec6-aef4-0fe54aaaa4ba-deposited-5"
    },
    {
      "subject_id": "585f4243-2b9e-4ec6-aef4-0fe54aaaa4ba-deposited-5",
      "relation": "at",
      "object_id": "585f4243-2b9e-4ec6-aef4-0fe54aaaa4ba-however-3"
    },
    {
      "subject_id": "585f4243-2b9e-4ec6-aef4-0fe54aaaa4ba-conditions-9",
      "relation": "is",
      "object_id": "585f4243-2b9e-4ec6-aef4-0fe54aaaa4ba-shallow-7"
    },
    {
      "subject_id": "585f4243-2b9e-4ec6-aef4-0fe54aaaa4ba-High-23",
      "relation": "allowed",
      "object_id": "585f4243-2b9e-4ec6-aef4-0fe54aaaa4ba-deposition-27"
    },
    {
      "subject_id": "585f4243-2b9e-4ec6-aef4-0fe54aaaa4ba-High-23",
      "relation": "of",
      "object_id": "NE-LOCATION-São-Paulo"
    },
    {
      "subject_id": "585f4243-2b9e-4ec6-aef4-0fe54aaaa4ba-High-23",
      "relation": "allowed deposition At",
      "object_id": "585f4243-2b9e-4ec6-aef4-0fe54aaaa4ba-end-3"
    },
    {
      "subject_id": "585f4243-2b9e-4ec6-aef4-0fe54aaaa4ba-end-3",
      "relation": "of",
      "object_id": "NE-MISC-Aptian"
    },
    {
      "subject_id": "585f4243-2b9e-4ec6-aef4-0fe54aaaa4ba-deposition-27",
      "relation": "of",
      "object_id": "585f4243-2b9e-4ec6-aef4-0fe54aaaa4ba-package-33"
    }
  ],
  "links": {
    "585f4243-2b9e-4ec6-aef4-0fe54aaaa4ba-aspects-8": [],
    "585f4243-2b9e-4ec6-aef4-0fe54aaaa4ba-analyzed-19": [],
    "585f4243-2b9e-4ec6-aef4-0fe54aaaa4ba-main-2": [],
    "NE-ORGANIZATION-Eastern-Basins": [],
    "NE-NATIONALITY-Brazilian": [],
    "585f4243-2b9e-4ec6-aef4-0fe54aaaa4ba-tectonic-3": [
      "585f4243-2b9e-4ec6-aef4-0fe54aaaa4ba-tectonic-25",
      "585f4243-2b9e-4ec6-aef4-0fe54aaaa4ba-tectonic-15"
    ],
    "NE-MISC-Aptian": [],
    "585f4243-2b9e-4ec6-aef4-0fe54aaaa4ba-can-16-subdivided-18": [],
    "585f4243-2b9e-4ec6-aef4-0fe54aaaa4ba-characteristics-28": [],
    "585f4243-2b9e-4ec6-aef4-0fe54aaaa4ba-specific-24-tectonic-25-characteristics-28": [],
    "585f4243-2b9e-4ec6-aef4-0fe54aaaa4ba-2-20-main-21-packages-22": [],
    "585f4243-2b9e-4ec6-aef4-0fe54aaaa4ba-specific-24": [],
    "585f4243-2b9e-4ec6-aef4-0fe54aaaa4ba-2-20-packages-22": [],
    "585f4243-2b9e-4ec6-aef4-0fe54aaaa4ba-tectonic-25": [
      "585f4243-2b9e-4ec6-aef4-0fe54aaaa4ba-tectonic-3",
      "585f4243-2b9e-4ec6-aef4-0fe54aaaa4ba-tectonic-15"
    ],
    "585f4243-2b9e-4ec6-aef4-0fe54aaaa4ba-Lower-2-Aptian-3": [],
    "585f4243-2b9e-4ec6-aef4-0fe54aaaa4ba-characterized-18": [
      "585f4243-2b9e-4ec6-aef4-0fe54aaaa4ba-characterized-8"
    ],
    "585f4243-2b9e-4ec6-aef4-0fe54aaaa4ba-sedimentation-21": [
      "585f4243-2b9e-4ec6-aef4-0fe54aaaa4ba-sedimentation-14"
    ],
    "585f4243-2b9e-4ec6-aef4-0fe54aaaa4ba-rift-23-tectonics-24": [],
    "585f4243-2b9e-4ec6-aef4-0fe54aaaa4ba-continental-20": [],
    "585f4243-2b9e-4ec6-aef4-0fe54aaaa4ba-incursions-3": [],
    "585f4243-2b9e-4ec6-aef4-0fe54aaaa4ba-package-8": [],
    "585f4243-2b9e-4ec6-aef4-0fe54aaaa4ba-Scarce-1": [],
    "585f4243-2b9e-4ec6-aef4-0fe54aaaa4ba-recognized-5": [],
    "NE-TITLE-marine": [],
    "585f4243-2b9e-4ec6-aef4-0fe54aaaa4ba-Sedimentation-1": [],
    "585f4243-2b9e-4ec6-aef4-0fe54aaaa4ba-grabens-5": [],
    "585f4243-2b9e-4ec6-aef4-0fe54aaaa4ba-located-6": [],
    "585f4243-2b9e-4ec6-aef4-0fe54aaaa4ba-portions-10": [],
    "585f4243-2b9e-4ec6-aef4-0fe54aaaa4ba-rift-13": [],
    "585f4243-2b9e-4ec6-aef4-0fe54aaaa4ba-central-9": [],
    "585f4243-2b9e-4ec6-aef4-0fe54aaaa4ba-Upper-2-Aptian-3-package-10": [],
    "585f4243-2b9e-4ec6-aef4-0fe54aaaa4ba-deposited-12": [
      "585f4243-2b9e-4ec6-aef4-0fe54aaaa4ba-deposited-5"
    ],
    "585f4243-2b9e-4ec6-aef4-0fe54aaaa4ba-conditions-16": [
      "585f4243-2b9e-4ec6-aef4-0fe54aaaa4ba-conditions-9"
    ],
    "585f4243-2b9e-4ec6-aef4-0fe54aaaa4ba-stable-14": [],
    "585f4243-2b9e-4ec6-aef4-0fe54aaaa4ba-tectonic-15": [
      "585f4243-2b9e-4ec6-aef4-0fe54aaaa4ba-tectonic-3",
      "585f4243-2b9e-4ec6-aef4-0fe54aaaa4ba-tectonic-25"
    ],
    "585f4243-2b9e-4ec6-aef4-0fe54aaaa4ba-sag-19-basin-20": [],
    "585f4243-2b9e-4ec6-aef4-0fe54aaaa4ba-portion-3": [],
    "585f4243-2b9e-4ec6-aef4-0fe54aaaa4ba-sedimentation-14": [
      "585f4243-2b9e-4ec6-aef4-0fe54aaaa4ba-sedimentation-21"
    ],
    "585f4243-2b9e-4ec6-aef4-0fe54aaaa4ba-lower-2": [],
    "585f4243-2b9e-4ec6-aef4-0fe54aaaa4ba-widespread-17-occurrence-18": [],
    "585f4243-2b9e-4ec6-aef4-0fe54aaaa4ba-characterized-8": [
      "585f4243-2b9e-4ec6-aef4-0fe54aaaa4ba-characterized-18"
    ],
    "585f4243-2b9e-4ec6-aef4-0fe54aaaa4ba-fluvio-11": [],
    "585f4243-2b9e-4ec6-aef4-0fe54aaaa4ba-alluvial-13": [],
    "585f4243-2b9e-4ec6-aef4-0fe54aaaa4ba-areas-22-of-23-marginal-25-basins-26": [],
    "585f4243-2b9e-4ec6-aef4-0fe54aaaa4ba-occurrence-18": [],
    "585f4243-2b9e-4ec6-aef4-0fe54aaaa4ba-proximal-21": [],
    "585f4243-2b9e-4ec6-aef4-0fe54aaaa4ba-sediments-2": [],
    "585f4243-2b9e-4ec6-aef4-0fe54aaaa4ba-conditions-9": [
      "585f4243-2b9e-4ec6-aef4-0fe54aaaa4ba-conditions-16"
    ],
    "585f4243-2b9e-4ec6-aef4-0fe54aaaa4ba-Distal-1": [],
    "585f4243-2b9e-4ec6-aef4-0fe54aaaa4ba-deposited-5": [
      "585f4243-2b9e-4ec6-aef4-0fe54aaaa4ba-deposited-12"
    ],
    "585f4243-2b9e-4ec6-aef4-0fe54aaaa4ba-however-3": [],
    "585f4243-2b9e-4ec6-aef4-0fe54aaaa4ba-shallow-7": [],
    "585f4243-2b9e-4ec6-aef4-0fe54aaaa4ba-High-23": [],
    "585f4243-2b9e-4ec6-aef4-0fe54aaaa4ba-deposition-27": [],
    "NE-LOCATION-São-Paulo": [],
    "585f4243-2b9e-4ec6-aef4-0fe54aaaa4ba-end-3": [],
    "585f4243-2b9e-4ec6-aef4-0fe54aaaa4ba-package-33": []
  }
}