{
  "document": "D:/Projetos/PIRA_KG/documents/onu_85086808985.txt",
  "entities": {
    "bf917e90-7343-4ac5-9605-4309e100073a-Production-11-Systems-12": "Production Systems",
    "bf917e90-7343-4ac5-9605-4309e100073a-utilized-17": "utilized",
    "bf917e90-7343-4ac5-9605-4309e100073a-Early-10": "Early",
    "bf917e90-7343-4ac5-9605-4309e100073a-extensively-16": "extensively",
    "bf917e90-7343-4ac5-9605-4309e100073a-industry-8": "industry",
    "bf917e90-7343-4ac5-9605-4309e100073a-EPSs-14": "EPSs",
    "bf917e90-7343-4ac5-9605-4309e100073a-waters-32": "waters",
    "bf917e90-7343-4ac5-9605-4309e100073a-deeper-28": "deeper",
    "bf917e90-7343-4ac5-9605-4309e100073a-early-3": "early",
    "bf917e90-7343-4ac5-9605-4309e100073a-progressively-27": "progressively",
    "bf917e90-7343-4ac5-9605-4309e100073a-reservoirs-25": "reservoirs",
    "bf917e90-7343-4ac5-9605-4309e100073a-offshore-7": "offshore",
    "bf917e90-7343-4ac5-9605-4309e100073a-years-4": "years",
    "bf917e90-7343-4ac5-9605-4309e100073a-marginal-20": "marginal",
    "bf917e90-7343-4ac5-9605-4309e100073a-or-13-EPSs-14-signature-2-attributes-3": "or EPSs signature attributes",
    "bf917e90-7343-4ac5-9605-4309e100073a-capital-6": "capital",
    "bf917e90-7343-4ac5-9605-4309e100073a-low-5": "low",
    "bf917e90-7343-4ac5-9605-4309e100073a-oil-18": "oil",
    "NE-ORDINAL-first": "first",
    "bf917e90-7343-4ac5-9605-4309e100073a-schedules-15": "schedules",
    "bf917e90-7343-4ac5-9605-4309e100073a-projects-25": "projects",
    "bf917e90-7343-4ac5-9605-4309e100073a-projects-33": "projects",
    "bf917e90-7343-4ac5-9605-4309e100073a-onshore-31": "onshore",
    "bf917e90-7343-4ac5-9605-4309e100073a-capital-6-efficiency-7": "capital efficiency",
    "bf917e90-7343-4ac5-9605-4309e100073a-discovery-13": "discovery",
    "bf917e90-7343-4ac5-9605-4309e100073a-compressed-12": "compressed",
    "bf917e90-7343-4ac5-9605-4309e100073a-deepwater-24": "deepwater",
    "bf917e90-7343-4ac5-9605-4309e100073a-capital-28-allocation-29": "capital allocation",
    "bf917e90-7343-4ac5-9605-4309e100073a-design-9-simplicity-10": "design simplicity",
    "bf917e90-7343-4ac5-9605-4309e100073a-shale-32": "shale",
    "bf917e90-7343-4ac5-9605-4309e100073a-Operators-3": "Operators",
    "NE-DATE-Today": "Today",
    "bf917e90-7343-4ac5-9605-4309e100073a-oil-16-cycle-17-times-18": "oil cycle times",
    "bf917e90-7343-4ac5-9605-4309e100073a-reservoir-31-upsides-32": "reservoir upsides",
    "bf917e90-7343-4ac5-9605-4309e100073a-expansion-27-capabilities-28": "expansion capabilities",
    "bf917e90-7343-4ac5-9605-4309e100073a-EPS-12": "EPS",
    "bf917e90-7343-4ac5-9605-4309e100073a-sanction-18-developments-19": "sanction developments",
    "bf917e90-7343-4ac5-9605-4309e100073a-reservoirs-22": "reservoirs",
    "bf917e90-7343-4ac5-9605-4309e100073a-developments-35": "developments",
    "bf917e90-7343-4ac5-9605-4309e100073a-giant-37": "giant",
    "bf917e90-7343-4ac5-9605-4309e100073a-marginal-21": "marginal",
    "bf917e90-7343-4ac5-9605-4309e100073a-mid-size-24": "mid-size",
    "NE-TITLE-Operator": "Operator",
    "bf917e90-7343-4ac5-9605-4309e100073a-reservoirs-38": "reservoirs",
    "bf917e90-7343-4ac5-9605-4309e100073a-uncertainties-6-development-8-decisions-9": "uncertainties development decisions",
    "bf917e90-7343-4ac5-9605-4309e100073a-information-16": "information",
    "bf917e90-7343-4ac5-9605-4309e100073a-subsurface-5": "subsurface",
    "bf917e90-7343-4ac5-9605-4309e100073a-relevant-14": "relevant",
    "bf917e90-7343-4ac5-9605-4309e100073a-impacting-7": "impacting",
    "bf917e90-7343-4ac5-9605-4309e100073a-strategies-11": "strategies",
    "bf917e90-7343-4ac5-9605-4309e100073a-major-4": "major",
    "bf917e90-7343-4ac5-9605-4309e100073a-risk-19": "risk",
    "bf917e90-7343-4ac5-9605-4309e100073a-dynamic-15": "dynamic",
    "bf917e90-7343-4ac5-9605-4309e100073a-major-4-subsurface-5-uncertainties-6-impacting-7-development-8-decisions-9-and-10-strategies-11": "major subsurface uncertainties impacting development decisions and strategies",
    "bf917e90-7343-4ac5-9605-4309e100073a-history-5": "history",
    "bf917e90-7343-4ac5-9605-4309e100073a-literature-27-review-28": "literature review",
    "bf917e90-7343-4ac5-9605-4309e100073a-deployed-8": "deployed",
    "bf917e90-7343-4ac5-9605-4309e100073a-brief-4": "brief",
    "bf917e90-7343-4ac5-9605-4309e100073a-EPS-21-platforms-22": "EPS platforms",
    "bf917e90-7343-4ac5-9605-4309e100073a-including-17-database-19": "including database",
    "NE-LOCATION-North-Sea": "North Sea",
    "bf917e90-7343-4ac5-9605-4309e100073a-EPSs-7": "EPSs",
    "bf917e90-7343-4ac5-9605-4309e100073a-utility-10": "utility",
    "bf917e90-7343-4ac5-9605-4309e100073a-production-19": "production",
    "bf917e90-7343-4ac5-9605-4309e100073a-commercial-18": "commercial",
    "bf917e90-7343-4ac5-9605-4309e100073a-fields-26": "fields",
    "bf917e90-7343-4ac5-9605-4309e100073a-case-2-history-3": "case history",
    "bf917e90-7343-4ac5-9605-4309e100073a-region-6": "region",
    "bf917e90-7343-4ac5-9605-4309e100073a-discussion-2": "discussion",
    "bf917e90-7343-4ac5-9605-4309e100073a-research-12": "research",
    "bf917e90-7343-4ac5-9605-4309e100073a-major-19": "major",
    "bf917e90-7343-4ac5-9605-4309e100073a-EPS-6-platform-7-selection-8": "EPS platform selection",
    "bf917e90-7343-4ac5-9605-4309e100073a-deployed-15": "deployed",
    "bf917e90-7343-4ac5-9605-4309e100073a-presented-4": "presented",
    "bf917e90-7343-4ac5-9605-4309e100073a-three-18-regions-21": "three regions",
    "bf917e90-7343-4ac5-9605-4309e100073a-deepwater-20": "deepwater",
    "bf917e90-7343-4ac5-9605-4309e100073a-platforms-14": "platforms",
    "bf917e90-7343-4ac5-9605-4309e100073a-tools-16": "tools",
    "bf917e90-7343-4ac5-9605-4309e100073a-development-26-planning-27-stage-28": "development planning stage",
    "bf917e90-7343-4ac5-9605-4309e100073a-roadmap-8": "roadmap",
    "bf917e90-7343-4ac5-9605-4309e100073a-Operators-11": "Operators",
    "bf917e90-7343-4ac5-9605-4309e100073a-early-25": "early",
    "bf917e90-7343-4ac5-9605-4309e100073a-options-22": "options"
  },
  "graph": [
    {
      "subject_id": "bf917e90-7343-4ac5-9605-4309e100073a-Production-11-Systems-12",
      "relation": "were",
      "object_id": "bf917e90-7343-4ac5-9605-4309e100073a-utilized-17"
    },
    {
      "subject_id": "bf917e90-7343-4ac5-9605-4309e100073a-Production-11-Systems-12",
      "relation": "is",
      "object_id": "bf917e90-7343-4ac5-9605-4309e100073a-Early-10"
    },
    {
      "subject_id": "bf917e90-7343-4ac5-9605-4309e100073a-utilized-17",
      "relation": "at",
      "object_id": "bf917e90-7343-4ac5-9605-4309e100073a-extensively-16"
    },
    {
      "subject_id": "bf917e90-7343-4ac5-9605-4309e100073a-utilized-17",
      "relation": "of",
      "object_id": "bf917e90-7343-4ac5-9605-4309e100073a-industry-8"
    },
    {
      "subject_id": "bf917e90-7343-4ac5-9605-4309e100073a-EPSs-14",
      "relation": "develop reservoirs in",
      "object_id": "bf917e90-7343-4ac5-9605-4309e100073a-waters-32"
    },
    {
      "subject_id": "bf917e90-7343-4ac5-9605-4309e100073a-waters-32",
      "relation": "is",
      "object_id": "bf917e90-7343-4ac5-9605-4309e100073a-deeper-28"
    },
    {
      "subject_id": "bf917e90-7343-4ac5-9605-4309e100073a-utilized-17",
      "relation": "is",
      "object_id": "bf917e90-7343-4ac5-9605-4309e100073a-early-3"
    },
    {
      "subject_id": "bf917e90-7343-4ac5-9605-4309e100073a-waters-32",
      "relation": "at",
      "object_id": "bf917e90-7343-4ac5-9605-4309e100073a-progressively-27"
    },
    {
      "subject_id": "bf917e90-7343-4ac5-9605-4309e100073a-EPSs-14",
      "relation": "develop",
      "object_id": "bf917e90-7343-4ac5-9605-4309e100073a-reservoirs-25"
    },
    {
      "subject_id": "bf917e90-7343-4ac5-9605-4309e100073a-utilized-17",
      "relation": "is",
      "object_id": "bf917e90-7343-4ac5-9605-4309e100073a-offshore-7"
    },
    {
      "subject_id": "bf917e90-7343-4ac5-9605-4309e100073a-utilized-17",
      "relation": "case",
      "object_id": "bf917e90-7343-4ac5-9605-4309e100073a-years-4"
    },
    {
      "subject_id": "bf917e90-7343-4ac5-9605-4309e100073a-reservoirs-25",
      "relation": "is",
      "object_id": "bf917e90-7343-4ac5-9605-4309e100073a-marginal-20"
    },
    {
      "subject_id": "bf917e90-7343-4ac5-9605-4309e100073a-or-13-EPSs-14-signature-2-attributes-3",
      "relation": "were",
      "object_id": "bf917e90-7343-4ac5-9605-4309e100073a-capital-6"
    },
    {
      "subject_id": "bf917e90-7343-4ac5-9605-4309e100073a-capital-6",
      "relation": "is",
      "object_id": "bf917e90-7343-4ac5-9605-4309e100073a-low-5"
    },
    {
      "subject_id": "bf917e90-7343-4ac5-9605-4309e100073a-or-13-EPSs-14-signature-2-attributes-3",
      "relation": "accelerated schedules to",
      "object_id": "bf917e90-7343-4ac5-9605-4309e100073a-oil-18"
    },
    {
      "subject_id": "bf917e90-7343-4ac5-9605-4309e100073a-oil-18",
      "relation": "at",
      "object_id": "NE-ORDINAL-first"
    },
    {
      "subject_id": "bf917e90-7343-4ac5-9605-4309e100073a-or-13-EPSs-14-signature-2-attributes-3",
      "relation": "accelerated",
      "object_id": "bf917e90-7343-4ac5-9605-4309e100073a-schedules-15"
    },
    {
      "subject_id": "bf917e90-7343-4ac5-9605-4309e100073a-projects-25",
      "relation": "compete with",
      "object_id": "bf917e90-7343-4ac5-9605-4309e100073a-projects-33"
    },
    {
      "subject_id": "bf917e90-7343-4ac5-9605-4309e100073a-projects-33",
      "relation": "at",
      "object_id": "bf917e90-7343-4ac5-9605-4309e100073a-onshore-31"
    },
    {
      "subject_id": "bf917e90-7343-4ac5-9605-4309e100073a-capital-6-efficiency-7",
      "relation": "Today",
      "object_id": "bf917e90-7343-4ac5-9605-4309e100073a-discovery-13"
    },
    {
      "subject_id": "bf917e90-7343-4ac5-9605-4309e100073a-discovery-13",
      "relation": "is",
      "object_id": "bf917e90-7343-4ac5-9605-4309e100073a-compressed-12"
    },
    {
      "subject_id": "bf917e90-7343-4ac5-9605-4309e100073a-projects-25",
      "relation": "is",
      "object_id": "bf917e90-7343-4ac5-9605-4309e100073a-deepwater-24"
    },
    {
      "subject_id": "bf917e90-7343-4ac5-9605-4309e100073a-projects-25",
      "relation": "compete for",
      "object_id": "bf917e90-7343-4ac5-9605-4309e100073a-capital-28-allocation-29"
    },
    {
      "subject_id": "bf917e90-7343-4ac5-9605-4309e100073a-capital-6-efficiency-7",
      "relation": "are",
      "object_id": "bf917e90-7343-4ac5-9605-4309e100073a-discovery-13"
    },
    {
      "subject_id": "bf917e90-7343-4ac5-9605-4309e100073a-capital-6-efficiency-7",
      "relation": "Operators",
      "object_id": "bf917e90-7343-4ac5-9605-4309e100073a-discovery-13"
    },
    {
      "subject_id": "bf917e90-7343-4ac5-9605-4309e100073a-discovery-13",
      "relation": "is",
      "object_id": "NE-ORDINAL-first"
    },
    {
      "subject_id": "bf917e90-7343-4ac5-9605-4309e100073a-capital-6-efficiency-7",
      "relation": "Today",
      "object_id": "bf917e90-7343-4ac5-9605-4309e100073a-design-9-simplicity-10"
    },
    {
      "subject_id": "bf917e90-7343-4ac5-9605-4309e100073a-projects-33",
      "relation": "is",
      "object_id": "bf917e90-7343-4ac5-9605-4309e100073a-shale-32"
    },
    {
      "subject_id": "bf917e90-7343-4ac5-9605-4309e100073a-capital-6-efficiency-7",
      "relation": "are",
      "object_id": "bf917e90-7343-4ac5-9605-4309e100073a-design-9-simplicity-10"
    },
    {
      "subject_id": "bf917e90-7343-4ac5-9605-4309e100073a-Operators-3",
      "relation": "are emphasizing capital efficiency at_time",
      "object_id": "NE-DATE-Today"
    },
    {
      "subject_id": "bf917e90-7343-4ac5-9605-4309e100073a-capital-6-efficiency-7",
      "relation": "Operators",
      "object_id": "bf917e90-7343-4ac5-9605-4309e100073a-design-9-simplicity-10"
    },
    {
      "subject_id": "bf917e90-7343-4ac5-9605-4309e100073a-discovery-13",
      "relation": "of",
      "object_id": "bf917e90-7343-4ac5-9605-4309e100073a-oil-16-cycle-17-times-18"
    },
    {
      "subject_id": "bf917e90-7343-4ac5-9605-4309e100073a-reservoir-31-upsides-32",
      "relation": "mid-size reservoirs with",
      "object_id": "bf917e90-7343-4ac5-9605-4309e100073a-expansion-27-capabilities-28"
    },
    {
      "subject_id": "bf917e90-7343-4ac5-9605-4309e100073a-EPS-12",
      "relation": "enable Operator to",
      "object_id": "bf917e90-7343-4ac5-9605-4309e100073a-sanction-18-developments-19"
    },
    {
      "subject_id": "bf917e90-7343-4ac5-9605-4309e100073a-sanction-18-developments-19",
      "relation": "of",
      "object_id": "bf917e90-7343-4ac5-9605-4309e100073a-reservoirs-22"
    },
    {
      "subject_id": "bf917e90-7343-4ac5-9605-4309e100073a-reservoirs-25",
      "relation": "capture",
      "object_id": "bf917e90-7343-4ac5-9605-4309e100073a-reservoir-31-upsides-32"
    },
    {
      "subject_id": "bf917e90-7343-4ac5-9605-4309e100073a-reservoirs-25",
      "relation": "phased",
      "object_id": "bf917e90-7343-4ac5-9605-4309e100073a-developments-35"
    },
    {
      "subject_id": "bf917e90-7343-4ac5-9605-4309e100073a-developments-35",
      "relation": "is",
      "object_id": "bf917e90-7343-4ac5-9605-4309e100073a-giant-37"
    },
    {
      "subject_id": "bf917e90-7343-4ac5-9605-4309e100073a-sanction-18-developments-19",
      "relation": "is",
      "object_id": "bf917e90-7343-4ac5-9605-4309e100073a-marginal-21"
    },
    {
      "subject_id": "bf917e90-7343-4ac5-9605-4309e100073a-reservoirs-25",
      "relation": "is",
      "object_id": "bf917e90-7343-4ac5-9605-4309e100073a-mid-size-24"
    },
    {
      "subject_id": "bf917e90-7343-4ac5-9605-4309e100073a-EPS-12",
      "relation": "enable",
      "object_id": "NE-TITLE-Operator"
    },
    {
      "subject_id": "bf917e90-7343-4ac5-9605-4309e100073a-developments-35",
      "relation": "of",
      "object_id": "bf917e90-7343-4ac5-9605-4309e100073a-reservoirs-38"
    },
    {
      "subject_id": "bf917e90-7343-4ac5-9605-4309e100073a-reservoir-31-upsides-32",
      "relation": "reservoirs with",
      "object_id": "bf917e90-7343-4ac5-9605-4309e100073a-expansion-27-capabilities-28"
    },
    {
      "subject_id": "bf917e90-7343-4ac5-9605-4309e100073a-reservoirs-25",
      "relation": "is with",
      "object_id": "bf917e90-7343-4ac5-9605-4309e100073a-expansion-27-capabilities-28"
    },
    {
      "subject_id": "bf917e90-7343-4ac5-9605-4309e100073a-uncertainties-6-development-8-decisions-9",
      "relation": "gather",
      "object_id": "bf917e90-7343-4ac5-9605-4309e100073a-information-16"
    },
    {
      "subject_id": "bf917e90-7343-4ac5-9605-4309e100073a-uncertainties-6-development-8-decisions-9",
      "relation": "is",
      "object_id": "bf917e90-7343-4ac5-9605-4309e100073a-subsurface-5"
    },
    {
      "subject_id": "bf917e90-7343-4ac5-9605-4309e100073a-information-16",
      "relation": "is",
      "object_id": "bf917e90-7343-4ac5-9605-4309e100073a-relevant-14"
    },
    {
      "subject_id": "bf917e90-7343-4ac5-9605-4309e100073a-uncertainties-6-development-8-decisions-9",
      "relation": "is",
      "object_id": "bf917e90-7343-4ac5-9605-4309e100073a-impacting-7"
    },
    {
      "subject_id": "bf917e90-7343-4ac5-9605-4309e100073a-strategies-11",
      "relation": "gather",
      "object_id": "bf917e90-7343-4ac5-9605-4309e100073a-information-16"
    },
    {
      "subject_id": "bf917e90-7343-4ac5-9605-4309e100073a-uncertainties-6-development-8-decisions-9",
      "relation": "is",
      "object_id": "bf917e90-7343-4ac5-9605-4309e100073a-major-4"
    },
    {
      "subject_id": "bf917e90-7343-4ac5-9605-4309e100073a-information-16",
      "relation": "mitigate",
      "object_id": "bf917e90-7343-4ac5-9605-4309e100073a-risk-19"
    },
    {
      "subject_id": "bf917e90-7343-4ac5-9605-4309e100073a-information-16",
      "relation": "is",
      "object_id": "bf917e90-7343-4ac5-9605-4309e100073a-dynamic-15"
    },
    {
      "subject_id": "bf917e90-7343-4ac5-9605-4309e100073a-major-4-subsurface-5-uncertainties-6-impacting-7-development-8-decisions-9-and-10-strategies-11",
      "relation": "provides",
      "object_id": "bf917e90-7343-4ac5-9605-4309e100073a-history-5"
    },
    {
      "subject_id": "bf917e90-7343-4ac5-9605-4309e100073a-major-4-subsurface-5-uncertainties-6-impacting-7-development-8-decisions-9-and-10-strategies-11",
      "relation": "provides history based",
      "object_id": "bf917e90-7343-4ac5-9605-4309e100073a-literature-27-review-28"
    },
    {
      "subject_id": "bf917e90-7343-4ac5-9605-4309e100073a-history-5",
      "relation": "is",
      "object_id": "bf917e90-7343-4ac5-9605-4309e100073a-deployed-8"
    },
    {
      "subject_id": "bf917e90-7343-4ac5-9605-4309e100073a-history-5",
      "relation": "is",
      "object_id": "bf917e90-7343-4ac5-9605-4309e100073a-brief-4"
    },
    {
      "subject_id": "bf917e90-7343-4ac5-9605-4309e100073a-history-5",
      "relation": "of",
      "object_id": "bf917e90-7343-4ac5-9605-4309e100073a-EPS-21-platforms-22"
    },
    {
      "subject_id": "bf917e90-7343-4ac5-9605-4309e100073a-history-5",
      "relation": "at",
      "object_id": "bf917e90-7343-4ac5-9605-4309e100073a-including-17-database-19"
    },
    {
      "subject_id": "bf917e90-7343-4ac5-9605-4309e100073a-history-5",
      "relation": "at",
      "object_id": "NE-LOCATION-North-Sea"
    },
    {
      "subject_id": "bf917e90-7343-4ac5-9605-4309e100073a-history-5",
      "relation": "of",
      "object_id": "bf917e90-7343-4ac5-9605-4309e100073a-EPSs-7"
    },
    {
      "subject_id": "bf917e90-7343-4ac5-9605-4309e100073a-utility-10",
      "relation": "derisk",
      "object_id": "bf917e90-7343-4ac5-9605-4309e100073a-production-19"
    },
    {
      "subject_id": "bf917e90-7343-4ac5-9605-4309e100073a-production-19",
      "relation": "is",
      "object_id": "bf917e90-7343-4ac5-9605-4309e100073a-commercial-18"
    },
    {
      "subject_id": "bf917e90-7343-4ac5-9605-4309e100073a-production-19",
      "relation": "of",
      "object_id": "bf917e90-7343-4ac5-9605-4309e100073a-fields-26"
    },
    {
      "subject_id": "bf917e90-7343-4ac5-9605-4309e100073a-case-2-history-3",
      "relation": "is in",
      "object_id": "bf917e90-7343-4ac5-9605-4309e100073a-region-6"
    },
    {
      "subject_id": "bf917e90-7343-4ac5-9605-4309e100073a-production-19",
      "relation": "is",
      "object_id": "bf917e90-7343-4ac5-9605-4309e100073a-marginal-21"
    },
    {
      "subject_id": "bf917e90-7343-4ac5-9605-4309e100073a-discussion-2",
      "relation": "is presented based",
      "object_id": "bf917e90-7343-4ac5-9605-4309e100073a-research-12"
    },
    {
      "subject_id": "bf917e90-7343-4ac5-9605-4309e100073a-research-12",
      "relation": "is",
      "object_id": "bf917e90-7343-4ac5-9605-4309e100073a-major-19"
    },
    {
      "subject_id": "bf917e90-7343-4ac5-9605-4309e100073a-discussion-2",
      "relation": "is presented for",
      "object_id": "bf917e90-7343-4ac5-9605-4309e100073a-EPS-6-platform-7-selection-8"
    },
    {
      "subject_id": "bf917e90-7343-4ac5-9605-4309e100073a-research-12",
      "relation": "is",
      "object_id": "bf917e90-7343-4ac5-9605-4309e100073a-deployed-15"
    },
    {
      "subject_id": "bf917e90-7343-4ac5-9605-4309e100073a-discussion-2",
      "relation": "is",
      "object_id": "bf917e90-7343-4ac5-9605-4309e100073a-presented-4"
    },
    {
      "subject_id": "bf917e90-7343-4ac5-9605-4309e100073a-research-12",
      "relation": "at",
      "object_id": "bf917e90-7343-4ac5-9605-4309e100073a-three-18-regions-21"
    },
    {
      "subject_id": "bf917e90-7343-4ac5-9605-4309e100073a-research-12",
      "relation": "is",
      "object_id": "bf917e90-7343-4ac5-9605-4309e100073a-deepwater-20"
    },
    {
      "subject_id": "bf917e90-7343-4ac5-9605-4309e100073a-research-12",
      "relation": "of",
      "object_id": "bf917e90-7343-4ac5-9605-4309e100073a-platforms-14"
    },
    {
      "subject_id": "bf917e90-7343-4ac5-9605-4309e100073a-tools-16",
      "relation": "deselect options in",
      "object_id": "bf917e90-7343-4ac5-9605-4309e100073a-development-26-planning-27-stage-28"
    },
    {
      "subject_id": "bf917e90-7343-4ac5-9605-4309e100073a-discussion-2",
      "relation": "develop",
      "object_id": "bf917e90-7343-4ac5-9605-4309e100073a-roadmap-8"
    },
    {
      "subject_id": "bf917e90-7343-4ac5-9605-4309e100073a-roadmap-8",
      "relation": "of",
      "object_id": "bf917e90-7343-4ac5-9605-4309e100073a-Operators-11"
    },
    {
      "subject_id": "bf917e90-7343-4ac5-9605-4309e100073a-tools-16",
      "relation": "rapidly deselect options in",
      "object_id": "bf917e90-7343-4ac5-9605-4309e100073a-development-26-planning-27-stage-28"
    },
    {
      "subject_id": "bf917e90-7343-4ac5-9605-4309e100073a-development-26-planning-27-stage-28",
      "relation": "is",
      "object_id": "bf917e90-7343-4ac5-9605-4309e100073a-early-25"
    },
    {
      "subject_id": "bf917e90-7343-4ac5-9605-4309e100073a-tools-16",
      "relation": "deselect",
      "object_id": "bf917e90-7343-4ac5-9605-4309e100073a-options-22"
    },
    {
      "subject_id": "bf917e90-7343-4ac5-9605-4309e100073a-tools-16",
      "relation": "rapidly deselect",
      "object_id": "bf917e90-7343-4ac5-9605-4309e100073a-options-22"
    }
  ],
  "links": {
    "bf917e90-7343-4ac5-9605-4309e100073a-Production-11-Systems-12": [],
    "bf917e90-7343-4ac5-9605-4309e100073a-utilized-17": [],
    "bf917e90-7343-4ac5-9605-4309e100073a-Early-10": [
      "bf917e90-7343-4ac5-9605-4309e100073a-early-3"
    ],
    "bf917e90-7343-4ac5-9605-4309e100073a-extensively-16": [],
    "bf917e90-7343-4ac5-9605-4309e100073a-industry-8": [],
    "bf917e90-7343-4ac5-9605-4309e100073a-EPSs-14": [],
    "bf917e90-7343-4ac5-9605-4309e100073a-waters-32": [],
    "bf917e90-7343-4ac5-9605-4309e100073a-deeper-28": [],
    "bf917e90-7343-4ac5-9605-4309e100073a-early-3": [
      "bf917e90-7343-4ac5-9605-4309e100073a-Early-10"
    ],
    "bf917e90-7343-4ac5-9605-4309e100073a-progressively-27": [],
    "bf917e90-7343-4ac5-9605-4309e100073a-reservoirs-25": [],
    "bf917e90-7343-4ac5-9605-4309e100073a-offshore-7": [],
    "bf917e90-7343-4ac5-9605-4309e100073a-years-4": [],
    "bf917e90-7343-4ac5-9605-4309e100073a-marginal-20": [],
    "bf917e90-7343-4ac5-9605-4309e100073a-or-13-EPSs-14-signature-2-attributes-3": [],
    "bf917e90-7343-4ac5-9605-4309e100073a-capital-6": [],
    "bf917e90-7343-4ac5-9605-4309e100073a-low-5": [],
    "bf917e90-7343-4ac5-9605-4309e100073a-oil-18": [],
    "NE-ORDINAL-first": [],
    "bf917e90-7343-4ac5-9605-4309e100073a-schedules-15": [],
    "bf917e90-7343-4ac5-9605-4309e100073a-projects-25": [],
    "bf917e90-7343-4ac5-9605-4309e100073a-projects-33": [],
    "bf917e90-7343-4ac5-9605-4309e100073a-onshore-31": [],
    "bf917e90-7343-4ac5-9605-4309e100073a-capital-6-efficiency-7": [],
    "bf917e90-7343-4ac5-9605-4309e100073a-discovery-13": [],
    "bf917e90-7343-4ac5-9605-4309e100073a-compressed-12": [],
    "bf917e90-7343-4ac5-9605-4309e100073a-deepwater-24": [],
    "bf917e90-7343-4ac5-9605-4309e100073a-capital-28-allocation-29": [],
    "bf917e90-7343-4ac5-9605-4309e100073a-design-9-simplicity-10": [],
    "bf917e90-7343-4ac5-9605-4309e100073a-shale-32": [],
    "bf917e90-7343-4ac5-9605-4309e100073a-Operators-3": [],
    "NE-DATE-Today": [],
    "bf917e90-7343-4ac5-9605-4309e100073a-oil-16-cycle-17-times-18": [],
    "bf917e90-7343-4ac5-9605-4309e100073a-reservoir-31-upsides-32": [],
    "bf917e90-7343-4ac5-9605-4309e100073a-expansion-27-capabilities-28": [],
    "bf917e90-7343-4ac5-9605-4309e100073a-EPS-12": [],
    "bf917e90-7343-4ac5-9605-4309e100073a-sanction-18-developments-19": [],
    "bf917e90-7343-4ac5-9605-4309e100073a-reservoirs-22": [
      "bf917e90-7343-4ac5-9605-4309e100073a-reservoirs-38"
    ],
    "bf917e90-7343-4ac5-9605-4309e100073a-developments-35": [],
    "bf917e90-7343-4ac5-9605-4309e100073a-giant-37": [],
    "bf917e90-7343-4ac5-9605-4309e100073a-marginal-21": [],
    "bf917e90-7343-4ac5-9605-4309e100073a-mid-size-24": [],
    "NE-TITLE-Operator": [],
    "bf917e90-7343-4ac5-9605-4309e100073a-reservoirs-38": [
      "bf917e90-7343-4ac5-9605-4309e100073a-reservoirs-22"
    ],
    "bf917e90-7343-4ac5-9605-4309e100073a-uncertainties-6-development-8-decisions-9": [],
    "bf917e90-7343-4ac5-9605-4309e100073a-information-16": [],
    "bf917e90-7343-4ac5-9605-4309e100073a-subsurface-5": [],
    "bf917e90-7343-4ac5-9605-4309e100073a-relevant-14": [],
    "bf917e90-7343-4ac5-9605-4309e100073a-impacting-7": [],
    "bf917e90-7343-4ac5-9605-4309e100073a-strategies-11": [],
    "bf917e90-7343-4ac5-9605-4309e100073a-major-4": [],
    "bf917e90-7343-4ac5-9605-4309e100073a-risk-19": [],
    "bf917e90-7343-4ac5-9605-4309e100073a-dynamic-15": [],
    "bf917e90-7343-4ac5-9605-4309e100073a-major-4-subsurface-5-uncertainties-6-impacting-7-development-8-decisions-9-and-10-strategies-11": [],
    "bf917e90-7343-4ac5-9605-4309e100073a-history-5": [],
    "bf917e90-7343-4ac5-9605-4309e100073a-literature-27-review-28": [],
    "bf917e90-7343-4ac5-9605-4309e100073a-deployed-8": [],
    "bf917e90-7343-4ac5-9605-4309e100073a-brief-4": [],
    "bf917e90-7343-4ac5-9605-4309e100073a-EPS-21-platforms-22": [],
    "bf917e90-7343-4ac5-9605-4309e100073a-including-17-database-19": [],
    "NE-LOCATION-North-Sea": [],
    "bf917e90-7343-4ac5-9605-4309e100073a-EPSs-7": [],
    "bf917e90-7343-4ac5-9605-4309e100073a-utility-10": [],
    "bf917e90-7343-4ac5-9605-4309e100073a-production-19": [],
    "bf917e90-7343-4ac5-9605-4309e100073a-commercial-18": [],
    "bf917e90-7343-4ac5-9605-4309e100073a-fields-26": [],
    "bf917e90-7343-4ac5-9605-4309e100073a-case-2-history-3": [],
    "bf917e90-7343-4ac5-9605-4309e100073a-region-6": [],
    "bf917e90-7343-4ac5-9605-4309e100073a-discussion-2": [],
    "bf917e90-7343-4ac5-9605-4309e100073a-research-12": [],
    "bf917e90-7343-4ac5-9605-4309e100073a-major-19": [],
    "bf917e90-7343-4ac5-9605-4309e100073a-EPS-6-platform-7-selection-8": [],
    "bf917e90-7343-4ac5-9605-4309e100073a-deployed-15": [],
    "bf917e90-7343-4ac5-9605-4309e100073a-presented-4": [],
    "bf917e90-7343-4ac5-9605-4309e100073a-three-18-regions-21": [],
    "bf917e90-7343-4ac5-9605-4309e100073a-deepwater-20": [],
    "bf917e90-7343-4ac5-9605-4309e100073a-platforms-14": [],
    "bf917e90-7343-4ac5-9605-4309e100073a-tools-16": [],
    "bf917e90-7343-4ac5-9605-4309e100073a-development-26-planning-27-stage-28": [],
    "bf917e90-7343-4ac5-9605-4309e100073a-roadmap-8": [],
    "bf917e90-7343-4ac5-9605-4309e100073a-Operators-11": [],
    "bf917e90-7343-4ac5-9605-4309e100073a-early-25": [],
    "bf917e90-7343-4ac5-9605-4309e100073a-options-22": []
  }
}