{
  "document": "D:/Projetos/PIRA_KG/documents/onu_84880007809.txt",
  "entities": {
    "d4de0e22-c401-432d-9110-81f5c296679b-Samples-1": "Samples",
    "d4de0e22-c401-432d-9110-81f5c296679b-area-17": "area",
    "d4de0e22-c401-432d-9110-81f5c296679b-highly-13": "highly",
    "d4de0e22-c401-432d-9110-81f5c296679b-collected-3": "collected",
    "d4de0e22-c401-432d-9110-81f5c296679b-Southeast-19-regions-23": "Southeast regions",
    "d4de0e22-c401-432d-9110-81f5c296679b-35-5-cetaceans-6": "35 cetaceans",
    "d4de0e22-c401-432d-9110-81f5c296679b-industrialized-14": "industrialized",
    "d4de0e22-c401-432d-9110-81f5c296679b-PCBs-4": "PCBs",
    "d4de0e22-c401-432d-9110-81f5c296679b-cetaceans-16": "cetaceans",
    "d4de0e22-c401-432d-9110-81f5c296679b-coplanar-2-PCBs-3": "coplanar PCBs",
    "d4de0e22-c401-432d-9110-81f5c296679b-groups-29": "groups",
    "d4de0e22-c401-432d-9110-81f5c296679b-Non-ortho-1": "Non-ortho",
    "d4de0e22-c401-432d-9110-81f5c296679b-total-34": "total",
    "d4de0e22-c401-432d-9110-81f5c296679b-contribution-32": "contribution",
    "d4de0e22-c401-432d-9110-81f5c296679b-delphinids-25": "delphinids",
    "NE-PERCENT-82%": "82 %",
    "d4de0e22-c401-432d-9110-81f5c296679b-highest-31": "highest",
    "d4de0e22-c401-432d-9110-81f5c296679b-TEQ-35": "TEQ",
    "d4de0e22-c401-432d-9110-81f5c296679b-correlations-7": "correlations",
    "d4de0e22-c401-432d-9110-81f5c296679b-length-12": "length",
    "d4de0e22-c401-432d-9110-81f5c296679b-total-11": "total",
    "d4de0e22-c401-432d-9110-81f5c296679b-negative-6": "negative",
    "d4de0e22-c401-432d-9110-81f5c296679b-found-9": "found",
    "d4de0e22-c401-432d-9110-81f5c296679b-franciscana-2-dolphins-3": "franciscana dolphins",
    "d4de0e22-c401-432d-9110-81f5c296679b-Regarding-1": "Regarding",
    "d4de0e22-c401-432d-9110-81f5c296679b-significant-5": "significant",
    "d4de0e22-c401-432d-9110-81f5c296679b-efficiency-3": "efficiency",
    "d4de0e22-c401-432d-9110-81f5c296679b-may-14-plausible-17-explanation-18": "may plausible explanation",
    "d4de0e22-c401-432d-9110-81f5c296679b-increasing-2": "increasing",
    "d4de0e22-c401-432d-9110-81f5c296679b-findings-21": "findings",
    "d4de0e22-c401-432d-9110-81f5c296679b-activity-7": "activity",
    "d4de0e22-c401-432d-9110-81f5c296679b-detoxifying-6": "detoxifying",
    "d4de0e22-c401-432d-9110-81f5c296679b-growth-10-of-11-animal-13": "growth of animal",
    "d4de0e22-c401-432d-9110-81f5c296679b-hypothesis-2": "hypothesis",
    "d4de0e22-c401-432d-9110-81f5c296679b-correlation-9": "correlation",
    "d4de0e22-c401-432d-9110-81f5c296679b-found-10": "found",
    "d4de0e22-c401-432d-9110-81f5c296679b-TL-12": "TL",
    "d4de0e22-c401-432d-9110-81f5c296679b-significant-7": "significant",
    "d4de0e22-c401-432d-9110-81f5c296679b-negative-8": "negative",
    "d4de0e22-c401-432d-9110-81f5c296679b-concentrations-2": "concentrations",
    "d4de0e22-c401-432d-9110-81f5c296679b-36-11": "36",
    "NE-ORGANIZATION-DRC": "DRC",
    "NE-DATE-3006": "3006",
    "d4de0e22-c401-432d-9110-81f5c296679b-356-23-to-24-30,776-25": "356 to 30,776",
    "d4de0e22-c401-432d-9110-81f5c296679b-franciscana-16-dolphins-17": "franciscana dolphins",
    "d4de0e22-c401-432d-9110-81f5c296679b-delphinids-28": "delphinids",
    "d4de0e22-c401-432d-9110-81f5c296679b-sum-2": "sum",
    "d4de0e22-c401-432d-9110-81f5c296679b-34,662-12-to-13-279,407-14": "34,662 to 279,407",
    "d4de0e22-c401-432d-9110-81f5c296679b-concentrations-21": "concentrations",
    "d4de0e22-c401-432d-9110-81f5c296679b-cetaceans-25": "cetaceans",
    "NE-ORGANIZATION-PCB": "PCB",
    "d4de0e22-c401-432d-9110-81f5c296679b-highest-19": "highest",
    "d4de0e22-c401-432d-9110-81f5c296679b-concentrations-3": "concentrations",
    "d4de0e22-c401-432d-9110-81f5c296679b-our-6-study-7": "our study",
    "d4de0e22-c401-432d-9110-81f5c296679b-high-2": "high"
  },
  "graph": [
    {
      "subject_id": "d4de0e22-c401-432d-9110-81f5c296679b-Samples-1",
      "relation": "were collected in",
      "object_id": "d4de0e22-c401-432d-9110-81f5c296679b-area-17"
    },
    {
      "subject_id": "d4de0e22-c401-432d-9110-81f5c296679b-area-17",
      "relation": "at",
      "object_id": "d4de0e22-c401-432d-9110-81f5c296679b-highly-13"
    },
    {
      "subject_id": "d4de0e22-c401-432d-9110-81f5c296679b-Samples-1",
      "relation": "were",
      "object_id": "d4de0e22-c401-432d-9110-81f5c296679b-collected-3"
    },
    {
      "subject_id": "d4de0e22-c401-432d-9110-81f5c296679b-collected-3",
      "relation": "at",
      "object_id": "d4de0e22-c401-432d-9110-81f5c296679b-area-17"
    },
    {
      "subject_id": "d4de0e22-c401-432d-9110-81f5c296679b-Samples-1",
      "relation": "were collected in",
      "object_id": "d4de0e22-c401-432d-9110-81f5c296679b-Southeast-19-regions-23"
    },
    {
      "subject_id": "d4de0e22-c401-432d-9110-81f5c296679b-Samples-1",
      "relation": "were collected from",
      "object_id": "d4de0e22-c401-432d-9110-81f5c296679b-35-5-cetaceans-6"
    },
    {
      "subject_id": "d4de0e22-c401-432d-9110-81f5c296679b-collected-3",
      "relation": "at",
      "object_id": "d4de0e22-c401-432d-9110-81f5c296679b-35-5-cetaceans-6"
    },
    {
      "subject_id": "d4de0e22-c401-432d-9110-81f5c296679b-area-17",
      "relation": "is",
      "object_id": "d4de0e22-c401-432d-9110-81f5c296679b-industrialized-14"
    },
    {
      "subject_id": "d4de0e22-c401-432d-9110-81f5c296679b-PCBs-4",
      "relation": "accounted for",
      "object_id": "d4de0e22-c401-432d-9110-81f5c296679b-cetaceans-16"
    },
    {
      "subject_id": "d4de0e22-c401-432d-9110-81f5c296679b-coplanar-2-PCBs-3",
      "relation": "constituted",
      "object_id": "d4de0e22-c401-432d-9110-81f5c296679b-groups-29"
    },
    {
      "subject_id": "d4de0e22-c401-432d-9110-81f5c296679b-coplanar-2-PCBs-3",
      "relation": "is",
      "object_id": "d4de0e22-c401-432d-9110-81f5c296679b-Non-ortho-1"
    },
    {
      "subject_id": "d4de0e22-c401-432d-9110-81f5c296679b-groups-29",
      "relation": "is",
      "object_id": "d4de0e22-c401-432d-9110-81f5c296679b-total-34"
    },
    {
      "subject_id": "d4de0e22-c401-432d-9110-81f5c296679b-groups-29",
      "relation": "of",
      "object_id": "d4de0e22-c401-432d-9110-81f5c296679b-contribution-32"
    },
    {
      "subject_id": "d4de0e22-c401-432d-9110-81f5c296679b-delphinids-25",
      "relation": "for franciscanas is",
      "object_id": "NE-PERCENT-82%"
    },
    {
      "subject_id": "d4de0e22-c401-432d-9110-81f5c296679b-groups-29",
      "relation": "is",
      "object_id": "d4de0e22-c401-432d-9110-81f5c296679b-highest-31"
    },
    {
      "subject_id": "d4de0e22-c401-432d-9110-81f5c296679b-groups-29",
      "relation": "of",
      "object_id": "d4de0e22-c401-432d-9110-81f5c296679b-TEQ-35"
    },
    {
      "subject_id": "d4de0e22-c401-432d-9110-81f5c296679b-correlations-7",
      "relation": "were found between",
      "object_id": "d4de0e22-c401-432d-9110-81f5c296679b-length-12"
    },
    {
      "subject_id": "d4de0e22-c401-432d-9110-81f5c296679b-length-12",
      "relation": "is",
      "object_id": "d4de0e22-c401-432d-9110-81f5c296679b-total-11"
    },
    {
      "subject_id": "d4de0e22-c401-432d-9110-81f5c296679b-correlations-7",
      "relation": "is",
      "object_id": "d4de0e22-c401-432d-9110-81f5c296679b-negative-6"
    },
    {
      "subject_id": "d4de0e22-c401-432d-9110-81f5c296679b-correlations-7",
      "relation": "were",
      "object_id": "d4de0e22-c401-432d-9110-81f5c296679b-found-9"
    },
    {
      "subject_id": "d4de0e22-c401-432d-9110-81f5c296679b-found-9",
      "relation": "at",
      "object_id": "d4de0e22-c401-432d-9110-81f5c296679b-length-12"
    },
    {
      "subject_id": "d4de0e22-c401-432d-9110-81f5c296679b-found-9",
      "relation": "of",
      "object_id": "d4de0e22-c401-432d-9110-81f5c296679b-franciscana-2-dolphins-3"
    },
    {
      "subject_id": "d4de0e22-c401-432d-9110-81f5c296679b-found-9",
      "relation": "case",
      "object_id": "d4de0e22-c401-432d-9110-81f5c296679b-Regarding-1"
    },
    {
      "subject_id": "d4de0e22-c401-432d-9110-81f5c296679b-correlations-7",
      "relation": "is",
      "object_id": "d4de0e22-c401-432d-9110-81f5c296679b-significant-5"
    },
    {
      "subject_id": "d4de0e22-c401-432d-9110-81f5c296679b-correlations-7",
      "relation": "were found Regarding",
      "object_id": "d4de0e22-c401-432d-9110-81f5c296679b-franciscana-2-dolphins-3"
    },
    {
      "subject_id": "d4de0e22-c401-432d-9110-81f5c296679b-efficiency-3",
      "relation": "may",
      "object_id": "d4de0e22-c401-432d-9110-81f5c296679b-may-14-plausible-17-explanation-18"
    },
    {
      "subject_id": "d4de0e22-c401-432d-9110-81f5c296679b-efficiency-3",
      "relation": "is",
      "object_id": "d4de0e22-c401-432d-9110-81f5c296679b-increasing-2"
    },
    {
      "subject_id": "d4de0e22-c401-432d-9110-81f5c296679b-may-14-plausible-17-explanation-18",
      "relation": "of",
      "object_id": "d4de0e22-c401-432d-9110-81f5c296679b-findings-21"
    },
    {
      "subject_id": "d4de0e22-c401-432d-9110-81f5c296679b-activity-7",
      "relation": "increasing efficiency of be",
      "object_id": "d4de0e22-c401-432d-9110-81f5c296679b-may-14-plausible-17-explanation-18"
    },
    {
      "subject_id": "d4de0e22-c401-432d-9110-81f5c296679b-activity-7",
      "relation": "is",
      "object_id": "d4de0e22-c401-432d-9110-81f5c296679b-detoxifying-6"
    },
    {
      "subject_id": "d4de0e22-c401-432d-9110-81f5c296679b-activity-7",
      "relation": "efficiency of be",
      "object_id": "d4de0e22-c401-432d-9110-81f5c296679b-may-14-plausible-17-explanation-18"
    },
    {
      "subject_id": "d4de0e22-c401-432d-9110-81f5c296679b-activity-7",
      "relation": "is with",
      "object_id": "d4de0e22-c401-432d-9110-81f5c296679b-growth-10-of-11-animal-13"
    },
    {
      "subject_id": "d4de0e22-c401-432d-9110-81f5c296679b-hypothesis-2",
      "relation": "is reinforced by",
      "object_id": "d4de0e22-c401-432d-9110-81f5c296679b-correlation-9"
    },
    {
      "subject_id": "d4de0e22-c401-432d-9110-81f5c296679b-correlation-9",
      "relation": "is",
      "object_id": "d4de0e22-c401-432d-9110-81f5c296679b-found-10"
    },
    {
      "subject_id": "d4de0e22-c401-432d-9110-81f5c296679b-correlation-9",
      "relation": "at",
      "object_id": "d4de0e22-c401-432d-9110-81f5c296679b-TL-12"
    },
    {
      "subject_id": "d4de0e22-c401-432d-9110-81f5c296679b-correlation-9",
      "relation": "is",
      "object_id": "d4de0e22-c401-432d-9110-81f5c296679b-significant-7"
    },
    {
      "subject_id": "d4de0e22-c401-432d-9110-81f5c296679b-correlation-9",
      "relation": "is",
      "object_id": "d4de0e22-c401-432d-9110-81f5c296679b-negative-8"
    },
    {
      "subject_id": "d4de0e22-c401-432d-9110-81f5c296679b-concentrations-2",
      "relation": "varied from",
      "object_id": "d4de0e22-c401-432d-9110-81f5c296679b-36-11"
    },
    {
      "subject_id": "d4de0e22-c401-432d-9110-81f5c296679b-concentrations-2",
      "relation": "of",
      "object_id": "NE-ORGANIZATION-DRC"
    },
    {
      "subject_id": "d4de0e22-c401-432d-9110-81f5c296679b-36-11",
      "relation": "at",
      "object_id": "NE-DATE-3006"
    },
    {
      "subject_id": "d4de0e22-c401-432d-9110-81f5c296679b-concentrations-2",
      "relation": "varied from",
      "object_id": "d4de0e22-c401-432d-9110-81f5c296679b-356-23-to-24-30,776-25"
    },
    {
      "subject_id": "d4de0e22-c401-432d-9110-81f5c296679b-concentrations-2",
      "relation": "varied for",
      "object_id": "d4de0e22-c401-432d-9110-81f5c296679b-franciscana-16-dolphins-17"
    },
    {
      "subject_id": "d4de0e22-c401-432d-9110-81f5c296679b-franciscana-16-dolphins-17",
      "relation": "of",
      "object_id": "d4de0e22-c401-432d-9110-81f5c296679b-delphinids-28"
    },
    {
      "subject_id": "d4de0e22-c401-432d-9110-81f5c296679b-sum-2",
      "relation": "varied from",
      "object_id": "d4de0e22-c401-432d-9110-81f5c296679b-34,662-12-to-13-279,407-14"
    },
    {
      "subject_id": "d4de0e22-c401-432d-9110-81f5c296679b-concentrations-21",
      "relation": "ever reported for",
      "object_id": "d4de0e22-c401-432d-9110-81f5c296679b-cetaceans-25"
    },
    {
      "subject_id": "d4de0e22-c401-432d-9110-81f5c296679b-concentrations-21",
      "relation": "of",
      "object_id": "NE-ORGANIZATION-PCB"
    },
    {
      "subject_id": "d4de0e22-c401-432d-9110-81f5c296679b-concentrations-21",
      "relation": "reported for",
      "object_id": "d4de0e22-c401-432d-9110-81f5c296679b-cetaceans-25"
    },
    {
      "subject_id": "d4de0e22-c401-432d-9110-81f5c296679b-concentrations-21",
      "relation": "is",
      "object_id": "d4de0e22-c401-432d-9110-81f5c296679b-highest-19"
    },
    {
      "subject_id": "d4de0e22-c401-432d-9110-81f5c296679b-concentrations-3",
      "relation": "found in",
      "object_id": "d4de0e22-c401-432d-9110-81f5c296679b-our-6-study-7"
    },
    {
      "subject_id": "d4de0e22-c401-432d-9110-81f5c296679b-concentrations-3",
      "relation": "is",
      "object_id": "d4de0e22-c401-432d-9110-81f5c296679b-high-2"
    }
  ],
  "links": {
    "d4de0e22-c401-432d-9110-81f5c296679b-Samples-1": [],
    "d4de0e22-c401-432d-9110-81f5c296679b-area-17": [],
    "d4de0e22-c401-432d-9110-81f5c296679b-highly-13": [],
    "d4de0e22-c401-432d-9110-81f5c296679b-collected-3": [],
    "d4de0e22-c401-432d-9110-81f5c296679b-Southeast-19-regions-23": [],
    "d4de0e22-c401-432d-9110-81f5c296679b-35-5-cetaceans-6": [],
    "d4de0e22-c401-432d-9110-81f5c296679b-industrialized-14": [],
    "d4de0e22-c401-432d-9110-81f5c296679b-PCBs-4": [],
    "d4de0e22-c401-432d-9110-81f5c296679b-cetaceans-16": [
      "d4de0e22-c401-432d-9110-81f5c296679b-cetaceans-25"
    ],
    "d4de0e22-c401-432d-9110-81f5c296679b-coplanar-2-PCBs-3": [],
    "d4de0e22-c401-432d-9110-81f5c296679b-groups-29": [],
    "d4de0e22-c401-432d-9110-81f5c296679b-Non-ortho-1": [],
    "d4de0e22-c401-432d-9110-81f5c296679b-total-34": [],
    "d4de0e22-c401-432d-9110-81f5c296679b-contribution-32": [],
    "d4de0e22-c401-432d-9110-81f5c296679b-delphinids-25": [],
    "NE-PERCENT-82%": [],
    "d4de0e22-c401-432d-9110-81f5c296679b-highest-31": [],
    "d4de0e22-c401-432d-9110-81f5c296679b-TEQ-35": [],
    "d4de0e22-c401-432d-9110-81f5c296679b-correlations-7": [],
    "d4de0e22-c401-432d-9110-81f5c296679b-length-12": [],
    "d4de0e22-c401-432d-9110-81f5c296679b-total-11": [],
    "d4de0e22-c401-432d-9110-81f5c296679b-negative-6": [
      "d4de0e22-c401-432d-9110-81f5c296679b-negative-8"
    ],
    "d4de0e22-c401-432d-9110-81f5c296679b-found-9": [],
    "d4de0e22-c401-432d-9110-81f5c296679b-franciscana-2-dolphins-3": [
      "d4de0e22-c401-432d-9110-81f5c296679b-franciscana-16-dolphins-17"
    ],
    "d4de0e22-c401-432d-9110-81f5c296679b-Regarding-1": [],
    "d4de0e22-c401-432d-9110-81f5c296679b-significant-5": [
      "d4de0e22-c401-432d-9110-81f5c296679b-significant-7"
    ],
    "d4de0e22-c401-432d-9110-81f5c296679b-efficiency-3": [],
    "d4de0e22-c401-432d-9110-81f5c296679b-may-14-plausible-17-explanation-18": [],
    "d4de0e22-c401-432d-9110-81f5c296679b-increasing-2": [],
    "d4de0e22-c401-432d-9110-81f5c296679b-findings-21": [],
    "d4de0e22-c401-432d-9110-81f5c296679b-activity-7": [],
    "d4de0e22-c401-432d-9110-81f5c296679b-detoxifying-6": [],
    "d4de0e22-c401-432d-9110-81f5c296679b-growth-10-of-11-animal-13": [],
    "d4de0e22-c401-432d-9110-81f5c296679b-hypothesis-2": [],
    "d4de0e22-c401-432d-9110-81f5c296679b-correlation-9": [],
    "d4de0e22-c401-432d-9110-81f5c296679b-found-10": [],
    "d4de0e22-c401-432d-9110-81f5c296679b-TL-12": [],
    "d4de0e22-c401-432d-9110-81f5c296679b-significant-7": [
      "d4de0e22-c401-432d-9110-81f5c296679b-significant-5"
    ],
    "d4de0e22-c401-432d-9110-81f5c296679b-negative-8": [
      "d4de0e22-c401-432d-9110-81f5c296679b-negative-6"
    ],
    "d4de0e22-c401-432d-9110-81f5c296679b-concentrations-2": [],
    "d4de0e22-c401-432d-9110-81f5c296679b-36-11": [],
    "NE-ORGANIZATION-DRC": [],
    "NE-DATE-3006": [],
    "d4de0e22-c401-432d-9110-81f5c296679b-356-23-to-24-30,776-25": [],
    "d4de0e22-c401-432d-9110-81f5c296679b-franciscana-16-dolphins-17": [
      "d4de0e22-c401-432d-9110-81f5c296679b-franciscana-2-dolphins-3"
    ],
    "d4de0e22-c401-432d-9110-81f5c296679b-delphinids-28": [],
    "d4de0e22-c401-432d-9110-81f5c296679b-sum-2": [],
    "d4de0e22-c401-432d-9110-81f5c296679b-34,662-12-to-13-279,407-14": [],
    "d4de0e22-c401-432d-9110-81f5c296679b-concentrations-21": [
      "d4de0e22-c401-432d-9110-81f5c296679b-concentrations-3"
    ],
    "d4de0e22-c401-432d-9110-81f5c296679b-cetaceans-25": [
      "d4de0e22-c401-432d-9110-81f5c296679b-cetaceans-16"
    ],
    "NE-ORGANIZATION-PCB": [],
    "d4de0e22-c401-432d-9110-81f5c296679b-highest-19": [],
    "d4de0e22-c401-432d-9110-81f5c296679b-concentrations-3": [
      "d4de0e22-c401-432d-9110-81f5c296679b-concentrations-21"
    ],
    "d4de0e22-c401-432d-9110-81f5c296679b-our-6-study-7": [],
    "d4de0e22-c401-432d-9110-81f5c296679b-high-2": []
  }
}