{
  "document": "D:/Projetos/PIRA_KG/documents/onu_26244445255.txt",
  "entities": {
    "NE-ORGANIZATION-Sevan-Marine": "Sevan Marine",
    "56ff964f-2871-425b-84b1-fb6ad329d9e9-contract-6": "contract",
    "56ff964f-2871-425b-84b1-fb6ad329d9e9-operation-17": "operation",
    "56ff964f-2871-425b-84b1-fb6ad329d9e9-unit-9": "unit",
    "56ff964f-2871-425b-84b1-fb6ad329d9e9-Stabilized-23": "Stabilized",
    "NE-ORGANIZATION-John-Wood-Group-plc": "John Wood Group plc",
    "56ff964f-2871-425b-84b1-fb6ad329d9e9-Sevan-22-Platform-24": "Sevan Platform",
    "NE-ORGANIZATION-FPSO": "FPSO",
    "56ff964f-2871-425b-84b1-fb6ad329d9e9-will-3-operated-5": "will operated",
    "56ff964f-2871-425b-84b1-fb6ad329d9e9-northeastern-13": "northeastern",
    "56ff964f-2871-425b-84b1-fb6ad329d9e9-oil-10-field-11": "oil field",
    "NE-ORGANIZATION-Petrobras": "Petrobras",
    "NE-LOCATION-Piranema": "Piranema",
    "NE-COUNTRY-Brazil": "Brazil",
    "56ff964f-2871-425b-84b1-fb6ad329d9e9-vessel-2": "vessel",
    "56ff964f-2871-425b-84b1-fb6ad329d9e9-will-3-implementation-7": "will implementation",
    "56ff964f-2871-425b-84b1-fb6ad329d9e9-SSP-13-cylindrical-14-monohull-15-design-16": "SSP cylindrical monohull design",
    "NE-ORDINAL-first": "first",
    "56ff964f-2871-425b-84b1-fb6ad329d9e9-SSP-13-monohull-15-design-16": "SSP monohull design",
    "56ff964f-2871-425b-84b1-fb6ad329d9e9-worldwide-8": "worldwide",
    "56ff964f-2871-425b-84b1-fb6ad329d9e9-gas-14-injection-15-plant-16": "gas injection plant",
    "56ff964f-2871-425b-84b1-fb6ad329d9e9-3.6-18-million-19-cu-20-m-21": "3.6 million cu m",
    "NE-DURATION-day": "day",
    "56ff964f-2871-425b-84b1-fb6ad329d9e9-compression-25-capacity-26": "compression capacity",
    "NE-PERSON-Piranema": "Piranema",
    "56ff964f-2871-425b-84b1-fb6ad329d9e9-design-3": "design",
    "56ff964f-2871-425b-84b1-fb6ad329d9e9-30,000-5-bpd-6": "30,000 bpd",
    "56ff964f-2871-425b-84b1-fb6ad329d9e9-oil-8-process-9-plant-10-capacity-11": "oil process plant capacity",
    "56ff964f-2871-425b-84b1-fb6ad329d9e9-many-6-as-7-21-8-risers-9": "many as 21 risers"
  },
  "graph": [
    {
      "subject_id": "NE-ORGANIZATION-Sevan-Marine",
      "relation": "has let",
      "object_id": "56ff964f-2871-425b-84b1-fb6ad329d9e9-contract-6"
    },
    {
      "subject_id": "56ff964f-2871-425b-84b1-fb6ad329d9e9-contract-6",
      "relation": "of",
      "object_id": "56ff964f-2871-425b-84b1-fb6ad329d9e9-operation-17"
    },
    {
      "subject_id": "56ff964f-2871-425b-84b1-fb6ad329d9e9-contract-6",
      "relation": "of",
      "object_id": "56ff964f-2871-425b-84b1-fb6ad329d9e9-unit-9"
    },
    {
      "subject_id": "56ff964f-2871-425b-84b1-fb6ad329d9e9-contract-6",
      "relation": "is",
      "object_id": "56ff964f-2871-425b-84b1-fb6ad329d9e9-Stabilized-23"
    },
    {
      "subject_id": "56ff964f-2871-425b-84b1-fb6ad329d9e9-contract-6",
      "relation": "of",
      "object_id": "NE-ORGANIZATION-John-Wood-Group-plc"
    },
    {
      "subject_id": "56ff964f-2871-425b-84b1-fb6ad329d9e9-contract-6",
      "relation": "of",
      "object_id": "56ff964f-2871-425b-84b1-fb6ad329d9e9-Sevan-22-Platform-24"
    },
    {
      "subject_id": "NE-ORGANIZATION-FPSO",
      "relation": "will",
      "object_id": "56ff964f-2871-425b-84b1-fb6ad329d9e9-will-3-operated-5"
    },
    {
      "subject_id": "56ff964f-2871-425b-84b1-fb6ad329d9e9-will-3-operated-5",
      "relation": "is",
      "object_id": "56ff964f-2871-425b-84b1-fb6ad329d9e9-northeastern-13"
    },
    {
      "subject_id": "56ff964f-2871-425b-84b1-fb6ad329d9e9-will-3-operated-5",
      "relation": "of",
      "object_id": "56ff964f-2871-425b-84b1-fb6ad329d9e9-oil-10-field-11"
    },
    {
      "subject_id": "NE-ORGANIZATION-Petrobras",
      "relation": "is in",
      "object_id": "56ff964f-2871-425b-84b1-fb6ad329d9e9-oil-10-field-11"
    },
    {
      "subject_id": "56ff964f-2871-425b-84b1-fb6ad329d9e9-oil-10-field-11",
      "relation": "of",
      "object_id": "NE-LOCATION-Piranema"
    },
    {
      "subject_id": "56ff964f-2871-425b-84b1-fb6ad329d9e9-will-3-operated-5",
      "relation": "at",
      "object_id": "NE-COUNTRY-Brazil"
    },
    {
      "subject_id": "56ff964f-2871-425b-84b1-fb6ad329d9e9-will-3-operated-5",
      "relation": "at",
      "object_id": "NE-ORGANIZATION-Petrobras"
    },
    {
      "subject_id": "56ff964f-2871-425b-84b1-fb6ad329d9e9-vessel-2",
      "relation": "will",
      "object_id": "56ff964f-2871-425b-84b1-fb6ad329d9e9-will-3-implementation-7"
    },
    {
      "subject_id": "NE-ORGANIZATION-Sevan-Marine",
      "relation": "of",
      "object_id": "56ff964f-2871-425b-84b1-fb6ad329d9e9-SSP-13-cylindrical-14-monohull-15-design-16"
    },
    {
      "subject_id": "56ff964f-2871-425b-84b1-fb6ad329d9e9-will-3-implementation-7",
      "relation": "is",
      "object_id": "NE-ORDINAL-first"
    },
    {
      "subject_id": "NE-ORGANIZATION-Sevan-Marine",
      "relation": "has",
      "object_id": "56ff964f-2871-425b-84b1-fb6ad329d9e9-will-3-implementation-7"
    },
    {
      "subject_id": "56ff964f-2871-425b-84b1-fb6ad329d9e9-will-3-implementation-7",
      "relation": "of",
      "object_id": "56ff964f-2871-425b-84b1-fb6ad329d9e9-SSP-13-monohull-15-design-16"
    },
    {
      "subject_id": "56ff964f-2871-425b-84b1-fb6ad329d9e9-will-3-implementation-7",
      "relation": "at",
      "object_id": "56ff964f-2871-425b-84b1-fb6ad329d9e9-worldwide-8"
    },
    {
      "subject_id": "56ff964f-2871-425b-84b1-fb6ad329d9e9-will-3-implementation-7",
      "relation": "of",
      "object_id": "56ff964f-2871-425b-84b1-fb6ad329d9e9-SSP-13-cylindrical-14-monohull-15-design-16"
    },
    {
      "subject_id": "56ff964f-2871-425b-84b1-fb6ad329d9e9-gas-14-injection-15-plant-16",
      "relation": "is with",
      "object_id": "56ff964f-2871-425b-84b1-fb6ad329d9e9-3.6-18-million-19-cu-20-m-21"
    },
    {
      "subject_id": "56ff964f-2871-425b-84b1-fb6ad329d9e9-3.6-18-million-19-cu-20-m-21",
      "relation": "of",
      "object_id": "NE-DURATION-day"
    },
    {
      "subject_id": "56ff964f-2871-425b-84b1-fb6ad329d9e9-3.6-18-million-19-cu-20-m-21",
      "relation": "of",
      "object_id": "56ff964f-2871-425b-84b1-fb6ad329d9e9-compression-25-capacity-26"
    },
    {
      "subject_id": "NE-PERSON-Piranema",
      "relation": "has",
      "object_id": "56ff964f-2871-425b-84b1-fb6ad329d9e9-design-3"
    },
    {
      "subject_id": "56ff964f-2871-425b-84b1-fb6ad329d9e9-design-3",
      "relation": "includes",
      "object_id": "56ff964f-2871-425b-84b1-fb6ad329d9e9-30,000-5-bpd-6"
    },
    {
      "subject_id": "56ff964f-2871-425b-84b1-fb6ad329d9e9-30,000-5-bpd-6",
      "relation": "of",
      "object_id": "56ff964f-2871-425b-84b1-fb6ad329d9e9-oil-8-process-9-plant-10-capacity-11"
    },
    {
      "subject_id": "56ff964f-2871-425b-84b1-fb6ad329d9e9-oil-8-process-9-plant-10-capacity-11",
      "relation": "plant with",
      "object_id": "56ff964f-2871-425b-84b1-fb6ad329d9e9-3.6-18-million-19-cu-20-m-21"
    },
    {
      "subject_id": "NE-PERSON-Piranema",
      "relation": "also can accommodate",
      "object_id": "56ff964f-2871-425b-84b1-fb6ad329d9e9-many-6-as-7-21-8-risers-9"
    },
    {
      "subject_id": "NE-PERSON-Piranema",
      "relation": "can accommodate",
      "object_id": "56ff964f-2871-425b-84b1-fb6ad329d9e9-many-6-as-7-21-8-risers-9"
    }
  ],
  "links": {
    "NE-ORGANIZATION-Sevan-Marine": [],
    "56ff964f-2871-425b-84b1-fb6ad329d9e9-contract-6": [],
    "56ff964f-2871-425b-84b1-fb6ad329d9e9-operation-17": [],
    "56ff964f-2871-425b-84b1-fb6ad329d9e9-unit-9": [],
    "56ff964f-2871-425b-84b1-fb6ad329d9e9-Stabilized-23": [],
    "NE-ORGANIZATION-John-Wood-Group-plc": [],
    "56ff964f-2871-425b-84b1-fb6ad329d9e9-Sevan-22-Platform-24": [],
    "NE-ORGANIZATION-FPSO": [],
    "56ff964f-2871-425b-84b1-fb6ad329d9e9-will-3-operated-5": [],
    "56ff964f-2871-425b-84b1-fb6ad329d9e9-northeastern-13": [],
    "56ff964f-2871-425b-84b1-fb6ad329d9e9-oil-10-field-11": [],
    "NE-ORGANIZATION-Petrobras": [],
    "NE-LOCATION-Piranema": [],
    "NE-COUNTRY-Brazil": [],
    "56ff964f-2871-425b-84b1-fb6ad329d9e9-vessel-2": [],
    "56ff964f-2871-425b-84b1-fb6ad329d9e9-will-3-implementation-7": [],
    "56ff964f-2871-425b-84b1-fb6ad329d9e9-SSP-13-cylindrical-14-monohull-15-design-16": [
      "56ff964f-2871-425b-84b1-fb6ad329d9e9-SSP-13-monohull-15-design-16"
    ],
    "NE-ORDINAL-first": [],
    "56ff964f-2871-425b-84b1-fb6ad329d9e9-SSP-13-monohull-15-design-16": [
      "56ff964f-2871-425b-84b1-fb6ad329d9e9-SSP-13-cylindrical-14-monohull-15-design-16"
    ],
    "56ff964f-2871-425b-84b1-fb6ad329d9e9-worldwide-8": [],
    "56ff964f-2871-425b-84b1-fb6ad329d9e9-gas-14-injection-15-plant-16": [],
    "56ff964f-2871-425b-84b1-fb6ad329d9e9-3.6-18-million-19-cu-20-m-21": [],
    "NE-DURATION-day": [],
    "56ff964f-2871-425b-84b1-fb6ad329d9e9-compression-25-capacity-26": [],
    "NE-PERSON-Piranema": [],
    "56ff964f-2871-425b-84b1-fb6ad329d9e9-design-3": [],
    "56ff964f-2871-425b-84b1-fb6ad329d9e9-30,000-5-bpd-6": [],
    "56ff964f-2871-425b-84b1-fb6ad329d9e9-oil-8-process-9-plant-10-capacity-11": [],
    "56ff964f-2871-425b-84b1-fb6ad329d9e9-many-6-as-7-21-8-risers-9": []
  }
}