{
  "document": "D:/Projetos/PIRA_KG/documents/onu_77956543361.txt",
  "entities": {
    "NE-ORGANIZATION-Petrobras": "Petrobras",
    "c4702ddf-05e9-4145-8bd7-0d8312bab9e6-potential-5": "potential",
    "c4702ddf-05e9-4145-8bd7-0d8312bab9e6-Santos-8-basin-9-presalt-10-reservoirs-11": "Santos basin presalt reservoirs",
    "c4702ddf-05e9-4145-8bd7-0d8312bab9e6-integrated-2-ultrafast-3-track-5-projects-6": "integrated ultrafast track projects",
    "c4702ddf-05e9-4145-8bd7-0d8312bab9e6-production-11": "production",
    "c4702ddf-05e9-4145-8bd7-0d8312bab9e6-presalt-15": "presalt",
    "c4702ddf-05e9-4145-8bd7-0d8312bab9e6-Three-1": "Three",
    "c4702ddf-05e9-4145-8bd7-0d8312bab9e6-giant-14": "giant",
    "c4702ddf-05e9-4145-8bd7-0d8312bab9e6-planned-8": "planned",
    "c4702ddf-05e9-4145-8bd7-0d8312bab9e6-area-19": "area",
    "c4702ddf-05e9-4145-8bd7-0d8312bab9e6-reservoirs-16": "reservoirs",
    "c4702ddf-05e9-4145-8bd7-0d8312bab9e6-Tupi-22": "Tupi",
    "c4702ddf-05e9-4145-8bd7-0d8312bab9e6-known-20": "known",
    "c4702ddf-05e9-4145-8bd7-0d8312bab9e6-reservoir-11-data-14": "reservoir data",
    "c4702ddf-05e9-4145-8bd7-0d8312bab9e6-projects-6": "projects",
    "c4702ddf-05e9-4145-8bd7-0d8312bab9e6-three-5": "three",
    "c4702ddf-05e9-4145-8bd7-0d8312bab9e6-design-18-phase-19": "design phase",
    "c4702ddf-05e9-4145-8bd7-0d8312bab9e6-relevant-10": "relevant",
    "c4702ddf-05e9-4145-8bd7-0d8312bab9e6-remaining-22": "remaining",
    "c4702ddf-05e9-4145-8bd7-0d8312bab9e6-full-27": "full",
    "c4702ddf-05e9-4145-8bd7-0d8312bab9e6-field-29-development-30": "field development",
    "c4702ddf-05e9-4145-8bd7-0d8312bab9e6-production-23-units-24": "production units",
    "c4702ddf-05e9-4145-8bd7-0d8312bab9e6-drilling-7-complex-8-wells-9": "drilling complex wells",
    "c4702ddf-05e9-4145-8bd7-0d8312bab9e6-intelligent-13-completions-14": "intelligent completions"
  },
  "graph": [
    {
      "subject_id": "NE-ORGANIZATION-Petrobras",
      "relation": "is assessing",
      "object_id": "c4702ddf-05e9-4145-8bd7-0d8312bab9e6-potential-5"
    },
    {
      "subject_id": "c4702ddf-05e9-4145-8bd7-0d8312bab9e6-potential-5",
      "relation": "of",
      "object_id": "c4702ddf-05e9-4145-8bd7-0d8312bab9e6-Santos-8-basin-9-presalt-10-reservoirs-11"
    },
    {
      "subject_id": "c4702ddf-05e9-4145-8bd7-0d8312bab9e6-integrated-2-ultrafast-3-track-5-projects-6",
      "relation": "start",
      "object_id": "c4702ddf-05e9-4145-8bd7-0d8312bab9e6-production-11"
    },
    {
      "subject_id": "c4702ddf-05e9-4145-8bd7-0d8312bab9e6-production-11",
      "relation": "is",
      "object_id": "c4702ddf-05e9-4145-8bd7-0d8312bab9e6-presalt-15"
    },
    {
      "subject_id": "c4702ddf-05e9-4145-8bd7-0d8312bab9e6-integrated-2-ultrafast-3-track-5-projects-6",
      "relation": "amount to",
      "object_id": "c4702ddf-05e9-4145-8bd7-0d8312bab9e6-Three-1"
    },
    {
      "subject_id": "c4702ddf-05e9-4145-8bd7-0d8312bab9e6-production-11",
      "relation": "is",
      "object_id": "c4702ddf-05e9-4145-8bd7-0d8312bab9e6-giant-14"
    },
    {
      "subject_id": "c4702ddf-05e9-4145-8bd7-0d8312bab9e6-integrated-2-ultrafast-3-track-5-projects-6",
      "relation": "were",
      "object_id": "c4702ddf-05e9-4145-8bd7-0d8312bab9e6-planned-8"
    },
    {
      "subject_id": "c4702ddf-05e9-4145-8bd7-0d8312bab9e6-integrated-2-ultrafast-3-track-5-projects-6",
      "relation": "start production in",
      "object_id": "c4702ddf-05e9-4145-8bd7-0d8312bab9e6-area-19"
    },
    {
      "subject_id": "c4702ddf-05e9-4145-8bd7-0d8312bab9e6-production-11",
      "relation": "of",
      "object_id": "c4702ddf-05e9-4145-8bd7-0d8312bab9e6-reservoirs-16"
    },
    {
      "subject_id": "c4702ddf-05e9-4145-8bd7-0d8312bab9e6-area-19",
      "relation": "known as",
      "object_id": "c4702ddf-05e9-4145-8bd7-0d8312bab9e6-Tupi-22"
    },
    {
      "subject_id": "c4702ddf-05e9-4145-8bd7-0d8312bab9e6-area-19",
      "relation": "at",
      "object_id": "c4702ddf-05e9-4145-8bd7-0d8312bab9e6-production-11"
    },
    {
      "subject_id": "c4702ddf-05e9-4145-8bd7-0d8312bab9e6-area-19",
      "relation": "is",
      "object_id": "c4702ddf-05e9-4145-8bd7-0d8312bab9e6-known-20"
    },
    {
      "subject_id": "c4702ddf-05e9-4145-8bd7-0d8312bab9e6-area-19",
      "relation": "at",
      "object_id": "c4702ddf-05e9-4145-8bd7-0d8312bab9e6-Tupi-22"
    },
    {
      "subject_id": "c4702ddf-05e9-4145-8bd7-0d8312bab9e6-reservoir-11-data-14",
      "relation": "objective of",
      "object_id": "c4702ddf-05e9-4145-8bd7-0d8312bab9e6-projects-6"
    },
    {
      "subject_id": "c4702ddf-05e9-4145-8bd7-0d8312bab9e6-projects-6",
      "relation": "amount to",
      "object_id": "c4702ddf-05e9-4145-8bd7-0d8312bab9e6-three-5"
    },
    {
      "subject_id": "c4702ddf-05e9-4145-8bd7-0d8312bab9e6-reservoir-11-data-14",
      "relation": "support",
      "object_id": "c4702ddf-05e9-4145-8bd7-0d8312bab9e6-design-18-phase-19"
    },
    {
      "subject_id": "c4702ddf-05e9-4145-8bd7-0d8312bab9e6-reservoir-11-data-14",
      "relation": "is",
      "object_id": "c4702ddf-05e9-4145-8bd7-0d8312bab9e6-relevant-10"
    },
    {
      "subject_id": "c4702ddf-05e9-4145-8bd7-0d8312bab9e6-design-18-phase-19",
      "relation": "is",
      "object_id": "c4702ddf-05e9-4145-8bd7-0d8312bab9e6-remaining-22"
    },
    {
      "subject_id": "c4702ddf-05e9-4145-8bd7-0d8312bab9e6-design-18-phase-19",
      "relation": "is",
      "object_id": "c4702ddf-05e9-4145-8bd7-0d8312bab9e6-full-27"
    },
    {
      "subject_id": "c4702ddf-05e9-4145-8bd7-0d8312bab9e6-design-18-phase-19",
      "relation": "of",
      "object_id": "c4702ddf-05e9-4145-8bd7-0d8312bab9e6-field-29-development-30"
    },
    {
      "subject_id": "c4702ddf-05e9-4145-8bd7-0d8312bab9e6-design-18-phase-19",
      "relation": "of",
      "object_id": "c4702ddf-05e9-4145-8bd7-0d8312bab9e6-production-23-units-24"
    },
    {
      "subject_id": "c4702ddf-05e9-4145-8bd7-0d8312bab9e6-drilling-7-complex-8-wells-9",
      "relation": "use of",
      "object_id": "c4702ddf-05e9-4145-8bd7-0d8312bab9e6-intelligent-13-completions-14"
    }
  ],
  "links": {
    "NE-ORGANIZATION-Petrobras": [],
    "c4702ddf-05e9-4145-8bd7-0d8312bab9e6-potential-5": [],
    "c4702ddf-05e9-4145-8bd7-0d8312bab9e6-Santos-8-basin-9-presalt-10-reservoirs-11": [],
    "c4702ddf-05e9-4145-8bd7-0d8312bab9e6-integrated-2-ultrafast-3-track-5-projects-6": [],
    "c4702ddf-05e9-4145-8bd7-0d8312bab9e6-production-11": [],
    "c4702ddf-05e9-4145-8bd7-0d8312bab9e6-presalt-15": [],
    "c4702ddf-05e9-4145-8bd7-0d8312bab9e6-Three-1": [
      "c4702ddf-05e9-4145-8bd7-0d8312bab9e6-three-5"
    ],
    "c4702ddf-05e9-4145-8bd7-0d8312bab9e6-giant-14": [],
    "c4702ddf-05e9-4145-8bd7-0d8312bab9e6-planned-8": [],
    "c4702ddf-05e9-4145-8bd7-0d8312bab9e6-area-19": [],
    "c4702ddf-05e9-4145-8bd7-0d8312bab9e6-reservoirs-16": [],
    "c4702ddf-05e9-4145-8bd7-0d8312bab9e6-Tupi-22": [],
    "c4702ddf-05e9-4145-8bd7-0d8312bab9e6-known-20": [],
    "c4702ddf-05e9-4145-8bd7-0d8312bab9e6-reservoir-11-data-14": [],
    "c4702ddf-05e9-4145-8bd7-0d8312bab9e6-projects-6": [],
    "c4702ddf-05e9-4145-8bd7-0d8312bab9e6-three-5": [
      "c4702ddf-05e9-4145-8bd7-0d8312bab9e6-Three-1"
    ],
    "c4702ddf-05e9-4145-8bd7-0d8312bab9e6-design-18-phase-19": [],
    "c4702ddf-05e9-4145-8bd7-0d8312bab9e6-relevant-10": [],
    "c4702ddf-05e9-4145-8bd7-0d8312bab9e6-remaining-22": [],
    "c4702ddf-05e9-4145-8bd7-0d8312bab9e6-full-27": [],
    "c4702ddf-05e9-4145-8bd7-0d8312bab9e6-field-29-development-30": [],
    "c4702ddf-05e9-4145-8bd7-0d8312bab9e6-production-23-units-24": [],
    "c4702ddf-05e9-4145-8bd7-0d8312bab9e6-drilling-7-complex-8-wells-9": [],
    "c4702ddf-05e9-4145-8bd7-0d8312bab9e6-intelligent-13-completions-14": []
  }
}