{
  "document": "D:/Projetos/PIRA_KG/documents/onu_85074489503.txt",
  "entities": {
    "NE-LOCATION-Plateau": "Plateau",
    "e9b97ebc-e3cf-4546-849d-66298a1876a5-undersea-8-feature-9": "undersea feature",
    "NE-CITY-Santa-Catarina": "Santa Catarina",
    "e9b97ebc-e3cf-4546-849d-66298a1876a5-Margin-14": "Margin",
    "e9b97ebc-e3cf-4546-849d-66298a1876a5-approximately-16-340,000-17-km2-18": "approximately 340,000 km2",
    "e9b97ebc-e3cf-4546-849d-66298a1876a5-prominent-7": "prominent",
    "NE-NATIONALITY-Brazilian": "Brazilian",
    "e9b97ebc-e3cf-4546-849d-66298a1876a5-morphology-4": "morphology",
    "e9b97ebc-e3cf-4546-849d-66298a1876a5-acquired-14": "acquired",
    "e9b97ebc-e3cf-4546-849d-66298a1876a5-plateau-2": "plateau",
    "e9b97ebc-e3cf-4546-849d-66298a1876a5-basement-6": "basement",
    "NE-ORGANIZATION-Continental-Shelf-Survey-Program": "Continental Shelf Survey Program",
    "e9b97ebc-e3cf-4546-849d-66298a1876a5-data-12": "data",
    "e9b97ebc-e3cf-4546-849d-66298a1876a5-unknown-8": "unknown",
    "e9b97ebc-e3cf-4546-849d-66298a1876a5-new-10": "new",
    "e9b97ebc-e3cf-4546-849d-66298a1876a5-geophysical-11": "geophysical",
    "e9b97ebc-e3cf-4546-849d-66298a1876a5-profile-6": "profile",
    "e9b97ebc-e3cf-4546-849d-66298a1876a5-identification-13": "identification",
    "e9b97ebc-e3cf-4546-849d-66298a1876a5-sub-bottom-5": "sub-bottom",
    "e9b97ebc-e3cf-4546-849d-66298a1876a5-bathymetry-3": "bathymetry",
    "e9b97ebc-e3cf-4546-849d-66298a1876a5-multibeam-2": "multibeam",
    "e9b97ebc-e3cf-4546-849d-66298a1876a5-data-10": "data",
    "e9b97ebc-e3cf-4546-849d-66298a1876a5-mini-airgun-9": "mini-airgun",
    "e9b97ebc-e3cf-4546-849d-66298a1876a5-datase.ts-5": "datase.ts",
    "e9b97ebc-e3cf-4546-849d-66298a1876a5-study-8": "study",
    "e9b97ebc-e3cf-4546-849d-66298a1876a5-Torres-11-High-12": "Torres High",
    "e9b97ebc-e3cf-4546-849d-66298a1876a5-seismic-2": "seismic",
    "e9b97ebc-e3cf-4546-849d-66298a1876a5-models-13": "models",
    "e9b97ebc-e3cf-4546-849d-66298a1876a5-information-20": "information",
    "e9b97ebc-e3cf-4546-849d-66298a1876a5-different-11": "different",
    "e9b97ebc-e3cf-4546-849d-66298a1876a5-seismic-19": "seismic",
    "e9b97ebc-e3cf-4546-849d-66298a1876a5-gravimetric-12": "gravimetric",
    "e9b97ebc-e3cf-4546-849d-66298a1876a5-ultra-deep-18": "ultra-deep",
    "e9b97ebc-e3cf-4546-849d-66298a1876a5-two-25-hypotheses-27": "two hypotheses",
    "e9b97ebc-e3cf-4546-849d-66298a1876a5-Torres-32-High-33": "Torres High",
    "e9b97ebc-e3cf-4546-849d-66298a1876a5-it-6": "it",
    "e9b97ebc-e3cf-4546-849d-66298a1876a5-possible-8": "possible",
    "e9b97ebc-e3cf-4546-849d-66298a1876a5-competing-26": "competing",
    "e9b97ebc-e3cf-4546-849d-66298a1876a5-dataset-4": "dataset",
    "e9b97ebc-e3cf-4546-849d-66298a1876a5-new-3": "new",
    "e9b97ebc-e3cf-4546-849d-66298a1876a5-nature-30": "nature",
    "e9b97ebc-e3cf-4546-849d-66298a1876a5-results-26": "results",
    "e9b97ebc-e3cf-4546-849d-66298a1876a5-seismic-2-and-3-gravimetric-4-datase.ts-5-nature-38": "seismic and gravimetric datase.ts nature",
    "e9b97ebc-e3cf-4546-849d-66298a1876a5-character-6": "character",
    "e9b97ebc-e3cf-4546-849d-66298a1876a5-lines-22": "lines",
    "NE-MISC-Moho": "Moho",
    "e9b97ebc-e3cf-4546-849d-66298a1876a5-oriented-19": "oriented",
    "e9b97ebc-e3cf-4546-849d-66298a1876a5-strike-14---15": "strike -",
    "e9b97ebc-e3cf-4546-849d-66298a1876a5-interpretation-34": "interpretation",
    "e9b97ebc-e3cf-4546-849d-66298a1876a5-ultra-deep-20": "ultra-deep",
    "e9b97ebc-e3cf-4546-849d-66298a1876a5-continental-37": "continental",
    "e9b97ebc-e3cf-4546-849d-66298a1876a5-seismic-21": "seismic",
    "e9b97ebc-e3cf-4546-849d-66298a1876a5-northwest-36-southeast-38-direction-39": "northwest southeast direction",
    "e9b97ebc-e3cf-4546-849d-66298a1876a5-promontory-44": "promontory",
    "e9b97ebc-e3cf-4546-849d-66298a1876a5-Torres-20-High-21": "Torres High",
    "e9b97ebc-e3cf-4546-849d-66298a1876a5-analysis-4": "analysis",
    "e9b97ebc-e3cf-4546-849d-66298a1876a5-feature-26": "feature",
    "e9b97ebc-e3cf-4546-849d-66298a1876a5-basement-7-depth-8": "basement depth",
    "e9b97ebc-e3cf-4546-849d-66298a1876a5-Bouguer-14-gravity-15-map-16": "Bouguer gravity map",
    "e9b97ebc-e3cf-4546-849d-66298a1876a5-continuous-24": "continuous",
    "e9b97ebc-e3cf-4546-849d-66298a1876a5-continent-32": "continent",
    "e9b97ebc-e3cf-4546-849d-66298a1876a5-continental-43": "continental",
    "NE-NATIONALITY-American": "American",
    "NE-MISC-South": "South",
    "e9b97ebc-e3cf-4546-849d-66298a1876a5-structural-25": "structural",
    "e9b97ebc-e3cf-4546-849d-66298a1876a5-land-48-mass-49": "land mass"
  },
  "graph": [
    {
      "subject_id": "NE-LOCATION-Plateau",
      "relation": "is",
      "object_id": "e9b97ebc-e3cf-4546-849d-66298a1876a5-undersea-8-feature-9"
    },
    {
      "subject_id": "NE-LOCATION-Plateau",
      "relation": "of",
      "object_id": "NE-CITY-Santa-Catarina"
    },
    {
      "subject_id": "NE-LOCATION-Plateau",
      "relation": "is prominent",
      "object_id": "e9b97ebc-e3cf-4546-849d-66298a1876a5-Margin-14"
    },
    {
      "subject_id": "e9b97ebc-e3cf-4546-849d-66298a1876a5-undersea-8-feature-9",
      "relation": "is with",
      "object_id": "e9b97ebc-e3cf-4546-849d-66298a1876a5-approximately-16-340,000-17-km2-18"
    },
    {
      "subject_id": "e9b97ebc-e3cf-4546-849d-66298a1876a5-undersea-8-feature-9",
      "relation": "is",
      "object_id": "e9b97ebc-e3cf-4546-849d-66298a1876a5-prominent-7"
    },
    {
      "subject_id": "NE-LOCATION-Plateau",
      "relation": "is",
      "object_id": "NE-CITY-Santa-Catarina"
    },
    {
      "subject_id": "e9b97ebc-e3cf-4546-849d-66298a1876a5-undersea-8-feature-9",
      "relation": "of",
      "object_id": "e9b97ebc-e3cf-4546-849d-66298a1876a5-Margin-14"
    },
    {
      "subject_id": "e9b97ebc-e3cf-4546-849d-66298a1876a5-undersea-8-feature-9",
      "relation": "is",
      "object_id": "NE-NATIONALITY-Brazilian"
    },
    {
      "subject_id": "e9b97ebc-e3cf-4546-849d-66298a1876a5-undersea-8-feature-9",
      "relation": "of",
      "object_id": "e9b97ebc-e3cf-4546-849d-66298a1876a5-approximately-16-340,000-17-km2-18"
    },
    {
      "subject_id": "e9b97ebc-e3cf-4546-849d-66298a1876a5-morphology-4",
      "relation": "were unknown",
      "object_id": "e9b97ebc-e3cf-4546-849d-66298a1876a5-acquired-14"
    },
    {
      "subject_id": "e9b97ebc-e3cf-4546-849d-66298a1876a5-plateau-2",
      "relation": "has",
      "object_id": "e9b97ebc-e3cf-4546-849d-66298a1876a5-morphology-4"
    },
    {
      "subject_id": "e9b97ebc-e3cf-4546-849d-66298a1876a5-basement-6",
      "relation": "were unknown",
      "object_id": "e9b97ebc-e3cf-4546-849d-66298a1876a5-acquired-14"
    },
    {
      "subject_id": "e9b97ebc-e3cf-4546-849d-66298a1876a5-acquired-14",
      "relation": "at",
      "object_id": "NE-ORGANIZATION-Continental-Shelf-Survey-Program"
    },
    {
      "subject_id": "e9b97ebc-e3cf-4546-849d-66298a1876a5-data-12",
      "relation": "were",
      "object_id": "e9b97ebc-e3cf-4546-849d-66298a1876a5-acquired-14"
    },
    {
      "subject_id": "e9b97ebc-e3cf-4546-849d-66298a1876a5-morphology-4",
      "relation": "were",
      "object_id": "e9b97ebc-e3cf-4546-849d-66298a1876a5-unknown-8"
    },
    {
      "subject_id": "e9b97ebc-e3cf-4546-849d-66298a1876a5-data-12",
      "relation": "is",
      "object_id": "e9b97ebc-e3cf-4546-849d-66298a1876a5-new-10"
    },
    {
      "subject_id": "e9b97ebc-e3cf-4546-849d-66298a1876a5-data-12",
      "relation": "is",
      "object_id": "e9b97ebc-e3cf-4546-849d-66298a1876a5-geophysical-11"
    },
    {
      "subject_id": "e9b97ebc-e3cf-4546-849d-66298a1876a5-data-12",
      "relation": "were acquired for",
      "object_id": "NE-ORGANIZATION-Continental-Shelf-Survey-Program"
    },
    {
      "subject_id": "NE-ORGANIZATION-Continental-Shelf-Survey-Program",
      "relation": "is",
      "object_id": "NE-NATIONALITY-Brazilian"
    },
    {
      "subject_id": "e9b97ebc-e3cf-4546-849d-66298a1876a5-basement-6",
      "relation": "were",
      "object_id": "e9b97ebc-e3cf-4546-849d-66298a1876a5-unknown-8"
    },
    {
      "subject_id": "NE-ORGANIZATION-Continental-Shelf-Survey-Program",
      "relation": "is for",
      "object_id": "NE-NATIONALITY-Brazilian"
    },
    {
      "subject_id": "e9b97ebc-e3cf-4546-849d-66298a1876a5-plateau-2",
      "relation": "’s",
      "object_id": "e9b97ebc-e3cf-4546-849d-66298a1876a5-morphology-4"
    },
    {
      "subject_id": "e9b97ebc-e3cf-4546-849d-66298a1876a5-profile-6",
      "relation": "allowed",
      "object_id": "e9b97ebc-e3cf-4546-849d-66298a1876a5-identification-13"
    },
    {
      "subject_id": "e9b97ebc-e3cf-4546-849d-66298a1876a5-profile-6",
      "relation": "is",
      "object_id": "e9b97ebc-e3cf-4546-849d-66298a1876a5-sub-bottom-5"
    },
    {
      "subject_id": "e9b97ebc-e3cf-4546-849d-66298a1876a5-bathymetry-3",
      "relation": "allowed",
      "object_id": "e9b97ebc-e3cf-4546-849d-66298a1876a5-identification-13"
    },
    {
      "subject_id": "e9b97ebc-e3cf-4546-849d-66298a1876a5-bathymetry-3",
      "relation": "is",
      "object_id": "e9b97ebc-e3cf-4546-849d-66298a1876a5-multibeam-2"
    },
    {
      "subject_id": "e9b97ebc-e3cf-4546-849d-66298a1876a5-data-10",
      "relation": "allowed",
      "object_id": "e9b97ebc-e3cf-4546-849d-66298a1876a5-identification-13"
    },
    {
      "subject_id": "e9b97ebc-e3cf-4546-849d-66298a1876a5-data-10",
      "relation": "is",
      "object_id": "e9b97ebc-e3cf-4546-849d-66298a1876a5-mini-airgun-9"
    },
    {
      "subject_id": "NE-LOCATION-Plateau",
      "relation": "is of",
      "object_id": "NE-CITY-Santa-Catarina"
    },
    {
      "subject_id": "e9b97ebc-e3cf-4546-849d-66298a1876a5-datase.ts-5",
      "relation": "allowed",
      "object_id": "e9b97ebc-e3cf-4546-849d-66298a1876a5-study-8"
    },
    {
      "subject_id": "e9b97ebc-e3cf-4546-849d-66298a1876a5-study-8",
      "relation": "of",
      "object_id": "e9b97ebc-e3cf-4546-849d-66298a1876a5-Torres-11-High-12"
    },
    {
      "subject_id": "e9b97ebc-e3cf-4546-849d-66298a1876a5-datase.ts-5",
      "relation": "is",
      "object_id": "e9b97ebc-e3cf-4546-849d-66298a1876a5-seismic-2"
    },
    {
      "subject_id": "e9b97ebc-e3cf-4546-849d-66298a1876a5-models-13",
      "relation": "controlled by",
      "object_id": "e9b97ebc-e3cf-4546-849d-66298a1876a5-information-20"
    },
    {
      "subject_id": "e9b97ebc-e3cf-4546-849d-66298a1876a5-models-13",
      "relation": "is",
      "object_id": "e9b97ebc-e3cf-4546-849d-66298a1876a5-different-11"
    },
    {
      "subject_id": "e9b97ebc-e3cf-4546-849d-66298a1876a5-information-20",
      "relation": "is",
      "object_id": "e9b97ebc-e3cf-4546-849d-66298a1876a5-seismic-19"
    },
    {
      "subject_id": "e9b97ebc-e3cf-4546-849d-66298a1876a5-models-13",
      "relation": "is",
      "object_id": "e9b97ebc-e3cf-4546-849d-66298a1876a5-gravimetric-12"
    },
    {
      "subject_id": "e9b97ebc-e3cf-4546-849d-66298a1876a5-information-20",
      "relation": "is",
      "object_id": "e9b97ebc-e3cf-4546-849d-66298a1876a5-ultra-deep-18"
    },
    {
      "subject_id": "e9b97ebc-e3cf-4546-849d-66298a1876a5-models-13",
      "relation": "analyze",
      "object_id": "e9b97ebc-e3cf-4546-849d-66298a1876a5-two-25-hypotheses-27"
    },
    {
      "subject_id": "e9b97ebc-e3cf-4546-849d-66298a1876a5-two-25-hypotheses-27",
      "relation": "of",
      "object_id": "e9b97ebc-e3cf-4546-849d-66298a1876a5-Torres-32-High-33"
    },
    {
      "subject_id": "e9b97ebc-e3cf-4546-849d-66298a1876a5-it-6",
      "relation": "develop",
      "object_id": "e9b97ebc-e3cf-4546-849d-66298a1876a5-models-13"
    },
    {
      "subject_id": "e9b97ebc-e3cf-4546-849d-66298a1876a5-it-6",
      "relation": "was",
      "object_id": "e9b97ebc-e3cf-4546-849d-66298a1876a5-possible-8"
    },
    {
      "subject_id": "e9b97ebc-e3cf-4546-849d-66298a1876a5-two-25-hypotheses-27",
      "relation": "is",
      "object_id": "e9b97ebc-e3cf-4546-849d-66298a1876a5-competing-26"
    },
    {
      "subject_id": "e9b97ebc-e3cf-4546-849d-66298a1876a5-it-6",
      "relation": "was possible With",
      "object_id": "e9b97ebc-e3cf-4546-849d-66298a1876a5-dataset-4"
    },
    {
      "subject_id": "e9b97ebc-e3cf-4546-849d-66298a1876a5-dataset-4",
      "relation": "is",
      "object_id": "e9b97ebc-e3cf-4546-849d-66298a1876a5-new-3"
    },
    {
      "subject_id": "e9b97ebc-e3cf-4546-849d-66298a1876a5-two-25-hypotheses-27",
      "relation": "of",
      "object_id": "e9b97ebc-e3cf-4546-849d-66298a1876a5-nature-30"
    },
    {
      "subject_id": "e9b97ebc-e3cf-4546-849d-66298a1876a5-results-26",
      "relation": "support",
      "object_id": "e9b97ebc-e3cf-4546-849d-66298a1876a5-seismic-2-and-3-gravimetric-4-datase.ts-5-nature-38"
    },
    {
      "subject_id": "e9b97ebc-e3cf-4546-849d-66298a1876a5-results-26",
      "relation": "interpretation of",
      "object_id": "e9b97ebc-e3cf-4546-849d-66298a1876a5-seismic-2-and-3-gravimetric-4-datase.ts-5-nature-38"
    },
    {
      "subject_id": "e9b97ebc-e3cf-4546-849d-66298a1876a5-character-6",
      "relation": "observed in",
      "object_id": "e9b97ebc-e3cf-4546-849d-66298a1876a5-lines-22"
    },
    {
      "subject_id": "e9b97ebc-e3cf-4546-849d-66298a1876a5-character-6",
      "relation": "of",
      "object_id": "NE-MISC-Moho"
    },
    {
      "subject_id": "e9b97ebc-e3cf-4546-849d-66298a1876a5-lines-22",
      "relation": "is",
      "object_id": "e9b97ebc-e3cf-4546-849d-66298a1876a5-oriented-19"
    },
    {
      "subject_id": "e9b97ebc-e3cf-4546-849d-66298a1876a5-lines-22",
      "relation": "of",
      "object_id": "e9b97ebc-e3cf-4546-849d-66298a1876a5-strike-14---15"
    },
    {
      "subject_id": "e9b97ebc-e3cf-4546-849d-66298a1876a5-results-26",
      "relation": "support",
      "object_id": "e9b97ebc-e3cf-4546-849d-66298a1876a5-interpretation-34"
    },
    {
      "subject_id": "e9b97ebc-e3cf-4546-849d-66298a1876a5-lines-22",
      "relation": "is",
      "object_id": "e9b97ebc-e3cf-4546-849d-66298a1876a5-ultra-deep-20"
    },
    {
      "subject_id": "e9b97ebc-e3cf-4546-849d-66298a1876a5-seismic-2-and-3-gravimetric-4-datase.ts-5-nature-38",
      "relation": "is",
      "object_id": "e9b97ebc-e3cf-4546-849d-66298a1876a5-continental-37"
    },
    {
      "subject_id": "e9b97ebc-e3cf-4546-849d-66298a1876a5-lines-22",
      "relation": "is",
      "object_id": "e9b97ebc-e3cf-4546-849d-66298a1876a5-seismic-21"
    },
    {
      "subject_id": "e9b97ebc-e3cf-4546-849d-66298a1876a5-northwest-36-southeast-38-direction-39",
      "relation": "constituting",
      "object_id": "e9b97ebc-e3cf-4546-849d-66298a1876a5-promontory-44"
    },
    {
      "subject_id": "e9b97ebc-e3cf-4546-849d-66298a1876a5-northwest-36-southeast-38-direction-39",
      "relation": "at",
      "object_id": "e9b97ebc-e3cf-4546-849d-66298a1876a5-Torres-20-High-21"
    },
    {
      "subject_id": "e9b97ebc-e3cf-4546-849d-66298a1876a5-analysis-4",
      "relation": "show Torres High as",
      "object_id": "e9b97ebc-e3cf-4546-849d-66298a1876a5-feature-26"
    },
    {
      "subject_id": "e9b97ebc-e3cf-4546-849d-66298a1876a5-Torres-20-High-21",
      "relation": "analysis of",
      "object_id": "e9b97ebc-e3cf-4546-849d-66298a1876a5-basement-7-depth-8"
    },
    {
      "subject_id": "e9b97ebc-e3cf-4546-849d-66298a1876a5-basement-7-depth-8",
      "relation": "of",
      "object_id": "e9b97ebc-e3cf-4546-849d-66298a1876a5-Bouguer-14-gravity-15-map-16"
    },
    {
      "subject_id": "e9b97ebc-e3cf-4546-849d-66298a1876a5-promontory-44",
      "relation": "is",
      "object_id": "NE-NATIONALITY-Brazilian"
    },
    {
      "subject_id": "e9b97ebc-e3cf-4546-849d-66298a1876a5-analysis-4",
      "relation": "Additionally clearly show Torres High as",
      "object_id": "e9b97ebc-e3cf-4546-849d-66298a1876a5-feature-26"
    },
    {
      "subject_id": "e9b97ebc-e3cf-4546-849d-66298a1876a5-analysis-4",
      "relation": "clearly show Torres High as",
      "object_id": "e9b97ebc-e3cf-4546-849d-66298a1876a5-feature-26"
    },
    {
      "subject_id": "e9b97ebc-e3cf-4546-849d-66298a1876a5-feature-26",
      "relation": "is",
      "object_id": "e9b97ebc-e3cf-4546-849d-66298a1876a5-continuous-24"
    },
    {
      "subject_id": "e9b97ebc-e3cf-4546-849d-66298a1876a5-Torres-20-High-21",
      "relation": "attached to",
      "object_id": "e9b97ebc-e3cf-4546-849d-66298a1876a5-continent-32"
    },
    {
      "subject_id": "e9b97ebc-e3cf-4546-849d-66298a1876a5-Torres-20-High-21",
      "relation": "is",
      "object_id": "e9b97ebc-e3cf-4546-849d-66298a1876a5-feature-26"
    },
    {
      "subject_id": "e9b97ebc-e3cf-4546-849d-66298a1876a5-promontory-44",
      "relation": "is",
      "object_id": "e9b97ebc-e3cf-4546-849d-66298a1876a5-continental-43"
    },
    {
      "subject_id": "e9b97ebc-e3cf-4546-849d-66298a1876a5-analysis-4",
      "relation": "show",
      "object_id": "e9b97ebc-e3cf-4546-849d-66298a1876a5-Torres-20-High-21"
    },
    {
      "subject_id": "e9b97ebc-e3cf-4546-849d-66298a1876a5-analysis-4",
      "relation": "Additionally show",
      "object_id": "e9b97ebc-e3cf-4546-849d-66298a1876a5-Torres-20-High-21"
    },
    {
      "subject_id": "e9b97ebc-e3cf-4546-849d-66298a1876a5-continent-32",
      "relation": "is",
      "object_id": "NE-NATIONALITY-American"
    },
    {
      "subject_id": "e9b97ebc-e3cf-4546-849d-66298a1876a5-analysis-4",
      "relation": "Additionally show Torres High as",
      "object_id": "e9b97ebc-e3cf-4546-849d-66298a1876a5-feature-26"
    },
    {
      "subject_id": "e9b97ebc-e3cf-4546-849d-66298a1876a5-continent-32",
      "relation": "is",
      "object_id": "NE-MISC-South"
    },
    {
      "subject_id": "e9b97ebc-e3cf-4546-849d-66298a1876a5-feature-26",
      "relation": "is",
      "object_id": "e9b97ebc-e3cf-4546-849d-66298a1876a5-structural-25"
    },
    {
      "subject_id": "e9b97ebc-e3cf-4546-849d-66298a1876a5-promontory-44",
      "relation": "of",
      "object_id": "e9b97ebc-e3cf-4546-849d-66298a1876a5-land-48-mass-49"
    },
    {
      "subject_id": "e9b97ebc-e3cf-4546-849d-66298a1876a5-analysis-4",
      "relation": "Additionally clearly show",
      "object_id": "e9b97ebc-e3cf-4546-849d-66298a1876a5-Torres-20-High-21"
    },
    {
      "subject_id": "e9b97ebc-e3cf-4546-849d-66298a1876a5-analysis-4",
      "relation": "clearly show",
      "object_id": "e9b97ebc-e3cf-4546-849d-66298a1876a5-Torres-20-High-21"
    }
  ],
  "links": {
    "NE-LOCATION-Plateau": [],
    "e9b97ebc-e3cf-4546-849d-66298a1876a5-undersea-8-feature-9": [],
    "NE-CITY-Santa-Catarina": [],
    "e9b97ebc-e3cf-4546-849d-66298a1876a5-Margin-14": [],
    "e9b97ebc-e3cf-4546-849d-66298a1876a5-approximately-16-340,000-17-km2-18": [],
    "e9b97ebc-e3cf-4546-849d-66298a1876a5-prominent-7": [],
    "NE-NATIONALITY-Brazilian": [],
    "e9b97ebc-e3cf-4546-849d-66298a1876a5-morphology-4": [],
    "e9b97ebc-e3cf-4546-849d-66298a1876a5-acquired-14": [],
    "e9b97ebc-e3cf-4546-849d-66298a1876a5-plateau-2": [],
    "e9b97ebc-e3cf-4546-849d-66298a1876a5-basement-6": [],
    "NE-ORGANIZATION-Continental-Shelf-Survey-Program": [],
    "e9b97ebc-e3cf-4546-849d-66298a1876a5-data-12": [],
    "e9b97ebc-e3cf-4546-849d-66298a1876a5-unknown-8": [],
    "e9b97ebc-e3cf-4546-849d-66298a1876a5-new-10": [
      "e9b97ebc-e3cf-4546-849d-66298a1876a5-new-3"
    ],
    "e9b97ebc-e3cf-4546-849d-66298a1876a5-geophysical-11": [],
    "e9b97ebc-e3cf-4546-849d-66298a1876a5-profile-6": [],
    "e9b97ebc-e3cf-4546-849d-66298a1876a5-identification-13": [],
    "e9b97ebc-e3cf-4546-849d-66298a1876a5-sub-bottom-5": [],
    "e9b97ebc-e3cf-4546-849d-66298a1876a5-bathymetry-3": [],
    "e9b97ebc-e3cf-4546-849d-66298a1876a5-multibeam-2": [],
    "e9b97ebc-e3cf-4546-849d-66298a1876a5-data-10": [],
    "e9b97ebc-e3cf-4546-849d-66298a1876a5-mini-airgun-9": [],
    "e9b97ebc-e3cf-4546-849d-66298a1876a5-datase.ts-5": [],
    "e9b97ebc-e3cf-4546-849d-66298a1876a5-study-8": [],
    "e9b97ebc-e3cf-4546-849d-66298a1876a5-Torres-11-High-12": [],
    "e9b97ebc-e3cf-4546-849d-66298a1876a5-seismic-2": [],
    "e9b97ebc-e3cf-4546-849d-66298a1876a5-models-13": [],
    "e9b97ebc-e3cf-4546-849d-66298a1876a5-information-20": [],
    "e9b97ebc-e3cf-4546-849d-66298a1876a5-different-11": [],
    "e9b97ebc-e3cf-4546-849d-66298a1876a5-seismic-19": [],
    "e9b97ebc-e3cf-4546-849d-66298a1876a5-gravimetric-12": [],
    "e9b97ebc-e3cf-4546-849d-66298a1876a5-ultra-deep-18": [
      "e9b97ebc-e3cf-4546-849d-66298a1876a5-ultra-deep-20"
    ],
    "e9b97ebc-e3cf-4546-849d-66298a1876a5-two-25-hypotheses-27": [],
    "e9b97ebc-e3cf-4546-849d-66298a1876a5-Torres-32-High-33": [],
    "e9b97ebc-e3cf-4546-849d-66298a1876a5-it-6": [],
    "e9b97ebc-e3cf-4546-849d-66298a1876a5-possible-8": [],
    "e9b97ebc-e3cf-4546-849d-66298a1876a5-competing-26": [],
    "e9b97ebc-e3cf-4546-849d-66298a1876a5-dataset-4": [],
    "e9b97ebc-e3cf-4546-849d-66298a1876a5-new-3": [
      "e9b97ebc-e3cf-4546-849d-66298a1876a5-new-10"
    ],
    "e9b97ebc-e3cf-4546-849d-66298a1876a5-nature-30": [],
    "e9b97ebc-e3cf-4546-849d-66298a1876a5-results-26": [],
    "e9b97ebc-e3cf-4546-849d-66298a1876a5-seismic-2-and-3-gravimetric-4-datase.ts-5-nature-38": [],
    "e9b97ebc-e3cf-4546-849d-66298a1876a5-character-6": [],
    "e9b97ebc-e3cf-4546-849d-66298a1876a5-lines-22": [],
    "NE-MISC-Moho": [],
    "e9b97ebc-e3cf-4546-849d-66298a1876a5-oriented-19": [],
    "e9b97ebc-e3cf-4546-849d-66298a1876a5-strike-14---15": [],
    "e9b97ebc-e3cf-4546-849d-66298a1876a5-interpretation-34": [],
    "e9b97ebc-e3cf-4546-849d-66298a1876a5-ultra-deep-20": [
      "e9b97ebc-e3cf-4546-849d-66298a1876a5-ultra-deep-18"
    ],
    "e9b97ebc-e3cf-4546-849d-66298a1876a5-continental-37": [],
    "e9b97ebc-e3cf-4546-849d-66298a1876a5-seismic-21": [],
    "e9b97ebc-e3cf-4546-849d-66298a1876a5-northwest-36-southeast-38-direction-39": [],
    "e9b97ebc-e3cf-4546-849d-66298a1876a5-promontory-44": [],
    "e9b97ebc-e3cf-4546-849d-66298a1876a5-Torres-20-High-21": [],
    "e9b97ebc-e3cf-4546-849d-66298a1876a5-analysis-4": [],
    "e9b97ebc-e3cf-4546-849d-66298a1876a5-feature-26": [],
    "e9b97ebc-e3cf-4546-849d-66298a1876a5-basement-7-depth-8": [],
    "e9b97ebc-e3cf-4546-849d-66298a1876a5-Bouguer-14-gravity-15-map-16": [],
    "e9b97ebc-e3cf-4546-849d-66298a1876a5-continuous-24": [],
    "e9b97ebc-e3cf-4546-849d-66298a1876a5-continent-32": [],
    "e9b97ebc-e3cf-4546-849d-66298a1876a5-continental-43": [],
    "NE-NATIONALITY-American": [],
    "NE-MISC-South": [],
    "e9b97ebc-e3cf-4546-849d-66298a1876a5-structural-25": [],
    "e9b97ebc-e3cf-4546-849d-66298a1876a5-land-48-mass-49": []
  }
}