{
  "document": "D:/Projetos/PIRA_KG/documents/onu_85090483755.txt",
  "entities": {
    "ec838f9b-75a6-4595-9c5b-98f8b90497ba-aim-2": "aim",
    "ec838f9b-75a6-4595-9c5b-98f8b90497ba-study-12": "study",
    "NE-LOCATION-Pernambuco": "Pernambuco",
    "ec838f9b-75a6-4595-9c5b-98f8b90497ba-coast-24": "coast",
    "ec838f9b-75a6-4595-9c5b-98f8b90497ba-sector-20": "sector",
    "ec838f9b-75a6-4595-9c5b-98f8b90497ba-sedimentary-15": "sedimentary",
    "ec838f9b-75a6-4595-9c5b-98f8b90497ba-Holocene-14-deposits-16": "Holocene deposits",
    "ec838f9b-75a6-4595-9c5b-98f8b90497ba-southern-19": "southern",
    "NE-COUNTRY-Brazil": "Brazil",
    "ec838f9b-75a6-4595-9c5b-98f8b90497ba-paleoenvironmental-11": "paleoenvironmental",
    "ec838f9b-75a6-4595-9c5b-98f8b90497ba-southern-19-sector-20": "southern sector",
    "ec838f9b-75a6-4595-9c5b-98f8b90497ba-work-2": "work",
    "ec838f9b-75a6-4595-9c5b-98f8b90497ba-aspect-6": "aspect",
    "ec838f9b-75a6-4595-9c5b-98f8b90497ba-Quaternary-8": "Quaternary",
    "ec838f9b-75a6-4595-9c5b-98f8b90497ba-vegetation-23": "vegetation",
    "ec838f9b-75a6-4595-9c5b-98f8b90497ba-climate-27": "climate",
    "ec838f9b-75a6-4595-9c5b-98f8b90497ba-research-9": "research",
    "ec838f9b-75a6-4595-9c5b-98f8b90497ba-important-5": "important",
    "ec838f9b-75a6-4595-9c5b-98f8b90497ba-changing-26": "changing",
    "ec838f9b-75a6-4595-9c5b-98f8b90497ba-we-3": "we",
    "ec838f9b-75a6-4595-9c5b-98f8b90497ba-approach-7": "approach",
    "ec838f9b-75a6-4595-9c5b-98f8b90497ba-combined-6": "combined",
    "ec838f9b-75a6-4595-9c5b-98f8b90497ba-oscillations-2": "oscillations",
    "ec838f9b-75a6-4595-9c5b-98f8b90497ba-humidity-9": "humidity",
    "NE-MISC-Climatic": "Climatic",
    "ec838f9b-75a6-4595-9c5b-98f8b90497ba-precipitation-6": "precipitation",
    "ec838f9b-75a6-4595-9c5b-98f8b90497ba-variation-4": "variation",
    "ec838f9b-75a6-4595-9c5b-98f8b90497ba-Variations-1": "Variations",
    "ec838f9b-75a6-4595-9c5b-98f8b90497ba-influence-22": "influence",
    "ec838f9b-75a6-4595-9c5b-98f8b90497ba-strong-21": "strong",
    "ec838f9b-75a6-4595-9c5b-98f8b90497ba-changes-33": "changes",
    "ec838f9b-75a6-4595-9c5b-98f8b90497ba-coastal-35-paleogeography-36": "coastal paleogeography",
    "ec838f9b-75a6-4595-9c5b-98f8b90497ba-sea-24-level-26-variations-27": "sea level variations",
    "ec838f9b-75a6-4595-9c5b-98f8b90497ba-vegetation-3-composition-4": "vegetation composition",
    "ec838f9b-75a6-4595-9c5b-98f8b90497ba-BP-13": "BP",
    "ec838f9b-75a6-4595-9c5b-98f8b90497ba-estuary-18": "estuary",
    "NE-LOCATION-Formoso": "Formoso",
    "NE-TITLE-River": "River",
    "ec838f9b-75a6-4595-9c5b-98f8b90497ba-Changes-1": "Changes",
    "ec838f9b-75a6-4595-9c5b-98f8b90497ba-vegetation-3-composition-4-relationship-8": "vegetation composition relationship",
    "ec838f9b-75a6-4595-9c5b-98f8b90497ba-events-14": "events",
    "ec838f9b-75a6-4595-9c5b-98f8b90497ba-its-6-close-7-relationship-8": "its close relationship",
    "NE-TITLE-marine": "marine",
    "ec838f9b-75a6-4595-9c5b-98f8b90497ba-transgressive-10": "transgressive",
    "ec838f9b-75a6-4595-9c5b-98f8b90497ba-close-7": "close"
  },
  "graph": [
    {
      "subject_id": "ec838f9b-75a6-4595-9c5b-98f8b90497ba-aim-2",
      "relation": "was carry out",
      "object_id": "ec838f9b-75a6-4595-9c5b-98f8b90497ba-study-12"
    },
    {
      "subject_id": "NE-LOCATION-Pernambuco",
      "relation": "has",
      "object_id": "ec838f9b-75a6-4595-9c5b-98f8b90497ba-study-12"
    },
    {
      "subject_id": "ec838f9b-75a6-4595-9c5b-98f8b90497ba-study-12",
      "relation": "of",
      "object_id": "ec838f9b-75a6-4595-9c5b-98f8b90497ba-coast-24"
    },
    {
      "subject_id": "ec838f9b-75a6-4595-9c5b-98f8b90497ba-study-12",
      "relation": "of",
      "object_id": "ec838f9b-75a6-4595-9c5b-98f8b90497ba-sector-20"
    },
    {
      "subject_id": "ec838f9b-75a6-4595-9c5b-98f8b90497ba-study-12",
      "relation": "is",
      "object_id": "ec838f9b-75a6-4595-9c5b-98f8b90497ba-sedimentary-15"
    },
    {
      "subject_id": "NE-LOCATION-Pernambuco",
      "relation": "of",
      "object_id": "ec838f9b-75a6-4595-9c5b-98f8b90497ba-coast-24"
    },
    {
      "subject_id": "ec838f9b-75a6-4595-9c5b-98f8b90497ba-study-12",
      "relation": "of",
      "object_id": "ec838f9b-75a6-4595-9c5b-98f8b90497ba-Holocene-14-deposits-16"
    },
    {
      "subject_id": "ec838f9b-75a6-4595-9c5b-98f8b90497ba-study-12",
      "relation": "is",
      "object_id": "ec838f9b-75a6-4595-9c5b-98f8b90497ba-southern-19"
    },
    {
      "subject_id": "NE-LOCATION-Pernambuco",
      "relation": "'s coast is",
      "object_id": "NE-COUNTRY-Brazil"
    },
    {
      "subject_id": "ec838f9b-75a6-4595-9c5b-98f8b90497ba-study-12",
      "relation": "is",
      "object_id": "ec838f9b-75a6-4595-9c5b-98f8b90497ba-paleoenvironmental-11"
    },
    {
      "subject_id": "ec838f9b-75a6-4595-9c5b-98f8b90497ba-study-12",
      "relation": "is in",
      "object_id": "ec838f9b-75a6-4595-9c5b-98f8b90497ba-southern-19-sector-20"
    },
    {
      "subject_id": "NE-LOCATION-Pernambuco",
      "relation": "has",
      "object_id": "ec838f9b-75a6-4595-9c5b-98f8b90497ba-southern-19-sector-20"
    },
    {
      "subject_id": "ec838f9b-75a6-4595-9c5b-98f8b90497ba-southern-19-sector-20",
      "relation": "of",
      "object_id": "ec838f9b-75a6-4595-9c5b-98f8b90497ba-coast-24"
    },
    {
      "subject_id": "ec838f9b-75a6-4595-9c5b-98f8b90497ba-work-2",
      "relation": "addresses",
      "object_id": "ec838f9b-75a6-4595-9c5b-98f8b90497ba-aspect-6"
    },
    {
      "subject_id": "ec838f9b-75a6-4595-9c5b-98f8b90497ba-aspect-6",
      "relation": "is",
      "object_id": "ec838f9b-75a6-4595-9c5b-98f8b90497ba-Quaternary-8"
    },
    {
      "subject_id": "ec838f9b-75a6-4595-9c5b-98f8b90497ba-vegetation-23",
      "relation": "react to",
      "object_id": "ec838f9b-75a6-4595-9c5b-98f8b90497ba-climate-27"
    },
    {
      "subject_id": "ec838f9b-75a6-4595-9c5b-98f8b90497ba-aspect-6",
      "relation": "of",
      "object_id": "ec838f9b-75a6-4595-9c5b-98f8b90497ba-research-9"
    },
    {
      "subject_id": "ec838f9b-75a6-4595-9c5b-98f8b90497ba-aspect-6",
      "relation": "is",
      "object_id": "ec838f9b-75a6-4595-9c5b-98f8b90497ba-important-5"
    },
    {
      "subject_id": "ec838f9b-75a6-4595-9c5b-98f8b90497ba-climate-27",
      "relation": "is",
      "object_id": "ec838f9b-75a6-4595-9c5b-98f8b90497ba-changing-26"
    },
    {
      "subject_id": "ec838f9b-75a6-4595-9c5b-98f8b90497ba-we-3",
      "relation": "Thus provide",
      "object_id": "ec838f9b-75a6-4595-9c5b-98f8b90497ba-approach-7"
    },
    {
      "subject_id": "ec838f9b-75a6-4595-9c5b-98f8b90497ba-approach-7",
      "relation": "is",
      "object_id": "ec838f9b-75a6-4595-9c5b-98f8b90497ba-combined-6"
    },
    {
      "subject_id": "ec838f9b-75a6-4595-9c5b-98f8b90497ba-we-3",
      "relation": "provide",
      "object_id": "ec838f9b-75a6-4595-9c5b-98f8b90497ba-approach-7"
    },
    {
      "subject_id": "ec838f9b-75a6-4595-9c5b-98f8b90497ba-oscillations-2",
      "relation": "show",
      "object_id": "ec838f9b-75a6-4595-9c5b-98f8b90497ba-humidity-9"
    },
    {
      "subject_id": "ec838f9b-75a6-4595-9c5b-98f8b90497ba-oscillations-2",
      "relation": "is",
      "object_id": "NE-MISC-Climatic"
    },
    {
      "subject_id": "ec838f9b-75a6-4595-9c5b-98f8b90497ba-humidity-9",
      "relation": "of",
      "object_id": "ec838f9b-75a6-4595-9c5b-98f8b90497ba-precipitation-6"
    },
    {
      "subject_id": "ec838f9b-75a6-4595-9c5b-98f8b90497ba-humidity-9",
      "relation": "of",
      "object_id": "ec838f9b-75a6-4595-9c5b-98f8b90497ba-variation-4"
    },
    {
      "subject_id": "ec838f9b-75a6-4595-9c5b-98f8b90497ba-variation-4",
      "relation": "is in",
      "object_id": "ec838f9b-75a6-4595-9c5b-98f8b90497ba-precipitation-6"
    },
    {
      "subject_id": "ec838f9b-75a6-4595-9c5b-98f8b90497ba-Variations-1",
      "relation": "reflects",
      "object_id": "ec838f9b-75a6-4595-9c5b-98f8b90497ba-influence-22"
    },
    {
      "subject_id": "ec838f9b-75a6-4595-9c5b-98f8b90497ba-influence-22",
      "relation": "is",
      "object_id": "ec838f9b-75a6-4595-9c5b-98f8b90497ba-strong-21"
    },
    {
      "subject_id": "ec838f9b-75a6-4595-9c5b-98f8b90497ba-changes-33",
      "relation": "is in",
      "object_id": "ec838f9b-75a6-4595-9c5b-98f8b90497ba-coastal-35-paleogeography-36"
    },
    {
      "subject_id": "ec838f9b-75a6-4595-9c5b-98f8b90497ba-influence-22",
      "relation": "of",
      "object_id": "ec838f9b-75a6-4595-9c5b-98f8b90497ba-sea-24-level-26-variations-27"
    },
    {
      "subject_id": "ec838f9b-75a6-4595-9c5b-98f8b90497ba-Variations-1",
      "relation": "is in",
      "object_id": "ec838f9b-75a6-4595-9c5b-98f8b90497ba-vegetation-3-composition-4"
    },
    {
      "subject_id": "ec838f9b-75a6-4595-9c5b-98f8b90497ba-BP-13",
      "relation": "is in",
      "object_id": "ec838f9b-75a6-4595-9c5b-98f8b90497ba-estuary-18"
    },
    {
      "subject_id": "ec838f9b-75a6-4595-9c5b-98f8b90497ba-estuary-18",
      "relation": "of",
      "object_id": "NE-LOCATION-Formoso"
    },
    {
      "subject_id": "ec838f9b-75a6-4595-9c5b-98f8b90497ba-estuary-18",
      "relation": "of",
      "object_id": "NE-TITLE-River"
    },
    {
      "subject_id": "ec838f9b-75a6-4595-9c5b-98f8b90497ba-Changes-1",
      "relation": "indicate",
      "object_id": "ec838f9b-75a6-4595-9c5b-98f8b90497ba-vegetation-3-composition-4-relationship-8"
    },
    {
      "subject_id": "ec838f9b-75a6-4595-9c5b-98f8b90497ba-vegetation-3-composition-4-relationship-8",
      "relation": "of",
      "object_id": "ec838f9b-75a6-4595-9c5b-98f8b90497ba-events-14"
    },
    {
      "subject_id": "ec838f9b-75a6-4595-9c5b-98f8b90497ba-its-6-close-7-relationship-8",
      "relation": "is with",
      "object_id": "ec838f9b-75a6-4595-9c5b-98f8b90497ba-events-14"
    },
    {
      "subject_id": "ec838f9b-75a6-4595-9c5b-98f8b90497ba-events-14",
      "relation": "is",
      "object_id": "NE-TITLE-marine"
    },
    {
      "subject_id": "ec838f9b-75a6-4595-9c5b-98f8b90497ba-events-14",
      "relation": "is",
      "object_id": "ec838f9b-75a6-4595-9c5b-98f8b90497ba-transgressive-10"
    },
    {
      "subject_id": "ec838f9b-75a6-4595-9c5b-98f8b90497ba-vegetation-3-composition-4-relationship-8",
      "relation": "is",
      "object_id": "ec838f9b-75a6-4595-9c5b-98f8b90497ba-transgressive-10"
    },
    {
      "subject_id": "ec838f9b-75a6-4595-9c5b-98f8b90497ba-vegetation-3-composition-4-relationship-8",
      "relation": "is",
      "object_id": "ec838f9b-75a6-4595-9c5b-98f8b90497ba-close-7"
    },
    {
      "subject_id": "ec838f9b-75a6-4595-9c5b-98f8b90497ba-Changes-1",
      "relation": "is in",
      "object_id": "ec838f9b-75a6-4595-9c5b-98f8b90497ba-vegetation-3-composition-4"
    },
    {
      "subject_id": "ec838f9b-75a6-4595-9c5b-98f8b90497ba-vegetation-3-composition-4-relationship-8",
      "relation": "is",
      "object_id": "NE-TITLE-marine"
    }
  ],
  "links": {
    "ec838f9b-75a6-4595-9c5b-98f8b90497ba-aim-2": [],
    "ec838f9b-75a6-4595-9c5b-98f8b90497ba-study-12": [],
    "NE-LOCATION-Pernambuco": [],
    "ec838f9b-75a6-4595-9c5b-98f8b90497ba-coast-24": [],
    "ec838f9b-75a6-4595-9c5b-98f8b90497ba-sector-20": [],
    "ec838f9b-75a6-4595-9c5b-98f8b90497ba-sedimentary-15": [],
    "ec838f9b-75a6-4595-9c5b-98f8b90497ba-Holocene-14-deposits-16": [],
    "ec838f9b-75a6-4595-9c5b-98f8b90497ba-southern-19": [],
    "NE-COUNTRY-Brazil": [],
    "ec838f9b-75a6-4595-9c5b-98f8b90497ba-paleoenvironmental-11": [],
    "ec838f9b-75a6-4595-9c5b-98f8b90497ba-southern-19-sector-20": [],
    "ec838f9b-75a6-4595-9c5b-98f8b90497ba-work-2": [],
    "ec838f9b-75a6-4595-9c5b-98f8b90497ba-aspect-6": [],
    "ec838f9b-75a6-4595-9c5b-98f8b90497ba-Quaternary-8": [],
    "ec838f9b-75a6-4595-9c5b-98f8b90497ba-vegetation-23": [],
    "ec838f9b-75a6-4595-9c5b-98f8b90497ba-climate-27": [],
    "ec838f9b-75a6-4595-9c5b-98f8b90497ba-research-9": [],
    "ec838f9b-75a6-4595-9c5b-98f8b90497ba-important-5": [],
    "ec838f9b-75a6-4595-9c5b-98f8b90497ba-changing-26": [],
    "ec838f9b-75a6-4595-9c5b-98f8b90497ba-we-3": [],
    "ec838f9b-75a6-4595-9c5b-98f8b90497ba-approach-7": [],
    "ec838f9b-75a6-4595-9c5b-98f8b90497ba-combined-6": [],
    "ec838f9b-75a6-4595-9c5b-98f8b90497ba-oscillations-2": [],
    "ec838f9b-75a6-4595-9c5b-98f8b90497ba-humidity-9": [],
    "NE-MISC-Climatic": [],
    "ec838f9b-75a6-4595-9c5b-98f8b90497ba-precipitation-6": [],
    "ec838f9b-75a6-4595-9c5b-98f8b90497ba-variation-4": [],
    "ec838f9b-75a6-4595-9c5b-98f8b90497ba-Variations-1": [],
    "ec838f9b-75a6-4595-9c5b-98f8b90497ba-influence-22": [],
    "ec838f9b-75a6-4595-9c5b-98f8b90497ba-strong-21": [],
    "ec838f9b-75a6-4595-9c5b-98f8b90497ba-changes-33": [],
    "ec838f9b-75a6-4595-9c5b-98f8b90497ba-coastal-35-paleogeography-36": [],
    "ec838f9b-75a6-4595-9c5b-98f8b90497ba-sea-24-level-26-variations-27": [],
    "ec838f9b-75a6-4595-9c5b-98f8b90497ba-vegetation-3-composition-4": [],
    "ec838f9b-75a6-4595-9c5b-98f8b90497ba-BP-13": [],
    "ec838f9b-75a6-4595-9c5b-98f8b90497ba-estuary-18": [],
    "NE-LOCATION-Formoso": [],
    "NE-TITLE-River": [],
    "ec838f9b-75a6-4595-9c5b-98f8b90497ba-Changes-1": [],
    "ec838f9b-75a6-4595-9c5b-98f8b90497ba-vegetation-3-composition-4-relationship-8": [],
    "ec838f9b-75a6-4595-9c5b-98f8b90497ba-events-14": [],
    "ec838f9b-75a6-4595-9c5b-98f8b90497ba-its-6-close-7-relationship-8": [],
    "NE-TITLE-marine": [],
    "ec838f9b-75a6-4595-9c5b-98f8b90497ba-transgressive-10": [],
    "ec838f9b-75a6-4595-9c5b-98f8b90497ba-close-7": []
  }
}