{
  "document": "D:/Projetos/PIRA_KG/documents/onu_31375269.txt",
  "entities": {
    "5cee35a4-a50e-4d54-932a-8a8e57e575cd-34-20-risers-22": "34 risers",
    "5cee35a4-a50e-4d54-932a-8a8e57e575cd-Barracuda-27-FPSO-28-project-29": "Barracuda FPSO project",
    "5cee35a4-a50e-4d54-932a-8a8e57e575cd-flexible-21": "flexible",
    "5cee35a4-a50e-4d54-932a-8a8e57e575cd-innovations-17": "innovations",
    "5cee35a4-a50e-4d54-932a-8a8e57e575cd-several-16": "several",
    "5cee35a4-a50e-4d54-932a-8a8e57e575cd-paper-2": "paper",
    "5cee35a4-a50e-4d54-932a-8a8e57e575cd-operations-15": "operations",
    "5cee35a4-a50e-4d54-932a-8a8e57e575cd-overview-5": "overview",
    "5cee35a4-a50e-4d54-932a-8a8e57e575cd-design-7": "design",
    "5cee35a4-a50e-4d54-932a-8a8e57e575cd-pull-10": "pull",
    "5cee35a4-a50e-4d54-932a-8a8e57e575cd-tube-6-dimensions-7": "tube dimensions",
    "5cee35a4-a50e-4d54-932a-8a8e57e575cd-considering-8-studies-9": "considering studies",
    "5cee35a4-a50e-4d54-932a-8a8e57e575cd-risers-14-transference-15": "risers transference",
    "5cee35a4-a50e-4d54-932a-8a8e57e575cd-chain-18-table-19": "chain table",
    "5cee35a4-a50e-4d54-932a-8a8e57e575cd-risers-23-connection-24-deck-25": "risers connection deck",
    "5cee35a4-a50e-4d54-932a-8a8e57e575cd-interference-11": "interference",
    "5cee35a4-a50e-4d54-932a-8a8e57e575cd-concepts-4": "concepts",
    "5cee35a4-a50e-4d54-932a-8a8e57e575cd-pull-18": "pull",
    "5cee35a4-a50e-4d54-932a-8a8e57e575cd-problem-11": "problem",
    "5cee35a4-a50e-4d54-932a-8a8e57e575cd-new-3": "new",
    "5cee35a4-a50e-4d54-932a-8a8e57e575cd-have-5-proposed-7": "have proposed",
    "5cee35a4-a50e-4d54-932a-8a8e57e575cd-Additionally-1": "Additionally",
    "5cee35a4-a50e-4d54-932a-8a8e57e575cd-floating-24": "floating",
    "5cee35a4-a50e-4d54-932a-8a8e57e575cd-risers-22": "risers",
    "5cee35a4-a50e-4d54-932a-8a8e57e575cd-Chain-13-Table-14-Interface-15": "Chain Table Interface",
    "5cee35a4-a50e-4d54-932a-8a8e57e575cd-production-25-systems-26": "production systems",
    "5cee35a4-a50e-4d54-932a-8a8e57e575cd-Considerable-59-reduction-60": "Considerable reduction",
    "5cee35a4-a50e-4d54-932a-8a8e57e575cd-time-62": "time",
    "5cee35a4-a50e-4d54-932a-8a8e57e575cd-I-5": "I",
    "5cee35a4-a50e-4d54-932a-8a8e57e575cd-diameters-17": "diameters",
    "5cee35a4-a50e-4d54-932a-8a8e57e575cd-inner-16": "inner",
    "5cee35a4-a50e-4d54-932a-8a8e57e575cd-Standardization-25": "Standardization",
    "5cee35a4-a50e-4d54-932a-8a8e57e575cd-systems-30": "systems",
    "5cee35a4-a50e-4d54-932a-8a8e57e575cd-Considerable-51-reduction-52": "Considerable reduction",
    "5cee35a4-a50e-4d54-932a-8a8e57e575cd-time-54": "time",
    "NE-TITLE-diver": "diver",
    "5cee35a4-a50e-4d54-932a-8a8e57e575cd-operations-57": "operations",
    "5cee35a4-a50e-4d54-932a-8a8e57e575cd-riser-27": "riser"
  },
  "graph": [
    {
      "subject_id": "5cee35a4-a50e-4d54-932a-8a8e57e575cd-34-20-risers-22",
      "relation": "individually connected to",
      "object_id": "5cee35a4-a50e-4d54-932a-8a8e57e575cd-Barracuda-27-FPSO-28-project-29"
    },
    {
      "subject_id": "5cee35a4-a50e-4d54-932a-8a8e57e575cd-34-20-risers-22",
      "relation": "is",
      "object_id": "5cee35a4-a50e-4d54-932a-8a8e57e575cd-flexible-21"
    },
    {
      "subject_id": "5cee35a4-a50e-4d54-932a-8a8e57e575cd-innovations-17",
      "relation": "install",
      "object_id": "5cee35a4-a50e-4d54-932a-8a8e57e575cd-34-20-risers-22"
    },
    {
      "subject_id": "5cee35a4-a50e-4d54-932a-8a8e57e575cd-innovations-17",
      "relation": "is",
      "object_id": "5cee35a4-a50e-4d54-932a-8a8e57e575cd-several-16"
    },
    {
      "subject_id": "5cee35a4-a50e-4d54-932a-8a8e57e575cd-34-20-risers-22",
      "relation": "connected to",
      "object_id": "5cee35a4-a50e-4d54-932a-8a8e57e575cd-Barracuda-27-FPSO-28-project-29"
    },
    {
      "subject_id": "5cee35a4-a50e-4d54-932a-8a8e57e575cd-innovations-17",
      "relation": "install individually connected",
      "object_id": "5cee35a4-a50e-4d54-932a-8a8e57e575cd-34-20-risers-22"
    },
    {
      "subject_id": "5cee35a4-a50e-4d54-932a-8a8e57e575cd-innovations-17",
      "relation": "install connected",
      "object_id": "5cee35a4-a50e-4d54-932a-8a8e57e575cd-34-20-risers-22"
    },
    {
      "subject_id": "5cee35a4-a50e-4d54-932a-8a8e57e575cd-paper-2",
      "relation": "pull out",
      "object_id": "5cee35a4-a50e-4d54-932a-8a8e57e575cd-operations-15"
    },
    {
      "subject_id": "5cee35a4-a50e-4d54-932a-8a8e57e575cd-paper-2",
      "relation": "provides in",
      "object_id": "5cee35a4-a50e-4d54-932a-8a8e57e575cd-overview-5"
    },
    {
      "subject_id": "5cee35a4-a50e-4d54-932a-8a8e57e575cd-paper-2",
      "relation": "provides",
      "object_id": "5cee35a4-a50e-4d54-932a-8a8e57e575cd-overview-5"
    },
    {
      "subject_id": "5cee35a4-a50e-4d54-932a-8a8e57e575cd-overview-5",
      "relation": "of",
      "object_id": "5cee35a4-a50e-4d54-932a-8a8e57e575cd-design-7"
    },
    {
      "subject_id": "5cee35a4-a50e-4d54-932a-8a8e57e575cd-overview-5",
      "relation": "of",
      "object_id": "5cee35a4-a50e-4d54-932a-8a8e57e575cd-pull-10"
    },
    {
      "subject_id": "5cee35a4-a50e-4d54-932a-8a8e57e575cd-paper-2",
      "relation": "deals with",
      "object_id": "5cee35a4-a50e-4d54-932a-8a8e57e575cd-tube-6-dimensions-7"
    },
    {
      "subject_id": "5cee35a4-a50e-4d54-932a-8a8e57e575cd-tube-6-dimensions-7",
      "relation": "of",
      "object_id": "5cee35a4-a50e-4d54-932a-8a8e57e575cd-considering-8-studies-9"
    },
    {
      "subject_id": "5cee35a4-a50e-4d54-932a-8a8e57e575cd-paper-2",
      "relation": "also deals with",
      "object_id": "5cee35a4-a50e-4d54-932a-8a8e57e575cd-tube-6-dimensions-7"
    },
    {
      "subject_id": "5cee35a4-a50e-4d54-932a-8a8e57e575cd-tube-6-dimensions-7",
      "relation": "of",
      "object_id": "5cee35a4-a50e-4d54-932a-8a8e57e575cd-risers-14-transference-15"
    },
    {
      "subject_id": "5cee35a4-a50e-4d54-932a-8a8e57e575cd-tube-6-dimensions-7",
      "relation": "of",
      "object_id": "5cee35a4-a50e-4d54-932a-8a8e57e575cd-chain-18-table-19"
    },
    {
      "subject_id": "5cee35a4-a50e-4d54-932a-8a8e57e575cd-tube-6-dimensions-7",
      "relation": "of",
      "object_id": "5cee35a4-a50e-4d54-932a-8a8e57e575cd-risers-23-connection-24-deck-25"
    },
    {
      "subject_id": "5cee35a4-a50e-4d54-932a-8a8e57e575cd-tube-6-dimensions-7",
      "relation": "of",
      "object_id": "5cee35a4-a50e-4d54-932a-8a8e57e575cd-interference-11"
    },
    {
      "subject_id": "5cee35a4-a50e-4d54-932a-8a8e57e575cd-concepts-4",
      "relation": "solve problem to",
      "object_id": "5cee35a4-a50e-4d54-932a-8a8e57e575cd-pull-18"
    },
    {
      "subject_id": "5cee35a4-a50e-4d54-932a-8a8e57e575cd-concepts-4",
      "relation": "solve",
      "object_id": "5cee35a4-a50e-4d54-932a-8a8e57e575cd-problem-11"
    },
    {
      "subject_id": "5cee35a4-a50e-4d54-932a-8a8e57e575cd-concepts-4",
      "relation": "is",
      "object_id": "5cee35a4-a50e-4d54-932a-8a8e57e575cd-new-3"
    },
    {
      "subject_id": "5cee35a4-a50e-4d54-932a-8a8e57e575cd-concepts-4",
      "relation": "have",
      "object_id": "5cee35a4-a50e-4d54-932a-8a8e57e575cd-have-5-proposed-7"
    },
    {
      "subject_id": "5cee35a4-a50e-4d54-932a-8a8e57e575cd-have-5-proposed-7",
      "relation": "at",
      "object_id": "5cee35a4-a50e-4d54-932a-8a8e57e575cd-Additionally-1"
    },
    {
      "subject_id": "5cee35a4-a50e-4d54-932a-8a8e57e575cd-pull-18",
      "relation": "is",
      "object_id": "5cee35a4-a50e-4d54-932a-8a8e57e575cd-floating-24"
    },
    {
      "subject_id": "5cee35a4-a50e-4d54-932a-8a8e57e575cd-pull-18",
      "relation": "of",
      "object_id": "5cee35a4-a50e-4d54-932a-8a8e57e575cd-risers-22"
    },
    {
      "subject_id": "5cee35a4-a50e-4d54-932a-8a8e57e575cd-problem-11",
      "relation": "of",
      "object_id": "5cee35a4-a50e-4d54-932a-8a8e57e575cd-Chain-13-Table-14-Interface-15"
    },
    {
      "subject_id": "5cee35a4-a50e-4d54-932a-8a8e57e575cd-pull-18",
      "relation": "of",
      "object_id": "5cee35a4-a50e-4d54-932a-8a8e57e575cd-production-25-systems-26"
    },
    {
      "subject_id": "5cee35a4-a50e-4d54-932a-8a8e57e575cd-pull-18",
      "relation": "is",
      "object_id": "5cee35a4-a50e-4d54-932a-8a8e57e575cd-flexible-21"
    },
    {
      "subject_id": "5cee35a4-a50e-4d54-932a-8a8e57e575cd-Considerable-59-reduction-60",
      "relation": "is in",
      "object_id": "5cee35a4-a50e-4d54-932a-8a8e57e575cd-time-62"
    },
    {
      "subject_id": "5cee35a4-a50e-4d54-932a-8a8e57e575cd-I-5",
      "relation": "tube",
      "object_id": "5cee35a4-a50e-4d54-932a-8a8e57e575cd-diameters-17"
    },
    {
      "subject_id": "5cee35a4-a50e-4d54-932a-8a8e57e575cd-diameters-17",
      "relation": "is",
      "object_id": "5cee35a4-a50e-4d54-932a-8a8e57e575cd-inner-16"
    },
    {
      "subject_id": "5cee35a4-a50e-4d54-932a-8a8e57e575cd-Standardization-25",
      "relation": "hang off",
      "object_id": "5cee35a4-a50e-4d54-932a-8a8e57e575cd-systems-30"
    },
    {
      "subject_id": "5cee35a4-a50e-4d54-932a-8a8e57e575cd-Considerable-51-reduction-52",
      "relation": "is in",
      "object_id": "5cee35a4-a50e-4d54-932a-8a8e57e575cd-time-54"
    },
    {
      "subject_id": "5cee35a4-a50e-4d54-932a-8a8e57e575cd-time-54",
      "relation": "of",
      "object_id": "NE-TITLE-diver"
    },
    {
      "subject_id": "5cee35a4-a50e-4d54-932a-8a8e57e575cd-time-54",
      "relation": "of",
      "object_id": "5cee35a4-a50e-4d54-932a-8a8e57e575cd-operations-57"
    },
    {
      "subject_id": "5cee35a4-a50e-4d54-932a-8a8e57e575cd-systems-30",
      "relation": "Standardization of",
      "object_id": "5cee35a4-a50e-4d54-932a-8a8e57e575cd-riser-27"
    }
  ],
  "links": {
    "5cee35a4-a50e-4d54-932a-8a8e57e575cd-34-20-risers-22": [],
    "5cee35a4-a50e-4d54-932a-8a8e57e575cd-Barracuda-27-FPSO-28-project-29": [],
    "5cee35a4-a50e-4d54-932a-8a8e57e575cd-flexible-21": [],
    "5cee35a4-a50e-4d54-932a-8a8e57e575cd-innovations-17": [],
    "5cee35a4-a50e-4d54-932a-8a8e57e575cd-several-16": [],
    "5cee35a4-a50e-4d54-932a-8a8e57e575cd-paper-2": [],
    "5cee35a4-a50e-4d54-932a-8a8e57e575cd-operations-15": [],
    "5cee35a4-a50e-4d54-932a-8a8e57e575cd-overview-5": [],
    "5cee35a4-a50e-4d54-932a-8a8e57e575cd-design-7": [],
    "5cee35a4-a50e-4d54-932a-8a8e57e575cd-pull-10": [],
    "5cee35a4-a50e-4d54-932a-8a8e57e575cd-tube-6-dimensions-7": [],
    "5cee35a4-a50e-4d54-932a-8a8e57e575cd-considering-8-studies-9": [],
    "5cee35a4-a50e-4d54-932a-8a8e57e575cd-risers-14-transference-15": [],
    "5cee35a4-a50e-4d54-932a-8a8e57e575cd-chain-18-table-19": [],
    "5cee35a4-a50e-4d54-932a-8a8e57e575cd-risers-23-connection-24-deck-25": [],
    "5cee35a4-a50e-4d54-932a-8a8e57e575cd-interference-11": [],
    "5cee35a4-a50e-4d54-932a-8a8e57e575cd-concepts-4": [],
    "5cee35a4-a50e-4d54-932a-8a8e57e575cd-pull-18": [],
    "5cee35a4-a50e-4d54-932a-8a8e57e575cd-problem-11": [],
    "5cee35a4-a50e-4d54-932a-8a8e57e575cd-new-3": [],
    "5cee35a4-a50e-4d54-932a-8a8e57e575cd-have-5-proposed-7": [],
    "5cee35a4-a50e-4d54-932a-8a8e57e575cd-Additionally-1": [],
    "5cee35a4-a50e-4d54-932a-8a8e57e575cd-floating-24": [],
    "5cee35a4-a50e-4d54-932a-8a8e57e575cd-risers-22": [],
    "5cee35a4-a50e-4d54-932a-8a8e57e575cd-Chain-13-Table-14-Interface-15": [],
    "5cee35a4-a50e-4d54-932a-8a8e57e575cd-production-25-systems-26": [],
    "5cee35a4-a50e-4d54-932a-8a8e57e575cd-Considerable-59-reduction-60": [
      "5cee35a4-a50e-4d54-932a-8a8e57e575cd-Considerable-51-reduction-52"
    ],
    "5cee35a4-a50e-4d54-932a-8a8e57e575cd-time-62": [],
    "5cee35a4-a50e-4d54-932a-8a8e57e575cd-I-5": [],
    "5cee35a4-a50e-4d54-932a-8a8e57e575cd-diameters-17": [],
    "5cee35a4-a50e-4d54-932a-8a8e57e575cd-inner-16": [],
    "5cee35a4-a50e-4d54-932a-8a8e57e575cd-Standardization-25": [],
    "5cee35a4-a50e-4d54-932a-8a8e57e575cd-systems-30": [],
    "5cee35a4-a50e-4d54-932a-8a8e57e575cd-Considerable-51-reduction-52": [
      "5cee35a4-a50e-4d54-932a-8a8e57e575cd-Considerable-59-reduction-60"
    ],
    "5cee35a4-a50e-4d54-932a-8a8e57e575cd-time-54": [],
    "NE-TITLE-diver": [],
    "5cee35a4-a50e-4d54-932a-8a8e57e575cd-operations-57": [],
    "5cee35a4-a50e-4d54-932a-8a8e57e575cd-riser-27": []
  }
}