{
  "document": "D:/Projetos/PIRA_KG/documents/onu_85051673888.txt",
  "entities": {
    "e872f4cb-a7b5-4cad-b4c9-ddb031864494-market-13": "market",
    "e872f4cb-a7b5-4cad-b4c9-ddb031864494-%-20-of-21-offshore-23-platforms-24-installed-25": "% of offshore platforms installed",
    "NE-NATIONALITY-Brazilian": "Brazilian",
    "NE-COUNTRY-Brazil": "Brazil",
    "NE-PERCENT-5%": "5 %",
    "e872f4cb-a7b5-4cad-b4c9-ddb031864494-only-18": "only",
    "e872f4cb-a7b5-4cad-b4c9-ddb031864494-end-15": "end",
    "e872f4cb-a7b5-4cad-b4c9-ddb031864494-platform-22-structures-23": "platform structures",
    "e872f4cb-a7b5-4cad-b4c9-ddb031864494-many-21": "many",
    "e872f4cb-a7b5-4cad-b4c9-ddb031864494-oil-20-companies-21": "oil companies",
    "e872f4cb-a7b5-4cad-b4c9-ddb031864494-profitability-25-of-26-production-28-unit-29": "profitability of production unit",
    "NE-DATE-fall": "fall",
    "e872f4cb-a7b5-4cad-b4c9-ddb031864494-addition-2": "addition",
    "e872f4cb-a7b5-4cad-b4c9-ddb031864494-oil-16-price-17": "oil price",
    "e872f4cb-a7b5-4cad-b4c9-ddb031864494-changes-4": "changes",
    "e872f4cb-a7b5-4cad-b4c9-ddb031864494-recent-12": "recent",
    "e872f4cb-a7b5-4cad-b4c9-ddb031864494-market-9": "market",
    "e872f4cb-a7b5-4cad-b4c9-ddb031864494-sharp-13": "sharp",
    "e872f4cb-a7b5-4cad-b4c9-ddb031864494-global-8": "global",
    "e872f4cb-a7b5-4cad-b4c9-ddb031864494-Forecast-1": "Forecast",
    "e872f4cb-a7b5-4cad-b4c9-ddb031864494-mapped-7": "mapped",
    "e872f4cb-a7b5-4cad-b4c9-ddb031864494-finally-6": "finally",
    "e872f4cb-a7b5-4cad-b4c9-ddb031864494-terms-15": "terms",
    "e872f4cb-a7b5-4cad-b4c9-ddb031864494-short-10": "short"
  },
  "graph": [
    {
      "subject_id": "e872f4cb-a7b5-4cad-b4c9-ddb031864494-market-13",
      "relation": "face",
      "object_id": "e872f4cb-a7b5-4cad-b4c9-ddb031864494-%-20-of-21-offshore-23-platforms-24-installed-25"
    },
    {
      "subject_id": "e872f4cb-a7b5-4cad-b4c9-ddb031864494-market-13",
      "relation": "is",
      "object_id": "NE-NATIONALITY-Brazilian"
    },
    {
      "subject_id": "e872f4cb-a7b5-4cad-b4c9-ddb031864494-%-20-of-21-offshore-23-platforms-24-installed-25",
      "relation": "at",
      "object_id": "NE-COUNTRY-Brazil"
    },
    {
      "subject_id": "e872f4cb-a7b5-4cad-b4c9-ddb031864494-%-20-of-21-offshore-23-platforms-24-installed-25",
      "relation": "at",
      "object_id": "NE-PERCENT-5%"
    },
    {
      "subject_id": "e872f4cb-a7b5-4cad-b4c9-ddb031864494-%-20-of-21-offshore-23-platforms-24-installed-25",
      "relation": "at",
      "object_id": "e872f4cb-a7b5-4cad-b4c9-ddb031864494-only-18"
    },
    {
      "subject_id": "e872f4cb-a7b5-4cad-b4c9-ddb031864494-end-15",
      "relation": "years",
      "object_id": "e872f4cb-a7b5-4cad-b4c9-ddb031864494-platform-22-structures-23"
    },
    {
      "subject_id": "e872f4cb-a7b5-4cad-b4c9-ddb031864494-end-15",
      "relation": "many fields",
      "object_id": "e872f4cb-a7b5-4cad-b4c9-ddb031864494-platform-22-structures-23"
    },
    {
      "subject_id": "e872f4cb-a7b5-4cad-b4c9-ddb031864494-platform-22-structures-23",
      "relation": "is",
      "object_id": "e872f4cb-a7b5-4cad-b4c9-ddb031864494-many-21"
    },
    {
      "subject_id": "e872f4cb-a7b5-4cad-b4c9-ddb031864494-end-15",
      "relation": "have",
      "object_id": "e872f4cb-a7b5-4cad-b4c9-ddb031864494-platform-22-structures-23"
    },
    {
      "subject_id": "e872f4cb-a7b5-4cad-b4c9-ddb031864494-end-15",
      "relation": "few years",
      "object_id": "e872f4cb-a7b5-4cad-b4c9-ddb031864494-platform-22-structures-23"
    },
    {
      "subject_id": "e872f4cb-a7b5-4cad-b4c9-ddb031864494-end-15",
      "relation": "last few years",
      "object_id": "e872f4cb-a7b5-4cad-b4c9-ddb031864494-platform-22-structures-23"
    },
    {
      "subject_id": "e872f4cb-a7b5-4cad-b4c9-ddb031864494-end-15",
      "relation": "last years",
      "object_id": "e872f4cb-a7b5-4cad-b4c9-ddb031864494-platform-22-structures-23"
    },
    {
      "subject_id": "e872f4cb-a7b5-4cad-b4c9-ddb031864494-oil-20-companies-21",
      "relation": "re-estimate",
      "object_id": "e872f4cb-a7b5-4cad-b4c9-ddb031864494-profitability-25-of-26-production-28-unit-29"
    },
    {
      "subject_id": "NE-DATE-fall",
      "relation": "are inducing oil companies In",
      "object_id": "e872f4cb-a7b5-4cad-b4c9-ddb031864494-addition-2"
    },
    {
      "subject_id": "e872f4cb-a7b5-4cad-b4c9-ddb031864494-oil-20-companies-21",
      "relation": "recent fall in",
      "object_id": "e872f4cb-a7b5-4cad-b4c9-ddb031864494-oil-16-price-17"
    },
    {
      "subject_id": "e872f4cb-a7b5-4cad-b4c9-ddb031864494-changes-4",
      "relation": "are inducing oil companies In",
      "object_id": "e872f4cb-a7b5-4cad-b4c9-ddb031864494-addition-2"
    },
    {
      "subject_id": "e872f4cb-a7b5-4cad-b4c9-ddb031864494-oil-20-companies-21",
      "relation": "fall in",
      "object_id": "e872f4cb-a7b5-4cad-b4c9-ddb031864494-oil-16-price-17"
    },
    {
      "subject_id": "e872f4cb-a7b5-4cad-b4c9-ddb031864494-oil-20-companies-21",
      "relation": "sharp fall in",
      "object_id": "e872f4cb-a7b5-4cad-b4c9-ddb031864494-oil-16-price-17"
    },
    {
      "subject_id": "NE-DATE-fall",
      "relation": "are inducing",
      "object_id": "e872f4cb-a7b5-4cad-b4c9-ddb031864494-oil-20-companies-21"
    },
    {
      "subject_id": "NE-DATE-fall",
      "relation": "is",
      "object_id": "e872f4cb-a7b5-4cad-b4c9-ddb031864494-recent-12"
    },
    {
      "subject_id": "e872f4cb-a7b5-4cad-b4c9-ddb031864494-oil-20-companies-21",
      "relation": "acting on",
      "object_id": "e872f4cb-a7b5-4cad-b4c9-ddb031864494-market-9"
    },
    {
      "subject_id": "NE-DATE-fall",
      "relation": "is in",
      "object_id": "e872f4cb-a7b5-4cad-b4c9-ddb031864494-oil-16-price-17"
    },
    {
      "subject_id": "e872f4cb-a7b5-4cad-b4c9-ddb031864494-changes-4",
      "relation": "are inducing",
      "object_id": "e872f4cb-a7b5-4cad-b4c9-ddb031864494-oil-20-companies-21"
    },
    {
      "subject_id": "NE-DATE-fall",
      "relation": "is",
      "object_id": "e872f4cb-a7b5-4cad-b4c9-ddb031864494-sharp-13"
    },
    {
      "subject_id": "e872f4cb-a7b5-4cad-b4c9-ddb031864494-market-9",
      "relation": "is",
      "object_id": "e872f4cb-a7b5-4cad-b4c9-ddb031864494-global-8"
    },
    {
      "subject_id": "e872f4cb-a7b5-4cad-b4c9-ddb031864494-oil-20-companies-21",
      "relation": "recent sharp fall in",
      "object_id": "e872f4cb-a7b5-4cad-b4c9-ddb031864494-oil-16-price-17"
    },
    {
      "subject_id": "e872f4cb-a7b5-4cad-b4c9-ddb031864494-Forecast-1",
      "relation": "is",
      "object_id": "e872f4cb-a7b5-4cad-b4c9-ddb031864494-mapped-7"
    },
    {
      "subject_id": "e872f4cb-a7b5-4cad-b4c9-ddb031864494-mapped-7",
      "relation": "at",
      "object_id": "e872f4cb-a7b5-4cad-b4c9-ddb031864494-finally-6"
    },
    {
      "subject_id": "e872f4cb-a7b5-4cad-b4c9-ddb031864494-Forecast-1",
      "relation": "is finally mapped in",
      "object_id": "e872f4cb-a7b5-4cad-b4c9-ddb031864494-terms-15"
    },
    {
      "subject_id": "e872f4cb-a7b5-4cad-b4c9-ddb031864494-Forecast-1",
      "relation": "is mapped in",
      "object_id": "e872f4cb-a7b5-4cad-b4c9-ddb031864494-terms-15"
    },
    {
      "subject_id": "e872f4cb-a7b5-4cad-b4c9-ddb031864494-terms-15",
      "relation": "is",
      "object_id": "e872f4cb-a7b5-4cad-b4c9-ddb031864494-short-10"
    }
  ],
  "links": {
    "e872f4cb-a7b5-4cad-b4c9-ddb031864494-market-13": [],
    "e872f4cb-a7b5-4cad-b4c9-ddb031864494-%-20-of-21-offshore-23-platforms-24-installed-25": [],
    "NE-NATIONALITY-Brazilian": [],
    "NE-COUNTRY-Brazil": [],
    "NE-PERCENT-5%": [],
    "e872f4cb-a7b5-4cad-b4c9-ddb031864494-only-18": [],
    "e872f4cb-a7b5-4cad-b4c9-ddb031864494-end-15": [],
    "e872f4cb-a7b5-4cad-b4c9-ddb031864494-platform-22-structures-23": [],
    "e872f4cb-a7b5-4cad-b4c9-ddb031864494-many-21": [],
    "e872f4cb-a7b5-4cad-b4c9-ddb031864494-oil-20-companies-21": [],
    "e872f4cb-a7b5-4cad-b4c9-ddb031864494-profitability-25-of-26-production-28-unit-29": [],
    "NE-DATE-fall": [],
    "e872f4cb-a7b5-4cad-b4c9-ddb031864494-addition-2": [],
    "e872f4cb-a7b5-4cad-b4c9-ddb031864494-oil-16-price-17": [],
    "e872f4cb-a7b5-4cad-b4c9-ddb031864494-changes-4": [],
    "e872f4cb-a7b5-4cad-b4c9-ddb031864494-recent-12": [],
    "e872f4cb-a7b5-4cad-b4c9-ddb031864494-market-9": [],
    "e872f4cb-a7b5-4cad-b4c9-ddb031864494-sharp-13": [],
    "e872f4cb-a7b5-4cad-b4c9-ddb031864494-global-8": [],
    "e872f4cb-a7b5-4cad-b4c9-ddb031864494-Forecast-1": [],
    "e872f4cb-a7b5-4cad-b4c9-ddb031864494-mapped-7": [],
    "e872f4cb-a7b5-4cad-b4c9-ddb031864494-finally-6": [],
    "e872f4cb-a7b5-4cad-b4c9-ddb031864494-terms-15": [],
    "e872f4cb-a7b5-4cad-b4c9-ddb031864494-short-10": []
  }
}