{
  "document": "D:/Projetos/PIRA_KG/documents/onu_85070853924.txt",
  "entities": {
    "6dc1853a-1825-449e-9547-d497b3114adb-objective-2": "objective",
    "6dc1853a-1825-449e-9547-d497b3114adb-climate-10": "climate",
    "NE-LOCATION-Espírito-Santo": "Espírito Santo",
    "NE-LOCATION-Basin": "Basin",
    "NE-CITY-Campos": "Campos",
    "6dc1853a-1825-449e-9547-d497b3114adb-work-5": "work",
    "6dc1853a-1825-449e-9547-d497b3114adb-data-3": "data",
    "6dc1853a-1825-449e-9547-d497b3114adb-used-28": "used",
    "6dc1853a-1825-449e-9547-d497b3114adb-observed-2": "observed",
    "6dc1853a-1825-449e-9547-d497b3114adb-north-2-wind-3": "north wind",
    "6dc1853a-1825-449e-9547-d497b3114adb-intense-6": "intense",
    "6dc1853a-1825-449e-9547-d497b3114adb-south-9-quadrant-10-wind-11": "south quadrant wind",
    "6dc1853a-1825-449e-9547-d497b3114adb-more-5": "more",
    "6dc1853a-1825-449e-9547-d497b3114adb-wind-3-speed-4": "wind speed",
    "6dc1853a-1825-449e-9547-d497b3114adb-anticyclone-11-position-12": "anticyclone position",
    "NE-LOCATION-South-Atlantic": "South Atlantic",
    "6dc1853a-1825-449e-9547-d497b3114adb-average-2": "average",
    "6dc1853a-1825-449e-9547-d497b3114adb-subtropical-10": "subtropical",
    "6dc1853a-1825-449e-9547-d497b3114adb-average-12": "average",
    "6dc1853a-1825-449e-9547-d497b3114adb-5.3-14-m-15-s-16-1-18": "5.3 m s 1",
    "6dc1853a-1825-449e-9547-d497b3114adb-wind-2": "wind",
    "6dc1853a-1825-449e-9547-d497b3114adb-weaker-4": "weaker",
    "NE-DATE-April": "April",
    "NE-SET-monthly": "monthly",
    "NE-DATE-autumn": "autumn",
    "6dc1853a-1825-449e-9547-d497b3114adb-m-42-relative-43-humidity-44": "m relative humidity",
    "NE-PERCENT-72.7%": "72.7 %",
    "6dc1853a-1825-449e-9547-d497b3114adb-2-40": "2",
    "6dc1853a-1825-449e-9547-d497b3114adb-sea-3-level-4-pressure-5": "sea level pressure",
    "6dc1853a-1825-449e-9547-d497b3114adb-1012.3-8-hPa-9": "1012.3 hPa",
    "6dc1853a-1825-449e-9547-d497b3114adb-m-23-air-24-temperature-25": "m air temperature",
    "6dc1853a-1825-449e-9547-d497b3114adb-23.2-28-°C-29": "23.2 °C",
    "NE-DATE-summer": "summer",
    "6dc1853a-1825-449e-9547-d497b3114adb-mean-2": "mean",
    "6dc1853a-1825-449e-9547-d497b3114adb-minimum-47": "minimum",
    "NE-DATE-winter": "winter",
    "NE-DATE-May": "May",
    "NE-DATE-September": "September",
    "6dc1853a-1825-449e-9547-d497b3114adb-2-21": "2",
    "6dc1853a-1825-449e-9547-d497b3114adb-maximum-55": "maximum",
    "NE-DATE-December": "December",
    "6dc1853a-1825-449e-9547-d497b3114adb-maximum-23": "maximum",
    "6dc1853a-1825-449e-9547-d497b3114adb-ESGA-17": "ESGA",
    "6dc1853a-1825-449e-9547-d497b3114adb-systems-13": "systems",
    "6dc1853a-1825-449e-9547-d497b3114adb-30.2-12": "30.2",
    "6dc1853a-1825-449e-9547-d497b3114adb-southern-16": "southern",
    "6dc1853a-1825-449e-9547-d497b3114adb-minimum-32": "minimum",
    "NE-DATE-February": "February"
  },
  "graph": [
    {
      "subject_id": "6dc1853a-1825-449e-9547-d497b3114adb-objective-2",
      "relation": "is describe",
      "object_id": "6dc1853a-1825-449e-9547-d497b3114adb-climate-10"
    },
    {
      "subject_id": "6dc1853a-1825-449e-9547-d497b3114adb-climate-10",
      "relation": "of",
      "object_id": "NE-LOCATION-Espírito-Santo"
    },
    {
      "subject_id": "NE-LOCATION-Basin",
      "relation": "is of",
      "object_id": "NE-CITY-Campos"
    },
    {
      "subject_id": "6dc1853a-1825-449e-9547-d497b3114adb-climate-10",
      "relation": "objective of",
      "object_id": "6dc1853a-1825-449e-9547-d497b3114adb-work-5"
    },
    {
      "subject_id": "6dc1853a-1825-449e-9547-d497b3114adb-data-3",
      "relation": "are",
      "object_id": "6dc1853a-1825-449e-9547-d497b3114adb-used-28"
    },
    {
      "subject_id": "6dc1853a-1825-449e-9547-d497b3114adb-data-3",
      "relation": "is",
      "object_id": "6dc1853a-1825-449e-9547-d497b3114adb-observed-2"
    },
    {
      "subject_id": "6dc1853a-1825-449e-9547-d497b3114adb-north-2-wind-3",
      "relation": "is",
      "object_id": "6dc1853a-1825-449e-9547-d497b3114adb-intense-6"
    },
    {
      "subject_id": "6dc1853a-1825-449e-9547-d497b3114adb-north-2-wind-3",
      "relation": "is intense than",
      "object_id": "6dc1853a-1825-449e-9547-d497b3114adb-south-9-quadrant-10-wind-11"
    },
    {
      "subject_id": "6dc1853a-1825-449e-9547-d497b3114adb-north-2-wind-3",
      "relation": "is more intense than",
      "object_id": "6dc1853a-1825-449e-9547-d497b3114adb-south-9-quadrant-10-wind-11"
    },
    {
      "subject_id": "6dc1853a-1825-449e-9547-d497b3114adb-intense-6",
      "relation": "at",
      "object_id": "6dc1853a-1825-449e-9547-d497b3114adb-more-5"
    },
    {
      "subject_id": "6dc1853a-1825-449e-9547-d497b3114adb-wind-3-speed-4",
      "relation": "depends on",
      "object_id": "6dc1853a-1825-449e-9547-d497b3114adb-anticyclone-11-position-12"
    },
    {
      "subject_id": "6dc1853a-1825-449e-9547-d497b3114adb-anticyclone-11-position-12",
      "relation": "of",
      "object_id": "NE-LOCATION-South-Atlantic"
    },
    {
      "subject_id": "6dc1853a-1825-449e-9547-d497b3114adb-wind-3-speed-4",
      "relation": "is",
      "object_id": "6dc1853a-1825-449e-9547-d497b3114adb-average-2"
    },
    {
      "subject_id": "6dc1853a-1825-449e-9547-d497b3114adb-anticyclone-11-position-12",
      "relation": "is",
      "object_id": "6dc1853a-1825-449e-9547-d497b3114adb-subtropical-10"
    },
    {
      "subject_id": "6dc1853a-1825-449e-9547-d497b3114adb-north-2-wind-3",
      "relation": "reaches",
      "object_id": "6dc1853a-1825-449e-9547-d497b3114adb-average-12"
    },
    {
      "subject_id": "6dc1853a-1825-449e-9547-d497b3114adb-north-2-wind-3",
      "relation": "average of",
      "object_id": "6dc1853a-1825-449e-9547-d497b3114adb-5.3-14-m-15-s-16-1-18"
    },
    {
      "subject_id": "6dc1853a-1825-449e-9547-d497b3114adb-north-2-wind-3",
      "relation": "reaches",
      "object_id": "6dc1853a-1825-449e-9547-d497b3114adb-5.3-14-m-15-s-16-1-18"
    },
    {
      "subject_id": "6dc1853a-1825-449e-9547-d497b3114adb-5.3-14-m-15-s-16-1-18",
      "relation": "is",
      "object_id": "6dc1853a-1825-449e-9547-d497b3114adb-average-12"
    },
    {
      "subject_id": "6dc1853a-1825-449e-9547-d497b3114adb-5.3-14-m-15-s-16-1-18",
      "relation": "of",
      "object_id": "6dc1853a-1825-449e-9547-d497b3114adb-average-12"
    },
    {
      "subject_id": "6dc1853a-1825-449e-9547-d497b3114adb-wind-2",
      "relation": "is",
      "object_id": "6dc1853a-1825-449e-9547-d497b3114adb-weaker-4"
    },
    {
      "subject_id": "6dc1853a-1825-449e-9547-d497b3114adb-average-12",
      "relation": "is in",
      "object_id": "NE-DATE-April"
    },
    {
      "subject_id": "6dc1853a-1825-449e-9547-d497b3114adb-average-12",
      "relation": "is",
      "object_id": "NE-SET-monthly"
    },
    {
      "subject_id": "6dc1853a-1825-449e-9547-d497b3114adb-north-2-wind-3",
      "relation": "average in",
      "object_id": "NE-DATE-April"
    },
    {
      "subject_id": "6dc1853a-1825-449e-9547-d497b3114adb-north-2-wind-3",
      "relation": "monthly average of",
      "object_id": "6dc1853a-1825-449e-9547-d497b3114adb-5.3-14-m-15-s-16-1-18"
    },
    {
      "subject_id": "6dc1853a-1825-449e-9547-d497b3114adb-north-2-wind-3",
      "relation": "monthly average in",
      "object_id": "NE-DATE-April"
    },
    {
      "subject_id": "6dc1853a-1825-449e-9547-d497b3114adb-wind-2",
      "relation": "is weaker during",
      "object_id": "NE-DATE-autumn"
    },
    {
      "subject_id": "6dc1853a-1825-449e-9547-d497b3114adb-average-12",
      "relation": "of",
      "object_id": "NE-DATE-April"
    },
    {
      "subject_id": "6dc1853a-1825-449e-9547-d497b3114adb-m-42-relative-43-humidity-44",
      "relation": "minimum of",
      "object_id": "NE-PERCENT-72.7%"
    },
    {
      "subject_id": "6dc1853a-1825-449e-9547-d497b3114adb-m-42-relative-43-humidity-44",
      "relation": "amount to",
      "object_id": "6dc1853a-1825-449e-9547-d497b3114adb-2-40"
    },
    {
      "subject_id": "6dc1853a-1825-449e-9547-d497b3114adb-sea-3-level-4-pressure-5",
      "relation": "oscillates between",
      "object_id": "6dc1853a-1825-449e-9547-d497b3114adb-1012.3-8-hPa-9"
    },
    {
      "subject_id": "6dc1853a-1825-449e-9547-d497b3114adb-m-23-air-24-temperature-25",
      "relation": "varies between",
      "object_id": "6dc1853a-1825-449e-9547-d497b3114adb-23.2-28-°C-29"
    },
    {
      "subject_id": "6dc1853a-1825-449e-9547-d497b3114adb-sea-3-level-4-pressure-5",
      "relation": "oscillates in",
      "object_id": "NE-DATE-summer"
    },
    {
      "subject_id": "6dc1853a-1825-449e-9547-d497b3114adb-sea-3-level-4-pressure-5",
      "relation": "is",
      "object_id": "6dc1853a-1825-449e-9547-d497b3114adb-mean-2"
    },
    {
      "subject_id": "6dc1853a-1825-449e-9547-d497b3114adb-m-42-relative-43-humidity-44",
      "relation": "exhibits",
      "object_id": "6dc1853a-1825-449e-9547-d497b3114adb-minimum-47"
    },
    {
      "subject_id": "6dc1853a-1825-449e-9547-d497b3114adb-sea-3-level-4-pressure-5",
      "relation": "oscillates in",
      "object_id": "NE-DATE-winter"
    },
    {
      "subject_id": "6dc1853a-1825-449e-9547-d497b3114adb-m-42-relative-43-humidity-44",
      "relation": "exhibits minimum in",
      "object_id": "NE-DATE-May"
    },
    {
      "subject_id": "6dc1853a-1825-449e-9547-d497b3114adb-m-23-air-24-temperature-25",
      "relation": "varies in",
      "object_id": "NE-DATE-September"
    },
    {
      "subject_id": "6dc1853a-1825-449e-9547-d497b3114adb-m-42-relative-43-humidity-44",
      "relation": "exhibits",
      "object_id": "NE-PERCENT-72.7%"
    },
    {
      "subject_id": "6dc1853a-1825-449e-9547-d497b3114adb-m-23-air-24-temperature-25",
      "relation": "amount to",
      "object_id": "6dc1853a-1825-449e-9547-d497b3114adb-2-21"
    },
    {
      "subject_id": "6dc1853a-1825-449e-9547-d497b3114adb-maximum-55",
      "relation": "is in",
      "object_id": "NE-DATE-December"
    },
    {
      "subject_id": "6dc1853a-1825-449e-9547-d497b3114adb-maximum-23",
      "relation": "is in",
      "object_id": "NE-DATE-September"
    },
    {
      "subject_id": "6dc1853a-1825-449e-9547-d497b3114adb-ESGA-17",
      "relation": "average of",
      "object_id": "6dc1853a-1825-449e-9547-d497b3114adb-systems-13"
    },
    {
      "subject_id": "6dc1853a-1825-449e-9547-d497b3114adb-systems-13",
      "relation": "amount to",
      "object_id": "6dc1853a-1825-449e-9547-d497b3114adb-30.2-12"
    },
    {
      "subject_id": "6dc1853a-1825-449e-9547-d497b3114adb-ESGA-17",
      "relation": "is",
      "object_id": "6dc1853a-1825-449e-9547-d497b3114adb-southern-16"
    },
    {
      "subject_id": "6dc1853a-1825-449e-9547-d497b3114adb-minimum-32",
      "relation": "is in",
      "object_id": "NE-DATE-February"
    }
  ],
  "links": {
    "6dc1853a-1825-449e-9547-d497b3114adb-objective-2": [],
    "6dc1853a-1825-449e-9547-d497b3114adb-climate-10": [],
    "NE-LOCATION-Espírito-Santo": [],
    "NE-LOCATION-Basin": [],
    "NE-CITY-Campos": [],
    "6dc1853a-1825-449e-9547-d497b3114adb-work-5": [],
    "6dc1853a-1825-449e-9547-d497b3114adb-data-3": [],
    "6dc1853a-1825-449e-9547-d497b3114adb-used-28": [],
    "6dc1853a-1825-449e-9547-d497b3114adb-observed-2": [],
    "6dc1853a-1825-449e-9547-d497b3114adb-north-2-wind-3": [],
    "6dc1853a-1825-449e-9547-d497b3114adb-intense-6": [],
    "6dc1853a-1825-449e-9547-d497b3114adb-south-9-quadrant-10-wind-11": [],
    "6dc1853a-1825-449e-9547-d497b3114adb-more-5": [],
    "6dc1853a-1825-449e-9547-d497b3114adb-wind-3-speed-4": [],
    "6dc1853a-1825-449e-9547-d497b3114adb-anticyclone-11-position-12": [],
    "NE-LOCATION-South-Atlantic": [],
    "6dc1853a-1825-449e-9547-d497b3114adb-average-2": [],
    "6dc1853a-1825-449e-9547-d497b3114adb-subtropical-10": [],
    "6dc1853a-1825-449e-9547-d497b3114adb-average-12": [],
    "6dc1853a-1825-449e-9547-d497b3114adb-5.3-14-m-15-s-16-1-18": [],
    "6dc1853a-1825-449e-9547-d497b3114adb-wind-2": [],
    "6dc1853a-1825-449e-9547-d497b3114adb-weaker-4": [],
    "NE-DATE-April": [],
    "NE-SET-monthly": [],
    "NE-DATE-autumn": [],
    "6dc1853a-1825-449e-9547-d497b3114adb-m-42-relative-43-humidity-44": [],
    "NE-PERCENT-72.7%": [],
    "6dc1853a-1825-449e-9547-d497b3114adb-2-40": [
      "6dc1853a-1825-449e-9547-d497b3114adb-2-21"
    ],
    "6dc1853a-1825-449e-9547-d497b3114adb-sea-3-level-4-pressure-5": [],
    "6dc1853a-1825-449e-9547-d497b3114adb-1012.3-8-hPa-9": [],
    "6dc1853a-1825-449e-9547-d497b3114adb-m-23-air-24-temperature-25": [],
    "6dc1853a-1825-449e-9547-d497b3114adb-23.2-28-°C-29": [],
    "NE-DATE-summer": [
      "NE-DATE-winter"
    ],
    "6dc1853a-1825-449e-9547-d497b3114adb-mean-2": [],
    "6dc1853a-1825-449e-9547-d497b3114adb-minimum-47": [],
    "NE-DATE-winter": [
      "NE-DATE-summer"
    ],
    "NE-DATE-May": [],
    "NE-DATE-September": [],
    "6dc1853a-1825-449e-9547-d497b3114adb-2-21": [
      "6dc1853a-1825-449e-9547-d497b3114adb-2-40"
    ],
    "6dc1853a-1825-449e-9547-d497b3114adb-maximum-55": [
      "6dc1853a-1825-449e-9547-d497b3114adb-maximum-23"
    ],
    "NE-DATE-December": [],
    "6dc1853a-1825-449e-9547-d497b3114adb-maximum-23": [
      "6dc1853a-1825-449e-9547-d497b3114adb-maximum-55"
    ],
    "6dc1853a-1825-449e-9547-d497b3114adb-ESGA-17": [],
    "6dc1853a-1825-449e-9547-d497b3114adb-systems-13": [],
    "6dc1853a-1825-449e-9547-d497b3114adb-30.2-12": [],
    "6dc1853a-1825-449e-9547-d497b3114adb-southern-16": [],
    "6dc1853a-1825-449e-9547-d497b3114adb-minimum-32": [],
    "NE-DATE-February": []
  }
}