{
  "document": "D:/Projetos/PIRA_KG/documents/onu_85085778037.txt",
  "entities": {
    "2dd1a90e-7412-4b7d-ac70-cba9b0380628-Oilfields-2": "Oilfields",
    "2dd1a90e-7412-4b7d-ac70-cba9b0380628-refered-4": "refered",
    "2dd1a90e-7412-4b7d-ac70-cba9b0380628-Marginal-1": "Marginal",
    "2dd1a90e-7412-4b7d-ac70-cba9b0380628-oilfields-11": "oilfields",
    "2dd1a90e-7412-4b7d-ac70-cba9b0380628-may-12-transferred-14": "may transferred",
    "2dd1a90e-7412-4b7d-ac70-cba9b0380628-marginal-10": "marginal",
    "2dd1a90e-7412-4b7d-ac70-cba9b0380628-certain-4": "certain",
    "2dd1a90e-7412-4b7d-ac70-cba9b0380628-economical-5": "economical",
    "2dd1a90e-7412-4b7d-ac70-cba9b0380628-ones-18": "ones",
    "2dd1a90e-7412-4b7d-ac70-cba9b0380628-conventional-17": "conventional",
    "2dd1a90e-7412-4b7d-ac70-cba9b0380628-However-1": "However",
    "2dd1a90e-7412-4b7d-ac70-cba9b0380628-circumstances-8": "circumstances",
    "NE-ORGANIZATION-Petrobras": "Petrobras",
    "2dd1a90e-7412-4b7d-ac70-cba9b0380628-reservoir-9": "reservoir",
    "2dd1a90e-7412-4b7d-ac70-cba9b0380628-deep-8": "deep",
    "2dd1a90e-7412-4b7d-ac70-cba9b0380628-offshore-7": "offshore",
    "2dd1a90e-7412-4b7d-ac70-cba9b0380628-discovery-35": "discovery",
    "NE-LOCATION-Basin": "Basin",
    "2dd1a90e-7412-4b7d-ac70-cba9b0380628-ever-6": "ever",
    "NE-ORDINAL-first": "first",
    "NE-CITY-Santos": "Santos",
    "2dd1a90e-7412-4b7d-ac70-cba9b0380628-cooperation-4-contract-5": "cooperation contract",
    "NE-PERCENT-10%": "10 %",
    "2dd1a90e-7412-4b7d-ac70-cba9b0380628-total-16": "total",
    "NE-ORGANIZATION-CNPC": "CNPC",
    "2dd1a90e-7412-4b7d-ac70-cba9b0380628-shares-17": "shares",
    "NE-DATE-2013": "2013",
    "2dd1a90e-7412-4b7d-ac70-cba9b0380628-field-15-development-16": "field development",
    "2dd1a90e-7412-4b7d-ac70-cba9b0380628-have-26-analyzed-28": "have analyzed",
    "2dd1a90e-7412-4b7d-ac70-cba9b0380628-water-35-injection-36-technologies-37": "water injection technologies",
    "2dd1a90e-7412-4b7d-ac70-cba9b0380628-oilfield-45": "oilfield",
    "2dd1a90e-7412-4b7d-ac70-cba9b0380628-smart-34": "smart",
    "2dd1a90e-7412-4b7d-ac70-cba9b0380628-Technologies-1": "Technologies",
    "NE-LOCATION-Shengli-Oilfield": "Shengli Oilfield",
    "NE-LOCATION-Libra-Oilfield": "Libra Oilfield",
    "2dd1a90e-7412-4b7d-ac70-cba9b0380628-deep-20-water-21": "deep water",
    "2dd1a90e-7412-4b7d-ac70-cba9b0380628-marginal-44": "marginal",
    "2dd1a90e-7412-4b7d-ac70-cba9b0380628-modified-40": "modified",
    "2dd1a90e-7412-4b7d-ac70-cba9b0380628-have-9-studied-11": "have studied",
    "2dd1a90e-7412-4b7d-ac70-cba9b0380628-control-12-water-13-injection-14-technologies-15": "control water injection technologies",
    "2dd1a90e-7412-4b7d-ac70-cba9b0380628-advantages-17": "advantages",
    "2dd1a90e-7412-4b7d-ac70-cba9b0380628-wireless-11": "wireless",
    "2dd1a90e-7412-4b7d-ac70-cba9b0380628-packers-19": "packers",
    "2dd1a90e-7412-4b7d-ac70-cba9b0380628-remote-10": "remote",
    "2dd1a90e-7412-4b7d-ac70-cba9b0380628-water-7-injection-8-string-9": "water injection string",
    "2dd1a90e-7412-4b7d-ac70-cba9b0380628-nozzle-12-for-13-reservoir-15": "nozzle for reservoir",
    "2dd1a90e-7412-4b7d-ac70-cba9b0380628-run-2": "run",
    "2dd1a90e-7412-4b7d-ac70-cba9b0380628-tubing-4": "tubing",
    "2dd1a90e-7412-4b7d-ac70-cba9b0380628-nozzles-2": "nozzles",
    "2dd1a90e-7412-4b7d-ac70-cba9b0380628-packers-6": "packers",
    "2dd1a90e-7412-4b7d-ac70-cba9b0380628-data-24-flows-29": "data flows",
    "2dd1a90e-7412-4b7d-ac70-cba9b0380628-temperatures-31": "temperatures",
    "2dd1a90e-7412-4b7d-ac70-cba9b0380628-transferred-34": "transferred",
    "2dd1a90e-7412-4b7d-ac70-cba9b0380628-connected-4": "connected",
    "2dd1a90e-7412-4b7d-ac70-cba9b0380628-cables-10": "cables",
    "2dd1a90e-7412-4b7d-ac70-cba9b0380628-processing-37-computer-38": "processing computer",
    "2dd1a90e-7412-4b7d-ac70-cba9b0380628-surface-41": "surface",
    "2dd1a90e-7412-4b7d-ac70-cba9b0380628-preset-9": "preset",
    "2dd1a90e-7412-4b7d-ac70-cba9b0380628-computer-2-program-3": "computer program",
    "2dd1a90e-7412-4b7d-ac70-cba9b0380628-curves-13": "curves",
    "2dd1a90e-7412-4b7d-ac70-cba9b0380628-used-5": "used",
    "2dd1a90e-7412-4b7d-ac70-cba9b0380628-technicians-33": "technicians",
    "2dd1a90e-7412-4b7d-ac70-cba9b0380628-time-51": "time",
    "2dd1a90e-7412-4b7d-ac70-cba9b0380628-downhole-40-pressures-41": "downhole pressures",
    "2dd1a90e-7412-4b7d-ac70-cba9b0380628-pressure-8-signals-11": "pressure signals",
    "2dd1a90e-7412-4b7d-ac70-cba9b0380628-real-50-time-51": "real time",
    "2dd1a90e-7412-4b7d-ac70-cba9b0380628-technicians-33-there-34": "technicians there",
    "2dd1a90e-7412-4b7d-ac70-cba9b0380628-nozzles-9": "nozzles",
    "2dd1a90e-7412-4b7d-ac70-cba9b0380628-able-3": "able",
    "2dd1a90e-7412-4b7d-ac70-cba9b0380628-offshore-6-environment-7": "offshore environment",
    "2dd1a90e-7412-4b7d-ac70-cba9b0380628-water-19-injection-20-technologies-21": "water injection technologies",
    "NE-ORGANIZATION-Libra-Oilfield": "Libra Oilfield",
    "2dd1a90e-7412-4b7d-ac70-cba9b0380628-modified-17": "modified",
    "2dd1a90e-7412-4b7d-ac70-cba9b0380628-feasible-23": "feasible",
    "2dd1a90e-7412-4b7d-ac70-cba9b0380628-smart-18": "smart",
    "2dd1a90e-7412-4b7d-ac70-cba9b0380628-field-2-trial-3": "field trial",
    "2dd1a90e-7412-4b7d-ac70-cba9b0380628-BM-6-C-8-33-10-Block-11": "BM C 33 Block",
    "2dd1a90e-7412-4b7d-ac70-cba9b0380628-horizontal-40-wells-41": "horizontal wells",
    "2dd1a90e-7412-4b7d-ac70-cba9b0380628-offshore-43-oilfields-44": "offshore oilfields"
  },
  "graph": [
    {
      "subject_id": "2dd1a90e-7412-4b7d-ac70-cba9b0380628-Oilfields-2",
      "relation": "are",
      "object_id": "2dd1a90e-7412-4b7d-ac70-cba9b0380628-refered-4"
    },
    {
      "subject_id": "2dd1a90e-7412-4b7d-ac70-cba9b0380628-Oilfields-2",
      "relation": "is",
      "object_id": "2dd1a90e-7412-4b7d-ac70-cba9b0380628-Marginal-1"
    },
    {
      "subject_id": "2dd1a90e-7412-4b7d-ac70-cba9b0380628-oilfields-11",
      "relation": "may",
      "object_id": "2dd1a90e-7412-4b7d-ac70-cba9b0380628-may-12-transferred-14"
    },
    {
      "subject_id": "2dd1a90e-7412-4b7d-ac70-cba9b0380628-oilfields-11",
      "relation": "is",
      "object_id": "2dd1a90e-7412-4b7d-ac70-cba9b0380628-marginal-10"
    },
    {
      "subject_id": "2dd1a90e-7412-4b7d-ac70-cba9b0380628-may-12-transferred-14",
      "relation": "is",
      "object_id": "2dd1a90e-7412-4b7d-ac70-cba9b0380628-certain-4"
    },
    {
      "subject_id": "2dd1a90e-7412-4b7d-ac70-cba9b0380628-may-12-transferred-14",
      "relation": "is",
      "object_id": "2dd1a90e-7412-4b7d-ac70-cba9b0380628-economical-5"
    },
    {
      "subject_id": "2dd1a90e-7412-4b7d-ac70-cba9b0380628-oilfields-11",
      "relation": "be",
      "object_id": "2dd1a90e-7412-4b7d-ac70-cba9b0380628-ones-18"
    },
    {
      "subject_id": "2dd1a90e-7412-4b7d-ac70-cba9b0380628-ones-18",
      "relation": "is",
      "object_id": "2dd1a90e-7412-4b7d-ac70-cba9b0380628-conventional-17"
    },
    {
      "subject_id": "2dd1a90e-7412-4b7d-ac70-cba9b0380628-may-12-transferred-14",
      "relation": "at",
      "object_id": "2dd1a90e-7412-4b7d-ac70-cba9b0380628-However-1"
    },
    {
      "subject_id": "2dd1a90e-7412-4b7d-ac70-cba9b0380628-may-12-transferred-14",
      "relation": "at",
      "object_id": "2dd1a90e-7412-4b7d-ac70-cba9b0380628-circumstances-8"
    },
    {
      "subject_id": "NE-ORGANIZATION-Petrobras",
      "relation": "developed",
      "object_id": "2dd1a90e-7412-4b7d-ac70-cba9b0380628-reservoir-9"
    },
    {
      "subject_id": "2dd1a90e-7412-4b7d-ac70-cba9b0380628-reservoir-9",
      "relation": "is",
      "object_id": "2dd1a90e-7412-4b7d-ac70-cba9b0380628-deep-8"
    },
    {
      "subject_id": "2dd1a90e-7412-4b7d-ac70-cba9b0380628-reservoir-9",
      "relation": "at",
      "object_id": "2dd1a90e-7412-4b7d-ac70-cba9b0380628-offshore-7"
    },
    {
      "subject_id": "2dd1a90e-7412-4b7d-ac70-cba9b0380628-discovery-35",
      "relation": "is in",
      "object_id": "NE-LOCATION-Basin"
    },
    {
      "subject_id": "2dd1a90e-7412-4b7d-ac70-cba9b0380628-reservoir-9",
      "relation": "at",
      "object_id": "2dd1a90e-7412-4b7d-ac70-cba9b0380628-ever-6"
    },
    {
      "subject_id": "2dd1a90e-7412-4b7d-ac70-cba9b0380628-reservoir-9",
      "relation": "is",
      "object_id": "NE-ORDINAL-first"
    },
    {
      "subject_id": "NE-LOCATION-Basin",
      "relation": "is in",
      "object_id": "NE-CITY-Santos"
    },
    {
      "subject_id": "2dd1a90e-7412-4b7d-ac70-cba9b0380628-cooperation-4-contract-5",
      "relation": "taking",
      "object_id": "NE-PERCENT-10%"
    },
    {
      "subject_id": "NE-PERCENT-10%",
      "relation": "is",
      "object_id": "2dd1a90e-7412-4b7d-ac70-cba9b0380628-total-16"
    },
    {
      "subject_id": "NE-ORGANIZATION-CNPC",
      "relation": "signed",
      "object_id": "2dd1a90e-7412-4b7d-ac70-cba9b0380628-cooperation-4-contract-5"
    },
    {
      "subject_id": "NE-PERCENT-10%",
      "relation": "of",
      "object_id": "2dd1a90e-7412-4b7d-ac70-cba9b0380628-shares-17"
    },
    {
      "subject_id": "NE-ORGANIZATION-CNPC",
      "relation": "taking",
      "object_id": "NE-PERCENT-10%"
    },
    {
      "subject_id": "NE-ORGANIZATION-CNPC",
      "relation": "signed cooperation contract in",
      "object_id": "NE-DATE-2013"
    },
    {
      "subject_id": "2dd1a90e-7412-4b7d-ac70-cba9b0380628-cooperation-4-contract-5",
      "relation": "is with",
      "object_id": "NE-ORGANIZATION-Petrobras"
    },
    {
      "subject_id": "2dd1a90e-7412-4b7d-ac70-cba9b0380628-cooperation-4-contract-5",
      "relation": "of",
      "object_id": "NE-ORGANIZATION-Petrobras"
    },
    {
      "subject_id": "2dd1a90e-7412-4b7d-ac70-cba9b0380628-field-15-development-16",
      "relation": "have",
      "object_id": "2dd1a90e-7412-4b7d-ac70-cba9b0380628-have-26-analyzed-28"
    },
    {
      "subject_id": "2dd1a90e-7412-4b7d-ac70-cba9b0380628-water-35-injection-36-technologies-37",
      "relation": "develop efficiently",
      "object_id": "2dd1a90e-7412-4b7d-ac70-cba9b0380628-oilfield-45"
    },
    {
      "subject_id": "2dd1a90e-7412-4b7d-ac70-cba9b0380628-water-35-injection-36-technologies-37",
      "relation": "is",
      "object_id": "2dd1a90e-7412-4b7d-ac70-cba9b0380628-smart-34"
    },
    {
      "subject_id": "2dd1a90e-7412-4b7d-ac70-cba9b0380628-Technologies-1",
      "relation": "is in",
      "object_id": "NE-LOCATION-Shengli-Oilfield"
    },
    {
      "subject_id": "NE-LOCATION-Libra-Oilfield",
      "relation": "of development is",
      "object_id": "2dd1a90e-7412-4b7d-ac70-cba9b0380628-deep-20-water-21"
    },
    {
      "subject_id": "2dd1a90e-7412-4b7d-ac70-cba9b0380628-water-35-injection-36-technologies-37",
      "relation": "develop more efficiently",
      "object_id": "2dd1a90e-7412-4b7d-ac70-cba9b0380628-oilfield-45"
    },
    {
      "subject_id": "2dd1a90e-7412-4b7d-ac70-cba9b0380628-oilfield-45",
      "relation": "is",
      "object_id": "2dd1a90e-7412-4b7d-ac70-cba9b0380628-marginal-44"
    },
    {
      "subject_id": "2dd1a90e-7412-4b7d-ac70-cba9b0380628-water-35-injection-36-technologies-37",
      "relation": "develop",
      "object_id": "2dd1a90e-7412-4b7d-ac70-cba9b0380628-oilfield-45"
    },
    {
      "subject_id": "2dd1a90e-7412-4b7d-ac70-cba9b0380628-water-35-injection-36-technologies-37",
      "relation": "be",
      "object_id": "2dd1a90e-7412-4b7d-ac70-cba9b0380628-modified-40"
    },
    {
      "subject_id": "2dd1a90e-7412-4b7d-ac70-cba9b0380628-Technologies-1",
      "relation": "have",
      "object_id": "2dd1a90e-7412-4b7d-ac70-cba9b0380628-have-9-studied-11"
    },
    {
      "subject_id": "2dd1a90e-7412-4b7d-ac70-cba9b0380628-control-12-water-13-injection-14-technologies-15",
      "relation": "Different take",
      "object_id": "2dd1a90e-7412-4b7d-ac70-cba9b0380628-advantages-17"
    },
    {
      "subject_id": "2dd1a90e-7412-4b7d-ac70-cba9b0380628-control-12-water-13-injection-14-technologies-15",
      "relation": "is",
      "object_id": "2dd1a90e-7412-4b7d-ac70-cba9b0380628-wireless-11"
    },
    {
      "subject_id": "2dd1a90e-7412-4b7d-ac70-cba9b0380628-advantages-17",
      "relation": "of",
      "object_id": "2dd1a90e-7412-4b7d-ac70-cba9b0380628-packers-19"
    },
    {
      "subject_id": "2dd1a90e-7412-4b7d-ac70-cba9b0380628-control-12-water-13-injection-14-technologies-15",
      "relation": "take",
      "object_id": "2dd1a90e-7412-4b7d-ac70-cba9b0380628-advantages-17"
    },
    {
      "subject_id": "2dd1a90e-7412-4b7d-ac70-cba9b0380628-control-12-water-13-injection-14-technologies-15",
      "relation": "is",
      "object_id": "2dd1a90e-7412-4b7d-ac70-cba9b0380628-remote-10"
    },
    {
      "subject_id": "2dd1a90e-7412-4b7d-ac70-cba9b0380628-water-7-injection-8-string-9",
      "relation": "locates",
      "object_id": "2dd1a90e-7412-4b7d-ac70-cba9b0380628-nozzle-12-for-13-reservoir-15"
    },
    {
      "subject_id": "2dd1a90e-7412-4b7d-ac70-cba9b0380628-water-7-injection-8-string-9",
      "relation": "Being",
      "object_id": "2dd1a90e-7412-4b7d-ac70-cba9b0380628-run-2"
    },
    {
      "subject_id": "2dd1a90e-7412-4b7d-ac70-cba9b0380628-water-7-injection-8-string-9",
      "relation": "Being run via",
      "object_id": "2dd1a90e-7412-4b7d-ac70-cba9b0380628-tubing-4"
    },
    {
      "subject_id": "2dd1a90e-7412-4b7d-ac70-cba9b0380628-nozzles-2",
      "relation": "are connected with",
      "object_id": "2dd1a90e-7412-4b7d-ac70-cba9b0380628-packers-6"
    },
    {
      "subject_id": "2dd1a90e-7412-4b7d-ac70-cba9b0380628-nozzles-2",
      "relation": "are connected",
      "object_id": "2dd1a90e-7412-4b7d-ac70-cba9b0380628-data-24-flows-29"
    },
    {
      "subject_id": "2dd1a90e-7412-4b7d-ac70-cba9b0380628-temperatures-31",
      "relation": "are",
      "object_id": "2dd1a90e-7412-4b7d-ac70-cba9b0380628-transferred-34"
    },
    {
      "subject_id": "2dd1a90e-7412-4b7d-ac70-cba9b0380628-nozzles-2",
      "relation": "are",
      "object_id": "2dd1a90e-7412-4b7d-ac70-cba9b0380628-connected-4"
    },
    {
      "subject_id": "2dd1a90e-7412-4b7d-ac70-cba9b0380628-connected-4",
      "relation": "at",
      "object_id": "2dd1a90e-7412-4b7d-ac70-cba9b0380628-packers-6"
    },
    {
      "subject_id": "2dd1a90e-7412-4b7d-ac70-cba9b0380628-connected-4",
      "relation": "at",
      "object_id": "2dd1a90e-7412-4b7d-ac70-cba9b0380628-cables-10"
    },
    {
      "subject_id": "2dd1a90e-7412-4b7d-ac70-cba9b0380628-temperatures-31",
      "relation": "are transferred to",
      "object_id": "2dd1a90e-7412-4b7d-ac70-cba9b0380628-processing-37-computer-38"
    },
    {
      "subject_id": "2dd1a90e-7412-4b7d-ac70-cba9b0380628-nozzles-2",
      "relation": "are connected via",
      "object_id": "2dd1a90e-7412-4b7d-ac70-cba9b0380628-cables-10"
    },
    {
      "subject_id": "2dd1a90e-7412-4b7d-ac70-cba9b0380628-temperatures-31",
      "relation": "are transferred on",
      "object_id": "2dd1a90e-7412-4b7d-ac70-cba9b0380628-surface-41"
    },
    {
      "subject_id": "2dd1a90e-7412-4b7d-ac70-cba9b0380628-transferred-34",
      "relation": "at",
      "object_id": "2dd1a90e-7412-4b7d-ac70-cba9b0380628-processing-37-computer-38"
    },
    {
      "subject_id": "2dd1a90e-7412-4b7d-ac70-cba9b0380628-transferred-34",
      "relation": "at",
      "object_id": "2dd1a90e-7412-4b7d-ac70-cba9b0380628-surface-41"
    },
    {
      "subject_id": "2dd1a90e-7412-4b7d-ac70-cba9b0380628-cables-10",
      "relation": "is",
      "object_id": "2dd1a90e-7412-4b7d-ac70-cba9b0380628-preset-9"
    },
    {
      "subject_id": "2dd1a90e-7412-4b7d-ac70-cba9b0380628-computer-2-program-3",
      "relation": "convert pressure signals into",
      "object_id": "2dd1a90e-7412-4b7d-ac70-cba9b0380628-curves-13"
    },
    {
      "subject_id": "2dd1a90e-7412-4b7d-ac70-cba9b0380628-computer-2-program-3",
      "relation": "is",
      "object_id": "2dd1a90e-7412-4b7d-ac70-cba9b0380628-used-5"
    },
    {
      "subject_id": "2dd1a90e-7412-4b7d-ac70-cba9b0380628-technicians-33",
      "relation": "learn about",
      "object_id": "2dd1a90e-7412-4b7d-ac70-cba9b0380628-time-51"
    },
    {
      "subject_id": "2dd1a90e-7412-4b7d-ac70-cba9b0380628-time-51",
      "relation": "of",
      "object_id": "2dd1a90e-7412-4b7d-ac70-cba9b0380628-downhole-40-pressures-41"
    },
    {
      "subject_id": "2dd1a90e-7412-4b7d-ac70-cba9b0380628-computer-2-program-3",
      "relation": "convert",
      "object_id": "2dd1a90e-7412-4b7d-ac70-cba9b0380628-pressure-8-signals-11"
    },
    {
      "subject_id": "2dd1a90e-7412-4b7d-ac70-cba9b0380628-time-51",
      "relation": "of",
      "object_id": "2dd1a90e-7412-4b7d-ac70-cba9b0380628-real-50-time-51"
    },
    {
      "subject_id": "2dd1a90e-7412-4b7d-ac70-cba9b0380628-downhole-40-pressures-41",
      "relation": "is in",
      "object_id": "2dd1a90e-7412-4b7d-ac70-cba9b0380628-real-50-time-51"
    },
    {
      "subject_id": "2dd1a90e-7412-4b7d-ac70-cba9b0380628-technicians-33",
      "relation": "learn about",
      "object_id": "2dd1a90e-7412-4b7d-ac70-cba9b0380628-downhole-40-pressures-41"
    },
    {
      "subject_id": "2dd1a90e-7412-4b7d-ac70-cba9b0380628-technicians-33-there-34",
      "relation": "open totally",
      "object_id": "2dd1a90e-7412-4b7d-ac70-cba9b0380628-nozzles-9"
    },
    {
      "subject_id": "2dd1a90e-7412-4b7d-ac70-cba9b0380628-technicians-33-there-34",
      "relation": "open",
      "object_id": "2dd1a90e-7412-4b7d-ac70-cba9b0380628-nozzles-9"
    },
    {
      "subject_id": "2dd1a90e-7412-4b7d-ac70-cba9b0380628-technicians-33-there-34",
      "relation": "open totally or partially",
      "object_id": "2dd1a90e-7412-4b7d-ac70-cba9b0380628-nozzles-9"
    },
    {
      "subject_id": "2dd1a90e-7412-4b7d-ac70-cba9b0380628-technicians-33-there-34",
      "relation": "are",
      "object_id": "2dd1a90e-7412-4b7d-ac70-cba9b0380628-able-3"
    },
    {
      "subject_id": "2dd1a90e-7412-4b7d-ac70-cba9b0380628-offshore-6-environment-7",
      "relation": "is in",
      "object_id": "NE-LOCATION-Basin"
    },
    {
      "subject_id": "2dd1a90e-7412-4b7d-ac70-cba9b0380628-water-19-injection-20-technologies-21",
      "relation": "are feasible for",
      "object_id": "NE-ORGANIZATION-Libra-Oilfield"
    },
    {
      "subject_id": "2dd1a90e-7412-4b7d-ac70-cba9b0380628-water-19-injection-20-technologies-21",
      "relation": "is",
      "object_id": "2dd1a90e-7412-4b7d-ac70-cba9b0380628-modified-17"
    },
    {
      "subject_id": "2dd1a90e-7412-4b7d-ac70-cba9b0380628-water-19-injection-20-technologies-21",
      "relation": "are",
      "object_id": "2dd1a90e-7412-4b7d-ac70-cba9b0380628-feasible-23"
    },
    {
      "subject_id": "2dd1a90e-7412-4b7d-ac70-cba9b0380628-water-19-injection-20-technologies-21",
      "relation": "is",
      "object_id": "2dd1a90e-7412-4b7d-ac70-cba9b0380628-smart-18"
    },
    {
      "subject_id": "2dd1a90e-7412-4b7d-ac70-cba9b0380628-field-2-trial-3",
      "relation": "deployed in",
      "object_id": "NE-ORGANIZATION-Libra-Oilfield"
    },
    {
      "subject_id": "NE-ORGANIZATION-Libra-Oilfield",
      "relation": "of",
      "object_id": "2dd1a90e-7412-4b7d-ac70-cba9b0380628-BM-6-C-8-33-10-Block-11"
    },
    {
      "subject_id": "2dd1a90e-7412-4b7d-ac70-cba9b0380628-horizontal-40-wells-41",
      "relation": "is in",
      "object_id": "2dd1a90e-7412-4b7d-ac70-cba9b0380628-offshore-43-oilfields-44"
    }
  ],
  "links": {
    "2dd1a90e-7412-4b7d-ac70-cba9b0380628-Oilfields-2": [
      "2dd1a90e-7412-4b7d-ac70-cba9b0380628-oilfields-11"
    ],
    "2dd1a90e-7412-4b7d-ac70-cba9b0380628-refered-4": [],
    "2dd1a90e-7412-4b7d-ac70-cba9b0380628-Marginal-1": [
      "2dd1a90e-7412-4b7d-ac70-cba9b0380628-marginal-10",
      "2dd1a90e-7412-4b7d-ac70-cba9b0380628-marginal-44"
    ],
    "2dd1a90e-7412-4b7d-ac70-cba9b0380628-oilfields-11": [
      "2dd1a90e-7412-4b7d-ac70-cba9b0380628-Oilfields-2"
    ],
    "2dd1a90e-7412-4b7d-ac70-cba9b0380628-may-12-transferred-14": [],
    "2dd1a90e-7412-4b7d-ac70-cba9b0380628-marginal-10": [
      "2dd1a90e-7412-4b7d-ac70-cba9b0380628-Marginal-1",
      "2dd1a90e-7412-4b7d-ac70-cba9b0380628-marginal-44"
    ],
    "2dd1a90e-7412-4b7d-ac70-cba9b0380628-certain-4": [],
    "2dd1a90e-7412-4b7d-ac70-cba9b0380628-economical-5": [],
    "2dd1a90e-7412-4b7d-ac70-cba9b0380628-ones-18": [],
    "2dd1a90e-7412-4b7d-ac70-cba9b0380628-conventional-17": [],
    "2dd1a90e-7412-4b7d-ac70-cba9b0380628-However-1": [],
    "2dd1a90e-7412-4b7d-ac70-cba9b0380628-circumstances-8": [],
    "NE-ORGANIZATION-Petrobras": [],
    "2dd1a90e-7412-4b7d-ac70-cba9b0380628-reservoir-9": [],
    "2dd1a90e-7412-4b7d-ac70-cba9b0380628-deep-8": [],
    "2dd1a90e-7412-4b7d-ac70-cba9b0380628-offshore-7": [],
    "2dd1a90e-7412-4b7d-ac70-cba9b0380628-discovery-35": [],
    "NE-LOCATION-Basin": [],
    "2dd1a90e-7412-4b7d-ac70-cba9b0380628-ever-6": [],
    "NE-ORDINAL-first": [],
    "NE-CITY-Santos": [],
    "2dd1a90e-7412-4b7d-ac70-cba9b0380628-cooperation-4-contract-5": [],
    "NE-PERCENT-10%": [],
    "2dd1a90e-7412-4b7d-ac70-cba9b0380628-total-16": [],
    "NE-ORGANIZATION-CNPC": [],
    "2dd1a90e-7412-4b7d-ac70-cba9b0380628-shares-17": [],
    "NE-DATE-2013": [],
    "2dd1a90e-7412-4b7d-ac70-cba9b0380628-field-15-development-16": [],
    "2dd1a90e-7412-4b7d-ac70-cba9b0380628-have-26-analyzed-28": [],
    "2dd1a90e-7412-4b7d-ac70-cba9b0380628-water-35-injection-36-technologies-37": [
      "2dd1a90e-7412-4b7d-ac70-cba9b0380628-control-12-water-13-injection-14-technologies-15",
      "2dd1a90e-7412-4b7d-ac70-cba9b0380628-water-19-injection-20-technologies-21"
    ],
    "2dd1a90e-7412-4b7d-ac70-cba9b0380628-oilfield-45": [],
    "2dd1a90e-7412-4b7d-ac70-cba9b0380628-smart-34": [
      "2dd1a90e-7412-4b7d-ac70-cba9b0380628-smart-18"
    ],
    "2dd1a90e-7412-4b7d-ac70-cba9b0380628-Technologies-1": [],
    "NE-LOCATION-Shengli-Oilfield": [],
    "NE-LOCATION-Libra-Oilfield": [],
    "2dd1a90e-7412-4b7d-ac70-cba9b0380628-deep-20-water-21": [],
    "2dd1a90e-7412-4b7d-ac70-cba9b0380628-marginal-44": [
      "2dd1a90e-7412-4b7d-ac70-cba9b0380628-Marginal-1",
      "2dd1a90e-7412-4b7d-ac70-cba9b0380628-marginal-10"
    ],
    "2dd1a90e-7412-4b7d-ac70-cba9b0380628-modified-40": [
      "2dd1a90e-7412-4b7d-ac70-cba9b0380628-modified-17"
    ],
    "2dd1a90e-7412-4b7d-ac70-cba9b0380628-have-9-studied-11": [],
    "2dd1a90e-7412-4b7d-ac70-cba9b0380628-control-12-water-13-injection-14-technologies-15": [
      "2dd1a90e-7412-4b7d-ac70-cba9b0380628-water-35-injection-36-technologies-37",
      "2dd1a90e-7412-4b7d-ac70-cba9b0380628-water-19-injection-20-technologies-21"
    ],
    "2dd1a90e-7412-4b7d-ac70-cba9b0380628-advantages-17": [],
    "2dd1a90e-7412-4b7d-ac70-cba9b0380628-wireless-11": [],
    "2dd1a90e-7412-4b7d-ac70-cba9b0380628-packers-19": [],
    "2dd1a90e-7412-4b7d-ac70-cba9b0380628-remote-10": [],
    "2dd1a90e-7412-4b7d-ac70-cba9b0380628-water-7-injection-8-string-9": [],
    "2dd1a90e-7412-4b7d-ac70-cba9b0380628-nozzle-12-for-13-reservoir-15": [],
    "2dd1a90e-7412-4b7d-ac70-cba9b0380628-run-2": [],
    "2dd1a90e-7412-4b7d-ac70-cba9b0380628-tubing-4": [],
    "2dd1a90e-7412-4b7d-ac70-cba9b0380628-nozzles-2": [],
    "2dd1a90e-7412-4b7d-ac70-cba9b0380628-packers-6": [],
    "2dd1a90e-7412-4b7d-ac70-cba9b0380628-data-24-flows-29": [],
    "2dd1a90e-7412-4b7d-ac70-cba9b0380628-temperatures-31": [],
    "2dd1a90e-7412-4b7d-ac70-cba9b0380628-transferred-34": [],
    "2dd1a90e-7412-4b7d-ac70-cba9b0380628-connected-4": [],
    "2dd1a90e-7412-4b7d-ac70-cba9b0380628-cables-10": [],
    "2dd1a90e-7412-4b7d-ac70-cba9b0380628-processing-37-computer-38": [],
    "2dd1a90e-7412-4b7d-ac70-cba9b0380628-surface-41": [],
    "2dd1a90e-7412-4b7d-ac70-cba9b0380628-preset-9": [],
    "2dd1a90e-7412-4b7d-ac70-cba9b0380628-computer-2-program-3": [],
    "2dd1a90e-7412-4b7d-ac70-cba9b0380628-curves-13": [],
    "2dd1a90e-7412-4b7d-ac70-cba9b0380628-used-5": [],
    "2dd1a90e-7412-4b7d-ac70-cba9b0380628-technicians-33": [],
    "2dd1a90e-7412-4b7d-ac70-cba9b0380628-time-51": [],
    "2dd1a90e-7412-4b7d-ac70-cba9b0380628-downhole-40-pressures-41": [],
    "2dd1a90e-7412-4b7d-ac70-cba9b0380628-pressure-8-signals-11": [],
    "2dd1a90e-7412-4b7d-ac70-cba9b0380628-real-50-time-51": [],
    "2dd1a90e-7412-4b7d-ac70-cba9b0380628-technicians-33-there-34": [],
    "2dd1a90e-7412-4b7d-ac70-cba9b0380628-nozzles-9": [],
    "2dd1a90e-7412-4b7d-ac70-cba9b0380628-able-3": [],
    "2dd1a90e-7412-4b7d-ac70-cba9b0380628-offshore-6-environment-7": [],
    "2dd1a90e-7412-4b7d-ac70-cba9b0380628-water-19-injection-20-technologies-21": [
      "2dd1a90e-7412-4b7d-ac70-cba9b0380628-water-35-injection-36-technologies-37",
      "2dd1a90e-7412-4b7d-ac70-cba9b0380628-control-12-water-13-injection-14-technologies-15"
    ],
    "NE-ORGANIZATION-Libra-Oilfield": [],
    "2dd1a90e-7412-4b7d-ac70-cba9b0380628-modified-17": [
      "2dd1a90e-7412-4b7d-ac70-cba9b0380628-modified-40"
    ],
    "2dd1a90e-7412-4b7d-ac70-cba9b0380628-feasible-23": [],
    "2dd1a90e-7412-4b7d-ac70-cba9b0380628-smart-18": [
      "2dd1a90e-7412-4b7d-ac70-cba9b0380628-smart-34"
    ],
    "2dd1a90e-7412-4b7d-ac70-cba9b0380628-field-2-trial-3": [],
    "2dd1a90e-7412-4b7d-ac70-cba9b0380628-BM-6-C-8-33-10-Block-11": [],
    "2dd1a90e-7412-4b7d-ac70-cba9b0380628-horizontal-40-wells-41": [],
    "2dd1a90e-7412-4b7d-ac70-cba9b0380628-offshore-43-oilfields-44": []
  }
}