{
  "document": "D:/Projetos/PIRA_KG/documents/onu_84893805098.txt",
  "entities": {
    "c9cc11fc-8719-4e06-8c6b-99c7f538df16-restrictions-11": "restrictions",
    "c9cc11fc-8719-4e06-8c6b-99c7f538df16-research-4": "research",
    "c9cc11fc-8719-4e06-8c6b-99c7f538df16-logistics-2": "logistics",
    "c9cc11fc-8719-4e06-8c6b-99c7f538df16-sea-8-organisms-9": "sea organisms",
    "c9cc11fc-8719-4e06-8c6b-99c7f538df16-deep-6": "deep",
    "c9cc11fc-8719-4e06-8c6b-99c7f538df16-studies-13": "studies",
    "c9cc11fc-8719-4e06-8c6b-99c7f538df16-Studies-1": "Studies",
    "c9cc11fc-8719-4e06-8c6b-99c7f538df16-have-10-made-13": "have made",
    "c9cc11fc-8719-4e06-8c6b-99c7f538df16-commonly-11": "commonly",
    "c9cc11fc-8719-4e06-8c6b-99c7f538df16-temporal-16": "temporal",
    "c9cc11fc-8719-4e06-8c6b-99c7f538df16-series-17": "series",
    "c9cc11fc-8719-4e06-8c6b-99c7f538df16-appropriate-15": "appropriate",
    "c9cc11fc-8719-4e06-8c6b-99c7f538df16-Madrepora-4-oculata-5": "Madrepora oculata",
    "c9cc11fc-8719-4e06-8c6b-99c7f538df16-Solenosmilia-7-variabilis-8": "Solenosmilia variabilis",
    "c9cc11fc-8719-4e06-8c6b-99c7f538df16-Enallopsammia-14-rostrata-15": "Enallopsammia rostrata",
    "c9cc11fc-8719-4e06-8c6b-99c7f538df16-study-2": "study",
    "c9cc11fc-8719-4e06-8c6b-99c7f538df16-Lophelia-10-pertusa-11": "Lophelia pertusa",
    "c9cc11fc-8719-4e06-8c6b-99c7f538df16-Samples-1": "Samples",
    "c9cc11fc-8719-4e06-8c6b-99c7f538df16-collected-3-during-4-13-5": "collected during 13",
    "c9cc11fc-8719-4e06-8c6b-99c7f538df16-Campos-10-Basin-11-Deep-12-Sea-14-Corals-15-Assessment-16-Project-17": "Campos Basin Deep Sea Corals Assessment Project",
    "NE-DURATION-months": "months",
    "NE-LOCATION-Basin": "Basin",
    "NE-CITY-Campos": "Campos",
    "c9cc11fc-8719-4e06-8c6b-99c7f538df16-consecutive-6": "consecutive",
    "NE-LOCATION-State": "State",
    "NE-CITY-Rio-de-Janeiro": "Rio de Janeiro",
    "c9cc11fc-8719-4e06-8c6b-99c7f538df16---13": "-",
    "c9cc11fc-8719-4e06-8c6b-99c7f538df16-average-8": "average",
    "c9cc11fc-8719-4e06-8c6b-99c7f538df16-monthly-3-sampling-4-campaign-5": "monthly sampling campaign",
    "c9cc11fc-8719-4e06-8c6b-99c7f538df16-four-11-species-12": "four species",
    "c9cc11fc-8719-4e06-8c6b-99c7f538df16-gonochoric-14": "gonochoric",
    "c9cc11fc-8719-4e06-8c6b-99c7f538df16-pattern-11": "pattern",
    "c9cc11fc-8719-4e06-8c6b-99c7f538df16-corals-14": "corals",
    "c9cc11fc-8719-4e06-8c6b-99c7f538df16-predominant-9": "predominant",
    "c9cc11fc-8719-4e06-8c6b-99c7f538df16-area-17": "area",
    "c9cc11fc-8719-4e06-8c6b-99c7f538df16-deep-23-sea-25-corals-26": "deep sea corals",
    "NE-TITLE-general": "general",
    "c9cc11fc-8719-4e06-8c6b-99c7f538df16-reproductive-10": "reproductive",
    "NE-PERSON-L.-pertusa": "L. pertusa",
    "c9cc11fc-8719-4e06-8c6b-99c7f538df16-colonies-14": "colonies",
    "c9cc11fc-8719-4e06-8c6b-99c7f538df16-few-13": "few",
    "c9cc11fc-8719-4e06-8c6b-99c7f538df16-hermaphroditism-17-patterns-18": "hermaphroditism patterns",
    "c9cc11fc-8719-4e06-8c6b-99c7f538df16-different-16": "different",
    "c9cc11fc-8719-4e06-8c6b-99c7f538df16-M.-4-oculata-5": "M. oculata",
    "c9cc11fc-8719-4e06-8c6b-99c7f538df16-reproduction-8": "reproduction",
    "c9cc11fc-8719-4e06-8c6b-99c7f538df16-continuous-7": "continuous",
    "c9cc11fc-8719-4e06-8c6b-99c7f538df16-E.-1-rostrata-2": "E. rostrata",
    "c9cc11fc-8719-4e06-8c6b-99c7f538df16-S.-7-variabilis-8": "S. variabilis",
    "c9cc11fc-8719-4e06-8c6b-99c7f538df16-year-3-round-5": "year round",
    "c9cc11fc-8719-4e06-8c6b-99c7f538df16-contrast-23": "contrast",
    "c9cc11fc-8719-4e06-8c6b-99c7f538df16-seasonal-26-reproduction-27-recorded-28-in-29-southwestern-31": "seasonal reproduction recorded in southwestern",
    "NE-LOCATION-Pacific": "Pacific",
    "c9cc11fc-8719-4e06-8c6b-99c7f538df16-fertile-2": "fertile",
    "c9cc11fc-8719-4e06-8c6b-99c7f538df16-peak-7": "peak",
    "c9cc11fc-8719-4e06-8c6b-99c7f538df16-seasonal-5": "seasonal",
    "c9cc11fc-8719-4e06-8c6b-99c7f538df16-previous-10-observations-11": "previous observations",
    "c9cc11fc-8719-4e06-8c6b-99c7f538df16-species-17": "species",
    "NE-LOCATION-Atlantic": "Atlantic",
    "c9cc11fc-8719-4e06-8c6b-99c7f538df16-reproductive-6": "reproductive",
    "c9cc11fc-8719-4e06-8c6b-99c7f538df16-spawning-24": "spawning",
    "NE-LOCATION-North-Atlantic": "North Atlantic",
    "NE-DATE-September": "September",
    "c9cc11fc-8719-4e06-8c6b-99c7f538df16-possible-2-spawning-3-season-4": "possible spawning season",
    "NE-DATE-May": "May",
    "NE-DATE-January": "January",
    "NE-LOCATION-Gulf-of": "Gulf",
    "NE-DATE-and": "and",
    "NE-DATE-November": "November",
    "NE-COUNTRY-Mexico": "Mexico",
    "c9cc11fc-8719-4e06-8c6b-99c7f538df16-species-7": "species",
    "c9cc11fc-8719-4e06-8c6b-99c7f538df16-observed-17": "observed",
    "c9cc11fc-8719-4e06-8c6b-99c7f538df16-studied-6": "studied",
    "c9cc11fc-8719-4e06-8c6b-99c7f538df16-data-15": "data",
    "c9cc11fc-8719-4e06-8c6b-99c7f538df16-most-13": "most",
    "c9cc11fc-8719-4e06-8c6b-99c7f538df16-term-8-sampling-9": "term sampling",
    "c9cc11fc-8719-4e06-8c6b-99c7f538df16-long-6": "long",
    "c9cc11fc-8719-4e06-8c6b-99c7f538df16-complete-14": "complete",
    "c9cc11fc-8719-4e06-8c6b-99c7f538df16-date-17": "date"
  },
  "graph": [
    {
      "subject_id": "c9cc11fc-8719-4e06-8c6b-99c7f538df16-restrictions-11",
      "relation": "logistics of",
      "object_id": "c9cc11fc-8719-4e06-8c6b-99c7f538df16-research-4"
    },
    {
      "subject_id": "c9cc11fc-8719-4e06-8c6b-99c7f538df16-logistics-2",
      "relation": "imposes",
      "object_id": "c9cc11fc-8719-4e06-8c6b-99c7f538df16-restrictions-11"
    },
    {
      "subject_id": "c9cc11fc-8719-4e06-8c6b-99c7f538df16-restrictions-11",
      "relation": "logistics on",
      "object_id": "c9cc11fc-8719-4e06-8c6b-99c7f538df16-sea-8-organisms-9"
    },
    {
      "subject_id": "c9cc11fc-8719-4e06-8c6b-99c7f538df16-sea-8-organisms-9",
      "relation": "is",
      "object_id": "c9cc11fc-8719-4e06-8c6b-99c7f538df16-deep-6"
    },
    {
      "subject_id": "c9cc11fc-8719-4e06-8c6b-99c7f538df16-logistics-2",
      "relation": "imposes restrictions on",
      "object_id": "c9cc11fc-8719-4e06-8c6b-99c7f538df16-studies-13"
    },
    {
      "subject_id": "c9cc11fc-8719-4e06-8c6b-99c7f538df16-Studies-1",
      "relation": "have",
      "object_id": "c9cc11fc-8719-4e06-8c6b-99c7f538df16-have-10-made-13"
    },
    {
      "subject_id": "c9cc11fc-8719-4e06-8c6b-99c7f538df16-have-10-made-13",
      "relation": "at",
      "object_id": "c9cc11fc-8719-4e06-8c6b-99c7f538df16-commonly-11"
    },
    {
      "subject_id": "c9cc11fc-8719-4e06-8c6b-99c7f538df16-have-10-made-13",
      "relation": "is",
      "object_id": "c9cc11fc-8719-4e06-8c6b-99c7f538df16-temporal-16"
    },
    {
      "subject_id": "c9cc11fc-8719-4e06-8c6b-99c7f538df16-have-10-made-13",
      "relation": "at",
      "object_id": "c9cc11fc-8719-4e06-8c6b-99c7f538df16-series-17"
    },
    {
      "subject_id": "c9cc11fc-8719-4e06-8c6b-99c7f538df16-have-10-made-13",
      "relation": "is",
      "object_id": "c9cc11fc-8719-4e06-8c6b-99c7f538df16-appropriate-15"
    },
    {
      "subject_id": "c9cc11fc-8719-4e06-8c6b-99c7f538df16-Madrepora-4-oculata-5",
      "relation": "study",
      "object_id": "c9cc11fc-8719-4e06-8c6b-99c7f538df16-Solenosmilia-7-variabilis-8"
    },
    {
      "subject_id": "c9cc11fc-8719-4e06-8c6b-99c7f538df16-Madrepora-4-oculata-5",
      "relation": "study",
      "object_id": "c9cc11fc-8719-4e06-8c6b-99c7f538df16-Enallopsammia-14-rostrata-15"
    },
    {
      "subject_id": "c9cc11fc-8719-4e06-8c6b-99c7f538df16-study-2",
      "relation": "included",
      "object_id": "c9cc11fc-8719-4e06-8c6b-99c7f538df16-Madrepora-4-oculata-5"
    },
    {
      "subject_id": "c9cc11fc-8719-4e06-8c6b-99c7f538df16-Madrepora-4-oculata-5",
      "relation": "study",
      "object_id": "c9cc11fc-8719-4e06-8c6b-99c7f538df16-Lophelia-10-pertusa-11"
    },
    {
      "subject_id": "c9cc11fc-8719-4e06-8c6b-99c7f538df16-Samples-1",
      "relation": "were",
      "object_id": "c9cc11fc-8719-4e06-8c6b-99c7f538df16-collected-3-during-4-13-5"
    },
    {
      "subject_id": "c9cc11fc-8719-4e06-8c6b-99c7f538df16-collected-3-during-4-13-5",
      "relation": "by",
      "object_id": "c9cc11fc-8719-4e06-8c6b-99c7f538df16-Campos-10-Basin-11-Deep-12-Sea-14-Corals-15-Assessment-16-Project-17"
    },
    {
      "subject_id": "c9cc11fc-8719-4e06-8c6b-99c7f538df16-collected-3-during-4-13-5",
      "relation": "at",
      "object_id": "NE-DURATION-months"
    },
    {
      "subject_id": "c9cc11fc-8719-4e06-8c6b-99c7f538df16-Samples-1",
      "relation": "were collected by",
      "object_id": "c9cc11fc-8719-4e06-8c6b-99c7f538df16-Campos-10-Basin-11-Deep-12-Sea-14-Corals-15-Assessment-16-Project-17"
    },
    {
      "subject_id": "c9cc11fc-8719-4e06-8c6b-99c7f538df16-Campos-10-Basin-11-Deep-12-Sea-14-Corals-15-Assessment-16-Project-17",
      "relation": "of",
      "object_id": "NE-LOCATION-Basin"
    },
    {
      "subject_id": "c9cc11fc-8719-4e06-8c6b-99c7f538df16-Campos-10-Basin-11-Deep-12-Sea-14-Corals-15-Assessment-16-Project-17",
      "relation": "of",
      "object_id": "NE-CITY-Campos"
    },
    {
      "subject_id": "c9cc11fc-8719-4e06-8c6b-99c7f538df16-collected-3-during-4-13-5",
      "relation": "is",
      "object_id": "c9cc11fc-8719-4e06-8c6b-99c7f538df16-consecutive-6"
    },
    {
      "subject_id": "c9cc11fc-8719-4e06-8c6b-99c7f538df16-Campos-10-Basin-11-Deep-12-Sea-14-Corals-15-Assessment-16-Project-17",
      "relation": "of",
      "object_id": "NE-LOCATION-State"
    },
    {
      "subject_id": "c9cc11fc-8719-4e06-8c6b-99c7f538df16-Campos-10-Basin-11-Deep-12-Sea-14-Corals-15-Assessment-16-Project-17",
      "relation": "of",
      "object_id": "NE-CITY-Rio-de-Janeiro"
    },
    {
      "subject_id": "c9cc11fc-8719-4e06-8c6b-99c7f538df16-Campos-10-Basin-11-Deep-12-Sea-14-Corals-15-Assessment-16-Project-17",
      "relation": "is off",
      "object_id": "NE-LOCATION-State"
    },
    {
      "subject_id": "c9cc11fc-8719-4e06-8c6b-99c7f538df16-Campos-10-Basin-11-Deep-12-Sea-14-Corals-15-Assessment-16-Project-17",
      "relation": "punct",
      "object_id": "c9cc11fc-8719-4e06-8c6b-99c7f538df16---13"
    },
    {
      "subject_id": "c9cc11fc-8719-4e06-8c6b-99c7f538df16-Campos-10-Basin-11-Deep-12-Sea-14-Corals-15-Assessment-16-Project-17",
      "relation": "is in",
      "object_id": "NE-LOCATION-Basin"
    },
    {
      "subject_id": "NE-LOCATION-Basin",
      "relation": "is in",
      "object_id": "NE-CITY-Campos"
    },
    {
      "subject_id": "NE-LOCATION-State",
      "relation": "is off",
      "object_id": "NE-CITY-Rio-de-Janeiro"
    },
    {
      "subject_id": "c9cc11fc-8719-4e06-8c6b-99c7f538df16-average-8",
      "relation": "were investigated histologically Of",
      "object_id": "c9cc11fc-8719-4e06-8c6b-99c7f538df16-monthly-3-sampling-4-campaign-5"
    },
    {
      "subject_id": "c9cc11fc-8719-4e06-8c6b-99c7f538df16-average-8",
      "relation": "were investigated Of",
      "object_id": "c9cc11fc-8719-4e06-8c6b-99c7f538df16-monthly-3-sampling-4-campaign-5"
    },
    {
      "subject_id": "c9cc11fc-8719-4e06-8c6b-99c7f538df16-four-11-species-12",
      "relation": "are",
      "object_id": "c9cc11fc-8719-4e06-8c6b-99c7f538df16-gonochoric-14"
    },
    {
      "subject_id": "c9cc11fc-8719-4e06-8c6b-99c7f538df16-pattern-11",
      "relation": "observed in",
      "object_id": "c9cc11fc-8719-4e06-8c6b-99c7f538df16-corals-14"
    },
    {
      "subject_id": "c9cc11fc-8719-4e06-8c6b-99c7f538df16-pattern-11",
      "relation": "is",
      "object_id": "c9cc11fc-8719-4e06-8c6b-99c7f538df16-predominant-9"
    },
    {
      "subject_id": "c9cc11fc-8719-4e06-8c6b-99c7f538df16-corals-14",
      "relation": "of",
      "object_id": "c9cc11fc-8719-4e06-8c6b-99c7f538df16-area-17"
    },
    {
      "subject_id": "c9cc11fc-8719-4e06-8c6b-99c7f538df16-deep-23-sea-25-corals-26",
      "relation": "is in",
      "object_id": "NE-TITLE-general"
    },
    {
      "subject_id": "c9cc11fc-8719-4e06-8c6b-99c7f538df16-corals-14",
      "relation": "is in",
      "object_id": "c9cc11fc-8719-4e06-8c6b-99c7f538df16-area-17"
    },
    {
      "subject_id": "c9cc11fc-8719-4e06-8c6b-99c7f538df16-pattern-11",
      "relation": "is",
      "object_id": "c9cc11fc-8719-4e06-8c6b-99c7f538df16-reproductive-10"
    },
    {
      "subject_id": "NE-PERSON-L.-pertusa",
      "relation": "presented",
      "object_id": "c9cc11fc-8719-4e06-8c6b-99c7f538df16-colonies-14"
    },
    {
      "subject_id": "c9cc11fc-8719-4e06-8c6b-99c7f538df16-colonies-14",
      "relation": "is",
      "object_id": "c9cc11fc-8719-4e06-8c6b-99c7f538df16-few-13"
    },
    {
      "subject_id": "NE-PERSON-L.-pertusa",
      "relation": "presented colonies with",
      "object_id": "c9cc11fc-8719-4e06-8c6b-99c7f538df16-hermaphroditism-17-patterns-18"
    },
    {
      "subject_id": "c9cc11fc-8719-4e06-8c6b-99c7f538df16-hermaphroditism-17-patterns-18",
      "relation": "is",
      "object_id": "c9cc11fc-8719-4e06-8c6b-99c7f538df16-different-16"
    },
    {
      "subject_id": "c9cc11fc-8719-4e06-8c6b-99c7f538df16-M.-4-oculata-5",
      "relation": "presented",
      "object_id": "c9cc11fc-8719-4e06-8c6b-99c7f538df16-reproduction-8"
    },
    {
      "subject_id": "c9cc11fc-8719-4e06-8c6b-99c7f538df16-reproduction-8",
      "relation": "is",
      "object_id": "c9cc11fc-8719-4e06-8c6b-99c7f538df16-continuous-7"
    },
    {
      "subject_id": "c9cc11fc-8719-4e06-8c6b-99c7f538df16-E.-1-rostrata-2",
      "relation": "presented",
      "object_id": "c9cc11fc-8719-4e06-8c6b-99c7f538df16-reproduction-8"
    },
    {
      "subject_id": "c9cc11fc-8719-4e06-8c6b-99c7f538df16-S.-7-variabilis-8",
      "relation": "presents peak at_time",
      "object_id": "c9cc11fc-8719-4e06-8c6b-99c7f538df16-year-3-round-5"
    },
    {
      "subject_id": "c9cc11fc-8719-4e06-8c6b-99c7f538df16-contrast-23",
      "relation": "is with",
      "object_id": "c9cc11fc-8719-4e06-8c6b-99c7f538df16-seasonal-26-reproduction-27-recorded-28-in-29-southwestern-31"
    },
    {
      "subject_id": "c9cc11fc-8719-4e06-8c6b-99c7f538df16-seasonal-26-reproduction-27-recorded-28-in-29-southwestern-31",
      "relation": "at",
      "object_id": "NE-LOCATION-Pacific"
    },
    {
      "subject_id": "c9cc11fc-8719-4e06-8c6b-99c7f538df16-year-3-round-5",
      "relation": "is",
      "object_id": "c9cc11fc-8719-4e06-8c6b-99c7f538df16-fertile-2"
    },
    {
      "subject_id": "NE-PERSON-L.-pertusa",
      "relation": "had",
      "object_id": "c9cc11fc-8719-4e06-8c6b-99c7f538df16-peak-7"
    },
    {
      "subject_id": "c9cc11fc-8719-4e06-8c6b-99c7f538df16-peak-7",
      "relation": "is",
      "object_id": "c9cc11fc-8719-4e06-8c6b-99c7f538df16-seasonal-5"
    },
    {
      "subject_id": "c9cc11fc-8719-4e06-8c6b-99c7f538df16-previous-10-observations-11",
      "relation": "is in",
      "object_id": "c9cc11fc-8719-4e06-8c6b-99c7f538df16-species-17"
    },
    {
      "subject_id": "c9cc11fc-8719-4e06-8c6b-99c7f538df16-species-17",
      "relation": "is in",
      "object_id": "NE-LOCATION-Atlantic"
    },
    {
      "subject_id": "c9cc11fc-8719-4e06-8c6b-99c7f538df16-peak-7",
      "relation": "is",
      "object_id": "c9cc11fc-8719-4e06-8c6b-99c7f538df16-reproductive-6"
    },
    {
      "subject_id": "c9cc11fc-8719-4e06-8c6b-99c7f538df16-spawning-24",
      "relation": "occurs in",
      "object_id": "NE-LOCATION-North-Atlantic"
    },
    {
      "subject_id": "c9cc11fc-8719-4e06-8c6b-99c7f538df16-spawning-24",
      "relation": "occurs between",
      "object_id": "NE-DATE-September"
    },
    {
      "subject_id": "c9cc11fc-8719-4e06-8c6b-99c7f538df16-possible-2-spawning-3-season-4",
      "relation": "concentrates between",
      "object_id": "NE-DATE-May"
    },
    {
      "subject_id": "c9cc11fc-8719-4e06-8c6b-99c7f538df16-spawning-24",
      "relation": "occurs between",
      "object_id": "NE-DATE-January"
    },
    {
      "subject_id": "NE-DATE-September",
      "relation": "is in",
      "object_id": "NE-LOCATION-Gulf-of"
    },
    {
      "subject_id": "NE-DATE-September",
      "relation": "cc",
      "object_id": "NE-DATE-and"
    },
    {
      "subject_id": "NE-DATE-September",
      "relation": "and",
      "object_id": "NE-DATE-November"
    },
    {
      "subject_id": "NE-LOCATION-Gulf-of",
      "relation": "is of",
      "object_id": "NE-COUNTRY-Mexico"
    },
    {
      "subject_id": "c9cc11fc-8719-4e06-8c6b-99c7f538df16-species-7",
      "relation": "are broadcast spawners",
      "object_id": "c9cc11fc-8719-4e06-8c6b-99c7f538df16-observed-17"
    },
    {
      "subject_id": "c9cc11fc-8719-4e06-8c6b-99c7f538df16-species-7",
      "relation": "is",
      "object_id": "c9cc11fc-8719-4e06-8c6b-99c7f538df16-studied-6"
    },
    {
      "subject_id": "c9cc11fc-8719-4e06-8c6b-99c7f538df16-study-2",
      "relation": "provides",
      "object_id": "c9cc11fc-8719-4e06-8c6b-99c7f538df16-data-15"
    },
    {
      "subject_id": "c9cc11fc-8719-4e06-8c6b-99c7f538df16-data-15",
      "relation": "at",
      "object_id": "c9cc11fc-8719-4e06-8c6b-99c7f538df16-most-13"
    },
    {
      "subject_id": "c9cc11fc-8719-4e06-8c6b-99c7f538df16-data-15",
      "relation": "study based",
      "object_id": "c9cc11fc-8719-4e06-8c6b-99c7f538df16-term-8-sampling-9"
    },
    {
      "subject_id": "c9cc11fc-8719-4e06-8c6b-99c7f538df16-term-8-sampling-9",
      "relation": "is",
      "object_id": "c9cc11fc-8719-4e06-8c6b-99c7f538df16-long-6"
    },
    {
      "subject_id": "c9cc11fc-8719-4e06-8c6b-99c7f538df16-data-15",
      "relation": "is",
      "object_id": "c9cc11fc-8719-4e06-8c6b-99c7f538df16-complete-14"
    },
    {
      "subject_id": "c9cc11fc-8719-4e06-8c6b-99c7f538df16-study-2",
      "relation": "provides data to",
      "object_id": "c9cc11fc-8719-4e06-8c6b-99c7f538df16-date-17"
    }
  ],
  "links": {
    "c9cc11fc-8719-4e06-8c6b-99c7f538df16-restrictions-11": [],
    "c9cc11fc-8719-4e06-8c6b-99c7f538df16-research-4": [],
    "c9cc11fc-8719-4e06-8c6b-99c7f538df16-logistics-2": [],
    "c9cc11fc-8719-4e06-8c6b-99c7f538df16-sea-8-organisms-9": [],
    "c9cc11fc-8719-4e06-8c6b-99c7f538df16-deep-6": [],
    "c9cc11fc-8719-4e06-8c6b-99c7f538df16-studies-13": [],
    "c9cc11fc-8719-4e06-8c6b-99c7f538df16-Studies-1": [],
    "c9cc11fc-8719-4e06-8c6b-99c7f538df16-have-10-made-13": [],
    "c9cc11fc-8719-4e06-8c6b-99c7f538df16-commonly-11": [],
    "c9cc11fc-8719-4e06-8c6b-99c7f538df16-temporal-16": [],
    "c9cc11fc-8719-4e06-8c6b-99c7f538df16-series-17": [],
    "c9cc11fc-8719-4e06-8c6b-99c7f538df16-appropriate-15": [],
    "c9cc11fc-8719-4e06-8c6b-99c7f538df16-Madrepora-4-oculata-5": [],
    "c9cc11fc-8719-4e06-8c6b-99c7f538df16-Solenosmilia-7-variabilis-8": [],
    "c9cc11fc-8719-4e06-8c6b-99c7f538df16-Enallopsammia-14-rostrata-15": [],
    "c9cc11fc-8719-4e06-8c6b-99c7f538df16-study-2": [],
    "c9cc11fc-8719-4e06-8c6b-99c7f538df16-Lophelia-10-pertusa-11": [],
    "c9cc11fc-8719-4e06-8c6b-99c7f538df16-Samples-1": [],
    "c9cc11fc-8719-4e06-8c6b-99c7f538df16-collected-3-during-4-13-5": [],
    "c9cc11fc-8719-4e06-8c6b-99c7f538df16-Campos-10-Basin-11-Deep-12-Sea-14-Corals-15-Assessment-16-Project-17": [],
    "NE-DURATION-months": [],
    "NE-LOCATION-Basin": [],
    "NE-CITY-Campos": [],
    "c9cc11fc-8719-4e06-8c6b-99c7f538df16-consecutive-6": [],
    "NE-LOCATION-State": [],
    "NE-CITY-Rio-de-Janeiro": [],
    "c9cc11fc-8719-4e06-8c6b-99c7f538df16---13": [],
    "c9cc11fc-8719-4e06-8c6b-99c7f538df16-average-8": [],
    "c9cc11fc-8719-4e06-8c6b-99c7f538df16-monthly-3-sampling-4-campaign-5": [],
    "c9cc11fc-8719-4e06-8c6b-99c7f538df16-four-11-species-12": [],
    "c9cc11fc-8719-4e06-8c6b-99c7f538df16-gonochoric-14": [],
    "c9cc11fc-8719-4e06-8c6b-99c7f538df16-pattern-11": [],
    "c9cc11fc-8719-4e06-8c6b-99c7f538df16-corals-14": [],
    "c9cc11fc-8719-4e06-8c6b-99c7f538df16-predominant-9": [],
    "c9cc11fc-8719-4e06-8c6b-99c7f538df16-area-17": [],
    "c9cc11fc-8719-4e06-8c6b-99c7f538df16-deep-23-sea-25-corals-26": [],
    "NE-TITLE-general": [],
    "c9cc11fc-8719-4e06-8c6b-99c7f538df16-reproductive-10": [
      "c9cc11fc-8719-4e06-8c6b-99c7f538df16-reproductive-6"
    ],
    "NE-PERSON-L.-pertusa": [],
    "c9cc11fc-8719-4e06-8c6b-99c7f538df16-colonies-14": [],
    "c9cc11fc-8719-4e06-8c6b-99c7f538df16-few-13": [],
    "c9cc11fc-8719-4e06-8c6b-99c7f538df16-hermaphroditism-17-patterns-18": [],
    "c9cc11fc-8719-4e06-8c6b-99c7f538df16-different-16": [],
    "c9cc11fc-8719-4e06-8c6b-99c7f538df16-M.-4-oculata-5": [],
    "c9cc11fc-8719-4e06-8c6b-99c7f538df16-reproduction-8": [],
    "c9cc11fc-8719-4e06-8c6b-99c7f538df16-continuous-7": [],
    "c9cc11fc-8719-4e06-8c6b-99c7f538df16-E.-1-rostrata-2": [],
    "c9cc11fc-8719-4e06-8c6b-99c7f538df16-S.-7-variabilis-8": [],
    "c9cc11fc-8719-4e06-8c6b-99c7f538df16-year-3-round-5": [],
    "c9cc11fc-8719-4e06-8c6b-99c7f538df16-contrast-23": [],
    "c9cc11fc-8719-4e06-8c6b-99c7f538df16-seasonal-26-reproduction-27-recorded-28-in-29-southwestern-31": [],
    "NE-LOCATION-Pacific": [],
    "c9cc11fc-8719-4e06-8c6b-99c7f538df16-fertile-2": [],
    "c9cc11fc-8719-4e06-8c6b-99c7f538df16-peak-7": [],
    "c9cc11fc-8719-4e06-8c6b-99c7f538df16-seasonal-5": [],
    "c9cc11fc-8719-4e06-8c6b-99c7f538df16-previous-10-observations-11": [],
    "c9cc11fc-8719-4e06-8c6b-99c7f538df16-species-17": [],
    "NE-LOCATION-Atlantic": [],
    "c9cc11fc-8719-4e06-8c6b-99c7f538df16-reproductive-6": [
      "c9cc11fc-8719-4e06-8c6b-99c7f538df16-reproductive-10"
    ],
    "c9cc11fc-8719-4e06-8c6b-99c7f538df16-spawning-24": [],
    "NE-LOCATION-North-Atlantic": [],
    "NE-DATE-September": [],
    "c9cc11fc-8719-4e06-8c6b-99c7f538df16-possible-2-spawning-3-season-4": [],
    "NE-DATE-May": [],
    "NE-DATE-January": [],
    "NE-LOCATION-Gulf-of": [],
    "NE-DATE-and": [],
    "NE-DATE-November": [],
    "NE-COUNTRY-Mexico": [],
    "c9cc11fc-8719-4e06-8c6b-99c7f538df16-species-7": [],
    "c9cc11fc-8719-4e06-8c6b-99c7f538df16-observed-17": [],
    "c9cc11fc-8719-4e06-8c6b-99c7f538df16-studied-6": [],
    "c9cc11fc-8719-4e06-8c6b-99c7f538df16-data-15": [],
    "c9cc11fc-8719-4e06-8c6b-99c7f538df16-most-13": [],
    "c9cc11fc-8719-4e06-8c6b-99c7f538df16-term-8-sampling-9": [],
    "c9cc11fc-8719-4e06-8c6b-99c7f538df16-long-6": [],
    "c9cc11fc-8719-4e06-8c6b-99c7f538df16-complete-14": [],
    "c9cc11fc-8719-4e06-8c6b-99c7f538df16-date-17": []
  }
}