{
  "document": "D:/Projetos/PIRA_KG/documents/onu_14928592.txt",
  "entities": {
    "94267b10-5a2b-4a17-9107-d48195781271-construction-5": "construction",
    "94267b10-5a2b-4a17-9107-d48195781271-petroleum-13": "petroleum",
    "94267b10-5a2b-4a17-9107-d48195781271-products-16": "products",
    "NE-LOCATION-Tegua": "Tegua",
    "NE-CITY-Bay": "Bay",
    "94267b10-5a2b-4a17-9107-d48195781271-project-2": "project",
    "94267b10-5a2b-4a17-9107-d48195781271-length-3": "length",
    "94267b10-5a2b-4a17-9107-d48195781271-314-9": "314",
    "94267b10-5a2b-4a17-9107-d48195781271-total-2": "total",
    "94267b10-5a2b-4a17-9107-d48195781271-total-2-length-3-of-4-mooring-6-berth-7": "total length of mooring berth",
    "94267b10-5a2b-4a17-9107-d48195781271-depth-8": "depth",
    "94267b10-5a2b-4a17-9107-d48195781271-13-12": "13",
    "94267b10-5a2b-4a17-9107-d48195781271-water-10": "water",
    "94267b10-5a2b-4a17-9107-d48195781271-San-11": "San",
    "NE-PERCENT-'%": "%",
    "94267b10-5a2b-4a17-9107-d48195781271-platform-3": "platform",
    "94267b10-5a2b-4a17-9107-d48195781271-devices-15": "devices",
    "94267b10-5a2b-4a17-9107-d48195781271-eight-5-%-7-Chick-9": "eight % Chick",
    "94267b10-5a2b-4a17-9107-d48195781271-central-2": "central"
  },
  "graph": [
    {
      "subject_id": "94267b10-5a2b-4a17-9107-d48195781271-construction-5",
      "relation": "intended for",
      "object_id": "94267b10-5a2b-4a17-9107-d48195781271-petroleum-13"
    },
    {
      "subject_id": "94267b10-5a2b-4a17-9107-d48195781271-petroleum-13",
      "relation": "of",
      "object_id": "94267b10-5a2b-4a17-9107-d48195781271-products-16"
    },
    {
      "subject_id": "NE-LOCATION-Tegua",
      "relation": "is in",
      "object_id": "NE-CITY-Bay"
    },
    {
      "subject_id": "94267b10-5a2b-4a17-9107-d48195781271-project-2",
      "relation": "intended for",
      "object_id": "94267b10-5a2b-4a17-9107-d48195781271-petroleum-13"
    },
    {
      "subject_id": "94267b10-5a2b-4a17-9107-d48195781271-length-3",
      "relation": "is",
      "object_id": "94267b10-5a2b-4a17-9107-d48195781271-314-9"
    },
    {
      "subject_id": "94267b10-5a2b-4a17-9107-d48195781271-length-3",
      "relation": "is",
      "object_id": "94267b10-5a2b-4a17-9107-d48195781271-total-2"
    },
    {
      "subject_id": "94267b10-5a2b-4a17-9107-d48195781271-total-2-length-3-of-4-mooring-6-berth-7",
      "relation": "has",
      "object_id": "94267b10-5a2b-4a17-9107-d48195781271-depth-8"
    },
    {
      "subject_id": "94267b10-5a2b-4a17-9107-d48195781271-depth-8",
      "relation": "of",
      "object_id": "94267b10-5a2b-4a17-9107-d48195781271-13-12"
    },
    {
      "subject_id": "94267b10-5a2b-4a17-9107-d48195781271-depth-8",
      "relation": "of",
      "object_id": "94267b10-5a2b-4a17-9107-d48195781271-water-10"
    },
    {
      "subject_id": "94267b10-5a2b-4a17-9107-d48195781271-total-2-length-3-of-4-mooring-6-berth-7",
      "relation": "depth of",
      "object_id": "94267b10-5a2b-4a17-9107-d48195781271-13-12"
    },
    {
      "subject_id": "94267b10-5a2b-4a17-9107-d48195781271-total-2-length-3-of-4-mooring-6-berth-7",
      "relation": "depth of",
      "object_id": "94267b10-5a2b-4a17-9107-d48195781271-water-10"
    },
    {
      "subject_id": "94267b10-5a2b-4a17-9107-d48195781271-San-11",
      "relation": "'",
      "object_id": "NE-PERCENT-'%"
    },
    {
      "subject_id": "94267b10-5a2b-4a17-9107-d48195781271-platform-3",
      "relation": "has",
      "object_id": "94267b10-5a2b-4a17-9107-d48195781271-devices-15"
    },
    {
      "subject_id": "94267b10-5a2b-4a17-9107-d48195781271-San-11",
      "relation": "has",
      "object_id": "94267b10-5a2b-4a17-9107-d48195781271-devices-15"
    },
    {
      "subject_id": "94267b10-5a2b-4a17-9107-d48195781271-devices-15",
      "relation": "of",
      "object_id": "NE-PERCENT-'%"
    },
    {
      "subject_id": "94267b10-5a2b-4a17-9107-d48195781271-devices-15",
      "relation": "amount to",
      "object_id": "94267b10-5a2b-4a17-9107-d48195781271-eight-5-%-7-Chick-9"
    },
    {
      "subject_id": "94267b10-5a2b-4a17-9107-d48195781271-platform-3",
      "relation": "is",
      "object_id": "94267b10-5a2b-4a17-9107-d48195781271-central-2"
    }
  ],
  "links": {
    "94267b10-5a2b-4a17-9107-d48195781271-construction-5": [],
    "94267b10-5a2b-4a17-9107-d48195781271-petroleum-13": [],
    "94267b10-5a2b-4a17-9107-d48195781271-products-16": [],
    "NE-LOCATION-Tegua": [],
    "NE-CITY-Bay": [],
    "94267b10-5a2b-4a17-9107-d48195781271-project-2": [],
    "94267b10-5a2b-4a17-9107-d48195781271-length-3": [],
    "94267b10-5a2b-4a17-9107-d48195781271-314-9": [],
    "94267b10-5a2b-4a17-9107-d48195781271-total-2": [],
    "94267b10-5a2b-4a17-9107-d48195781271-total-2-length-3-of-4-mooring-6-berth-7": [],
    "94267b10-5a2b-4a17-9107-d48195781271-depth-8": [],
    "94267b10-5a2b-4a17-9107-d48195781271-13-12": [],
    "94267b10-5a2b-4a17-9107-d48195781271-water-10": [],
    "94267b10-5a2b-4a17-9107-d48195781271-San-11": [],
    "NE-PERCENT-'%": [],
    "94267b10-5a2b-4a17-9107-d48195781271-platform-3": [],
    "94267b10-5a2b-4a17-9107-d48195781271-devices-15": [],
    "94267b10-5a2b-4a17-9107-d48195781271-eight-5-%-7-Chick-9": [],
    "94267b10-5a2b-4a17-9107-d48195781271-central-2": []
  }
}