{
  "document": "D:/Projetos/PIRA_KG/documents/onu_80052582062.txt",
  "entities": {
    "7a7f6f9c-3356-4943-af08-ffb5a792d414-discoveries-13": "discoveries",
    "NE-ORGANIZATION-Petrobras": "Petrobras",
    "7a7f6f9c-3356-4943-af08-ffb5a792d414-major-12": "major",
    "7a7f6f9c-3356-4943-af08-ffb5a792d414-announced-15": "announced",
    "NE-DATE-2006": "2006",
    "7a7f6f9c-3356-4943-af08-ffb5a792d414-Pre-Salt-3-region-4": "Pre-Salt region",
    "NE-NATIONALITY-Brazilian": "Brazilian",
    "NE-ORDINAL-first": "first",
    "7a7f6f9c-3356-4943-af08-ffb5a792d414-attention-8": "attention",
    "7a7f6f9c-3356-4943-af08-ffb5a792d414-much-7": "much",
    "7a7f6f9c-3356-4943-af08-ffb5a792d414-discoveries-4": "discoveries",
    "7a7f6f9c-3356-4943-af08-ffb5a792d414-largest-12": "largest",
    "7a7f6f9c-3356-4943-af08-ffb5a792d414-region-7": "region",
    "7a7f6f9c-3356-4943-af08-ffb5a792d414-ten-19-years-20": "ten years",
    "7a7f6f9c-3356-4943-af08-ffb5a792d414-last-18": "last",
    "NE-PERSON-Tupi": "Tupi",
    "NE-PERSON-Iara": "Iara",
    "7a7f6f9c-3356-4943-af08-ffb5a792d414-world-15": "world",
    "7a7f6f9c-3356-4943-af08-ffb5a792d414-then-2": "then",
    "NE-MONEY-300-billion-barrels": "300 billion barrels",
    "7a7f6f9c-3356-4943-af08-ffb5a792d414-region-39": "region",
    "NE-MISC-Picanha-Azul": "Picanha Azul",
    "7a7f6f9c-3356-4943-af08-ffb5a792d414-recoverable-31-oil-32": "recoverable oil",
    "7a7f6f9c-3356-4943-af08-ffb5a792d414-area-42": "area",
    "7a7f6f9c-3356-4943-af08-ffb5a792d414-approximately-44-150-45-thousand-46-square-47-kilometers-48": "approximately 150 thousand square kilometers",
    "7a7f6f9c-3356-4943-af08-ffb5a792d414-assessment-21": "assessment",
    "7a7f6f9c-3356-4943-af08-ffb5a792d414-accompanied-7": "accompanied",
    "7a7f6f9c-3356-4943-af08-ffb5a792d414-data-10": "data",
    "7a7f6f9c-3356-4943-af08-ffb5a792d414-none-2": "none",
    "7a7f6f9c-3356-4943-af08-ffb5a792d414-technical-9": "technical",
    "7a7f6f9c-3356-4943-af08-ffb5a792d414-exploration-42-process-43": "exploration process",
    "7a7f6f9c-3356-4943-af08-ffb5a792d414-simulations-48": "simulations",
    "7a7f6f9c-3356-4943-af08-ffb5a792d414-models-40": "models",
    "NE-ORGANIZATION-Monte-Carlo": "Monte Carlo",
    "NE-LOCATION-Basin": "Basin",
    "NE-CITY-Campos": "Campos",
    "7a7f6f9c-3356-4943-af08-ffb5a792d414-assessment-2-methodology-3": "assessment methodology",
    "7a7f6f9c-3356-4943-af08-ffb5a792d414-has-5-applied-8-by-9-authors-11": "has applied by authors",
    "7a7f6f9c-3356-4943-af08-ffb5a792d414-successfully-7": "successfully",
    "7a7f6f9c-3356-4943-af08-ffb5a792d414-used-4": "used",
    "7a7f6f9c-3356-4943-af08-ffb5a792d414-concepts-3": "concepts",
    "7a7f6f9c-3356-4943-af08-ffb5a792d414-estimates-15": "estimates",
    "7a7f6f9c-3356-4943-af08-ffb5a792d414-accumulations-24": "accumulations",
    "7a7f6f9c-3356-4943-af08-ffb5a792d414-size-38": "size",
    "7a7f6f9c-3356-4943-af08-ffb5a792d414-individual-40": "individual",
    "7a7f6f9c-3356-4943-af08-ffb5a792d414-parameters-17": "parameters",
    "7a7f6f9c-3356-4943-af08-ffb5a792d414-assessment-28": "assessment",
    "7a7f6f9c-3356-4943-af08-ffb5a792d414-probability-31-distribution-32": "probability distribution",
    "NE-DATE-current": "current",
    "7a7f6f9c-3356-4943-af08-ffb5a792d414-number-35": "number",
    "7a7f6f9c-3356-4943-af08-ffb5a792d414-discovered-48": "discovered",
    "7a7f6f9c-3356-4943-af08-ffb5a792d414-yet-45": "yet",
    "7a7f6f9c-3356-4943-af08-ffb5a792d414-geological-14": "geological",
    "7a7f6f9c-3356-4943-af08-ffb5a792d414-total-55-accumulation-56": "total accumulation",
    "7a7f6f9c-3356-4943-af08-ffb5a792d414-region-67": "region",
    "7a7f6f9c-3356-4943-af08-ffb5a792d414-number-20": "number",
    "7a7f6f9c-3356-4943-af08-ffb5a792d414-accumulations-41": "accumulations",
    "7a7f6f9c-3356-4943-af08-ffb5a792d414-lack-13": "lack",
    "7a7f6f9c-3356-4943-af08-ffb5a792d414-possible-6-values-7": "possible values",
    "7a7f6f9c-3356-4943-af08-ffb5a792d414-results-10": "results",
    "7a7f6f9c-3356-4943-af08-ffb5a792d414-field-21": "field",
    "7a7f6f9c-3356-4943-af08-ffb5a792d414-confidence-12-levels-13": "confidence levels",
    "7a7f6f9c-3356-4943-af08-ffb5a792d414-accumulations-37": "accumulations",
    "NE-MONEY-115-billion-barrels": "115 billion barrels",
    "NE-LOCATION-288": "288",
    "7a7f6f9c-3356-4943-af08-ffb5a792d414-billion-47-barrels-48": "billion barrels",
    "7a7f6f9c-3356-4943-af08-ffb5a792d414-probabilistic-11": "probabilistic",
    "7a7f6f9c-3356-4943-af08-ffb5a792d414-expected-23": "expected",
    "7a7f6f9c-3356-4943-af08-ffb5a792d414-it-4": "it",
    "7a7f6f9c-3356-4943-af08-ffb5a792d414-possible-6": "possible",
    "7a7f6f9c-3356-4943-af08-ffb5a792d414-Even-1": "Even",
    "7a7f6f9c-3356-4943-af08-ffb5a792d414-so-2": "so",
    "7a7f6f9c-3356-4943-af08-ffb5a792d414-total-36": "total",
    "NE-PERCENT-95%": "95 %"
  },
  "graph": [
    {
      "subject_id": "7a7f6f9c-3356-4943-af08-ffb5a792d414-discoveries-13",
      "relation": "were announced by",
      "object_id": "NE-ORGANIZATION-Petrobras"
    },
    {
      "subject_id": "7a7f6f9c-3356-4943-af08-ffb5a792d414-discoveries-13",
      "relation": "is",
      "object_id": "7a7f6f9c-3356-4943-af08-ffb5a792d414-major-12"
    },
    {
      "subject_id": "7a7f6f9c-3356-4943-af08-ffb5a792d414-discoveries-13",
      "relation": "were",
      "object_id": "7a7f6f9c-3356-4943-af08-ffb5a792d414-announced-15"
    },
    {
      "subject_id": "7a7f6f9c-3356-4943-af08-ffb5a792d414-announced-15",
      "relation": "at",
      "object_id": "NE-DATE-2006"
    },
    {
      "subject_id": "7a7f6f9c-3356-4943-af08-ffb5a792d414-Pre-Salt-3-region-4",
      "relation": "has garnered attention",
      "object_id": "7a7f6f9c-3356-4943-af08-ffb5a792d414-announced-15"
    },
    {
      "subject_id": "7a7f6f9c-3356-4943-af08-ffb5a792d414-Pre-Salt-3-region-4",
      "relation": "is",
      "object_id": "NE-NATIONALITY-Brazilian"
    },
    {
      "subject_id": "7a7f6f9c-3356-4943-af08-ffb5a792d414-announced-15",
      "relation": "by",
      "object_id": "NE-ORGANIZATION-Petrobras"
    },
    {
      "subject_id": "7a7f6f9c-3356-4943-af08-ffb5a792d414-discoveries-13",
      "relation": "is",
      "object_id": "NE-ORDINAL-first"
    },
    {
      "subject_id": "7a7f6f9c-3356-4943-af08-ffb5a792d414-Pre-Salt-3-region-4",
      "relation": "has garnered",
      "object_id": "7a7f6f9c-3356-4943-af08-ffb5a792d414-attention-8"
    },
    {
      "subject_id": "7a7f6f9c-3356-4943-af08-ffb5a792d414-attention-8",
      "relation": "is",
      "object_id": "7a7f6f9c-3356-4943-af08-ffb5a792d414-much-7"
    },
    {
      "subject_id": "7a7f6f9c-3356-4943-af08-ffb5a792d414-discoveries-4",
      "relation": "have ranked among",
      "object_id": "7a7f6f9c-3356-4943-af08-ffb5a792d414-largest-12"
    },
    {
      "subject_id": "7a7f6f9c-3356-4943-af08-ffb5a792d414-discoveries-4",
      "relation": "is in",
      "object_id": "7a7f6f9c-3356-4943-af08-ffb5a792d414-region-7"
    },
    {
      "subject_id": "7a7f6f9c-3356-4943-af08-ffb5a792d414-discoveries-4",
      "relation": "have ranked in",
      "object_id": "7a7f6f9c-3356-4943-af08-ffb5a792d414-ten-19-years-20"
    },
    {
      "subject_id": "7a7f6f9c-3356-4943-af08-ffb5a792d414-ten-19-years-20",
      "relation": "is",
      "object_id": "7a7f6f9c-3356-4943-af08-ffb5a792d414-last-18"
    },
    {
      "subject_id": "NE-PERSON-Tupi",
      "relation": "is",
      "object_id": "NE-PERSON-Iara"
    },
    {
      "subject_id": "7a7f6f9c-3356-4943-af08-ffb5a792d414-largest-12",
      "relation": "of",
      "object_id": "7a7f6f9c-3356-4943-af08-ffb5a792d414-world-15"
    },
    {
      "subject_id": "7a7f6f9c-3356-4943-af08-ffb5a792d414-discoveries-4",
      "relation": "have ranked including",
      "object_id": "NE-PERSON-Tupi"
    },
    {
      "subject_id": "7a7f6f9c-3356-4943-af08-ffb5a792d414-discoveries-4",
      "relation": "have ranked Since",
      "object_id": "7a7f6f9c-3356-4943-af08-ffb5a792d414-then-2"
    },
    {
      "subject_id": "NE-MONEY-300-billion-barrels",
      "relation": "is in",
      "object_id": "7a7f6f9c-3356-4943-af08-ffb5a792d414-region-39"
    },
    {
      "subject_id": "7a7f6f9c-3356-4943-af08-ffb5a792d414-region-39",
      "relation": "of",
      "object_id": "NE-MISC-Picanha-Azul"
    },
    {
      "subject_id": "7a7f6f9c-3356-4943-af08-ffb5a792d414-recoverable-31-oil-32",
      "relation": "of barrels is",
      "object_id": "7a7f6f9c-3356-4943-af08-ffb5a792d414-area-42"
    },
    {
      "subject_id": "7a7f6f9c-3356-4943-af08-ffb5a792d414-region-39",
      "relation": "in barrels is",
      "object_id": "7a7f6f9c-3356-4943-af08-ffb5a792d414-area-42"
    },
    {
      "subject_id": "7a7f6f9c-3356-4943-af08-ffb5a792d414-area-42",
      "relation": "of",
      "object_id": "7a7f6f9c-3356-4943-af08-ffb5a792d414-approximately-44-150-45-thousand-46-square-47-kilometers-48"
    },
    {
      "subject_id": "NE-MONEY-300-billion-barrels",
      "relation": "area of",
      "object_id": "7a7f6f9c-3356-4943-af08-ffb5a792d414-approximately-44-150-45-thousand-46-square-47-kilometers-48"
    },
    {
      "subject_id": "7a7f6f9c-3356-4943-af08-ffb5a792d414-assessment-21",
      "relation": "was carried out",
      "object_id": "7a7f6f9c-3356-4943-af08-ffb5a792d414-accompanied-7"
    },
    {
      "subject_id": "7a7f6f9c-3356-4943-af08-ffb5a792d414-accompanied-7",
      "relation": "by",
      "object_id": "7a7f6f9c-3356-4943-af08-ffb5a792d414-data-10"
    },
    {
      "subject_id": "7a7f6f9c-3356-4943-af08-ffb5a792d414-none-2",
      "relation": "was accompanied by",
      "object_id": "7a7f6f9c-3356-4943-af08-ffb5a792d414-data-10"
    },
    {
      "subject_id": "7a7f6f9c-3356-4943-af08-ffb5a792d414-data-10",
      "relation": "is",
      "object_id": "7a7f6f9c-3356-4943-af08-ffb5a792d414-technical-9"
    },
    {
      "subject_id": "7a7f6f9c-3356-4943-af08-ffb5a792d414-exploration-42-process-43",
      "relation": "making",
      "object_id": "7a7f6f9c-3356-4943-af08-ffb5a792d414-simulations-48"
    },
    {
      "subject_id": "7a7f6f9c-3356-4943-af08-ffb5a792d414-exploration-42-process-43",
      "relation": "at",
      "object_id": "7a7f6f9c-3356-4943-af08-ffb5a792d414-models-40"
    },
    {
      "subject_id": "7a7f6f9c-3356-4943-af08-ffb5a792d414-simulations-48",
      "relation": "of",
      "object_id": "NE-ORGANIZATION-Monte-Carlo"
    },
    {
      "subject_id": "7a7f6f9c-3356-4943-af08-ffb5a792d414-exploration-42-process-43",
      "relation": "drilled",
      "object_id": "7a7f6f9c-3356-4943-af08-ffb5a792d414-models-40"
    },
    {
      "subject_id": "7a7f6f9c-3356-4943-af08-ffb5a792d414-none-2",
      "relation": "was",
      "object_id": "7a7f6f9c-3356-4943-af08-ffb5a792d414-accompanied-7"
    },
    {
      "subject_id": "NE-LOCATION-Basin",
      "relation": "is of",
      "object_id": "NE-CITY-Campos"
    },
    {
      "subject_id": "7a7f6f9c-3356-4943-af08-ffb5a792d414-assessment-2-methodology-3",
      "relation": "has",
      "object_id": "7a7f6f9c-3356-4943-af08-ffb5a792d414-has-5-applied-8-by-9-authors-11"
    },
    {
      "subject_id": "7a7f6f9c-3356-4943-af08-ffb5a792d414-has-5-applied-8-by-9-authors-11",
      "relation": "at",
      "object_id": "7a7f6f9c-3356-4943-af08-ffb5a792d414-successfully-7"
    },
    {
      "subject_id": "7a7f6f9c-3356-4943-af08-ffb5a792d414-assessment-2-methodology-3",
      "relation": "is",
      "object_id": "7a7f6f9c-3356-4943-af08-ffb5a792d414-used-4"
    },
    {
      "subject_id": "7a7f6f9c-3356-4943-af08-ffb5a792d414-concepts-3",
      "relation": "making",
      "object_id": "7a7f6f9c-3356-4943-af08-ffb5a792d414-estimates-15"
    },
    {
      "subject_id": "7a7f6f9c-3356-4943-af08-ffb5a792d414-estimates-15",
      "relation": "of",
      "object_id": "7a7f6f9c-3356-4943-af08-ffb5a792d414-accumulations-24"
    },
    {
      "subject_id": "7a7f6f9c-3356-4943-af08-ffb5a792d414-concepts-3",
      "relation": "expected",
      "object_id": "7a7f6f9c-3356-4943-af08-ffb5a792d414-size-38"
    },
    {
      "subject_id": "7a7f6f9c-3356-4943-af08-ffb5a792d414-size-38",
      "relation": "is",
      "object_id": "7a7f6f9c-3356-4943-af08-ffb5a792d414-individual-40"
    },
    {
      "subject_id": "7a7f6f9c-3356-4943-af08-ffb5a792d414-estimates-15",
      "relation": "of",
      "object_id": "7a7f6f9c-3356-4943-af08-ffb5a792d414-parameters-17"
    },
    {
      "subject_id": "7a7f6f9c-3356-4943-af08-ffb5a792d414-assessment-28",
      "relation": "furnished",
      "object_id": "7a7f6f9c-3356-4943-af08-ffb5a792d414-probability-31-distribution-32"
    },
    {
      "subject_id": "7a7f6f9c-3356-4943-af08-ffb5a792d414-assessment-28",
      "relation": "is",
      "object_id": "NE-DATE-current"
    },
    {
      "subject_id": "7a7f6f9c-3356-4943-af08-ffb5a792d414-probability-31-distribution-32",
      "relation": "of",
      "object_id": "7a7f6f9c-3356-4943-af08-ffb5a792d414-number-35"
    },
    {
      "subject_id": "7a7f6f9c-3356-4943-af08-ffb5a792d414-concepts-3",
      "relation": "be",
      "object_id": "7a7f6f9c-3356-4943-af08-ffb5a792d414-discovered-48"
    },
    {
      "subject_id": "7a7f6f9c-3356-4943-af08-ffb5a792d414-discovered-48",
      "relation": "at",
      "object_id": "7a7f6f9c-3356-4943-af08-ffb5a792d414-yet-45"
    },
    {
      "subject_id": "7a7f6f9c-3356-4943-af08-ffb5a792d414-estimates-15",
      "relation": "is",
      "object_id": "7a7f6f9c-3356-4943-af08-ffb5a792d414-geological-14"
    },
    {
      "subject_id": "7a7f6f9c-3356-4943-af08-ffb5a792d414-total-55-accumulation-56",
      "relation": "is in",
      "object_id": "7a7f6f9c-3356-4943-af08-ffb5a792d414-region-67"
    },
    {
      "subject_id": "7a7f6f9c-3356-4943-af08-ffb5a792d414-estimates-15",
      "relation": "of",
      "object_id": "7a7f6f9c-3356-4943-af08-ffb5a792d414-number-20"
    },
    {
      "subject_id": "7a7f6f9c-3356-4943-af08-ffb5a792d414-size-38",
      "relation": "of",
      "object_id": "7a7f6f9c-3356-4943-af08-ffb5a792d414-accumulations-41"
    },
    {
      "subject_id": "7a7f6f9c-3356-4943-af08-ffb5a792d414-lack-13",
      "relation": "relatively large range of",
      "object_id": "7a7f6f9c-3356-4943-af08-ffb5a792d414-possible-6-values-7"
    },
    {
      "subject_id": "7a7f6f9c-3356-4943-af08-ffb5a792d414-lack-13",
      "relation": "range of",
      "object_id": "7a7f6f9c-3356-4943-af08-ffb5a792d414-possible-6-values-7"
    },
    {
      "subject_id": "7a7f6f9c-3356-4943-af08-ffb5a792d414-lack-13",
      "relation": "large range of",
      "object_id": "7a7f6f9c-3356-4943-af08-ffb5a792d414-possible-6-values-7"
    },
    {
      "subject_id": "7a7f6f9c-3356-4943-af08-ffb5a792d414-possible-6-values-7",
      "relation": "of",
      "object_id": "7a7f6f9c-3356-4943-af08-ffb5a792d414-results-10"
    },
    {
      "subject_id": "7a7f6f9c-3356-4943-af08-ffb5a792d414-field-21",
      "relation": "sizes expected within",
      "object_id": "7a7f6f9c-3356-4943-af08-ffb5a792d414-confidence-12-levels-13"
    },
    {
      "subject_id": "7a7f6f9c-3356-4943-af08-ffb5a792d414-accumulations-37",
      "relation": "will range from",
      "object_id": "NE-MONEY-115-billion-barrels"
    },
    {
      "subject_id": "NE-MONEY-115-billion-barrels",
      "relation": "of",
      "object_id": "NE-LOCATION-288"
    },
    {
      "subject_id": "NE-MONEY-115-billion-barrels",
      "relation": "at",
      "object_id": "7a7f6f9c-3356-4943-af08-ffb5a792d414-billion-47-barrels-48"
    },
    {
      "subject_id": "7a7f6f9c-3356-4943-af08-ffb5a792d414-confidence-12-levels-13",
      "relation": "is",
      "object_id": "7a7f6f9c-3356-4943-af08-ffb5a792d414-probabilistic-11"
    },
    {
      "subject_id": "7a7f6f9c-3356-4943-af08-ffb5a792d414-field-21",
      "relation": "sizes",
      "object_id": "7a7f6f9c-3356-4943-af08-ffb5a792d414-expected-23"
    },
    {
      "subject_id": "7a7f6f9c-3356-4943-af08-ffb5a792d414-it-4",
      "relation": "was",
      "object_id": "7a7f6f9c-3356-4943-af08-ffb5a792d414-possible-6"
    },
    {
      "subject_id": "7a7f6f9c-3356-4943-af08-ffb5a792d414-possible-6",
      "relation": "at",
      "object_id": "7a7f6f9c-3356-4943-af08-ffb5a792d414-Even-1"
    },
    {
      "subject_id": "7a7f6f9c-3356-4943-af08-ffb5a792d414-possible-6",
      "relation": "at",
      "object_id": "7a7f6f9c-3356-4943-af08-ffb5a792d414-so-2"
    },
    {
      "subject_id": "7a7f6f9c-3356-4943-af08-ffb5a792d414-accumulations-37",
      "relation": "is",
      "object_id": "7a7f6f9c-3356-4943-af08-ffb5a792d414-total-36"
    },
    {
      "subject_id": "7a7f6f9c-3356-4943-af08-ffb5a792d414-confidence-12-levels-13",
      "relation": "of",
      "object_id": "NE-PERCENT-95%"
    }
  ],
  "links": {
    "7a7f6f9c-3356-4943-af08-ffb5a792d414-discoveries-13": [],
    "NE-ORGANIZATION-Petrobras": [],
    "7a7f6f9c-3356-4943-af08-ffb5a792d414-major-12": [],
    "7a7f6f9c-3356-4943-af08-ffb5a792d414-announced-15": [],
    "NE-DATE-2006": [],
    "7a7f6f9c-3356-4943-af08-ffb5a792d414-Pre-Salt-3-region-4": [],
    "NE-NATIONALITY-Brazilian": [],
    "NE-ORDINAL-first": [],
    "7a7f6f9c-3356-4943-af08-ffb5a792d414-attention-8": [],
    "7a7f6f9c-3356-4943-af08-ffb5a792d414-much-7": [],
    "7a7f6f9c-3356-4943-af08-ffb5a792d414-discoveries-4": [],
    "7a7f6f9c-3356-4943-af08-ffb5a792d414-largest-12": [],
    "7a7f6f9c-3356-4943-af08-ffb5a792d414-region-7": [],
    "7a7f6f9c-3356-4943-af08-ffb5a792d414-ten-19-years-20": [],
    "7a7f6f9c-3356-4943-af08-ffb5a792d414-last-18": [],
    "NE-PERSON-Tupi": [],
    "NE-PERSON-Iara": [],
    "7a7f6f9c-3356-4943-af08-ffb5a792d414-world-15": [],
    "7a7f6f9c-3356-4943-af08-ffb5a792d414-then-2": [],
    "NE-MONEY-300-billion-barrels": [],
    "7a7f6f9c-3356-4943-af08-ffb5a792d414-region-39": [],
    "NE-MISC-Picanha-Azul": [],
    "7a7f6f9c-3356-4943-af08-ffb5a792d414-recoverable-31-oil-32": [],
    "7a7f6f9c-3356-4943-af08-ffb5a792d414-area-42": [],
    "7a7f6f9c-3356-4943-af08-ffb5a792d414-approximately-44-150-45-thousand-46-square-47-kilometers-48": [],
    "7a7f6f9c-3356-4943-af08-ffb5a792d414-assessment-21": [],
    "7a7f6f9c-3356-4943-af08-ffb5a792d414-accompanied-7": [],
    "7a7f6f9c-3356-4943-af08-ffb5a792d414-data-10": [],
    "7a7f6f9c-3356-4943-af08-ffb5a792d414-none-2": [],
    "7a7f6f9c-3356-4943-af08-ffb5a792d414-technical-9": [],
    "7a7f6f9c-3356-4943-af08-ffb5a792d414-exploration-42-process-43": [],
    "7a7f6f9c-3356-4943-af08-ffb5a792d414-simulations-48": [],
    "7a7f6f9c-3356-4943-af08-ffb5a792d414-models-40": [],
    "NE-ORGANIZATION-Monte-Carlo": [],
    "NE-LOCATION-Basin": [],
    "NE-CITY-Campos": [],
    "7a7f6f9c-3356-4943-af08-ffb5a792d414-assessment-2-methodology-3": [],
    "7a7f6f9c-3356-4943-af08-ffb5a792d414-has-5-applied-8-by-9-authors-11": [],
    "7a7f6f9c-3356-4943-af08-ffb5a792d414-successfully-7": [],
    "7a7f6f9c-3356-4943-af08-ffb5a792d414-used-4": [],
    "7a7f6f9c-3356-4943-af08-ffb5a792d414-concepts-3": [],
    "7a7f6f9c-3356-4943-af08-ffb5a792d414-estimates-15": [],
    "7a7f6f9c-3356-4943-af08-ffb5a792d414-accumulations-24": [
      "7a7f6f9c-3356-4943-af08-ffb5a792d414-accumulations-41"
    ],
    "7a7f6f9c-3356-4943-af08-ffb5a792d414-size-38": [],
    "7a7f6f9c-3356-4943-af08-ffb5a792d414-individual-40": [],
    "7a7f6f9c-3356-4943-af08-ffb5a792d414-parameters-17": [],
    "7a7f6f9c-3356-4943-af08-ffb5a792d414-assessment-28": [],
    "7a7f6f9c-3356-4943-af08-ffb5a792d414-probability-31-distribution-32": [],
    "NE-DATE-current": [],
    "7a7f6f9c-3356-4943-af08-ffb5a792d414-number-35": [],
    "7a7f6f9c-3356-4943-af08-ffb5a792d414-discovered-48": [],
    "7a7f6f9c-3356-4943-af08-ffb5a792d414-yet-45": [],
    "7a7f6f9c-3356-4943-af08-ffb5a792d414-geological-14": [],
    "7a7f6f9c-3356-4943-af08-ffb5a792d414-total-55-accumulation-56": [],
    "7a7f6f9c-3356-4943-af08-ffb5a792d414-region-67": [],
    "7a7f6f9c-3356-4943-af08-ffb5a792d414-number-20": [],
    "7a7f6f9c-3356-4943-af08-ffb5a792d414-accumulations-41": [
      "7a7f6f9c-3356-4943-af08-ffb5a792d414-accumulations-24"
    ],
    "7a7f6f9c-3356-4943-af08-ffb5a792d414-lack-13": [],
    "7a7f6f9c-3356-4943-af08-ffb5a792d414-possible-6-values-7": [],
    "7a7f6f9c-3356-4943-af08-ffb5a792d414-results-10": [],
    "7a7f6f9c-3356-4943-af08-ffb5a792d414-field-21": [],
    "7a7f6f9c-3356-4943-af08-ffb5a792d414-confidence-12-levels-13": [],
    "7a7f6f9c-3356-4943-af08-ffb5a792d414-accumulations-37": [],
    "NE-MONEY-115-billion-barrels": [],
    "NE-LOCATION-288": [],
    "7a7f6f9c-3356-4943-af08-ffb5a792d414-billion-47-barrels-48": [],
    "7a7f6f9c-3356-4943-af08-ffb5a792d414-probabilistic-11": [],
    "7a7f6f9c-3356-4943-af08-ffb5a792d414-expected-23": [],
    "7a7f6f9c-3356-4943-af08-ffb5a792d414-it-4": [],
    "7a7f6f9c-3356-4943-af08-ffb5a792d414-possible-6": [],
    "7a7f6f9c-3356-4943-af08-ffb5a792d414-Even-1": [],
    "7a7f6f9c-3356-4943-af08-ffb5a792d414-so-2": [],
    "7a7f6f9c-3356-4943-af08-ffb5a792d414-total-36": [],
    "NE-PERCENT-95%": []
  }
}