{
  "document": "D:/Projetos/PIRA_KG/documents/onu_24050293.txt",
  "entities": {
    "48013ad7-c8d2-4d31-94ea-36fc2cde40cb-world-2": "world",
    "48013ad7-c8d2-4d31-94ea-36fc2cde40cb-Micoperi-10": "Micoperi",
    "NE-DATE-7000": "7000",
    "48013ad7-c8d2-4d31-94ea-36fc2cde40cb-world-2-largest-4-semi-submersible-5-crane-6-vessel-7-Micoperi-10": "world largest semi-submersible crane vessel Micoperi",
    "48013ad7-c8d2-4d31-94ea-36fc2cde40cb-construction-27-job-28": "construction job",
    "48013ad7-c8d2-4d31-94ea-36fc2cde40cb-Campos-32-basin-33": "Campos basin",
    "NE-ORDINAL-first": "first",
    "48013ad7-c8d2-4d31-94ea-36fc2cde40cb-delivered-7": "delivered",
    "NE-ORGANIZATION-Micoperi-S.-p.-A.-of-Milan": "Micoperi S. p. A. of Milan",
    "NE-TITLE-operator": "operator",
    "48013ad7-c8d2-4d31-94ea-36fc2cde40cb-its-25": "its",
    "NE-ORGANIZATION-Petrobras": "Petrobras",
    "48013ad7-c8d2-4d31-94ea-36fc2cde40cb-sea-2-trials-3": "sea trials",
    "NE-DATE-December": "December",
    "NE-COUNTRY-Brazil": "Brazil",
    "NE-TITLE-owner": "owner",
    "48013ad7-c8d2-4d31-94ea-36fc2cde40cb-Micoperi-12-S.-13-p.-14-A.-15": "Micoperi S. p. A.",
    "48013ad7-c8d2-4d31-94ea-36fc2cde40cb-vessel-10": "vessel",
    "48013ad7-c8d2-4d31-94ea-36fc2cde40cb-tasks-15": "tasks",
    "48013ad7-c8d2-4d31-94ea-36fc2cde40cb-assigned-14": "assigned",
    "48013ad7-c8d2-4d31-94ea-36fc2cde40cb-platform-17-jacket-18": "platform jacket",
    "NE-DURATION-six-months": "six months",
    "48013ad7-c8d2-4d31-94ea-36fc2cde40cb-operation-7": "operation",
    "48013ad7-c8d2-4d31-94ea-36fc2cde40cb-challenge-7": "challenge",
    "48013ad7-c8d2-4d31-94ea-36fc2cde40cb-blowout-15": "blowout",
    "NE-DATE-April-24": "April 24",
    "48013ad7-c8d2-4d31-94ea-36fc2cde40cb-unexpected-6": "unexpected",
    "48013ad7-c8d2-4d31-94ea-36fc2cde40cb-helping-9": "helping",
    "NE-CAUSE_OF_DEATH-fire": "fire",
    "48013ad7-c8d2-4d31-94ea-36fc2cde40cb-history-5": "history",
    "48013ad7-c8d2-4d31-94ea-36fc2cde40cb-construction-7": "construction",
    "48013ad7-c8d2-4d31-94ea-36fc2cde40cb-its-22-use-23": "its use",
    "NE-LOCATION-Gulf-of": "Gulf",
    "NE-COUNTRY-Mexico": "Mexico",
    "48013ad7-c8d2-4d31-94ea-36fc2cde40cb-advantage-7": "advantage",
    "48013ad7-c8d2-4d31-94ea-36fc2cde40cb-lift-11-capability-12": "lift capability",
    "48013ad7-c8d2-4d31-94ea-36fc2cde40cb-7000-4": "7000",
    "48013ad7-c8d2-4d31-94ea-36fc2cde40cb-M-2": "M",
    "48013ad7-c8d2-4d31-94ea-36fc2cde40cb-designed-21": "designed",
    "48013ad7-c8d2-4d31-94ea-36fc2cde40cb-mounted-18": "mounted",
    "48013ad7-c8d2-4d31-94ea-36fc2cde40cb-offered-13": "offered",
    "48013ad7-c8d2-4d31-94ea-36fc2cde40cb-heavy-10": "heavy",
    "NE-NATIONALITY-American": "American",
    "48013ad7-c8d2-4d31-94ea-36fc2cde40cb-cranes-20": "cranes",
    "NE-MISC-Hoist": "Hoist",
    "48013ad7-c8d2-4d31-94ea-36fc2cde40cb-twin-19": "twin",
    "48013ad7-c8d2-4d31-94ea-36fc2cde40cb-bow-16": "bow",
    "NE-MISC-M-7000": "M - 7000",
    "NE-TITLE-principal": "principal",
    "48013ad7-c8d2-4d31-94ea-36fc2cde40cb-crane-2": "crane",
    "48013ad7-c8d2-4d31-94ea-36fc2cde40cb-7000-5-mt-6": "7000 mt",
    "48013ad7-c8d2-4d31-94ea-36fc2cde40cb-7000-7-mt-8": "7000 mt",
    "48013ad7-c8d2-4d31-94ea-36fc2cde40cb-40-11-m-13-radius-14": "40 m radius"
  },
  "graph": [
    {
      "subject_id": "48013ad7-c8d2-4d31-94ea-36fc2cde40cb-world-2",
      "relation": "'s vessel is",
      "object_id": "48013ad7-c8d2-4d31-94ea-36fc2cde40cb-Micoperi-10"
    },
    {
      "subject_id": "48013ad7-c8d2-4d31-94ea-36fc2cde40cb-Micoperi-10",
      "relation": "amount to",
      "object_id": "NE-DATE-7000"
    },
    {
      "subject_id": "NE-DATE-7000",
      "relation": "immediately left for",
      "object_id": "NE-DATE-7000"
    },
    {
      "subject_id": "NE-DATE-7000",
      "relation": "of",
      "object_id": "48013ad7-c8d2-4d31-94ea-36fc2cde40cb-world-2-largest-4-semi-submersible-5-crane-6-vessel-7-Micoperi-10"
    },
    {
      "subject_id": "NE-DATE-7000",
      "relation": "of",
      "object_id": "48013ad7-c8d2-4d31-94ea-36fc2cde40cb-construction-27-job-28"
    },
    {
      "subject_id": "NE-DATE-7000",
      "relation": "is",
      "object_id": "48013ad7-c8d2-4d31-94ea-36fc2cde40cb-construction-27-job-28"
    },
    {
      "subject_id": "NE-DATE-7000",
      "relation": "left for",
      "object_id": "NE-DATE-7000"
    },
    {
      "subject_id": "NE-DATE-7000",
      "relation": "left for",
      "object_id": "48013ad7-c8d2-4d31-94ea-36fc2cde40cb-construction-27-job-28"
    },
    {
      "subject_id": "48013ad7-c8d2-4d31-94ea-36fc2cde40cb-construction-27-job-28",
      "relation": "of",
      "object_id": "48013ad7-c8d2-4d31-94ea-36fc2cde40cb-Campos-32-basin-33"
    },
    {
      "subject_id": "NE-DATE-7000",
      "relation": "immediately left for",
      "object_id": "48013ad7-c8d2-4d31-94ea-36fc2cde40cb-construction-27-job-28"
    },
    {
      "subject_id": "48013ad7-c8d2-4d31-94ea-36fc2cde40cb-construction-27-job-28",
      "relation": "is",
      "object_id": "NE-ORDINAL-first"
    },
    {
      "subject_id": "NE-DATE-7000",
      "relation": "was",
      "object_id": "48013ad7-c8d2-4d31-94ea-36fc2cde40cb-delivered-7"
    },
    {
      "subject_id": "NE-ORGANIZATION-Micoperi-S.-p.-A.-of-Milan",
      "relation": "is to",
      "object_id": "NE-TITLE-operator"
    },
    {
      "subject_id": "48013ad7-c8d2-4d31-94ea-36fc2cde40cb-construction-27-job-28",
      "relation": "is in",
      "object_id": "48013ad7-c8d2-4d31-94ea-36fc2cde40cb-Campos-32-basin-33"
    },
    {
      "subject_id": "48013ad7-c8d2-4d31-94ea-36fc2cde40cb-its-25",
      "relation": "has",
      "object_id": "48013ad7-c8d2-4d31-94ea-36fc2cde40cb-construction-27-job-28"
    },
    {
      "subject_id": "NE-ORGANIZATION-Petrobras",
      "relation": "has",
      "object_id": "48013ad7-c8d2-4d31-94ea-36fc2cde40cb-Campos-32-basin-33"
    },
    {
      "subject_id": "NE-DATE-7000",
      "relation": "was delivered After",
      "object_id": "48013ad7-c8d2-4d31-94ea-36fc2cde40cb-sea-2-trials-3"
    },
    {
      "subject_id": "48013ad7-c8d2-4d31-94ea-36fc2cde40cb-delivered-7",
      "relation": "of",
      "object_id": "48013ad7-c8d2-4d31-94ea-36fc2cde40cb-sea-2-trials-3"
    },
    {
      "subject_id": "48013ad7-c8d2-4d31-94ea-36fc2cde40cb-delivered-7",
      "relation": "at",
      "object_id": "NE-DATE-December"
    },
    {
      "subject_id": "48013ad7-c8d2-4d31-94ea-36fc2cde40cb-delivered-7",
      "relation": "at",
      "object_id": "NE-ORGANIZATION-Micoperi-S.-p.-A.-of-Milan"
    },
    {
      "subject_id": "NE-ORGANIZATION-Petrobras",
      "relation": "' basin is",
      "object_id": "NE-COUNTRY-Brazil"
    },
    {
      "subject_id": "48013ad7-c8d2-4d31-94ea-36fc2cde40cb-delivered-7",
      "relation": "case",
      "object_id": "48013ad7-c8d2-4d31-94ea-36fc2cde40cb-delivered-7"
    },
    {
      "subject_id": "48013ad7-c8d2-4d31-94ea-36fc2cde40cb-delivered-7",
      "relation": "of",
      "object_id": "NE-TITLE-operator"
    },
    {
      "subject_id": "48013ad7-c8d2-4d31-94ea-36fc2cde40cb-delivered-7",
      "relation": "of",
      "object_id": "NE-TITLE-owner"
    },
    {
      "subject_id": "48013ad7-c8d2-4d31-94ea-36fc2cde40cb-delivered-7",
      "relation": "at",
      "object_id": "48013ad7-c8d2-4d31-94ea-36fc2cde40cb-Micoperi-12-S.-13-p.-14-A.-15"
    },
    {
      "subject_id": "48013ad7-c8d2-4d31-94ea-36fc2cde40cb-vessel-10",
      "relation": "has completed",
      "object_id": "48013ad7-c8d2-4d31-94ea-36fc2cde40cb-tasks-15"
    },
    {
      "subject_id": "48013ad7-c8d2-4d31-94ea-36fc2cde40cb-tasks-15",
      "relation": "is",
      "object_id": "48013ad7-c8d2-4d31-94ea-36fc2cde40cb-assigned-14"
    },
    {
      "subject_id": "48013ad7-c8d2-4d31-94ea-36fc2cde40cb-tasks-15",
      "relation": "of",
      "object_id": "48013ad7-c8d2-4d31-94ea-36fc2cde40cb-platform-17-jacket-18"
    },
    {
      "subject_id": "NE-DATE-7000",
      "relation": "has",
      "object_id": "48013ad7-c8d2-4d31-94ea-36fc2cde40cb-tasks-15"
    },
    {
      "subject_id": "48013ad7-c8d2-4d31-94ea-36fc2cde40cb-tasks-15",
      "relation": "of",
      "object_id": "48013ad7-c8d2-4d31-94ea-36fc2cde40cb-world-2-largest-4-semi-submersible-5-crane-6-vessel-7-Micoperi-10"
    },
    {
      "subject_id": "48013ad7-c8d2-4d31-94ea-36fc2cde40cb-vessel-10",
      "relation": "has completed tasks In",
      "object_id": "NE-DURATION-six-months"
    },
    {
      "subject_id": "NE-DATE-7000",
      "relation": "has",
      "object_id": "NE-DURATION-six-months"
    },
    {
      "subject_id": "NE-DURATION-six-months",
      "relation": "is",
      "object_id": "NE-ORDINAL-first"
    },
    {
      "subject_id": "NE-DURATION-six-months",
      "relation": "of",
      "object_id": "48013ad7-c8d2-4d31-94ea-36fc2cde40cb-world-2-largest-4-semi-submersible-5-crane-6-vessel-7-Micoperi-10"
    },
    {
      "subject_id": "NE-DURATION-six-months",
      "relation": "of",
      "object_id": "48013ad7-c8d2-4d31-94ea-36fc2cde40cb-operation-7"
    },
    {
      "subject_id": "48013ad7-c8d2-4d31-94ea-36fc2cde40cb-challenge-7",
      "relation": "control",
      "object_id": "48013ad7-c8d2-4d31-94ea-36fc2cde40cb-blowout-15"
    },
    {
      "subject_id": "48013ad7-c8d2-4d31-94ea-36fc2cde40cb-blowout-15",
      "relation": "of",
      "object_id": "NE-DATE-April-24"
    },
    {
      "subject_id": "48013ad7-c8d2-4d31-94ea-36fc2cde40cb-challenge-7",
      "relation": "is in",
      "object_id": "NE-ORGANIZATION-Petrobras"
    },
    {
      "subject_id": "48013ad7-c8d2-4d31-94ea-36fc2cde40cb-challenge-7",
      "relation": "is",
      "object_id": "48013ad7-c8d2-4d31-94ea-36fc2cde40cb-unexpected-6"
    },
    {
      "subject_id": "48013ad7-c8d2-4d31-94ea-36fc2cde40cb-blowout-15",
      "relation": "challenge in",
      "object_id": "48013ad7-c8d2-4d31-94ea-36fc2cde40cb-helping-9"
    },
    {
      "subject_id": "48013ad7-c8d2-4d31-94ea-36fc2cde40cb-blowout-15",
      "relation": "unexpected challenge in",
      "object_id": "48013ad7-c8d2-4d31-94ea-36fc2cde40cb-helping-9"
    },
    {
      "subject_id": "48013ad7-c8d2-4d31-94ea-36fc2cde40cb-blowout-15",
      "relation": "unexpected challenge in",
      "object_id": "NE-ORGANIZATION-Petrobras"
    },
    {
      "subject_id": "48013ad7-c8d2-4d31-94ea-36fc2cde40cb-blowout-15",
      "relation": "challenge in",
      "object_id": "NE-ORGANIZATION-Petrobras"
    },
    {
      "subject_id": "48013ad7-c8d2-4d31-94ea-36fc2cde40cb-blowout-15",
      "relation": "challenge",
      "object_id": "NE-CAUSE_OF_DEATH-fire"
    },
    {
      "subject_id": "48013ad7-c8d2-4d31-94ea-36fc2cde40cb-blowout-15",
      "relation": "unexpected challenge",
      "object_id": "NE-CAUSE_OF_DEATH-fire"
    },
    {
      "subject_id": "48013ad7-c8d2-4d31-94ea-36fc2cde40cb-history-5",
      "relation": "yet year",
      "object_id": "48013ad7-c8d2-4d31-94ea-36fc2cde40cb-construction-7"
    },
    {
      "subject_id": "48013ad7-c8d2-4d31-94ea-36fc2cde40cb-its-22-use-23",
      "relation": "is in",
      "object_id": "NE-LOCATION-Gulf-of"
    },
    {
      "subject_id": "NE-LOCATION-Gulf-of",
      "relation": "is of",
      "object_id": "NE-COUNTRY-Mexico"
    },
    {
      "subject_id": "48013ad7-c8d2-4d31-94ea-36fc2cde40cb-history-5",
      "relation": "article",
      "object_id": "48013ad7-c8d2-4d31-94ea-36fc2cde40cb-construction-7"
    },
    {
      "subject_id": "48013ad7-c8d2-4d31-94ea-36fc2cde40cb-history-5",
      "relation": "year",
      "object_id": "48013ad7-c8d2-4d31-94ea-36fc2cde40cb-construction-7"
    },
    {
      "subject_id": "48013ad7-c8d2-4d31-94ea-36fc2cde40cb-advantage-7",
      "relation": "is",
      "object_id": "48013ad7-c8d2-4d31-94ea-36fc2cde40cb-lift-11-capability-12"
    },
    {
      "subject_id": "48013ad7-c8d2-4d31-94ea-36fc2cde40cb-advantage-7",
      "relation": "amount to",
      "object_id": "48013ad7-c8d2-4d31-94ea-36fc2cde40cb-7000-4"
    },
    {
      "subject_id": "48013ad7-c8d2-4d31-94ea-36fc2cde40cb-M-2",
      "relation": "has",
      "object_id": "48013ad7-c8d2-4d31-94ea-36fc2cde40cb-advantage-7"
    },
    {
      "subject_id": "48013ad7-c8d2-4d31-94ea-36fc2cde40cb-lift-11-capability-12",
      "relation": "is",
      "object_id": "48013ad7-c8d2-4d31-94ea-36fc2cde40cb-designed-21"
    },
    {
      "subject_id": "48013ad7-c8d2-4d31-94ea-36fc2cde40cb-lift-11-capability-12",
      "relation": "is",
      "object_id": "48013ad7-c8d2-4d31-94ea-36fc2cde40cb-mounted-18"
    },
    {
      "subject_id": "48013ad7-c8d2-4d31-94ea-36fc2cde40cb-lift-11-capability-12",
      "relation": "is",
      "object_id": "48013ad7-c8d2-4d31-94ea-36fc2cde40cb-offered-13"
    },
    {
      "subject_id": "48013ad7-c8d2-4d31-94ea-36fc2cde40cb-lift-11-capability-12",
      "relation": "is",
      "object_id": "48013ad7-c8d2-4d31-94ea-36fc2cde40cb-heavy-10"
    },
    {
      "subject_id": "48013ad7-c8d2-4d31-94ea-36fc2cde40cb-lift-11-capability-12",
      "relation": "is",
      "object_id": "NE-NATIONALITY-American"
    },
    {
      "subject_id": "48013ad7-c8d2-4d31-94ea-36fc2cde40cb-lift-11-capability-12",
      "relation": "at",
      "object_id": "48013ad7-c8d2-4d31-94ea-36fc2cde40cb-cranes-20"
    },
    {
      "subject_id": "48013ad7-c8d2-4d31-94ea-36fc2cde40cb-lift-11-capability-12",
      "relation": "at",
      "object_id": "NE-MISC-Hoist"
    },
    {
      "subject_id": "48013ad7-c8d2-4d31-94ea-36fc2cde40cb-lift-11-capability-12",
      "relation": "is",
      "object_id": "48013ad7-c8d2-4d31-94ea-36fc2cde40cb-twin-19"
    },
    {
      "subject_id": "48013ad7-c8d2-4d31-94ea-36fc2cde40cb-lift-11-capability-12",
      "relation": "at",
      "object_id": "48013ad7-c8d2-4d31-94ea-36fc2cde40cb-bow-16"
    },
    {
      "subject_id": "NE-MISC-M-7000",
      "relation": "has",
      "object_id": "48013ad7-c8d2-4d31-94ea-36fc2cde40cb-advantage-7"
    },
    {
      "subject_id": "48013ad7-c8d2-4d31-94ea-36fc2cde40cb-advantage-7",
      "relation": "is",
      "object_id": "NE-TITLE-principal"
    },
    {
      "subject_id": "48013ad7-c8d2-4d31-94ea-36fc2cde40cb-crane-2",
      "relation": "can lift",
      "object_id": "48013ad7-c8d2-4d31-94ea-36fc2cde40cb-7000-5-mt-6"
    },
    {
      "subject_id": "48013ad7-c8d2-4d31-94ea-36fc2cde40cb-7000-7-mt-8",
      "relation": "revolving at",
      "object_id": "48013ad7-c8d2-4d31-94ea-36fc2cde40cb-40-11-m-13-radius-14"
    }
  ],
  "links": {
    "48013ad7-c8d2-4d31-94ea-36fc2cde40cb-world-2": [],
    "48013ad7-c8d2-4d31-94ea-36fc2cde40cb-Micoperi-10": [],
    "NE-DATE-7000": [],
    "48013ad7-c8d2-4d31-94ea-36fc2cde40cb-world-2-largest-4-semi-submersible-5-crane-6-vessel-7-Micoperi-10": [],
    "48013ad7-c8d2-4d31-94ea-36fc2cde40cb-construction-27-job-28": [],
    "48013ad7-c8d2-4d31-94ea-36fc2cde40cb-Campos-32-basin-33": [],
    "NE-ORDINAL-first": [],
    "48013ad7-c8d2-4d31-94ea-36fc2cde40cb-delivered-7": [],
    "NE-ORGANIZATION-Micoperi-S.-p.-A.-of-Milan": [
      "48013ad7-c8d2-4d31-94ea-36fc2cde40cb-Micoperi-12-S.-13-p.-14-A.-15"
    ],
    "NE-TITLE-operator": [],
    "48013ad7-c8d2-4d31-94ea-36fc2cde40cb-its-25": [],
    "NE-ORGANIZATION-Petrobras": [],
    "48013ad7-c8d2-4d31-94ea-36fc2cde40cb-sea-2-trials-3": [],
    "NE-DATE-December": [],
    "NE-COUNTRY-Brazil": [],
    "NE-TITLE-owner": [],
    "48013ad7-c8d2-4d31-94ea-36fc2cde40cb-Micoperi-12-S.-13-p.-14-A.-15": [
      "NE-ORGANIZATION-Micoperi-S.-p.-A.-of-Milan"
    ],
    "48013ad7-c8d2-4d31-94ea-36fc2cde40cb-vessel-10": [],
    "48013ad7-c8d2-4d31-94ea-36fc2cde40cb-tasks-15": [],
    "48013ad7-c8d2-4d31-94ea-36fc2cde40cb-assigned-14": [],
    "48013ad7-c8d2-4d31-94ea-36fc2cde40cb-platform-17-jacket-18": [],
    "NE-DURATION-six-months": [],
    "48013ad7-c8d2-4d31-94ea-36fc2cde40cb-operation-7": [],
    "48013ad7-c8d2-4d31-94ea-36fc2cde40cb-challenge-7": [],
    "48013ad7-c8d2-4d31-94ea-36fc2cde40cb-blowout-15": [],
    "NE-DATE-April-24": [],
    "48013ad7-c8d2-4d31-94ea-36fc2cde40cb-unexpected-6": [],
    "48013ad7-c8d2-4d31-94ea-36fc2cde40cb-helping-9": [],
    "NE-CAUSE_OF_DEATH-fire": [],
    "48013ad7-c8d2-4d31-94ea-36fc2cde40cb-history-5": [],
    "48013ad7-c8d2-4d31-94ea-36fc2cde40cb-construction-7": [],
    "48013ad7-c8d2-4d31-94ea-36fc2cde40cb-its-22-use-23": [],
    "NE-LOCATION-Gulf-of": [],
    "NE-COUNTRY-Mexico": [],
    "48013ad7-c8d2-4d31-94ea-36fc2cde40cb-advantage-7": [],
    "48013ad7-c8d2-4d31-94ea-36fc2cde40cb-lift-11-capability-12": [],
    "48013ad7-c8d2-4d31-94ea-36fc2cde40cb-7000-4": [],
    "48013ad7-c8d2-4d31-94ea-36fc2cde40cb-M-2": [],
    "48013ad7-c8d2-4d31-94ea-36fc2cde40cb-designed-21": [],
    "48013ad7-c8d2-4d31-94ea-36fc2cde40cb-mounted-18": [],
    "48013ad7-c8d2-4d31-94ea-36fc2cde40cb-offered-13": [],
    "48013ad7-c8d2-4d31-94ea-36fc2cde40cb-heavy-10": [],
    "NE-NATIONALITY-American": [],
    "48013ad7-c8d2-4d31-94ea-36fc2cde40cb-cranes-20": [],
    "NE-MISC-Hoist": [],
    "48013ad7-c8d2-4d31-94ea-36fc2cde40cb-twin-19": [],
    "48013ad7-c8d2-4d31-94ea-36fc2cde40cb-bow-16": [],
    "NE-MISC-M-7000": [],
    "NE-TITLE-principal": [],
    "48013ad7-c8d2-4d31-94ea-36fc2cde40cb-crane-2": [],
    "48013ad7-c8d2-4d31-94ea-36fc2cde40cb-7000-5-mt-6": [],
    "48013ad7-c8d2-4d31-94ea-36fc2cde40cb-7000-7-mt-8": [],
    "48013ad7-c8d2-4d31-94ea-36fc2cde40cb-40-11-m-13-radius-14": []
  }
}