{
  "document": "D:/Projetos/PIRA_KG/documents/onu_85085776356.txt",
  "entities": {
    "2a540db1-9714-4a1f-b95b-65922ff9ef32-Partnerships-1": "Partnerships",
    "2a540db1-9714-4a1f-b95b-65922ff9ef32-Oil-9-industry-12": "Oil industry",
    "2a540db1-9714-4a1f-b95b-65922ff9ef32-common-6": "common",
    "2a540db1-9714-4a1f-b95b-65922ff9ef32-quite-5": "quite",
    "2a540db1-9714-4a1f-b95b-65922ff9ef32-JV-3": "JV",
    "2a540db1-9714-4a1f-b95b-65922ff9ef32-used-18": "used",
    "2a540db1-9714-4a1f-b95b-65922ff9ef32-risks-11": "risks",
    "2a540db1-9714-4a1f-b95b-65922ff9ef32-activity-4": "activity",
    "2a540db1-9714-4a1f-b95b-65922ff9ef32-JV-22-agreements-23": "JV agreements",
    "2a540db1-9714-4a1f-b95b-65922ff9ef32-intensive-14": "intensive",
    "2a540db1-9714-4a1f-b95b-65922ff9ef32-capital-13-projects-15-oil-16-companies-17": "capital projects oil companies",
    "2a540db1-9714-4a1f-b95b-65922ff9ef32-offshore-3": "offshore",
    "2a540db1-9714-4a1f-b95b-65922ff9ef32-reasons-16": "reasons",
    "2a540db1-9714-4a1f-b95b-65922ff9ef32-addition-2": "addition",
    "2a540db1-9714-4a1f-b95b-65922ff9ef32-content-5-requirements-6": "content requirements",
    "2a540db1-9714-4a1f-b95b-65922ff9ef32-local-4": "local",
    "2a540db1-9714-4a1f-b95b-65922ff9ef32-barriers-9": "barriers",
    "2a540db1-9714-4a1f-b95b-65922ff9ef32-new-11-markets-12": "new markets",
    "2a540db1-9714-4a1f-b95b-65922ff9ef32-entry-8": "entry",
    "2a540db1-9714-4a1f-b95b-65922ff9ef32-cooperation-12": "cooperation",
    "2a540db1-9714-4a1f-b95b-65922ff9ef32-local-15-partner-16": "local partner",
    "2a540db1-9714-4a1f-b95b-65922ff9ef32-risks-20": "risks",
    "NE-COUNTRY-Brazil": "Brazil",
    "2a540db1-9714-4a1f-b95b-65922ff9ef32-market-4": "market",
    "2a540db1-9714-4a1f-b95b-65922ff9ef32-investor-24": "investor",
    "2a540db1-9714-4a1f-b95b-65922ff9ef32-foreign-23": "foreign",
    "NE-ORGANIZATION-Petrobras": "Petrobras",
    "2a540db1-9714-4a1f-b95b-65922ff9ef32-target-11-partner-12": "target partner",
    "2a540db1-9714-4a1f-b95b-65922ff9ef32-oil-3-companies-4-side-6": "oil companies side",
    "2a540db1-9714-4a1f-b95b-65922ff9ef32-international-15": "international",
    "2a540db1-9714-4a1f-b95b-65922ff9ef32-oil-16-company-17": "oil company",
    "2a540db1-9714-4a1f-b95b-65922ff9ef32-can-7-client-11": "can client",
    "2a540db1-9714-4a1f-b95b-65922ff9ef32-segments-3": "segments",
    "2a540db1-9714-4a1f-b95b-65922ff9ef32-other-2-segments-3": "other segments",
    "2a540db1-9714-4a1f-b95b-65922ff9ef32-main-10": "main",
    "2a540db1-9714-4a1f-b95b-65922ff9ef32-subject-3": "subject",
    "2a540db1-9714-4a1f-b95b-65922ff9ef32-also-4": "also",
    "2a540db1-9714-4a1f-b95b-65922ff9ef32-cooperation-38": "cooperation",
    "2a540db1-9714-4a1f-b95b-65922ff9ef32-domestic-41-company-42": "domestic company",
    "NE-TITLE-author": "author",
    "2a540db1-9714-4a1f-b95b-65922ff9ef32-advantages-8": "advantages",
    "2a540db1-9714-4a1f-b95b-65922ff9ef32-international-13": "international",
    "2a540db1-9714-4a1f-b95b-65922ff9ef32-paper-5": "paper",
    "2a540db1-9714-4a1f-b95b-65922ff9ef32-companies-16": "companies",
    "2a540db1-9714-4a1f-b95b-65922ff9ef32-partnership-11": "partnership"
  },
  "graph": [
    {
      "subject_id": "2a540db1-9714-4a1f-b95b-65922ff9ef32-Partnerships-1",
      "relation": "are common in",
      "object_id": "2a540db1-9714-4a1f-b95b-65922ff9ef32-Oil-9-industry-12"
    },
    {
      "subject_id": "2a540db1-9714-4a1f-b95b-65922ff9ef32-Partnerships-1",
      "relation": "are",
      "object_id": "2a540db1-9714-4a1f-b95b-65922ff9ef32-common-6"
    },
    {
      "subject_id": "2a540db1-9714-4a1f-b95b-65922ff9ef32-common-6",
      "relation": "at",
      "object_id": "2a540db1-9714-4a1f-b95b-65922ff9ef32-quite-5"
    },
    {
      "subject_id": "2a540db1-9714-4a1f-b95b-65922ff9ef32-Partnerships-1",
      "relation": "are quite common in",
      "object_id": "2a540db1-9714-4a1f-b95b-65922ff9ef32-Oil-9-industry-12"
    },
    {
      "subject_id": "2a540db1-9714-4a1f-b95b-65922ff9ef32-JV-3",
      "relation": "are quite common in",
      "object_id": "2a540db1-9714-4a1f-b95b-65922ff9ef32-Oil-9-industry-12"
    },
    {
      "subject_id": "2a540db1-9714-4a1f-b95b-65922ff9ef32-JV-3",
      "relation": "are common in",
      "object_id": "2a540db1-9714-4a1f-b95b-65922ff9ef32-Oil-9-industry-12"
    },
    {
      "subject_id": "2a540db1-9714-4a1f-b95b-65922ff9ef32-common-6",
      "relation": "at",
      "object_id": "2a540db1-9714-4a1f-b95b-65922ff9ef32-Oil-9-industry-12"
    },
    {
      "subject_id": "2a540db1-9714-4a1f-b95b-65922ff9ef32-JV-3",
      "relation": "are",
      "object_id": "2a540db1-9714-4a1f-b95b-65922ff9ef32-common-6"
    },
    {
      "subject_id": "2a540db1-9714-4a1f-b95b-65922ff9ef32-used-18",
      "relation": "reduce",
      "object_id": "2a540db1-9714-4a1f-b95b-65922ff9ef32-risks-11"
    },
    {
      "subject_id": "2a540db1-9714-4a1f-b95b-65922ff9ef32-used-18",
      "relation": "cooperate entering In",
      "object_id": "2a540db1-9714-4a1f-b95b-65922ff9ef32-activity-4"
    },
    {
      "subject_id": "2a540db1-9714-4a1f-b95b-65922ff9ef32-used-18",
      "relation": "cooperate entering into",
      "object_id": "2a540db1-9714-4a1f-b95b-65922ff9ef32-JV-22-agreements-23"
    },
    {
      "subject_id": "2a540db1-9714-4a1f-b95b-65922ff9ef32-risks-11",
      "relation": "is",
      "object_id": "2a540db1-9714-4a1f-b95b-65922ff9ef32-intensive-14"
    },
    {
      "subject_id": "2a540db1-9714-4a1f-b95b-65922ff9ef32-risks-11",
      "relation": "of",
      "object_id": "2a540db1-9714-4a1f-b95b-65922ff9ef32-capital-13-projects-15-oil-16-companies-17"
    },
    {
      "subject_id": "2a540db1-9714-4a1f-b95b-65922ff9ef32-activity-4",
      "relation": "is",
      "object_id": "2a540db1-9714-4a1f-b95b-65922ff9ef32-offshore-3"
    },
    {
      "subject_id": "2a540db1-9714-4a1f-b95b-65922ff9ef32-reasons-16",
      "relation": "are create partnerships In",
      "object_id": "2a540db1-9714-4a1f-b95b-65922ff9ef32-addition-2"
    },
    {
      "subject_id": "2a540db1-9714-4a1f-b95b-65922ff9ef32-content-5-requirements-6",
      "relation": "are create partnerships In",
      "object_id": "2a540db1-9714-4a1f-b95b-65922ff9ef32-addition-2"
    },
    {
      "subject_id": "2a540db1-9714-4a1f-b95b-65922ff9ef32-content-5-requirements-6",
      "relation": "is",
      "object_id": "2a540db1-9714-4a1f-b95b-65922ff9ef32-local-4"
    },
    {
      "subject_id": "2a540db1-9714-4a1f-b95b-65922ff9ef32-barriers-9",
      "relation": "is in",
      "object_id": "2a540db1-9714-4a1f-b95b-65922ff9ef32-new-11-markets-12"
    },
    {
      "subject_id": "2a540db1-9714-4a1f-b95b-65922ff9ef32-barriers-9",
      "relation": "are create partnerships In",
      "object_id": "2a540db1-9714-4a1f-b95b-65922ff9ef32-addition-2"
    },
    {
      "subject_id": "2a540db1-9714-4a1f-b95b-65922ff9ef32-barriers-9",
      "relation": "of",
      "object_id": "2a540db1-9714-4a1f-b95b-65922ff9ef32-entry-8"
    },
    {
      "subject_id": "2a540db1-9714-4a1f-b95b-65922ff9ef32-cooperation-12",
      "relation": "is with",
      "object_id": "2a540db1-9714-4a1f-b95b-65922ff9ef32-local-15-partner-16"
    },
    {
      "subject_id": "2a540db1-9714-4a1f-b95b-65922ff9ef32-cooperation-12",
      "relation": "could reduce",
      "object_id": "2a540db1-9714-4a1f-b95b-65922ff9ef32-risks-20"
    },
    {
      "subject_id": "NE-COUNTRY-Brazil",
      "relation": "is",
      "object_id": "2a540db1-9714-4a1f-b95b-65922ff9ef32-market-4"
    },
    {
      "subject_id": "2a540db1-9714-4a1f-b95b-65922ff9ef32-risks-20",
      "relation": "of",
      "object_id": "2a540db1-9714-4a1f-b95b-65922ff9ef32-investor-24"
    },
    {
      "subject_id": "2a540db1-9714-4a1f-b95b-65922ff9ef32-cooperation-12",
      "relation": "risks for",
      "object_id": "2a540db1-9714-4a1f-b95b-65922ff9ef32-investor-24"
    },
    {
      "subject_id": "2a540db1-9714-4a1f-b95b-65922ff9ef32-investor-24",
      "relation": "is",
      "object_id": "2a540db1-9714-4a1f-b95b-65922ff9ef32-foreign-23"
    },
    {
      "subject_id": "NE-ORGANIZATION-Petrobras",
      "relation": "is",
      "object_id": "2a540db1-9714-4a1f-b95b-65922ff9ef32-target-11-partner-12"
    },
    {
      "subject_id": "2a540db1-9714-4a1f-b95b-65922ff9ef32-oil-3-companies-4-side-6",
      "relation": "has",
      "object_id": "2a540db1-9714-4a1f-b95b-65922ff9ef32-target-11-partner-12"
    },
    {
      "subject_id": "2a540db1-9714-4a1f-b95b-65922ff9ef32-target-11-partner-12",
      "relation": "is",
      "object_id": "2a540db1-9714-4a1f-b95b-65922ff9ef32-international-15"
    },
    {
      "subject_id": "2a540db1-9714-4a1f-b95b-65922ff9ef32-target-11-partner-12",
      "relation": "is In",
      "object_id": "2a540db1-9714-4a1f-b95b-65922ff9ef32-oil-3-companies-4-side-6"
    },
    {
      "subject_id": "2a540db1-9714-4a1f-b95b-65922ff9ef32-target-11-partner-12",
      "relation": "of",
      "object_id": "2a540db1-9714-4a1f-b95b-65922ff9ef32-oil-16-company-17"
    },
    {
      "subject_id": "NE-ORGANIZATION-Petrobras",
      "relation": "can",
      "object_id": "2a540db1-9714-4a1f-b95b-65922ff9ef32-can-7-client-11"
    },
    {
      "subject_id": "2a540db1-9714-4a1f-b95b-65922ff9ef32-can-7-client-11",
      "relation": "case",
      "object_id": "2a540db1-9714-4a1f-b95b-65922ff9ef32-segments-3"
    },
    {
      "subject_id": "2a540db1-9714-4a1f-b95b-65922ff9ef32-can-7-client-11",
      "relation": "is In",
      "object_id": "2a540db1-9714-4a1f-b95b-65922ff9ef32-other-2-segments-3"
    },
    {
      "subject_id": "2a540db1-9714-4a1f-b95b-65922ff9ef32-can-7-client-11",
      "relation": "is",
      "object_id": "2a540db1-9714-4a1f-b95b-65922ff9ef32-main-10"
    },
    {
      "subject_id": "2a540db1-9714-4a1f-b95b-65922ff9ef32-can-7-client-11",
      "relation": "is",
      "object_id": "2a540db1-9714-4a1f-b95b-65922ff9ef32-other-2-segments-3"
    },
    {
      "subject_id": "NE-ORGANIZATION-Petrobras",
      "relation": "is",
      "object_id": "2a540db1-9714-4a1f-b95b-65922ff9ef32-subject-3"
    },
    {
      "subject_id": "2a540db1-9714-4a1f-b95b-65922ff9ef32-subject-3",
      "relation": "at",
      "object_id": "2a540db1-9714-4a1f-b95b-65922ff9ef32-also-4"
    },
    {
      "subject_id": "2a540db1-9714-4a1f-b95b-65922ff9ef32-cooperation-38",
      "relation": "is with",
      "object_id": "2a540db1-9714-4a1f-b95b-65922ff9ef32-domestic-41-company-42"
    },
    {
      "subject_id": "NE-TITLE-author",
      "relation": "describes",
      "object_id": "2a540db1-9714-4a1f-b95b-65922ff9ef32-advantages-8"
    },
    {
      "subject_id": "2a540db1-9714-4a1f-b95b-65922ff9ef32-advantages-8",
      "relation": "is",
      "object_id": "2a540db1-9714-4a1f-b95b-65922ff9ef32-international-13"
    },
    {
      "subject_id": "2a540db1-9714-4a1f-b95b-65922ff9ef32-advantages-8",
      "relation": "author of",
      "object_id": "2a540db1-9714-4a1f-b95b-65922ff9ef32-paper-5"
    },
    {
      "subject_id": "2a540db1-9714-4a1f-b95b-65922ff9ef32-advantages-8",
      "relation": "of",
      "object_id": "2a540db1-9714-4a1f-b95b-65922ff9ef32-companies-16"
    },
    {
      "subject_id": "2a540db1-9714-4a1f-b95b-65922ff9ef32-advantages-8",
      "relation": "of",
      "object_id": "2a540db1-9714-4a1f-b95b-65922ff9ef32-partnership-11"
    }
  ],
  "links": {
    "2a540db1-9714-4a1f-b95b-65922ff9ef32-Partnerships-1": [],
    "2a540db1-9714-4a1f-b95b-65922ff9ef32-Oil-9-industry-12": [],
    "2a540db1-9714-4a1f-b95b-65922ff9ef32-common-6": [],
    "2a540db1-9714-4a1f-b95b-65922ff9ef32-quite-5": [],
    "2a540db1-9714-4a1f-b95b-65922ff9ef32-JV-3": [],
    "2a540db1-9714-4a1f-b95b-65922ff9ef32-used-18": [],
    "2a540db1-9714-4a1f-b95b-65922ff9ef32-risks-11": [],
    "2a540db1-9714-4a1f-b95b-65922ff9ef32-activity-4": [],
    "2a540db1-9714-4a1f-b95b-65922ff9ef32-JV-22-agreements-23": [],
    "2a540db1-9714-4a1f-b95b-65922ff9ef32-intensive-14": [],
    "2a540db1-9714-4a1f-b95b-65922ff9ef32-capital-13-projects-15-oil-16-companies-17": [],
    "2a540db1-9714-4a1f-b95b-65922ff9ef32-offshore-3": [],
    "2a540db1-9714-4a1f-b95b-65922ff9ef32-reasons-16": [],
    "2a540db1-9714-4a1f-b95b-65922ff9ef32-addition-2": [],
    "2a540db1-9714-4a1f-b95b-65922ff9ef32-content-5-requirements-6": [],
    "2a540db1-9714-4a1f-b95b-65922ff9ef32-local-4": [],
    "2a540db1-9714-4a1f-b95b-65922ff9ef32-barriers-9": [],
    "2a540db1-9714-4a1f-b95b-65922ff9ef32-new-11-markets-12": [],
    "2a540db1-9714-4a1f-b95b-65922ff9ef32-entry-8": [],
    "2a540db1-9714-4a1f-b95b-65922ff9ef32-cooperation-12": [],
    "2a540db1-9714-4a1f-b95b-65922ff9ef32-local-15-partner-16": [],
    "2a540db1-9714-4a1f-b95b-65922ff9ef32-risks-20": [],
    "NE-COUNTRY-Brazil": [],
    "2a540db1-9714-4a1f-b95b-65922ff9ef32-market-4": [],
    "2a540db1-9714-4a1f-b95b-65922ff9ef32-investor-24": [],
    "2a540db1-9714-4a1f-b95b-65922ff9ef32-foreign-23": [],
    "NE-ORGANIZATION-Petrobras": [],
    "2a540db1-9714-4a1f-b95b-65922ff9ef32-target-11-partner-12": [],
    "2a540db1-9714-4a1f-b95b-65922ff9ef32-oil-3-companies-4-side-6": [],
    "2a540db1-9714-4a1f-b95b-65922ff9ef32-international-15": [],
    "2a540db1-9714-4a1f-b95b-65922ff9ef32-oil-16-company-17": [],
    "2a540db1-9714-4a1f-b95b-65922ff9ef32-can-7-client-11": [],
    "2a540db1-9714-4a1f-b95b-65922ff9ef32-segments-3": [],
    "2a540db1-9714-4a1f-b95b-65922ff9ef32-other-2-segments-3": [],
    "2a540db1-9714-4a1f-b95b-65922ff9ef32-main-10": [],
    "2a540db1-9714-4a1f-b95b-65922ff9ef32-subject-3": [],
    "2a540db1-9714-4a1f-b95b-65922ff9ef32-also-4": [],
    "2a540db1-9714-4a1f-b95b-65922ff9ef32-cooperation-38": [],
    "2a540db1-9714-4a1f-b95b-65922ff9ef32-domestic-41-company-42": [],
    "NE-TITLE-author": [],
    "2a540db1-9714-4a1f-b95b-65922ff9ef32-advantages-8": [],
    "2a540db1-9714-4a1f-b95b-65922ff9ef32-international-13": [],
    "2a540db1-9714-4a1f-b95b-65922ff9ef32-paper-5": [],
    "2a540db1-9714-4a1f-b95b-65922ff9ef32-companies-16": [],
    "2a540db1-9714-4a1f-b95b-65922ff9ef32-partnership-11": []
  }
}