{
  "document": "D:/Projetos/PIRA_KG/documents/onu_84897408330.txt",
  "entities": {
    "b19e19ff-a5c9-48e8-bb16-bce5beab0ca2-area-4": "area",
    "b19e19ff-a5c9-48e8-bb16-bce5beab0ca2-oil-10-frontier-11": "oil frontier",
    "b19e19ff-a5c9-48e8-bb16-bce5beab0ca2-WithPre-1-salt-3": "WithPre salt",
    "b19e19ff-a5c9-48e8-bb16-bce5beab0ca2-new-8": "new",
    "b19e19ff-a5c9-48e8-bb16-bce5beab0ca2-offshore-9": "offshore",
    "b19e19ff-a5c9-48e8-bb16-bce5beab0ca2-massive-7": "massive",
    "b19e19ff-a5c9-48e8-bb16-bce5beab0ca2-floater-2-concepts-3": "floater concepts",
    "b19e19ff-a5c9-48e8-bb16-bce5beab0ca2-have-4-evaluated-6": "have evaluated",
    "b19e19ff-a5c9-48e8-bb16-bce5beab0ca2-Various-1": "Various",
    "NE-COUNTRY-Brazil": "Brazil",
    "b19e19ff-a5c9-48e8-bb16-bce5beab0ca2-Offshore-11": "Offshore",
    "b19e19ff-a5c9-48e8-bb16-bce5beab0ca2-applications-13": "applications",
    "b19e19ff-a5c9-48e8-bb16-bce5beab0ca2-specific-8": "specific",
    "b19e19ff-a5c9-48e8-bb16-bce5beab0ca2-focus-9": "focus",
    "b19e19ff-a5c9-48e8-bb16-bce5beab0ca2-paper-2": "paper",
    "b19e19ff-a5c9-48e8-bb16-bce5beab0ca2-overview-5": "overview",
    "b19e19ff-a5c9-48e8-bb16-bce5beab0ca2-dry-12": "dry",
    "b19e19ff-a5c9-48e8-bb16-bce5beab0ca2-tree-13-solutions-14": "tree solutions",
    "b19e19ff-a5c9-48e8-bb16-bce5beab0ca2-technology-9": "technology",
    "b19e19ff-a5c9-48e8-bb16-bce5beab0ca2-related-10": "related",
    "NE-DATE-current": "current",
    "b19e19ff-a5c9-48e8-bb16-bce5beab0ca2-concepts-7": "concepts",
    "b19e19ff-a5c9-48e8-bb16-bce5beab0ca2-new-6": "new",
    "b19e19ff-a5c9-48e8-bb16-bce5beab0ca2-Offshore-14": "Offshore",
    "b19e19ff-a5c9-48e8-bb16-bce5beab0ca2-industry-11": "industry",
    "b19e19ff-a5c9-48e8-bb16-bce5beab0ca2-emerging-8": "emerging",
    "b19e19ff-a5c9-48e8-bb16-bce5beab0ca2-attractive-12": "attractive",
    "b19e19ff-a5c9-48e8-bb16-bce5beab0ca2-tree-3-solution-4": "tree solution",
    "b19e19ff-a5c9-48e8-bb16-bce5beab0ca2-advantage-7": "advantage",
    "b19e19ff-a5c9-48e8-bb16-bce5beab0ca2-access-10": "access",
    "b19e19ff-a5c9-48e8-bb16-bce5beab0ca2-dry-2": "dry",
    "b19e19ff-a5c9-48e8-bb16-bce5beab0ca2-direct-9": "direct",
    "b19e19ff-a5c9-48e8-bb16-bce5beab0ca2-reservoirs-12": "reservoirs",
    "b19e19ff-a5c9-48e8-bb16-bce5beab0ca2-floaters-15": "floaters",
    "b19e19ff-a5c9-48e8-bb16-bce5beab0ca2-operators-4": "operators",
    "b19e19ff-a5c9-48e8-bb16-bce5beab0ca2-well-12": "well",
    "b19e19ff-a5c9-48e8-bb16-bce5beab0ca2-same-16": "same",
    "b19e19ff-a5c9-48e8-bb16-bce5beab0ca2-directly-13": "directly",
    "b19e19ff-a5c9-48e8-bb16-bce5beab0ca2-unit-18": "unit",
    "b19e19ff-a5c9-48e8-bb16-bce5beab0ca2-hosting-17": "hosting",
    "b19e19ff-a5c9-48e8-bb16-bce5beab0ca2-could-3-reserves-6": "could reserves",
    "b19e19ff-a5c9-48e8-bb16-bce5beab0ca2-increased-5": "increased",
    "b19e19ff-a5c9-48e8-bb16-bce5beab0ca2-result-2": "result",
    "b19e19ff-a5c9-48e8-bb16-bce5beab0ca2-Offshore-10": "Offshore",
    "b19e19ff-a5c9-48e8-bb16-bce5beab0ca2-validation-2": "validation",
    "b19e19ff-a5c9-48e8-bb16-bce5beab0ca2-technology-18": "technology",
    "b19e19ff-a5c9-48e8-bb16-bce5beab0ca2-Proper-1": "Proper",
    "b19e19ff-a5c9-48e8-bb16-bce5beab0ca2-novel-17": "novel",
    "b19e19ff-a5c9-48e8-bb16-bce5beab0ca2-processes-4": "processes",
    "b19e19ff-a5c9-48e8-bb16-bce5beab0ca2-Principle-17": "Principle",
    "b19e19ff-a5c9-48e8-bb16-bce5beab0ca2-concepts-9": "concepts",
    "b19e19ff-a5c9-48e8-bb16-bce5beab0ca2-AiP-19": "AiP",
    "NE-ORGANIZATION-DNV": "DNV",
    "b19e19ff-a5c9-48e8-bb16-bce5beab0ca2-Approval-15": "Approval"
  },
  "graph": [
    {
      "subject_id": "b19e19ff-a5c9-48e8-bb16-bce5beab0ca2-area-4",
      "relation": "being",
      "object_id": "b19e19ff-a5c9-48e8-bb16-bce5beab0ca2-oil-10-frontier-11"
    },
    {
      "subject_id": "b19e19ff-a5c9-48e8-bb16-bce5beab0ca2-area-4",
      "relation": "of",
      "object_id": "b19e19ff-a5c9-48e8-bb16-bce5beab0ca2-WithPre-1-salt-3"
    },
    {
      "subject_id": "b19e19ff-a5c9-48e8-bb16-bce5beab0ca2-oil-10-frontier-11",
      "relation": "is",
      "object_id": "b19e19ff-a5c9-48e8-bb16-bce5beab0ca2-new-8"
    },
    {
      "subject_id": "b19e19ff-a5c9-48e8-bb16-bce5beab0ca2-oil-10-frontier-11",
      "relation": "is",
      "object_id": "b19e19ff-a5c9-48e8-bb16-bce5beab0ca2-offshore-9"
    },
    {
      "subject_id": "b19e19ff-a5c9-48e8-bb16-bce5beab0ca2-area-4",
      "relation": "being",
      "object_id": "b19e19ff-a5c9-48e8-bb16-bce5beab0ca2-massive-7"
    },
    {
      "subject_id": "b19e19ff-a5c9-48e8-bb16-bce5beab0ca2-area-4",
      "relation": "being",
      "object_id": "b19e19ff-a5c9-48e8-bb16-bce5beab0ca2-new-8"
    },
    {
      "subject_id": "b19e19ff-a5c9-48e8-bb16-bce5beab0ca2-area-4",
      "relation": "being",
      "object_id": "b19e19ff-a5c9-48e8-bb16-bce5beab0ca2-offshore-9"
    },
    {
      "subject_id": "b19e19ff-a5c9-48e8-bb16-bce5beab0ca2-oil-10-frontier-11",
      "relation": "is",
      "object_id": "b19e19ff-a5c9-48e8-bb16-bce5beab0ca2-massive-7"
    },
    {
      "subject_id": "b19e19ff-a5c9-48e8-bb16-bce5beab0ca2-floater-2-concepts-3",
      "relation": "have",
      "object_id": "b19e19ff-a5c9-48e8-bb16-bce5beab0ca2-have-4-evaluated-6"
    },
    {
      "subject_id": "b19e19ff-a5c9-48e8-bb16-bce5beab0ca2-floater-2-concepts-3",
      "relation": "is",
      "object_id": "b19e19ff-a5c9-48e8-bb16-bce5beab0ca2-Various-1"
    },
    {
      "subject_id": "b19e19ff-a5c9-48e8-bb16-bce5beab0ca2-have-4-evaluated-6",
      "relation": "of",
      "object_id": "NE-COUNTRY-Brazil"
    },
    {
      "subject_id": "b19e19ff-a5c9-48e8-bb16-bce5beab0ca2-have-4-evaluated-6",
      "relation": "case",
      "object_id": "b19e19ff-a5c9-48e8-bb16-bce5beab0ca2-Offshore-11"
    },
    {
      "subject_id": "b19e19ff-a5c9-48e8-bb16-bce5beab0ca2-have-4-evaluated-6",
      "relation": "of",
      "object_id": "b19e19ff-a5c9-48e8-bb16-bce5beab0ca2-applications-13"
    },
    {
      "subject_id": "b19e19ff-a5c9-48e8-bb16-bce5beab0ca2-have-4-evaluated-6",
      "relation": "is",
      "object_id": "b19e19ff-a5c9-48e8-bb16-bce5beab0ca2-specific-8"
    },
    {
      "subject_id": "b19e19ff-a5c9-48e8-bb16-bce5beab0ca2-have-4-evaluated-6",
      "relation": "at",
      "object_id": "b19e19ff-a5c9-48e8-bb16-bce5beab0ca2-focus-9"
    },
    {
      "subject_id": "b19e19ff-a5c9-48e8-bb16-bce5beab0ca2-paper-2",
      "relation": "provides",
      "object_id": "b19e19ff-a5c9-48e8-bb16-bce5beab0ca2-overview-5"
    },
    {
      "subject_id": "b19e19ff-a5c9-48e8-bb16-bce5beab0ca2-overview-5",
      "relation": "is",
      "object_id": "b19e19ff-a5c9-48e8-bb16-bce5beab0ca2-dry-12"
    },
    {
      "subject_id": "b19e19ff-a5c9-48e8-bb16-bce5beab0ca2-overview-5",
      "relation": "at",
      "object_id": "b19e19ff-a5c9-48e8-bb16-bce5beab0ca2-tree-13-solutions-14"
    },
    {
      "subject_id": "b19e19ff-a5c9-48e8-bb16-bce5beab0ca2-overview-5",
      "relation": "of",
      "object_id": "b19e19ff-a5c9-48e8-bb16-bce5beab0ca2-technology-9"
    },
    {
      "subject_id": "b19e19ff-a5c9-48e8-bb16-bce5beab0ca2-overview-5",
      "relation": "is",
      "object_id": "b19e19ff-a5c9-48e8-bb16-bce5beab0ca2-related-10"
    },
    {
      "subject_id": "b19e19ff-a5c9-48e8-bb16-bce5beab0ca2-overview-5",
      "relation": "is",
      "object_id": "NE-DATE-current"
    },
    {
      "subject_id": "b19e19ff-a5c9-48e8-bb16-bce5beab0ca2-paper-2",
      "relation": "discusses",
      "object_id": "b19e19ff-a5c9-48e8-bb16-bce5beab0ca2-concepts-7"
    },
    {
      "subject_id": "b19e19ff-a5c9-48e8-bb16-bce5beab0ca2-paper-2",
      "relation": "also discusses",
      "object_id": "b19e19ff-a5c9-48e8-bb16-bce5beab0ca2-concepts-7"
    },
    {
      "subject_id": "b19e19ff-a5c9-48e8-bb16-bce5beab0ca2-concepts-7",
      "relation": "is",
      "object_id": "b19e19ff-a5c9-48e8-bb16-bce5beab0ca2-new-6"
    },
    {
      "subject_id": "b19e19ff-a5c9-48e8-bb16-bce5beab0ca2-concepts-7",
      "relation": "at",
      "object_id": "NE-COUNTRY-Brazil"
    },
    {
      "subject_id": "b19e19ff-a5c9-48e8-bb16-bce5beab0ca2-concepts-7",
      "relation": "case",
      "object_id": "b19e19ff-a5c9-48e8-bb16-bce5beab0ca2-Offshore-14"
    },
    {
      "subject_id": "b19e19ff-a5c9-48e8-bb16-bce5beab0ca2-concepts-7",
      "relation": "at",
      "object_id": "b19e19ff-a5c9-48e8-bb16-bce5beab0ca2-industry-11"
    },
    {
      "subject_id": "b19e19ff-a5c9-48e8-bb16-bce5beab0ca2-concepts-7",
      "relation": "is",
      "object_id": "b19e19ff-a5c9-48e8-bb16-bce5beab0ca2-emerging-8"
    },
    {
      "subject_id": "b19e19ff-a5c9-48e8-bb16-bce5beab0ca2-concepts-7",
      "relation": "is",
      "object_id": "b19e19ff-a5c9-48e8-bb16-bce5beab0ca2-attractive-12"
    },
    {
      "subject_id": "b19e19ff-a5c9-48e8-bb16-bce5beab0ca2-tree-3-solution-4",
      "relation": "has",
      "object_id": "b19e19ff-a5c9-48e8-bb16-bce5beab0ca2-advantage-7"
    },
    {
      "subject_id": "b19e19ff-a5c9-48e8-bb16-bce5beab0ca2-advantage-7",
      "relation": "of",
      "object_id": "b19e19ff-a5c9-48e8-bb16-bce5beab0ca2-access-10"
    },
    {
      "subject_id": "b19e19ff-a5c9-48e8-bb16-bce5beab0ca2-tree-3-solution-4",
      "relation": "is",
      "object_id": "b19e19ff-a5c9-48e8-bb16-bce5beab0ca2-dry-2"
    },
    {
      "subject_id": "b19e19ff-a5c9-48e8-bb16-bce5beab0ca2-advantage-7",
      "relation": "is",
      "object_id": "b19e19ff-a5c9-48e8-bb16-bce5beab0ca2-direct-9"
    },
    {
      "subject_id": "b19e19ff-a5c9-48e8-bb16-bce5beab0ca2-advantage-7",
      "relation": "of",
      "object_id": "b19e19ff-a5c9-48e8-bb16-bce5beab0ca2-reservoirs-12"
    },
    {
      "subject_id": "b19e19ff-a5c9-48e8-bb16-bce5beab0ca2-advantage-7",
      "relation": "of",
      "object_id": "b19e19ff-a5c9-48e8-bb16-bce5beab0ca2-floaters-15"
    },
    {
      "subject_id": "b19e19ff-a5c9-48e8-bb16-bce5beab0ca2-operators-4",
      "relation": "drill",
      "object_id": "b19e19ff-a5c9-48e8-bb16-bce5beab0ca2-well-12"
    },
    {
      "subject_id": "b19e19ff-a5c9-48e8-bb16-bce5beab0ca2-well-12",
      "relation": "is",
      "object_id": "b19e19ff-a5c9-48e8-bb16-bce5beab0ca2-same-16"
    },
    {
      "subject_id": "b19e19ff-a5c9-48e8-bb16-bce5beab0ca2-well-12",
      "relation": "at",
      "object_id": "b19e19ff-a5c9-48e8-bb16-bce5beab0ca2-directly-13"
    },
    {
      "subject_id": "b19e19ff-a5c9-48e8-bb16-bce5beab0ca2-well-12",
      "relation": "of",
      "object_id": "b19e19ff-a5c9-48e8-bb16-bce5beab0ca2-unit-18"
    },
    {
      "subject_id": "b19e19ff-a5c9-48e8-bb16-bce5beab0ca2-well-12",
      "relation": "is",
      "object_id": "b19e19ff-a5c9-48e8-bb16-bce5beab0ca2-hosting-17"
    },
    {
      "subject_id": "b19e19ff-a5c9-48e8-bb16-bce5beab0ca2-could-3-reserves-6",
      "relation": "is in",
      "object_id": "NE-COUNTRY-Brazil"
    },
    {
      "subject_id": "b19e19ff-a5c9-48e8-bb16-bce5beab0ca2-could-3-reserves-6",
      "relation": "is",
      "object_id": "b19e19ff-a5c9-48e8-bb16-bce5beab0ca2-increased-5"
    },
    {
      "subject_id": "b19e19ff-a5c9-48e8-bb16-bce5beab0ca2-result-2",
      "relation": "could",
      "object_id": "b19e19ff-a5c9-48e8-bb16-bce5beab0ca2-could-3-reserves-6"
    },
    {
      "subject_id": "b19e19ff-a5c9-48e8-bb16-bce5beab0ca2-could-3-reserves-6",
      "relation": "of",
      "object_id": "NE-COUNTRY-Brazil"
    },
    {
      "subject_id": "b19e19ff-a5c9-48e8-bb16-bce5beab0ca2-could-3-reserves-6",
      "relation": "case",
      "object_id": "b19e19ff-a5c9-48e8-bb16-bce5beab0ca2-Offshore-10"
    },
    {
      "subject_id": "b19e19ff-a5c9-48e8-bb16-bce5beab0ca2-validation-2",
      "relation": "associated with",
      "object_id": "b19e19ff-a5c9-48e8-bb16-bce5beab0ca2-technology-18"
    },
    {
      "subject_id": "b19e19ff-a5c9-48e8-bb16-bce5beab0ca2-validation-2",
      "relation": "is",
      "object_id": "b19e19ff-a5c9-48e8-bb16-bce5beab0ca2-Proper-1"
    },
    {
      "subject_id": "b19e19ff-a5c9-48e8-bb16-bce5beab0ca2-technology-18",
      "relation": "is",
      "object_id": "b19e19ff-a5c9-48e8-bb16-bce5beab0ca2-novel-17"
    },
    {
      "subject_id": "b19e19ff-a5c9-48e8-bb16-bce5beab0ca2-processes-4",
      "relation": "Approval in",
      "object_id": "b19e19ff-a5c9-48e8-bb16-bce5beab0ca2-Principle-17"
    },
    {
      "subject_id": "b19e19ff-a5c9-48e8-bb16-bce5beab0ca2-processes-4",
      "relation": "evaluate",
      "object_id": "b19e19ff-a5c9-48e8-bb16-bce5beab0ca2-concepts-9"
    },
    {
      "subject_id": "b19e19ff-a5c9-48e8-bb16-bce5beab0ca2-processes-4",
      "relation": "Approval in",
      "object_id": "b19e19ff-a5c9-48e8-bb16-bce5beab0ca2-AiP-19"
    },
    {
      "subject_id": "b19e19ff-a5c9-48e8-bb16-bce5beab0ca2-concepts-9",
      "relation": "is",
      "object_id": "b19e19ff-a5c9-48e8-bb16-bce5beab0ca2-new-8"
    },
    {
      "subject_id": "NE-ORGANIZATION-DNV",
      "relation": "has established",
      "object_id": "b19e19ff-a5c9-48e8-bb16-bce5beab0ca2-processes-4"
    },
    {
      "subject_id": "b19e19ff-a5c9-48e8-bb16-bce5beab0ca2-processes-4",
      "relation": "e.g. Approval in",
      "object_id": "b19e19ff-a5c9-48e8-bb16-bce5beab0ca2-Principle-17"
    },
    {
      "subject_id": "b19e19ff-a5c9-48e8-bb16-bce5beab0ca2-Approval-15",
      "relation": "is in",
      "object_id": "b19e19ff-a5c9-48e8-bb16-bce5beab0ca2-Principle-17"
    },
    {
      "subject_id": "b19e19ff-a5c9-48e8-bb16-bce5beab0ca2-processes-4",
      "relation": "systematically evaluate",
      "object_id": "b19e19ff-a5c9-48e8-bb16-bce5beab0ca2-concepts-9"
    },
    {
      "subject_id": "b19e19ff-a5c9-48e8-bb16-bce5beab0ca2-processes-4",
      "relation": "e.g. Approval in",
      "object_id": "b19e19ff-a5c9-48e8-bb16-bce5beab0ca2-AiP-19"
    }
  ],
  "links": {
    "b19e19ff-a5c9-48e8-bb16-bce5beab0ca2-area-4": [],
    "b19e19ff-a5c9-48e8-bb16-bce5beab0ca2-oil-10-frontier-11": [],
    "b19e19ff-a5c9-48e8-bb16-bce5beab0ca2-WithPre-1-salt-3": [],
    "b19e19ff-a5c9-48e8-bb16-bce5beab0ca2-new-8": [
      "b19e19ff-a5c9-48e8-bb16-bce5beab0ca2-new-6"
    ],
    "b19e19ff-a5c9-48e8-bb16-bce5beab0ca2-offshore-9": [],
    "b19e19ff-a5c9-48e8-bb16-bce5beab0ca2-massive-7": [],
    "b19e19ff-a5c9-48e8-bb16-bce5beab0ca2-floater-2-concepts-3": [],
    "b19e19ff-a5c9-48e8-bb16-bce5beab0ca2-have-4-evaluated-6": [],
    "b19e19ff-a5c9-48e8-bb16-bce5beab0ca2-Various-1": [],
    "NE-COUNTRY-Brazil": [],
    "b19e19ff-a5c9-48e8-bb16-bce5beab0ca2-Offshore-11": [],
    "b19e19ff-a5c9-48e8-bb16-bce5beab0ca2-applications-13": [],
    "b19e19ff-a5c9-48e8-bb16-bce5beab0ca2-specific-8": [],
    "b19e19ff-a5c9-48e8-bb16-bce5beab0ca2-focus-9": [],
    "b19e19ff-a5c9-48e8-bb16-bce5beab0ca2-paper-2": [],
    "b19e19ff-a5c9-48e8-bb16-bce5beab0ca2-overview-5": [],
    "b19e19ff-a5c9-48e8-bb16-bce5beab0ca2-dry-12": [],
    "b19e19ff-a5c9-48e8-bb16-bce5beab0ca2-tree-13-solutions-14": [],
    "b19e19ff-a5c9-48e8-bb16-bce5beab0ca2-technology-9": [],
    "b19e19ff-a5c9-48e8-bb16-bce5beab0ca2-related-10": [],
    "NE-DATE-current": [],
    "b19e19ff-a5c9-48e8-bb16-bce5beab0ca2-concepts-7": [],
    "b19e19ff-a5c9-48e8-bb16-bce5beab0ca2-new-6": [
      "b19e19ff-a5c9-48e8-bb16-bce5beab0ca2-new-8"
    ],
    "b19e19ff-a5c9-48e8-bb16-bce5beab0ca2-Offshore-14": [],
    "b19e19ff-a5c9-48e8-bb16-bce5beab0ca2-industry-11": [],
    "b19e19ff-a5c9-48e8-bb16-bce5beab0ca2-emerging-8": [],
    "b19e19ff-a5c9-48e8-bb16-bce5beab0ca2-attractive-12": [],
    "b19e19ff-a5c9-48e8-bb16-bce5beab0ca2-tree-3-solution-4": [],
    "b19e19ff-a5c9-48e8-bb16-bce5beab0ca2-advantage-7": [],
    "b19e19ff-a5c9-48e8-bb16-bce5beab0ca2-access-10": [],
    "b19e19ff-a5c9-48e8-bb16-bce5beab0ca2-dry-2": [],
    "b19e19ff-a5c9-48e8-bb16-bce5beab0ca2-direct-9": [],
    "b19e19ff-a5c9-48e8-bb16-bce5beab0ca2-reservoirs-12": [],
    "b19e19ff-a5c9-48e8-bb16-bce5beab0ca2-floaters-15": [],
    "b19e19ff-a5c9-48e8-bb16-bce5beab0ca2-operators-4": [],
    "b19e19ff-a5c9-48e8-bb16-bce5beab0ca2-well-12": [],
    "b19e19ff-a5c9-48e8-bb16-bce5beab0ca2-same-16": [],
    "b19e19ff-a5c9-48e8-bb16-bce5beab0ca2-directly-13": [],
    "b19e19ff-a5c9-48e8-bb16-bce5beab0ca2-unit-18": [],
    "b19e19ff-a5c9-48e8-bb16-bce5beab0ca2-hosting-17": [],
    "b19e19ff-a5c9-48e8-bb16-bce5beab0ca2-could-3-reserves-6": [],
    "b19e19ff-a5c9-48e8-bb16-bce5beab0ca2-increased-5": [],
    "b19e19ff-a5c9-48e8-bb16-bce5beab0ca2-result-2": [],
    "b19e19ff-a5c9-48e8-bb16-bce5beab0ca2-Offshore-10": [],
    "b19e19ff-a5c9-48e8-bb16-bce5beab0ca2-validation-2": [],
    "b19e19ff-a5c9-48e8-bb16-bce5beab0ca2-technology-18": [],
    "b19e19ff-a5c9-48e8-bb16-bce5beab0ca2-Proper-1": [],
    "b19e19ff-a5c9-48e8-bb16-bce5beab0ca2-novel-17": [],
    "b19e19ff-a5c9-48e8-bb16-bce5beab0ca2-processes-4": [],
    "b19e19ff-a5c9-48e8-bb16-bce5beab0ca2-Principle-17": [],
    "b19e19ff-a5c9-48e8-bb16-bce5beab0ca2-concepts-9": [],
    "b19e19ff-a5c9-48e8-bb16-bce5beab0ca2-AiP-19": [],
    "NE-ORGANIZATION-DNV": [],
    "b19e19ff-a5c9-48e8-bb16-bce5beab0ca2-Approval-15": []
  }
}