{
  "document": "D:/Projetos/PIRA_KG/documents/onu_85083240666.txt",
  "entities": {
    "980011b1-e588-4f4d-83ab-b8b5f5238ca0-cm-8-length-9-sediment-10-core-11": "cm length sediment core",
    "980011b1-e588-4f4d-83ab-b8b5f5238ca0-mangrove-16-forest-17": "mangrove forest",
    "980011b1-e588-4f4d-83ab-b8b5f5238ca0-50-6": "50",
    "NE-CITY-Bay": "Bay",
    "NE-LOCATION-Sepetiba": "Sepetiba",
    "980011b1-e588-4f4d-83ab-b8b5f5238ca0-collected-13": "collected",
    "980011b1-e588-4f4d-83ab-b8b5f5238ca0-TOC-7": "TOC",
    "980011b1-e588-4f4d-83ab-b8b5f5238ca0-δ15N-14": "δ15N",
    "NE-STATE_OR_PROVINCE-TN": "TN",
    "980011b1-e588-4f4d-83ab-b8b5f5238ca0-analysis-35": "analysis",
    "980011b1-e588-4f4d-83ab-b8b5f5238ca0-TP-40": "TP",
    "980011b1-e588-4f4d-83ab-b8b5f5238ca0-colorimetric-34": "colorimetric",
    "980011b1-e588-4f4d-83ab-b8b5f5238ca0-δ13C-11": "δ13C",
    "980011b1-e588-4f4d-83ab-b8b5f5238ca0-used-37": "used",
    "980011b1-e588-4f4d-83ab-b8b5f5238ca0-Sediment-1-subsamples-2": "Sediment subsamples",
    "980011b1-e588-4f4d-83ab-b8b5f5238ca0-isotope-22-ratio-23-mass-24-spectrometer-25": "isotope ratio mass spectrometer",
    "980011b1-e588-4f4d-83ab-b8b5f5238ca0-analyzer-18": "analyzer",
    "980011b1-e588-4f4d-83ab-b8b5f5238ca0-elemental-17": "elemental",
    "980011b1-e588-4f4d-83ab-b8b5f5238ca0-analyzed-4": "analyzed",
    "980011b1-e588-4f4d-83ab-b8b5f5238ca0-gamma-5-ray-7-measurements-8": "gamma ray measurements",
    "980011b1-e588-4f4d-83ab-b8b5f5238ca0-performed-10": "performed",
    "980011b1-e588-4f4d-83ab-b8b5f5238ca0-semiplanar-13-germanium-15-purity-17-detector-19": "semiplanar germanium purity detector",
    "980011b1-e588-4f4d-83ab-b8b5f5238ca0-coaxial-18": "coaxial",
    "980011b1-e588-4f4d-83ab-b8b5f5238ca0-210Pbex-2-analyses-3": "210Pbex analyses",
    "980011b1-e588-4f4d-83ab-b8b5f5238ca0-calculated-36": "calculated",
    "980011b1-e588-4f4d-83ab-b8b5f5238ca0-sediment-29-accumulation-30-rate-31": "sediment accumulation rate",
    "980011b1-e588-4f4d-83ab-b8b5f5238ca0-concentration-42": "concentration",
    "NE-ORGANIZATION-CIC": "CIC",
    "980011b1-e588-4f4d-83ab-b8b5f5238ca0-high-16": "high",
    "980011b1-e588-4f4d-83ab-b8b5f5238ca0-intrinsic-14": "intrinsic",
    "980011b1-e588-4f4d-83ab-b8b5f5238ca0-constant-40": "constant",
    "980011b1-e588-4f4d-83ab-b8b5f5238ca0-initial-41": "initial",
    "980011b1-e588-4f4d-83ab-b8b5f5238ca0-differences-22": "differences",
    "980011b1-e588-4f4d-83ab-b8b5f5238ca0-evaluated-24": "evaluated",
    "980011b1-e588-4f4d-83ab-b8b5f5238ca0-statistical-21": "statistical",
    "980011b1-e588-4f4d-83ab-b8b5f5238ca0-carbon-3-fluxes-6": "carbon fluxes",
    "980011b1-e588-4f4d-83ab-b8b5f5238ca0-calculated-8": "calculated",
    "980011b1-e588-4f4d-83ab-b8b5f5238ca0-Also-1": "Also",
    "980011b1-e588-4f4d-83ab-b8b5f5238ca0-Tukey-28-HSD-29-analysis-30": "Tukey HSD analysis",
    "980011b1-e588-4f4d-83ab-b8b5f5238ca0-previous-32": "previous",
    "980011b1-e588-4f4d-83ab-b8b5f5238ca0-data-33-normalization-34": "data normalization",
    "NE-ORGANIZATION-ANOVA": "ANOVA",
    "980011b1-e588-4f4d-83ab-b8b5f5238ca0-TOC-3": "TOC",
    "980011b1-e588-4f4d-83ab-b8b5f5238ca0-observed-29": "observed",
    "980011b1-e588-4f4d-83ab-b8b5f5238ca0-higher-2": "higher",
    "980011b1-e588-4f4d-83ab-b8b5f5238ca0-1950s-41": "1950s",
    "980011b1-e588-4f4d-83ab-b8b5f5238ca0-nearby-36-drainage-37-basin-38": "nearby drainage basin",
    "NE-DATE-the-1950s": "the 1950s",
    "980011b1-e588-4f4d-83ab-b8b5f5238ca0-drainage-37-basin-38": "drainage basin",
    "980011b1-e588-4f4d-83ab-b8b5f5238ca0-increase-44": "increase",
    "980011b1-e588-4f4d-83ab-b8b5f5238ca0-sewage-46-effluent-47-input-48": "sewage effluent input",
    "980011b1-e588-4f4d-83ab-b8b5f5238ca0-water-32-diversion-33": "water diversion",
    "980011b1-e588-4f4d-83ab-b8b5f5238ca0-accumulation-6-rates-7": "accumulation rates",
    "980011b1-e588-4f4d-83ab-b8b5f5238ca0-mangrove-16-sediments-17": "mangrove sediments",
    "980011b1-e588-4f4d-83ab-b8b5f5238ca0-higher-5": "higher",
    "980011b1-e588-4f4d-83ab-b8b5f5238ca0-sinks-19": "sinks",
    "980011b1-e588-4f4d-83ab-b8b5f5238ca0-anthropogenically-21": "anthropogenically",
    "980011b1-e588-4f4d-83ab-b8b5f5238ca0-enhanced-22": "enhanced",
    "980011b1-e588-4f4d-83ab-b8b5f5238ca0-role-14": "role",
    "980011b1-e588-4f4d-83ab-b8b5f5238ca0-inputs-23": "inputs",
    "980011b1-e588-4f4d-83ab-b8b5f5238ca0-Conclusions-1": "Conclusions",
    "980011b1-e588-4f4d-83ab-b8b5f5238ca0-carbon-25": "carbon",
    "980011b1-e588-4f4d-83ab-b8b5f5238ca0-further-13-research-14": "further research",
    "980011b1-e588-4f4d-83ab-b8b5f5238ca0-eutrophic-16-coastal-17-areas-18": "eutrophic coastal areas"
  },
  "graph": [
    {
      "subject_id": "980011b1-e588-4f4d-83ab-b8b5f5238ca0-cm-8-length-9-sediment-10-core-11",
      "relation": "was collected from",
      "object_id": "980011b1-e588-4f4d-83ab-b8b5f5238ca0-mangrove-16-forest-17"
    },
    {
      "subject_id": "980011b1-e588-4f4d-83ab-b8b5f5238ca0-cm-8-length-9-sediment-10-core-11",
      "relation": "amount to",
      "object_id": "980011b1-e588-4f4d-83ab-b8b5f5238ca0-50-6"
    },
    {
      "subject_id": "980011b1-e588-4f4d-83ab-b8b5f5238ca0-mangrove-16-forest-17",
      "relation": "of",
      "object_id": "NE-CITY-Bay"
    },
    {
      "subject_id": "980011b1-e588-4f4d-83ab-b8b5f5238ca0-mangrove-16-forest-17",
      "relation": "of",
      "object_id": "NE-LOCATION-Sepetiba"
    },
    {
      "subject_id": "980011b1-e588-4f4d-83ab-b8b5f5238ca0-cm-8-length-9-sediment-10-core-11",
      "relation": "was",
      "object_id": "980011b1-e588-4f4d-83ab-b8b5f5238ca0-collected-13"
    },
    {
      "subject_id": "980011b1-e588-4f4d-83ab-b8b5f5238ca0-mangrove-16-forest-17",
      "relation": "is in",
      "object_id": "NE-CITY-Bay"
    },
    {
      "subject_id": "980011b1-e588-4f4d-83ab-b8b5f5238ca0-TOC-7",
      "relation": "attached",
      "object_id": "980011b1-e588-4f4d-83ab-b8b5f5238ca0-δ15N-14"
    },
    {
      "subject_id": "980011b1-e588-4f4d-83ab-b8b5f5238ca0-TOC-7",
      "relation": "attached",
      "object_id": "NE-STATE_OR_PROVINCE-TN"
    },
    {
      "subject_id": "980011b1-e588-4f4d-83ab-b8b5f5238ca0-analysis-35",
      "relation": "measure",
      "object_id": "980011b1-e588-4f4d-83ab-b8b5f5238ca0-TP-40"
    },
    {
      "subject_id": "980011b1-e588-4f4d-83ab-b8b5f5238ca0-analysis-35",
      "relation": "is",
      "object_id": "980011b1-e588-4f4d-83ab-b8b5f5238ca0-colorimetric-34"
    },
    {
      "subject_id": "980011b1-e588-4f4d-83ab-b8b5f5238ca0-TOC-7",
      "relation": "attached",
      "object_id": "980011b1-e588-4f4d-83ab-b8b5f5238ca0-δ13C-11"
    },
    {
      "subject_id": "980011b1-e588-4f4d-83ab-b8b5f5238ca0-analysis-35",
      "relation": "were",
      "object_id": "980011b1-e588-4f4d-83ab-b8b5f5238ca0-used-37"
    },
    {
      "subject_id": "980011b1-e588-4f4d-83ab-b8b5f5238ca0-Sediment-1-subsamples-2",
      "relation": "measure",
      "object_id": "980011b1-e588-4f4d-83ab-b8b5f5238ca0-TOC-7"
    },
    {
      "subject_id": "980011b1-e588-4f4d-83ab-b8b5f5238ca0-TOC-7",
      "relation": "attached to",
      "object_id": "980011b1-e588-4f4d-83ab-b8b5f5238ca0-isotope-22-ratio-23-mass-24-spectrometer-25"
    },
    {
      "subject_id": "980011b1-e588-4f4d-83ab-b8b5f5238ca0-δ15N-14",
      "relation": "using",
      "object_id": "980011b1-e588-4f4d-83ab-b8b5f5238ca0-analyzer-18"
    },
    {
      "subject_id": "980011b1-e588-4f4d-83ab-b8b5f5238ca0-analyzer-18",
      "relation": "is",
      "object_id": "980011b1-e588-4f4d-83ab-b8b5f5238ca0-elemental-17"
    },
    {
      "subject_id": "980011b1-e588-4f4d-83ab-b8b5f5238ca0-Sediment-1-subsamples-2",
      "relation": "were",
      "object_id": "980011b1-e588-4f4d-83ab-b8b5f5238ca0-analyzed-4"
    },
    {
      "subject_id": "980011b1-e588-4f4d-83ab-b8b5f5238ca0-Sediment-1-subsamples-2",
      "relation": "measure attached",
      "object_id": "980011b1-e588-4f4d-83ab-b8b5f5238ca0-TOC-7"
    },
    {
      "subject_id": "980011b1-e588-4f4d-83ab-b8b5f5238ca0-gamma-5-ray-7-measurements-8",
      "relation": "were",
      "object_id": "980011b1-e588-4f4d-83ab-b8b5f5238ca0-performed-10"
    },
    {
      "subject_id": "980011b1-e588-4f4d-83ab-b8b5f5238ca0-performed-10",
      "relation": "at",
      "object_id": "980011b1-e588-4f4d-83ab-b8b5f5238ca0-semiplanar-13-germanium-15-purity-17-detector-19"
    },
    {
      "subject_id": "980011b1-e588-4f4d-83ab-b8b5f5238ca0-gamma-5-ray-7-measurements-8",
      "relation": "were performed in",
      "object_id": "980011b1-e588-4f4d-83ab-b8b5f5238ca0-semiplanar-13-germanium-15-purity-17-detector-19"
    },
    {
      "subject_id": "980011b1-e588-4f4d-83ab-b8b5f5238ca0-semiplanar-13-germanium-15-purity-17-detector-19",
      "relation": "is",
      "object_id": "980011b1-e588-4f4d-83ab-b8b5f5238ca0-coaxial-18"
    },
    {
      "subject_id": "980011b1-e588-4f4d-83ab-b8b5f5238ca0-gamma-5-ray-7-measurements-8",
      "relation": "were performed For",
      "object_id": "980011b1-e588-4f4d-83ab-b8b5f5238ca0-210Pbex-2-analyses-3"
    },
    {
      "subject_id": "980011b1-e588-4f4d-83ab-b8b5f5238ca0-gamma-5-ray-7-measurements-8",
      "relation": "were performed",
      "object_id": "980011b1-e588-4f4d-83ab-b8b5f5238ca0-calculated-36"
    },
    {
      "subject_id": "980011b1-e588-4f4d-83ab-b8b5f5238ca0-sediment-29-accumulation-30-rate-31",
      "relation": "was",
      "object_id": "980011b1-e588-4f4d-83ab-b8b5f5238ca0-calculated-36"
    },
    {
      "subject_id": "980011b1-e588-4f4d-83ab-b8b5f5238ca0-sediment-29-accumulation-30-rate-31",
      "relation": "was calculated according",
      "object_id": "980011b1-e588-4f4d-83ab-b8b5f5238ca0-concentration-42"
    },
    {
      "subject_id": "980011b1-e588-4f4d-83ab-b8b5f5238ca0-sediment-29-accumulation-30-rate-31",
      "relation": "was calculated according",
      "object_id": "NE-ORGANIZATION-CIC"
    },
    {
      "subject_id": "980011b1-e588-4f4d-83ab-b8b5f5238ca0-semiplanar-13-germanium-15-purity-17-detector-19",
      "relation": "is",
      "object_id": "980011b1-e588-4f4d-83ab-b8b5f5238ca0-high-16"
    },
    {
      "subject_id": "980011b1-e588-4f4d-83ab-b8b5f5238ca0-performed-10",
      "relation": "of",
      "object_id": "980011b1-e588-4f4d-83ab-b8b5f5238ca0-210Pbex-2-analyses-3"
    },
    {
      "subject_id": "980011b1-e588-4f4d-83ab-b8b5f5238ca0-semiplanar-13-germanium-15-purity-17-detector-19",
      "relation": "is",
      "object_id": "980011b1-e588-4f4d-83ab-b8b5f5238ca0-intrinsic-14"
    },
    {
      "subject_id": "980011b1-e588-4f4d-83ab-b8b5f5238ca0-concentration-42",
      "relation": "is",
      "object_id": "980011b1-e588-4f4d-83ab-b8b5f5238ca0-constant-40"
    },
    {
      "subject_id": "980011b1-e588-4f4d-83ab-b8b5f5238ca0-concentration-42",
      "relation": "is",
      "object_id": "980011b1-e588-4f4d-83ab-b8b5f5238ca0-initial-41"
    },
    {
      "subject_id": "980011b1-e588-4f4d-83ab-b8b5f5238ca0-differences-22",
      "relation": "were",
      "object_id": "980011b1-e588-4f4d-83ab-b8b5f5238ca0-evaluated-24"
    },
    {
      "subject_id": "980011b1-e588-4f4d-83ab-b8b5f5238ca0-differences-22",
      "relation": "is",
      "object_id": "980011b1-e588-4f4d-83ab-b8b5f5238ca0-statistical-21"
    },
    {
      "subject_id": "980011b1-e588-4f4d-83ab-b8b5f5238ca0-evaluated-24",
      "relation": "mark",
      "object_id": "980011b1-e588-4f4d-83ab-b8b5f5238ca0-evaluated-24"
    },
    {
      "subject_id": "980011b1-e588-4f4d-83ab-b8b5f5238ca0-carbon-3-fluxes-6",
      "relation": "were",
      "object_id": "980011b1-e588-4f4d-83ab-b8b5f5238ca0-calculated-8"
    },
    {
      "subject_id": "980011b1-e588-4f4d-83ab-b8b5f5238ca0-calculated-8",
      "relation": "at",
      "object_id": "980011b1-e588-4f4d-83ab-b8b5f5238ca0-Also-1"
    },
    {
      "subject_id": "980011b1-e588-4f4d-83ab-b8b5f5238ca0-evaluated-24",
      "relation": "by",
      "object_id": "980011b1-e588-4f4d-83ab-b8b5f5238ca0-Tukey-28-HSD-29-analysis-30"
    },
    {
      "subject_id": "980011b1-e588-4f4d-83ab-b8b5f5238ca0-evaluated-24",
      "relation": "is",
      "object_id": "980011b1-e588-4f4d-83ab-b8b5f5238ca0-previous-32"
    },
    {
      "subject_id": "980011b1-e588-4f4d-83ab-b8b5f5238ca0-evaluated-24",
      "relation": "at",
      "object_id": "980011b1-e588-4f4d-83ab-b8b5f5238ca0-data-33-normalization-34"
    },
    {
      "subject_id": "980011b1-e588-4f4d-83ab-b8b5f5238ca0-differences-22",
      "relation": "were evaluated by",
      "object_id": "980011b1-e588-4f4d-83ab-b8b5f5238ca0-Tukey-28-HSD-29-analysis-30"
    },
    {
      "subject_id": "980011b1-e588-4f4d-83ab-b8b5f5238ca0-Tukey-28-HSD-29-analysis-30",
      "relation": "of",
      "object_id": "NE-ORGANIZATION-ANOVA"
    },
    {
      "subject_id": "980011b1-e588-4f4d-83ab-b8b5f5238ca0-TOC-3",
      "relation": "were",
      "object_id": "980011b1-e588-4f4d-83ab-b8b5f5238ca0-observed-29"
    },
    {
      "subject_id": "980011b1-e588-4f4d-83ab-b8b5f5238ca0-TOC-3",
      "relation": "is",
      "object_id": "980011b1-e588-4f4d-83ab-b8b5f5238ca0-higher-2"
    },
    {
      "subject_id": "980011b1-e588-4f4d-83ab-b8b5f5238ca0-observed-29",
      "relation": "of",
      "object_id": "980011b1-e588-4f4d-83ab-b8b5f5238ca0-1950s-41"
    },
    {
      "subject_id": "980011b1-e588-4f4d-83ab-b8b5f5238ca0-nearby-36-drainage-37-basin-38",
      "relation": "is in",
      "object_id": "NE-DATE-the-1950s"
    },
    {
      "subject_id": "980011b1-e588-4f4d-83ab-b8b5f5238ca0-observed-29",
      "relation": "of",
      "object_id": "980011b1-e588-4f4d-83ab-b8b5f5238ca0-drainage-37-basin-38"
    },
    {
      "subject_id": "980011b1-e588-4f4d-83ab-b8b5f5238ca0-increase-44",
      "relation": "is in",
      "object_id": "980011b1-e588-4f4d-83ab-b8b5f5238ca0-sewage-46-effluent-47-input-48"
    },
    {
      "subject_id": "980011b1-e588-4f4d-83ab-b8b5f5238ca0-observed-29",
      "relation": "of",
      "object_id": "980011b1-e588-4f4d-83ab-b8b5f5238ca0-nearby-36-drainage-37-basin-38"
    },
    {
      "subject_id": "980011b1-e588-4f4d-83ab-b8b5f5238ca0-observed-29",
      "relation": "at",
      "object_id": "980011b1-e588-4f4d-83ab-b8b5f5238ca0-water-32-diversion-33"
    },
    {
      "subject_id": "980011b1-e588-4f4d-83ab-b8b5f5238ca0-accumulation-6-rates-7",
      "relation": "evidenced",
      "object_id": "980011b1-e588-4f4d-83ab-b8b5f5238ca0-mangrove-16-sediments-17"
    },
    {
      "subject_id": "980011b1-e588-4f4d-83ab-b8b5f5238ca0-accumulation-6-rates-7",
      "relation": "is",
      "object_id": "980011b1-e588-4f4d-83ab-b8b5f5238ca0-higher-5"
    },
    {
      "subject_id": "980011b1-e588-4f4d-83ab-b8b5f5238ca0-accumulation-6-rates-7",
      "relation": "role of",
      "object_id": "980011b1-e588-4f4d-83ab-b8b5f5238ca0-mangrove-16-sediments-17"
    },
    {
      "subject_id": "980011b1-e588-4f4d-83ab-b8b5f5238ca0-accumulation-6-rates-7",
      "relation": "evidenced role as",
      "object_id": "980011b1-e588-4f4d-83ab-b8b5f5238ca0-sinks-19"
    },
    {
      "subject_id": "980011b1-e588-4f4d-83ab-b8b5f5238ca0-sinks-19",
      "relation": "at",
      "object_id": "980011b1-e588-4f4d-83ab-b8b5f5238ca0-anthropogenically-21"
    },
    {
      "subject_id": "980011b1-e588-4f4d-83ab-b8b5f5238ca0-sinks-19",
      "relation": "is",
      "object_id": "980011b1-e588-4f4d-83ab-b8b5f5238ca0-enhanced-22"
    },
    {
      "subject_id": "980011b1-e588-4f4d-83ab-b8b5f5238ca0-accumulation-6-rates-7",
      "relation": "evidenced",
      "object_id": "980011b1-e588-4f4d-83ab-b8b5f5238ca0-role-14"
    },
    {
      "subject_id": "980011b1-e588-4f4d-83ab-b8b5f5238ca0-sinks-19",
      "relation": "of",
      "object_id": "980011b1-e588-4f4d-83ab-b8b5f5238ca0-inputs-23"
    },
    {
      "subject_id": "980011b1-e588-4f4d-83ab-b8b5f5238ca0-Conclusions-1",
      "relation": "evidenced as",
      "object_id": "980011b1-e588-4f4d-83ab-b8b5f5238ca0-sinks-19"
    },
    {
      "subject_id": "980011b1-e588-4f4d-83ab-b8b5f5238ca0-sinks-19",
      "relation": "of",
      "object_id": "980011b1-e588-4f4d-83ab-b8b5f5238ca0-carbon-25"
    },
    {
      "subject_id": "980011b1-e588-4f4d-83ab-b8b5f5238ca0-further-13-research-14",
      "relation": "is in",
      "object_id": "980011b1-e588-4f4d-83ab-b8b5f5238ca0-eutrophic-16-coastal-17-areas-18"
    }
  ],
  "links": {
    "980011b1-e588-4f4d-83ab-b8b5f5238ca0-cm-8-length-9-sediment-10-core-11": [],
    "980011b1-e588-4f4d-83ab-b8b5f5238ca0-mangrove-16-forest-17": [],
    "980011b1-e588-4f4d-83ab-b8b5f5238ca0-50-6": [],
    "NE-CITY-Bay": [],
    "NE-LOCATION-Sepetiba": [],
    "980011b1-e588-4f4d-83ab-b8b5f5238ca0-collected-13": [],
    "980011b1-e588-4f4d-83ab-b8b5f5238ca0-TOC-7": [],
    "980011b1-e588-4f4d-83ab-b8b5f5238ca0-δ15N-14": [],
    "NE-STATE_OR_PROVINCE-TN": [],
    "980011b1-e588-4f4d-83ab-b8b5f5238ca0-analysis-35": [],
    "980011b1-e588-4f4d-83ab-b8b5f5238ca0-TP-40": [],
    "980011b1-e588-4f4d-83ab-b8b5f5238ca0-colorimetric-34": [],
    "980011b1-e588-4f4d-83ab-b8b5f5238ca0-δ13C-11": [],
    "980011b1-e588-4f4d-83ab-b8b5f5238ca0-used-37": [],
    "980011b1-e588-4f4d-83ab-b8b5f5238ca0-Sediment-1-subsamples-2": [],
    "980011b1-e588-4f4d-83ab-b8b5f5238ca0-isotope-22-ratio-23-mass-24-spectrometer-25": [],
    "980011b1-e588-4f4d-83ab-b8b5f5238ca0-analyzer-18": [],
    "980011b1-e588-4f4d-83ab-b8b5f5238ca0-elemental-17": [],
    "980011b1-e588-4f4d-83ab-b8b5f5238ca0-analyzed-4": [],
    "980011b1-e588-4f4d-83ab-b8b5f5238ca0-gamma-5-ray-7-measurements-8": [],
    "980011b1-e588-4f4d-83ab-b8b5f5238ca0-performed-10": [],
    "980011b1-e588-4f4d-83ab-b8b5f5238ca0-semiplanar-13-germanium-15-purity-17-detector-19": [],
    "980011b1-e588-4f4d-83ab-b8b5f5238ca0-coaxial-18": [],
    "980011b1-e588-4f4d-83ab-b8b5f5238ca0-210Pbex-2-analyses-3": [],
    "980011b1-e588-4f4d-83ab-b8b5f5238ca0-calculated-36": [],
    "980011b1-e588-4f4d-83ab-b8b5f5238ca0-sediment-29-accumulation-30-rate-31": [],
    "980011b1-e588-4f4d-83ab-b8b5f5238ca0-concentration-42": [],
    "NE-ORGANIZATION-CIC": [],
    "980011b1-e588-4f4d-83ab-b8b5f5238ca0-high-16": [],
    "980011b1-e588-4f4d-83ab-b8b5f5238ca0-intrinsic-14": [],
    "980011b1-e588-4f4d-83ab-b8b5f5238ca0-constant-40": [],
    "980011b1-e588-4f4d-83ab-b8b5f5238ca0-initial-41": [],
    "980011b1-e588-4f4d-83ab-b8b5f5238ca0-differences-22": [],
    "980011b1-e588-4f4d-83ab-b8b5f5238ca0-evaluated-24": [],
    "980011b1-e588-4f4d-83ab-b8b5f5238ca0-statistical-21": [],
    "980011b1-e588-4f4d-83ab-b8b5f5238ca0-carbon-3-fluxes-6": [],
    "980011b1-e588-4f4d-83ab-b8b5f5238ca0-calculated-8": [],
    "980011b1-e588-4f4d-83ab-b8b5f5238ca0-Also-1": [],
    "980011b1-e588-4f4d-83ab-b8b5f5238ca0-Tukey-28-HSD-29-analysis-30": [],
    "980011b1-e588-4f4d-83ab-b8b5f5238ca0-previous-32": [],
    "980011b1-e588-4f4d-83ab-b8b5f5238ca0-data-33-normalization-34": [],
    "NE-ORGANIZATION-ANOVA": [],
    "980011b1-e588-4f4d-83ab-b8b5f5238ca0-TOC-3": [],
    "980011b1-e588-4f4d-83ab-b8b5f5238ca0-observed-29": [],
    "980011b1-e588-4f4d-83ab-b8b5f5238ca0-higher-2": [],
    "980011b1-e588-4f4d-83ab-b8b5f5238ca0-1950s-41": [],
    "980011b1-e588-4f4d-83ab-b8b5f5238ca0-nearby-36-drainage-37-basin-38": [],
    "NE-DATE-the-1950s": [],
    "980011b1-e588-4f4d-83ab-b8b5f5238ca0-drainage-37-basin-38": [],
    "980011b1-e588-4f4d-83ab-b8b5f5238ca0-increase-44": [],
    "980011b1-e588-4f4d-83ab-b8b5f5238ca0-sewage-46-effluent-47-input-48": [],
    "980011b1-e588-4f4d-83ab-b8b5f5238ca0-water-32-diversion-33": [],
    "980011b1-e588-4f4d-83ab-b8b5f5238ca0-accumulation-6-rates-7": [],
    "980011b1-e588-4f4d-83ab-b8b5f5238ca0-mangrove-16-sediments-17": [],
    "980011b1-e588-4f4d-83ab-b8b5f5238ca0-higher-5": [],
    "980011b1-e588-4f4d-83ab-b8b5f5238ca0-sinks-19": [],
    "980011b1-e588-4f4d-83ab-b8b5f5238ca0-anthropogenically-21": [],
    "980011b1-e588-4f4d-83ab-b8b5f5238ca0-enhanced-22": [],
    "980011b1-e588-4f4d-83ab-b8b5f5238ca0-role-14": [],
    "980011b1-e588-4f4d-83ab-b8b5f5238ca0-inputs-23": [],
    "980011b1-e588-4f4d-83ab-b8b5f5238ca0-Conclusions-1": [],
    "980011b1-e588-4f4d-83ab-b8b5f5238ca0-carbon-25": [],
    "980011b1-e588-4f4d-83ab-b8b5f5238ca0-further-13-research-14": [],
    "980011b1-e588-4f4d-83ab-b8b5f5238ca0-eutrophic-16-coastal-17-areas-18": []
  }
}