{
  "document": "D:/Projetos/PIRA_KG/documents/onu_85085778651.txt",
  "entities": {
    "NE-TITLE-operator": "operator",
    "42684b28-71f8-41aa-ada5-b427f3c87f94-drilling-23-fluids-24": "drilling fluids",
    "42684b28-71f8-41aa-ada5-b427f3c87f94-drilling-26-development-27-wells-28": "drilling development wells",
    "NE-LOCATION-Basin": "Basin",
    "NE-CITY-Campos": "Campos",
    "42684b28-71f8-41aa-ada5-b427f3c87f94-water-20": "water",
    "42684b28-71f8-41aa-ada5-b427f3c87f94-based-22": "based",
    "42684b28-71f8-41aa-ada5-b427f3c87f94-rig-31-limitations-32": "rig limitations",
    "42684b28-71f8-41aa-ada5-b427f3c87f94-use-18": "use",
    "42684b28-71f8-41aa-ada5-b427f3c87f94-dispersion-11": "dispersion",
    "42684b28-71f8-41aa-ada5-b427f3c87f94-drilling-18-fluid-19": "drilling fluid",
    "42684b28-71f8-41aa-ada5-b427f3c87f94-high-10": "high",
    "42684b28-71f8-41aa-ada5-b427f3c87f94-sections-1": "sections",
    "42684b28-71f8-41aa-ada5-b427f3c87f94-field-8": "field",
    "42684b28-71f8-41aa-ada5-b427f3c87f94-increments-21": "increments",
    "42684b28-71f8-41aa-ada5-b427f3c87f94-viscosity-23": "viscosity",
    "42684b28-71f8-41aa-ada5-b427f3c87f94-improvement-15": "improvement",
    "42684b28-71f8-41aa-ada5-b427f3c87f94-have-4-drilled-6": "have drilled",
    "42684b28-71f8-41aa-ada5-b427f3c87f94-wells-3": "wells",
    "42684b28-71f8-41aa-ada5-b427f3c87f94-initiated-22": "initiated",
    "42684b28-71f8-41aa-ada5-b427f3c87f94-fluid-18-inhibition-19-capability-20": "fluid inhibition capability",
    "42684b28-71f8-41aa-ada5-b427f3c87f94-estimated-9": "estimated",
    "42684b28-71f8-41aa-ada5-b427f3c87f94-times-10": "times",
    "42684b28-71f8-41aa-ada5-b427f3c87f94-laboratory-3-effort-4": "laboratory effort",
    "42684b28-71f8-41aa-ada5-b427f3c87f94-combination-10": "combination",
    "42684b28-71f8-41aa-ada5-b427f3c87f94-capable-13": "capable",
    "42684b28-71f8-41aa-ada5-b427f3c87f94-clay-17-dispersion-18": "clay dispersion",
    "42684b28-71f8-41aa-ada5-b427f3c87f94-inhibitors-12": "inhibitors",
    "42684b28-71f8-41aa-ada5-b427f3c87f94-conducted-6": "conducted",
    "42684b28-71f8-41aa-ada5-b427f3c87f94-excessive-16": "excessive",
    "42684b28-71f8-41aa-ada5-b427f3c87f94-controlling-15": "controlling",
    "42684b28-71f8-41aa-ada5-b427f3c87f94-detailed-2": "detailed",
    "42684b28-71f8-41aa-ada5-b427f3c87f94-Laboratory-1-validation-2": "Laboratory validation",
    "42684b28-71f8-41aa-ada5-b427f3c87f94-understanding-15": "understanding",
    "42684b28-71f8-41aa-ada5-b427f3c87f94-inhibition-18-mechanisms-19": "inhibition mechanisms",
    "42684b28-71f8-41aa-ada5-b427f3c87f94-better-14": "better",
    "42684b28-71f8-41aa-ada5-b427f3c87f94-ensure-22": "ensure",
    "42684b28-71f8-41aa-ada5-b427f3c87f94-maintained-32": "maintained",
    "42684b28-71f8-41aa-ada5-b427f3c87f94-additives-2": "additives",
    "42684b28-71f8-41aa-ada5-b427f3c87f94-samples-6": "samples",
    "42684b28-71f8-41aa-ada5-b427f3c87f94-clays-15": "clays",
    "42684b28-71f8-41aa-ada5-b427f3c87f94-tested-4": "tested",
    "42684b28-71f8-41aa-ada5-b427f3c87f94-Various-1": "Various",
    "42684b28-71f8-41aa-ada5-b427f3c87f94-reactive-10": "reactive",
    "42684b28-71f8-41aa-ada5-b427f3c87f94-commercial-8": "commercial",
    "42684b28-71f8-41aa-ada5-b427f3c87f94-Product-1-concentrations-2": "Product concentrations",
    "42684b28-71f8-41aa-ada5-b427f3c87f94-helping-17": "helping",
    "42684b28-71f8-41aa-ada5-b427f3c87f94-adjusted-4": "adjusted",
    "42684b28-71f8-41aa-ada5-b427f3c87f94-interaction-8": "interaction",
    "42684b28-71f8-41aa-ada5-b427f3c87f94-fluid-21-capabilities-22": "fluid capabilities",
    "42684b28-71f8-41aa-ada5-b427f3c87f94-maintained-36": "maintained",
    "42684b28-71f8-41aa-ada5-b427f3c87f94-drilling-11-fluid-12": "drilling fluid",
    "42684b28-71f8-41aa-ada5-b427f3c87f94-profile-4": "profile",
    "42684b28-71f8-41aa-ada5-b427f3c87f94-disposal-8": "disposal",
    "42684b28-71f8-41aa-ada5-b427f3c87f94-safe-7": "safe",
    "42684b28-71f8-41aa-ada5-b427f3c87f94-environmental-3": "environmental",
    "42684b28-71f8-41aa-ada5-b427f3c87f94-fluid-10": "fluid",
    "42684b28-71f8-41aa-ada5-b427f3c87f94-compliance-12": "compliance",
    "42684b28-71f8-41aa-ada5-b427f3c87f94-adequate-2": "adequate",
    "42684b28-71f8-41aa-ada5-b427f3c87f94-regulations-16": "regulations",
    "42684b28-71f8-41aa-ada5-b427f3c87f94-local-14-environmental-15-regulations-16": "local environmental regulations",
    "42684b28-71f8-41aa-ada5-b427f3c87f94-drilling-6": "drilling",
    "42684b28-71f8-41aa-ada5-b427f3c87f94-determined-27": "determined",
    "42684b28-71f8-41aa-ada5-b427f3c87f94-support-13-liquid-14-mud-15-plant-16": "support liquid mud plant",
    "42684b28-71f8-41aa-ada5-b427f3c87f94-application-12": "application",
    "42684b28-71f8-41aa-ada5-b427f3c87f94-out-24-ratio-25-of-26-2.9-27": "out ratio of 2.9",
    "42684b28-71f8-41aa-ada5-b427f3c87f94-step-3": "step",
    "NE-TITLE-candidate": "candidate",
    "42684b28-71f8-41aa-ada5-b427f3c87f94-next-2": "next",
    "42684b28-71f8-41aa-ada5-b427f3c87f94-section-1": "section",
    "42684b28-71f8-41aa-ada5-b427f3c87f94-cuttings-18-integrity-19": "cuttings integrity",
    "NE-TITLE-pilot": "pilot",
    "42684b28-71f8-41aa-ada5-b427f3c87f94-significant-13-improvement-14": "significant improvement",
    "42684b28-71f8-41aa-ada5-b427f3c87f94-reduction-25": "reduction",
    "42684b28-71f8-41aa-ada5-b427f3c87f94-required-28-volume-29-of-30-dilution-31": "required volume of dilution",
    "42684b28-71f8-41aa-ada5-b427f3c87f94-proposed-8-fluid-9-technology-10": "proposed fluid technology",
    "42684b28-71f8-41aa-ada5-b427f3c87f94-well-5": "well",
    "42684b28-71f8-41aa-ada5-b427f3c87f94-observed-16": "observed",
    "42684b28-71f8-41aa-ada5-b427f3c87f94-wells-48": "wells",
    "42684b28-71f8-41aa-ada5-b427f3c87f94-benefits-53": "benefits",
    "42684b28-71f8-41aa-ada5-b427f3c87f94-subsequent-47": "subsequent",
    "42684b28-71f8-41aa-ada5-b427f3c87f94-fluid-57-formulation-58": "fluid formulation",
    "42684b28-71f8-41aa-ada5-b427f3c87f94-new-56": "new",
    "42684b28-71f8-41aa-ada5-b427f3c87f94-well-2": "well",
    "42684b28-71f8-41aa-ada5-b427f3c87f94-drilled-5": "drilled",
    "42684b28-71f8-41aa-ada5-b427f3c87f94-7938-13-meters-14": "7938 meters",
    "42684b28-71f8-41aa-ada5-b427f3c87f94-Depth-17": "Depth",
    "NE-MISC-Measured-Depth": "Measured Depth",
    "42684b28-71f8-41aa-ada5-b427f3c87f94-safely-4": "safely",
    "42684b28-71f8-41aa-ada5-b427f3c87f94-76-8-°-9-sail-10-inclination-11": "76 ° sail inclination",
    "42684b28-71f8-41aa-ada5-b427f3c87f94-most-17": "most",
    "42684b28-71f8-41aa-ada5-b427f3c87f94-technology-22": "technology",
    "42684b28-71f8-41aa-ada5-b427f3c87f94-mature-21": "mature",
    "42684b28-71f8-41aa-ada5-b427f3c87f94-to-18": "to",
    "42684b28-71f8-41aa-ada5-b427f3c87f94-systems-14": "systems",
    "42684b28-71f8-41aa-ada5-b427f3c87f94-performance-18": "performance",
    "42684b28-71f8-41aa-ada5-b427f3c87f94-advancements-3": "advancements",
    "42684b28-71f8-41aa-ada5-b427f3c87f94-drilling-8-fluid-9-additives-10": "drilling fluid additives",
    "42684b28-71f8-41aa-ada5-b427f3c87f94-water-5": "water",
    "42684b28-71f8-41aa-ada5-b427f3c87f94-non-aqueous-20": "non-aqueous",
    "42684b28-71f8-41aa-ada5-b427f3c87f94-based-7": "based",
    "42684b28-71f8-41aa-ada5-b427f3c87f94-systems-21": "systems",
    "42684b28-71f8-41aa-ada5-b427f3c87f94-efficiency-27": "efficiency",
    "42684b28-71f8-41aa-ada5-b427f3c87f94-costs-30": "costs",
    "42684b28-71f8-41aa-ada5-b427f3c87f94-chemistry-7": "chemistry",
    "42684b28-71f8-41aa-ada5-b427f3c87f94-formations-21": "formations",
    "42684b28-71f8-41aa-ada5-b427f3c87f94-operational-26": "operational",
    "42684b28-71f8-41aa-ada5-b427f3c87f94-understanding-5": "understanding"
  },
  "graph": [
    {
      "subject_id": "NE-TITLE-operator",
      "relation": "adopted",
      "object_id": "42684b28-71f8-41aa-ada5-b427f3c87f94-drilling-23-fluids-24"
    },
    {
      "subject_id": "NE-TITLE-operator",
      "relation": "adopted",
      "object_id": "42684b28-71f8-41aa-ada5-b427f3c87f94-drilling-26-development-27-wells-28"
    },
    {
      "subject_id": "42684b28-71f8-41aa-ada5-b427f3c87f94-drilling-26-development-27-wells-28",
      "relation": "of",
      "object_id": "42684b28-71f8-41aa-ada5-b427f3c87f94-drilling-23-fluids-24"
    },
    {
      "subject_id": "NE-TITLE-operator",
      "relation": "use of",
      "object_id": "42684b28-71f8-41aa-ada5-b427f3c87f94-drilling-23-fluids-24"
    },
    {
      "subject_id": "NE-LOCATION-Basin",
      "relation": "is in",
      "object_id": "NE-CITY-Campos"
    },
    {
      "subject_id": "42684b28-71f8-41aa-ada5-b427f3c87f94-drilling-23-fluids-24",
      "relation": "at",
      "object_id": "42684b28-71f8-41aa-ada5-b427f3c87f94-water-20"
    },
    {
      "subject_id": "42684b28-71f8-41aa-ada5-b427f3c87f94-drilling-23-fluids-24",
      "relation": "is",
      "object_id": "42684b28-71f8-41aa-ada5-b427f3c87f94-based-22"
    },
    {
      "subject_id": "NE-TITLE-operator",
      "relation": "adopted use due",
      "object_id": "42684b28-71f8-41aa-ada5-b427f3c87f94-rig-31-limitations-32"
    },
    {
      "subject_id": "NE-TITLE-operator",
      "relation": "adopted",
      "object_id": "42684b28-71f8-41aa-ada5-b427f3c87f94-use-18"
    },
    {
      "subject_id": "NE-TITLE-operator",
      "relation": "use for",
      "object_id": "42684b28-71f8-41aa-ada5-b427f3c87f94-drilling-26-development-27-wells-28"
    },
    {
      "subject_id": "42684b28-71f8-41aa-ada5-b427f3c87f94-dispersion-11",
      "relation": "suffered by",
      "object_id": "42684b28-71f8-41aa-ada5-b427f3c87f94-drilling-18-fluid-19"
    },
    {
      "subject_id": "42684b28-71f8-41aa-ada5-b427f3c87f94-dispersion-11",
      "relation": "is",
      "object_id": "42684b28-71f8-41aa-ada5-b427f3c87f94-high-10"
    },
    {
      "subject_id": "42684b28-71f8-41aa-ada5-b427f3c87f94-sections-1",
      "relation": "drilled in",
      "object_id": "42684b28-71f8-41aa-ada5-b427f3c87f94-field-8"
    },
    {
      "subject_id": "42684b28-71f8-41aa-ada5-b427f3c87f94-dispersion-11",
      "relation": "caused",
      "object_id": "42684b28-71f8-41aa-ada5-b427f3c87f94-increments-21"
    },
    {
      "subject_id": "42684b28-71f8-41aa-ada5-b427f3c87f94-increments-21",
      "relation": "of",
      "object_id": "42684b28-71f8-41aa-ada5-b427f3c87f94-viscosity-23"
    },
    {
      "subject_id": "42684b28-71f8-41aa-ada5-b427f3c87f94-improvement-15",
      "relation": "was initiated",
      "object_id": "42684b28-71f8-41aa-ada5-b427f3c87f94-have-4-drilled-6"
    },
    {
      "subject_id": "42684b28-71f8-41aa-ada5-b427f3c87f94-wells-3",
      "relation": "have",
      "object_id": "42684b28-71f8-41aa-ada5-b427f3c87f94-have-4-drilled-6"
    },
    {
      "subject_id": "42684b28-71f8-41aa-ada5-b427f3c87f94-improvement-15",
      "relation": "was",
      "object_id": "42684b28-71f8-41aa-ada5-b427f3c87f94-initiated-22"
    },
    {
      "subject_id": "42684b28-71f8-41aa-ada5-b427f3c87f94-improvement-15",
      "relation": "is in",
      "object_id": "42684b28-71f8-41aa-ada5-b427f3c87f94-fluid-18-inhibition-19-capability-20"
    },
    {
      "subject_id": "42684b28-71f8-41aa-ada5-b427f3c87f94-have-4-drilled-6",
      "relation": "is",
      "object_id": "42684b28-71f8-41aa-ada5-b427f3c87f94-estimated-9"
    },
    {
      "subject_id": "42684b28-71f8-41aa-ada5-b427f3c87f94-have-4-drilled-6",
      "relation": "at",
      "object_id": "42684b28-71f8-41aa-ada5-b427f3c87f94-times-10"
    },
    {
      "subject_id": "42684b28-71f8-41aa-ada5-b427f3c87f94-laboratory-3-effort-4",
      "relation": "obtain",
      "object_id": "42684b28-71f8-41aa-ada5-b427f3c87f94-combination-10"
    },
    {
      "subject_id": "42684b28-71f8-41aa-ada5-b427f3c87f94-combination-10",
      "relation": "is",
      "object_id": "42684b28-71f8-41aa-ada5-b427f3c87f94-capable-13"
    },
    {
      "subject_id": "42684b28-71f8-41aa-ada5-b427f3c87f94-combination-10",
      "relation": "at",
      "object_id": "42684b28-71f8-41aa-ada5-b427f3c87f94-clay-17-dispersion-18"
    },
    {
      "subject_id": "42684b28-71f8-41aa-ada5-b427f3c87f94-combination-10",
      "relation": "of",
      "object_id": "42684b28-71f8-41aa-ada5-b427f3c87f94-inhibitors-12"
    },
    {
      "subject_id": "42684b28-71f8-41aa-ada5-b427f3c87f94-laboratory-3-effort-4",
      "relation": "was",
      "object_id": "42684b28-71f8-41aa-ada5-b427f3c87f94-conducted-6"
    },
    {
      "subject_id": "42684b28-71f8-41aa-ada5-b427f3c87f94-combination-10",
      "relation": "is",
      "object_id": "42684b28-71f8-41aa-ada5-b427f3c87f94-excessive-16"
    },
    {
      "subject_id": "42684b28-71f8-41aa-ada5-b427f3c87f94-combination-10",
      "relation": "is",
      "object_id": "42684b28-71f8-41aa-ada5-b427f3c87f94-controlling-15"
    },
    {
      "subject_id": "42684b28-71f8-41aa-ada5-b427f3c87f94-laboratory-3-effort-4",
      "relation": "is",
      "object_id": "42684b28-71f8-41aa-ada5-b427f3c87f94-detailed-2"
    },
    {
      "subject_id": "42684b28-71f8-41aa-ada5-b427f3c87f94-Laboratory-1-validation-2",
      "relation": "provided",
      "object_id": "42684b28-71f8-41aa-ada5-b427f3c87f94-understanding-15"
    },
    {
      "subject_id": "42684b28-71f8-41aa-ada5-b427f3c87f94-understanding-15",
      "relation": "of",
      "object_id": "42684b28-71f8-41aa-ada5-b427f3c87f94-inhibition-18-mechanisms-19"
    },
    {
      "subject_id": "42684b28-71f8-41aa-ada5-b427f3c87f94-understanding-15",
      "relation": "is",
      "object_id": "42684b28-71f8-41aa-ada5-b427f3c87f94-better-14"
    },
    {
      "subject_id": "42684b28-71f8-41aa-ada5-b427f3c87f94-ensure-22",
      "relation": "be",
      "object_id": "42684b28-71f8-41aa-ada5-b427f3c87f94-maintained-32"
    },
    {
      "subject_id": "42684b28-71f8-41aa-ada5-b427f3c87f94-additives-2",
      "relation": "were tested against",
      "object_id": "42684b28-71f8-41aa-ada5-b427f3c87f94-samples-6"
    },
    {
      "subject_id": "42684b28-71f8-41aa-ada5-b427f3c87f94-samples-6",
      "relation": "of",
      "object_id": "42684b28-71f8-41aa-ada5-b427f3c87f94-clays-15"
    },
    {
      "subject_id": "42684b28-71f8-41aa-ada5-b427f3c87f94-additives-2",
      "relation": "were",
      "object_id": "42684b28-71f8-41aa-ada5-b427f3c87f94-tested-4"
    },
    {
      "subject_id": "42684b28-71f8-41aa-ada5-b427f3c87f94-additives-2",
      "relation": "is",
      "object_id": "42684b28-71f8-41aa-ada5-b427f3c87f94-Various-1"
    },
    {
      "subject_id": "42684b28-71f8-41aa-ada5-b427f3c87f94-samples-6",
      "relation": "is",
      "object_id": "42684b28-71f8-41aa-ada5-b427f3c87f94-reactive-10"
    },
    {
      "subject_id": "42684b28-71f8-41aa-ada5-b427f3c87f94-samples-6",
      "relation": "is",
      "object_id": "42684b28-71f8-41aa-ada5-b427f3c87f94-commercial-8"
    },
    {
      "subject_id": "42684b28-71f8-41aa-ada5-b427f3c87f94-Product-1-concentrations-2",
      "relation": "reduce interaction",
      "object_id": "42684b28-71f8-41aa-ada5-b427f3c87f94-helping-17"
    },
    {
      "subject_id": "42684b28-71f8-41aa-ada5-b427f3c87f94-Product-1-concentrations-2",
      "relation": "were",
      "object_id": "42684b28-71f8-41aa-ada5-b427f3c87f94-adjusted-4"
    },
    {
      "subject_id": "42684b28-71f8-41aa-ada5-b427f3c87f94-Product-1-concentrations-2",
      "relation": "reduce",
      "object_id": "42684b28-71f8-41aa-ada5-b427f3c87f94-interaction-8"
    },
    {
      "subject_id": "42684b28-71f8-41aa-ada5-b427f3c87f94-fluid-21-capabilities-22",
      "relation": "were",
      "object_id": "42684b28-71f8-41aa-ada5-b427f3c87f94-maintained-36"
    },
    {
      "subject_id": "42684b28-71f8-41aa-ada5-b427f3c87f94-interaction-8",
      "relation": "of",
      "object_id": "42684b28-71f8-41aa-ada5-b427f3c87f94-drilling-11-fluid-12"
    },
    {
      "subject_id": "42684b28-71f8-41aa-ada5-b427f3c87f94-profile-4",
      "relation": "enable",
      "object_id": "42684b28-71f8-41aa-ada5-b427f3c87f94-disposal-8"
    },
    {
      "subject_id": "42684b28-71f8-41aa-ada5-b427f3c87f94-disposal-8",
      "relation": "is",
      "object_id": "42684b28-71f8-41aa-ada5-b427f3c87f94-safe-7"
    },
    {
      "subject_id": "42684b28-71f8-41aa-ada5-b427f3c87f94-profile-4",
      "relation": "is",
      "object_id": "42684b28-71f8-41aa-ada5-b427f3c87f94-environmental-3"
    },
    {
      "subject_id": "42684b28-71f8-41aa-ada5-b427f3c87f94-profile-4",
      "relation": "disposal of",
      "object_id": "42684b28-71f8-41aa-ada5-b427f3c87f94-fluid-10"
    },
    {
      "subject_id": "42684b28-71f8-41aa-ada5-b427f3c87f94-disposal-8",
      "relation": "of",
      "object_id": "42684b28-71f8-41aa-ada5-b427f3c87f94-fluid-10"
    },
    {
      "subject_id": "42684b28-71f8-41aa-ada5-b427f3c87f94-profile-4",
      "relation": "enable disposal in",
      "object_id": "42684b28-71f8-41aa-ada5-b427f3c87f94-compliance-12"
    },
    {
      "subject_id": "42684b28-71f8-41aa-ada5-b427f3c87f94-profile-4",
      "relation": "safe disposal of",
      "object_id": "42684b28-71f8-41aa-ada5-b427f3c87f94-fluid-10"
    },
    {
      "subject_id": "42684b28-71f8-41aa-ada5-b427f3c87f94-profile-4",
      "relation": "is",
      "object_id": "42684b28-71f8-41aa-ada5-b427f3c87f94-adequate-2"
    },
    {
      "subject_id": "42684b28-71f8-41aa-ada5-b427f3c87f94-compliance-12",
      "relation": "of",
      "object_id": "42684b28-71f8-41aa-ada5-b427f3c87f94-regulations-16"
    },
    {
      "subject_id": "42684b28-71f8-41aa-ada5-b427f3c87f94-compliance-12",
      "relation": "is with",
      "object_id": "42684b28-71f8-41aa-ada5-b427f3c87f94-local-14-environmental-15-regulations-16"
    },
    {
      "subject_id": "42684b28-71f8-41aa-ada5-b427f3c87f94-drilling-6",
      "relation": "were",
      "object_id": "42684b28-71f8-41aa-ada5-b427f3c87f94-determined-27"
    },
    {
      "subject_id": "42684b28-71f8-41aa-ada5-b427f3c87f94-drilling-6",
      "relation": "procedures at",
      "object_id": "42684b28-71f8-41aa-ada5-b427f3c87f94-support-13-liquid-14-mud-15-plant-16"
    },
    {
      "subject_id": "42684b28-71f8-41aa-ada5-b427f3c87f94-application-12",
      "relation": "is with",
      "object_id": "42684b28-71f8-41aa-ada5-b427f3c87f94-out-24-ratio-25-of-26-2.9-27"
    },
    {
      "subject_id": "42684b28-71f8-41aa-ada5-b427f3c87f94-step-3",
      "relation": "was assign",
      "object_id": "NE-TITLE-candidate"
    },
    {
      "subject_id": "42684b28-71f8-41aa-ada5-b427f3c87f94-step-3",
      "relation": "was assign well",
      "object_id": "NE-TITLE-candidate"
    },
    {
      "subject_id": "42684b28-71f8-41aa-ada5-b427f3c87f94-step-3",
      "relation": "is",
      "object_id": "42684b28-71f8-41aa-ada5-b427f3c87f94-next-2"
    },
    {
      "subject_id": "42684b28-71f8-41aa-ada5-b427f3c87f94-section-1",
      "relation": "was observed on",
      "object_id": "42684b28-71f8-41aa-ada5-b427f3c87f94-cuttings-18-integrity-19"
    },
    {
      "subject_id": "NE-TITLE-pilot",
      "relation": "of section is",
      "object_id": "42684b28-71f8-41aa-ada5-b427f3c87f94-significant-13-improvement-14"
    },
    {
      "subject_id": "42684b28-71f8-41aa-ada5-b427f3c87f94-reduction-25",
      "relation": "is in",
      "object_id": "42684b28-71f8-41aa-ada5-b427f3c87f94-required-28-volume-29-of-30-dilution-31"
    },
    {
      "subject_id": "42684b28-71f8-41aa-ada5-b427f3c87f94-proposed-8-fluid-9-technology-10",
      "relation": "with section is",
      "object_id": "42684b28-71f8-41aa-ada5-b427f3c87f94-significant-13-improvement-14"
    },
    {
      "subject_id": "42684b28-71f8-41aa-ada5-b427f3c87f94-section-1",
      "relation": "is with",
      "object_id": "42684b28-71f8-41aa-ada5-b427f3c87f94-proposed-8-fluid-9-technology-10"
    },
    {
      "subject_id": "42684b28-71f8-41aa-ada5-b427f3c87f94-proposed-8-fluid-9-technology-10",
      "relation": "at",
      "object_id": "42684b28-71f8-41aa-ada5-b427f3c87f94-well-5"
    },
    {
      "subject_id": "42684b28-71f8-41aa-ada5-b427f3c87f94-section-1",
      "relation": "was",
      "object_id": "42684b28-71f8-41aa-ada5-b427f3c87f94-observed-16"
    },
    {
      "subject_id": "42684b28-71f8-41aa-ada5-b427f3c87f94-wells-48",
      "relation": "obtaining",
      "object_id": "42684b28-71f8-41aa-ada5-b427f3c87f94-benefits-53"
    },
    {
      "subject_id": "42684b28-71f8-41aa-ada5-b427f3c87f94-wells-48",
      "relation": "is",
      "object_id": "42684b28-71f8-41aa-ada5-b427f3c87f94-subsequent-47"
    },
    {
      "subject_id": "42684b28-71f8-41aa-ada5-b427f3c87f94-benefits-53",
      "relation": "of",
      "object_id": "42684b28-71f8-41aa-ada5-b427f3c87f94-fluid-57-formulation-58"
    },
    {
      "subject_id": "42684b28-71f8-41aa-ada5-b427f3c87f94-benefits-53",
      "relation": "is",
      "object_id": "42684b28-71f8-41aa-ada5-b427f3c87f94-new-56"
    },
    {
      "subject_id": "42684b28-71f8-41aa-ada5-b427f3c87f94-well-2",
      "relation": "was",
      "object_id": "42684b28-71f8-41aa-ada5-b427f3c87f94-drilled-5"
    },
    {
      "subject_id": "42684b28-71f8-41aa-ada5-b427f3c87f94-well-2",
      "relation": "was safely drilled with",
      "object_id": "42684b28-71f8-41aa-ada5-b427f3c87f94-7938-13-meters-14"
    },
    {
      "subject_id": "42684b28-71f8-41aa-ada5-b427f3c87f94-7938-13-meters-14",
      "relation": "of",
      "object_id": "42684b28-71f8-41aa-ada5-b427f3c87f94-Depth-17"
    },
    {
      "subject_id": "42684b28-71f8-41aa-ada5-b427f3c87f94-well-2",
      "relation": "was drilled with",
      "object_id": "42684b28-71f8-41aa-ada5-b427f3c87f94-7938-13-meters-14"
    },
    {
      "subject_id": "42684b28-71f8-41aa-ada5-b427f3c87f94-7938-13-meters-14",
      "relation": "of",
      "object_id": "NE-MISC-Measured-Depth"
    },
    {
      "subject_id": "42684b28-71f8-41aa-ada5-b427f3c87f94-drilled-5",
      "relation": "at",
      "object_id": "42684b28-71f8-41aa-ada5-b427f3c87f94-safely-4"
    },
    {
      "subject_id": "42684b28-71f8-41aa-ada5-b427f3c87f94-well-2",
      "relation": "was safely drilled with",
      "object_id": "42684b28-71f8-41aa-ada5-b427f3c87f94-76-8-°-9-sail-10-inclination-11"
    },
    {
      "subject_id": "42684b28-71f8-41aa-ada5-b427f3c87f94-76-8-°-9-sail-10-inclination-11",
      "relation": "meters of",
      "object_id": "NE-MISC-Measured-Depth"
    },
    {
      "subject_id": "42684b28-71f8-41aa-ada5-b427f3c87f94-well-2",
      "relation": "was drilled with",
      "object_id": "42684b28-71f8-41aa-ada5-b427f3c87f94-76-8-°-9-sail-10-inclination-11"
    },
    {
      "subject_id": "42684b28-71f8-41aa-ada5-b427f3c87f94-most-17",
      "relation": "be",
      "object_id": "42684b28-71f8-41aa-ada5-b427f3c87f94-technology-22"
    },
    {
      "subject_id": "42684b28-71f8-41aa-ada5-b427f3c87f94-technology-22",
      "relation": "is",
      "object_id": "42684b28-71f8-41aa-ada5-b427f3c87f94-mature-21"
    },
    {
      "subject_id": "42684b28-71f8-41aa-ada5-b427f3c87f94-technology-22",
      "relation": "mark",
      "object_id": "42684b28-71f8-41aa-ada5-b427f3c87f94-to-18"
    },
    {
      "subject_id": "42684b28-71f8-41aa-ada5-b427f3c87f94-most-17",
      "relation": "be",
      "object_id": "42684b28-71f8-41aa-ada5-b427f3c87f94-mature-21"
    },
    {
      "subject_id": "42684b28-71f8-41aa-ada5-b427f3c87f94-systems-14",
      "relation": "mimic more closely",
      "object_id": "42684b28-71f8-41aa-ada5-b427f3c87f94-performance-18"
    },
    {
      "subject_id": "42684b28-71f8-41aa-ada5-b427f3c87f94-advancements-3",
      "relation": "have enabled",
      "object_id": "42684b28-71f8-41aa-ada5-b427f3c87f94-systems-14"
    },
    {
      "subject_id": "42684b28-71f8-41aa-ada5-b427f3c87f94-advancements-3",
      "relation": "is in",
      "object_id": "42684b28-71f8-41aa-ada5-b427f3c87f94-drilling-8-fluid-9-additives-10"
    },
    {
      "subject_id": "42684b28-71f8-41aa-ada5-b427f3c87f94-drilling-8-fluid-9-additives-10",
      "relation": "at",
      "object_id": "42684b28-71f8-41aa-ada5-b427f3c87f94-water-5"
    },
    {
      "subject_id": "42684b28-71f8-41aa-ada5-b427f3c87f94-systems-14",
      "relation": "mimic",
      "object_id": "42684b28-71f8-41aa-ada5-b427f3c87f94-performance-18"
    },
    {
      "subject_id": "42684b28-71f8-41aa-ada5-b427f3c87f94-performance-18",
      "relation": "is",
      "object_id": "42684b28-71f8-41aa-ada5-b427f3c87f94-non-aqueous-20"
    },
    {
      "subject_id": "42684b28-71f8-41aa-ada5-b427f3c87f94-systems-14",
      "relation": "advancements in",
      "object_id": "42684b28-71f8-41aa-ada5-b427f3c87f94-drilling-8-fluid-9-additives-10"
    },
    {
      "subject_id": "42684b28-71f8-41aa-ada5-b427f3c87f94-drilling-8-fluid-9-additives-10",
      "relation": "is",
      "object_id": "42684b28-71f8-41aa-ada5-b427f3c87f94-based-7"
    },
    {
      "subject_id": "42684b28-71f8-41aa-ada5-b427f3c87f94-systems-14",
      "relation": "mimic closely",
      "object_id": "42684b28-71f8-41aa-ada5-b427f3c87f94-performance-18"
    },
    {
      "subject_id": "42684b28-71f8-41aa-ada5-b427f3c87f94-performance-18",
      "relation": "of",
      "object_id": "42684b28-71f8-41aa-ada5-b427f3c87f94-systems-21"
    },
    {
      "subject_id": "42684b28-71f8-41aa-ada5-b427f3c87f94-advancements-3",
      "relation": "However have enabled",
      "object_id": "42684b28-71f8-41aa-ada5-b427f3c87f94-systems-14"
    },
    {
      "subject_id": "42684b28-71f8-41aa-ada5-b427f3c87f94-efficiency-27",
      "relation": "minimize",
      "object_id": "42684b28-71f8-41aa-ada5-b427f3c87f94-costs-30"
    },
    {
      "subject_id": "42684b28-71f8-41aa-ada5-b427f3c87f94-chemistry-7",
      "relation": "additive blends for",
      "object_id": "42684b28-71f8-41aa-ada5-b427f3c87f94-formations-21"
    },
    {
      "subject_id": "42684b28-71f8-41aa-ada5-b427f3c87f94-chemistry-7",
      "relation": "blends for",
      "object_id": "42684b28-71f8-41aa-ada5-b427f3c87f94-formations-21"
    },
    {
      "subject_id": "42684b28-71f8-41aa-ada5-b427f3c87f94-efficiency-27",
      "relation": "is",
      "object_id": "42684b28-71f8-41aa-ada5-b427f3c87f94-operational-26"
    },
    {
      "subject_id": "42684b28-71f8-41aa-ada5-b427f3c87f94-understanding-5",
      "relation": "improve",
      "object_id": "42684b28-71f8-41aa-ada5-b427f3c87f94-efficiency-27"
    },
    {
      "subject_id": "42684b28-71f8-41aa-ada5-b427f3c87f94-chemistry-7",
      "relation": "chemical additive blends for",
      "object_id": "42684b28-71f8-41aa-ada5-b427f3c87f94-formations-21"
    },
    {
      "subject_id": "42684b28-71f8-41aa-ada5-b427f3c87f94-chemistry-7",
      "relation": "chemical blends for",
      "object_id": "42684b28-71f8-41aa-ada5-b427f3c87f94-formations-21"
    }
  ],
  "links": {
    "NE-TITLE-operator": [],
    "42684b28-71f8-41aa-ada5-b427f3c87f94-drilling-23-fluids-24": [],
    "42684b28-71f8-41aa-ada5-b427f3c87f94-drilling-26-development-27-wells-28": [],
    "NE-LOCATION-Basin": [],
    "NE-CITY-Campos": [],
    "42684b28-71f8-41aa-ada5-b427f3c87f94-water-20": [
      "42684b28-71f8-41aa-ada5-b427f3c87f94-water-5"
    ],
    "42684b28-71f8-41aa-ada5-b427f3c87f94-based-22": [
      "42684b28-71f8-41aa-ada5-b427f3c87f94-based-7"
    ],
    "42684b28-71f8-41aa-ada5-b427f3c87f94-rig-31-limitations-32": [],
    "42684b28-71f8-41aa-ada5-b427f3c87f94-use-18": [],
    "42684b28-71f8-41aa-ada5-b427f3c87f94-dispersion-11": [],
    "42684b28-71f8-41aa-ada5-b427f3c87f94-drilling-18-fluid-19": [],
    "42684b28-71f8-41aa-ada5-b427f3c87f94-high-10": [],
    "42684b28-71f8-41aa-ada5-b427f3c87f94-sections-1": [],
    "42684b28-71f8-41aa-ada5-b427f3c87f94-field-8": [],
    "42684b28-71f8-41aa-ada5-b427f3c87f94-increments-21": [],
    "42684b28-71f8-41aa-ada5-b427f3c87f94-viscosity-23": [],
    "42684b28-71f8-41aa-ada5-b427f3c87f94-improvement-15": [],
    "42684b28-71f8-41aa-ada5-b427f3c87f94-have-4-drilled-6": [],
    "42684b28-71f8-41aa-ada5-b427f3c87f94-wells-3": [],
    "42684b28-71f8-41aa-ada5-b427f3c87f94-initiated-22": [],
    "42684b28-71f8-41aa-ada5-b427f3c87f94-fluid-18-inhibition-19-capability-20": [],
    "42684b28-71f8-41aa-ada5-b427f3c87f94-estimated-9": [],
    "42684b28-71f8-41aa-ada5-b427f3c87f94-times-10": [],
    "42684b28-71f8-41aa-ada5-b427f3c87f94-laboratory-3-effort-4": [],
    "42684b28-71f8-41aa-ada5-b427f3c87f94-combination-10": [],
    "42684b28-71f8-41aa-ada5-b427f3c87f94-capable-13": [],
    "42684b28-71f8-41aa-ada5-b427f3c87f94-clay-17-dispersion-18": [],
    "42684b28-71f8-41aa-ada5-b427f3c87f94-inhibitors-12": [],
    "42684b28-71f8-41aa-ada5-b427f3c87f94-conducted-6": [],
    "42684b28-71f8-41aa-ada5-b427f3c87f94-excessive-16": [],
    "42684b28-71f8-41aa-ada5-b427f3c87f94-controlling-15": [],
    "42684b28-71f8-41aa-ada5-b427f3c87f94-detailed-2": [],
    "42684b28-71f8-41aa-ada5-b427f3c87f94-Laboratory-1-validation-2": [],
    "42684b28-71f8-41aa-ada5-b427f3c87f94-understanding-15": [],
    "42684b28-71f8-41aa-ada5-b427f3c87f94-inhibition-18-mechanisms-19": [],
    "42684b28-71f8-41aa-ada5-b427f3c87f94-better-14": [],
    "42684b28-71f8-41aa-ada5-b427f3c87f94-ensure-22": [],
    "42684b28-71f8-41aa-ada5-b427f3c87f94-maintained-32": [],
    "42684b28-71f8-41aa-ada5-b427f3c87f94-additives-2": [],
    "42684b28-71f8-41aa-ada5-b427f3c87f94-samples-6": [],
    "42684b28-71f8-41aa-ada5-b427f3c87f94-clays-15": [],
    "42684b28-71f8-41aa-ada5-b427f3c87f94-tested-4": [],
    "42684b28-71f8-41aa-ada5-b427f3c87f94-Various-1": [],
    "42684b28-71f8-41aa-ada5-b427f3c87f94-reactive-10": [],
    "42684b28-71f8-41aa-ada5-b427f3c87f94-commercial-8": [],
    "42684b28-71f8-41aa-ada5-b427f3c87f94-Product-1-concentrations-2": [],
    "42684b28-71f8-41aa-ada5-b427f3c87f94-helping-17": [],
    "42684b28-71f8-41aa-ada5-b427f3c87f94-adjusted-4": [],
    "42684b28-71f8-41aa-ada5-b427f3c87f94-interaction-8": [],
    "42684b28-71f8-41aa-ada5-b427f3c87f94-fluid-21-capabilities-22": [],
    "42684b28-71f8-41aa-ada5-b427f3c87f94-maintained-36": [],
    "42684b28-71f8-41aa-ada5-b427f3c87f94-drilling-11-fluid-12": [],
    "42684b28-71f8-41aa-ada5-b427f3c87f94-profile-4": [],
    "42684b28-71f8-41aa-ada5-b427f3c87f94-disposal-8": [],
    "42684b28-71f8-41aa-ada5-b427f3c87f94-safe-7": [],
    "42684b28-71f8-41aa-ada5-b427f3c87f94-environmental-3": [],
    "42684b28-71f8-41aa-ada5-b427f3c87f94-fluid-10": [],
    "42684b28-71f8-41aa-ada5-b427f3c87f94-compliance-12": [],
    "42684b28-71f8-41aa-ada5-b427f3c87f94-adequate-2": [],
    "42684b28-71f8-41aa-ada5-b427f3c87f94-regulations-16": [],
    "42684b28-71f8-41aa-ada5-b427f3c87f94-local-14-environmental-15-regulations-16": [],
    "42684b28-71f8-41aa-ada5-b427f3c87f94-drilling-6": [],
    "42684b28-71f8-41aa-ada5-b427f3c87f94-determined-27": [],
    "42684b28-71f8-41aa-ada5-b427f3c87f94-support-13-liquid-14-mud-15-plant-16": [],
    "42684b28-71f8-41aa-ada5-b427f3c87f94-application-12": [],
    "42684b28-71f8-41aa-ada5-b427f3c87f94-out-24-ratio-25-of-26-2.9-27": [],
    "42684b28-71f8-41aa-ada5-b427f3c87f94-step-3": [],
    "NE-TITLE-candidate": [],
    "42684b28-71f8-41aa-ada5-b427f3c87f94-next-2": [],
    "42684b28-71f8-41aa-ada5-b427f3c87f94-section-1": [],
    "42684b28-71f8-41aa-ada5-b427f3c87f94-cuttings-18-integrity-19": [],
    "NE-TITLE-pilot": [],
    "42684b28-71f8-41aa-ada5-b427f3c87f94-significant-13-improvement-14": [],
    "42684b28-71f8-41aa-ada5-b427f3c87f94-reduction-25": [],
    "42684b28-71f8-41aa-ada5-b427f3c87f94-required-28-volume-29-of-30-dilution-31": [],
    "42684b28-71f8-41aa-ada5-b427f3c87f94-proposed-8-fluid-9-technology-10": [],
    "42684b28-71f8-41aa-ada5-b427f3c87f94-well-5": [],
    "42684b28-71f8-41aa-ada5-b427f3c87f94-observed-16": [],
    "42684b28-71f8-41aa-ada5-b427f3c87f94-wells-48": [],
    "42684b28-71f8-41aa-ada5-b427f3c87f94-benefits-53": [],
    "42684b28-71f8-41aa-ada5-b427f3c87f94-subsequent-47": [],
    "42684b28-71f8-41aa-ada5-b427f3c87f94-fluid-57-formulation-58": [],
    "42684b28-71f8-41aa-ada5-b427f3c87f94-new-56": [],
    "42684b28-71f8-41aa-ada5-b427f3c87f94-well-2": [],
    "42684b28-71f8-41aa-ada5-b427f3c87f94-drilled-5": [],
    "42684b28-71f8-41aa-ada5-b427f3c87f94-7938-13-meters-14": [],
    "42684b28-71f8-41aa-ada5-b427f3c87f94-Depth-17": [],
    "NE-MISC-Measured-Depth": [],
    "42684b28-71f8-41aa-ada5-b427f3c87f94-safely-4": [],
    "42684b28-71f8-41aa-ada5-b427f3c87f94-76-8-°-9-sail-10-inclination-11": [],
    "42684b28-71f8-41aa-ada5-b427f3c87f94-most-17": [],
    "42684b28-71f8-41aa-ada5-b427f3c87f94-technology-22": [],
    "42684b28-71f8-41aa-ada5-b427f3c87f94-mature-21": [],
    "42684b28-71f8-41aa-ada5-b427f3c87f94-to-18": [],
    "42684b28-71f8-41aa-ada5-b427f3c87f94-systems-14": [],
    "42684b28-71f8-41aa-ada5-b427f3c87f94-performance-18": [],
    "42684b28-71f8-41aa-ada5-b427f3c87f94-advancements-3": [],
    "42684b28-71f8-41aa-ada5-b427f3c87f94-drilling-8-fluid-9-additives-10": [],
    "42684b28-71f8-41aa-ada5-b427f3c87f94-water-5": [
      "42684b28-71f8-41aa-ada5-b427f3c87f94-water-20"
    ],
    "42684b28-71f8-41aa-ada5-b427f3c87f94-non-aqueous-20": [],
    "42684b28-71f8-41aa-ada5-b427f3c87f94-based-7": [
      "42684b28-71f8-41aa-ada5-b427f3c87f94-based-22"
    ],
    "42684b28-71f8-41aa-ada5-b427f3c87f94-systems-21": [],
    "42684b28-71f8-41aa-ada5-b427f3c87f94-efficiency-27": [],
    "42684b28-71f8-41aa-ada5-b427f3c87f94-costs-30": [],
    "42684b28-71f8-41aa-ada5-b427f3c87f94-chemistry-7": [],
    "42684b28-71f8-41aa-ada5-b427f3c87f94-formations-21": [],
    "42684b28-71f8-41aa-ada5-b427f3c87f94-operational-26": [],
    "42684b28-71f8-41aa-ada5-b427f3c87f94-understanding-5": []
  }
}