{
  "document": "D:/Projetos/PIRA_KG/documents/onu_84955127995.txt",
  "entities": {
    "04ab6b85-447c-419a-adaf-4533eabeb71e-trade-6": "trade",
    "04ab6b85-447c-419a-adaf-4533eabeb71e-agenda-25": "agenda",
    "04ab6b85-447c-419a-adaf-4533eabeb71e-increased-5": "increased",
    "04ab6b85-447c-419a-adaf-4533eabeb71e-result-13": "result",
    "04ab6b85-447c-419a-adaf-4533eabeb71e-consequences-3": "consequences",
    "04ab6b85-447c-419a-adaf-4533eabeb71e-greater-15": "greater",
    "04ab6b85-447c-419a-adaf-4533eabeb71e-economic-2": "economic",
    "04ab6b85-447c-419a-adaf-4533eabeb71e-economic-16": "economic",
    "04ab6b85-447c-419a-adaf-4533eabeb71e-integration-17": "integration",
    "04ab6b85-447c-419a-adaf-4533eabeb71e-debate-11": "debate",
    "04ab6b85-447c-419a-adaf-4533eabeb71e-themes-5": "themes",
    "04ab6b85-447c-419a-adaf-4533eabeb71e-heated-10": "heated",
    "04ab6b85-447c-419a-adaf-4533eabeb71e-Thesis-1": "Thesis",
    "04ab6b85-447c-419a-adaf-4533eabeb71e-possible-5-incompatibility-6": "possible incompatibility",
    "04ab6b85-447c-419a-adaf-4533eabeb71e-movement-9": "movement",
    "04ab6b85-447c-419a-adaf-4533eabeb71e-international-11": "international",
    "04ab6b85-447c-419a-adaf-4533eabeb71e-capital-13": "capital",
    "04ab6b85-447c-419a-adaf-4533eabeb71e-financial-12": "financial",
    "04ab6b85-447c-419a-adaf-4533eabeb71e-exploration-6": "exploration",
    "04ab6b85-447c-419a-adaf-4533eabeb71e-Pre-Salt-19-formation-20": "Pre-Salt formation",
    "NE-NATIONALITY-Brazilian": "Brazilian",
    "NE-COUNTRY-Brazil": "Brazil",
    "04ab6b85-447c-419a-adaf-4533eabeb71e-process-7-of-8-exploration-9": "process of exploration",
    "NE-ORGANIZATION-PETROBRAS": "PETROBRAS",
    "04ab6b85-447c-419a-adaf-4533eabeb71e-exploration-47": "exploration",
    "NE-TITLE-leader": "leader",
    "04ab6b85-447c-419a-adaf-4533eabeb71e-deep-25-waters-28": "deep waters",
    "04ab6b85-447c-419a-adaf-4533eabeb71e-lead-12-oil-13-company-14": "lead oil company",
    "04ab6b85-447c-419a-adaf-4533eabeb71e-country-17": "country",
    "04ab6b85-447c-419a-adaf-4533eabeb71e-waters-28": "waters",
    "04ab6b85-447c-419a-adaf-4533eabeb71e-rich-43": "rich",
    "04ab6b85-447c-419a-adaf-4533eabeb71e-control-39": "control",
    "04ab6b85-447c-419a-adaf-4533eabeb71e-maritime-42": "maritime",
    "04ab6b85-447c-419a-adaf-4533eabeb71e-technology-22": "technology",
    "04ab6b85-447c-419a-adaf-4533eabeb71e-noteworthy-7": "noteworthy",
    "04ab6b85-447c-419a-adaf-4533eabeb71e-oil-51": "oil",
    "04ab6b85-447c-419a-adaf-4533eabeb71e-relating-45": "relating",
    "04ab6b85-447c-419a-adaf-4533eabeb71e-respect-3": "respect",
    "04ab6b85-447c-419a-adaf-4533eabeb71e-we-3": "we",
    "04ab6b85-447c-419a-adaf-4533eabeb71e-determinant-12": "determinant",
    "04ab6b85-447c-419a-adaf-4533eabeb71e-productive-15": "productive",
    "04ab6b85-447c-419a-adaf-4533eabeb71e-issue-6": "issue",
    "04ab6b85-447c-419a-adaf-4533eabeb71e-competition-9": "competition",
    "04ab6b85-447c-419a-adaf-4533eabeb71e-internalization-16-process-17": "internalization process",
    "04ab6b85-447c-419a-adaf-4533eabeb71e-technological-8": "technological",
    "04ab6b85-447c-419a-adaf-4533eabeb71e-process-2": "process",
    "04ab6b85-447c-419a-adaf-4533eabeb71e-should-9-understood-11": "should understood",
    "04ab6b85-447c-419a-adaf-4533eabeb71e-capability-17": "capability",
    "04ab6b85-447c-419a-adaf-4533eabeb71e-companies-21": "companies",
    "04ab6b85-447c-419a-adaf-4533eabeb71e-existence-29": "existence",
    "04ab6b85-447c-419a-adaf-4533eabeb71e-system-36": "system",
    "04ab6b85-447c-419a-adaf-4533eabeb71e-result-14": "result",
    "04ab6b85-447c-419a-adaf-4533eabeb71e-multinational-20": "multinational",
    "04ab6b85-447c-419a-adaf-4533eabeb71e-overflows-32": "overflows",
    "04ab6b85-447c-419a-adaf-4533eabeb71e-able-23": "able",
    "04ab6b85-447c-419a-adaf-4533eabeb71e-technological-16": "technological",
    "04ab6b85-447c-419a-adaf-4533eabeb71e-law-12": "law",
    "04ab6b85-447c-419a-adaf-4533eabeb71e-hydrocarbons-23": "hydrocarbons",
    "04ab6b85-447c-419a-adaf-4533eabeb71e-environment-28-approach-29": "environment approach",
    "04ab6b85-447c-419a-adaf-4533eabeb71e-resources-20": "resources",
    "04ab6b85-447c-419a-adaf-4533eabeb71e-coastal-27": "coastal",
    "04ab6b85-447c-419a-adaf-4533eabeb71e-natural-19": "natural",
    "04ab6b85-447c-419a-adaf-4533eabeb71e-exploitation-17": "exploitation",
    "04ab6b85-447c-419a-adaf-4533eabeb71e-especially-22": "especially",
    "04ab6b85-447c-419a-adaf-4533eabeb71e-extent-8": "extent"
  },
  "graph": [
    {
      "subject_id": "04ab6b85-447c-419a-adaf-4533eabeb71e-trade-6",
      "relation": "economic consequences of are",
      "object_id": "04ab6b85-447c-419a-adaf-4533eabeb71e-agenda-25"
    },
    {
      "subject_id": "04ab6b85-447c-419a-adaf-4533eabeb71e-trade-6",
      "relation": "is",
      "object_id": "04ab6b85-447c-419a-adaf-4533eabeb71e-increased-5"
    },
    {
      "subject_id": "04ab6b85-447c-419a-adaf-4533eabeb71e-agenda-25",
      "relation": "at",
      "object_id": "04ab6b85-447c-419a-adaf-4533eabeb71e-result-13"
    },
    {
      "subject_id": "04ab6b85-447c-419a-adaf-4533eabeb71e-consequences-3",
      "relation": "are on",
      "object_id": "04ab6b85-447c-419a-adaf-4533eabeb71e-agenda-25"
    },
    {
      "subject_id": "04ab6b85-447c-419a-adaf-4533eabeb71e-agenda-25",
      "relation": "is",
      "object_id": "04ab6b85-447c-419a-adaf-4533eabeb71e-greater-15"
    },
    {
      "subject_id": "04ab6b85-447c-419a-adaf-4533eabeb71e-trade-6",
      "relation": "consequences of are",
      "object_id": "04ab6b85-447c-419a-adaf-4533eabeb71e-agenda-25"
    },
    {
      "subject_id": "04ab6b85-447c-419a-adaf-4533eabeb71e-consequences-3",
      "relation": "is",
      "object_id": "04ab6b85-447c-419a-adaf-4533eabeb71e-economic-2"
    },
    {
      "subject_id": "04ab6b85-447c-419a-adaf-4533eabeb71e-agenda-25",
      "relation": "is",
      "object_id": "04ab6b85-447c-419a-adaf-4533eabeb71e-economic-16"
    },
    {
      "subject_id": "04ab6b85-447c-419a-adaf-4533eabeb71e-agenda-25",
      "relation": "of",
      "object_id": "04ab6b85-447c-419a-adaf-4533eabeb71e-integration-17"
    },
    {
      "subject_id": "04ab6b85-447c-419a-adaf-4533eabeb71e-debate-11",
      "relation": "convergence of",
      "object_id": "04ab6b85-447c-419a-adaf-4533eabeb71e-themes-5"
    },
    {
      "subject_id": "04ab6b85-447c-419a-adaf-4533eabeb71e-debate-11",
      "relation": "is",
      "object_id": "04ab6b85-447c-419a-adaf-4533eabeb71e-heated-10"
    },
    {
      "subject_id": "04ab6b85-447c-419a-adaf-4533eabeb71e-Thesis-1",
      "relation": "expanded to",
      "object_id": "04ab6b85-447c-419a-adaf-4533eabeb71e-possible-5-incompatibility-6"
    },
    {
      "subject_id": "04ab6b85-447c-419a-adaf-4533eabeb71e-possible-5-incompatibility-6",
      "relation": "of",
      "object_id": "04ab6b85-447c-419a-adaf-4533eabeb71e-movement-9"
    },
    {
      "subject_id": "04ab6b85-447c-419a-adaf-4533eabeb71e-possible-5-incompatibility-6",
      "relation": "is",
      "object_id": "04ab6b85-447c-419a-adaf-4533eabeb71e-international-11"
    },
    {
      "subject_id": "04ab6b85-447c-419a-adaf-4533eabeb71e-possible-5-incompatibility-6",
      "relation": "of",
      "object_id": "04ab6b85-447c-419a-adaf-4533eabeb71e-capital-13"
    },
    {
      "subject_id": "04ab6b85-447c-419a-adaf-4533eabeb71e-possible-5-incompatibility-6",
      "relation": "is",
      "object_id": "04ab6b85-447c-419a-adaf-4533eabeb71e-financial-12"
    },
    {
      "subject_id": "04ab6b85-447c-419a-adaf-4533eabeb71e-exploration-6",
      "relation": "is in",
      "object_id": "04ab6b85-447c-419a-adaf-4533eabeb71e-Pre-Salt-19-formation-20"
    },
    {
      "subject_id": "04ab6b85-447c-419a-adaf-4533eabeb71e-Pre-Salt-19-formation-20",
      "relation": "is",
      "object_id": "NE-NATIONALITY-Brazilian"
    },
    {
      "subject_id": "NE-COUNTRY-Brazil",
      "relation": "must inspect mainly offshore",
      "object_id": "04ab6b85-447c-419a-adaf-4533eabeb71e-process-7-of-8-exploration-9"
    },
    {
      "subject_id": "NE-COUNTRY-Brazil",
      "relation": "must inspect",
      "object_id": "04ab6b85-447c-419a-adaf-4533eabeb71e-process-7-of-8-exploration-9"
    },
    {
      "subject_id": "NE-COUNTRY-Brazil",
      "relation": "must inspect offshore",
      "object_id": "04ab6b85-447c-419a-adaf-4533eabeb71e-process-7-of-8-exploration-9"
    },
    {
      "subject_id": "NE-ORGANIZATION-PETROBRAS",
      "relation": "control of",
      "object_id": "NE-COUNTRY-Brazil"
    },
    {
      "subject_id": "NE-COUNTRY-Brazil",
      "relation": "at",
      "object_id": "04ab6b85-447c-419a-adaf-4533eabeb71e-exploration-47"
    },
    {
      "subject_id": "NE-TITLE-leader",
      "relation": "is in",
      "object_id": "04ab6b85-447c-419a-adaf-4533eabeb71e-deep-25-waters-28"
    },
    {
      "subject_id": "04ab6b85-447c-419a-adaf-4533eabeb71e-lead-12-oil-13-company-14",
      "relation": "is in",
      "object_id": "04ab6b85-447c-419a-adaf-4533eabeb71e-country-17"
    },
    {
      "subject_id": "NE-ORGANIZATION-PETROBRAS",
      "relation": "become",
      "object_id": "NE-TITLE-leader"
    },
    {
      "subject_id": "NE-TITLE-leader",
      "relation": "of",
      "object_id": "04ab6b85-447c-419a-adaf-4533eabeb71e-waters-28"
    },
    {
      "subject_id": "NE-COUNTRY-Brazil",
      "relation": "is",
      "object_id": "04ab6b85-447c-419a-adaf-4533eabeb71e-rich-43"
    },
    {
      "subject_id": "NE-ORGANIZATION-PETROBRAS",
      "relation": "become",
      "object_id": "04ab6b85-447c-419a-adaf-4533eabeb71e-control-39"
    },
    {
      "subject_id": "NE-COUNTRY-Brazil",
      "relation": "is",
      "object_id": "04ab6b85-447c-419a-adaf-4533eabeb71e-maritime-42"
    },
    {
      "subject_id": "NE-TITLE-leader",
      "relation": "of",
      "object_id": "04ab6b85-447c-419a-adaf-4533eabeb71e-technology-22"
    },
    {
      "subject_id": "NE-COUNTRY-Brazil",
      "relation": "is",
      "object_id": "04ab6b85-447c-419a-adaf-4533eabeb71e-noteworthy-7"
    },
    {
      "subject_id": "NE-COUNTRY-Brazil",
      "relation": "of",
      "object_id": "04ab6b85-447c-419a-adaf-4533eabeb71e-oil-51"
    },
    {
      "subject_id": "NE-COUNTRY-Brazil",
      "relation": "is",
      "object_id": "04ab6b85-447c-419a-adaf-4533eabeb71e-relating-45"
    },
    {
      "subject_id": "NE-COUNTRY-Brazil",
      "relation": "is noteworthy In",
      "object_id": "04ab6b85-447c-419a-adaf-4533eabeb71e-respect-3"
    },
    {
      "subject_id": "NE-TITLE-leader",
      "relation": "of",
      "object_id": "04ab6b85-447c-419a-adaf-4533eabeb71e-deep-25-waters-28"
    },
    {
      "subject_id": "04ab6b85-447c-419a-adaf-4533eabeb71e-we-3",
      "relation": "Thus recognize issue as",
      "object_id": "04ab6b85-447c-419a-adaf-4533eabeb71e-determinant-12"
    },
    {
      "subject_id": "04ab6b85-447c-419a-adaf-4533eabeb71e-determinant-12",
      "relation": "is",
      "object_id": "04ab6b85-447c-419a-adaf-4533eabeb71e-productive-15"
    },
    {
      "subject_id": "04ab6b85-447c-419a-adaf-4533eabeb71e-we-3",
      "relation": "Thus recognize",
      "object_id": "04ab6b85-447c-419a-adaf-4533eabeb71e-issue-6"
    },
    {
      "subject_id": "04ab6b85-447c-419a-adaf-4533eabeb71e-issue-6",
      "relation": "of",
      "object_id": "04ab6b85-447c-419a-adaf-4533eabeb71e-competition-9"
    },
    {
      "subject_id": "04ab6b85-447c-419a-adaf-4533eabeb71e-we-3",
      "relation": "recognize issue as",
      "object_id": "04ab6b85-447c-419a-adaf-4533eabeb71e-determinant-12"
    },
    {
      "subject_id": "04ab6b85-447c-419a-adaf-4533eabeb71e-we-3",
      "relation": "recognize",
      "object_id": "04ab6b85-447c-419a-adaf-4533eabeb71e-issue-6"
    },
    {
      "subject_id": "04ab6b85-447c-419a-adaf-4533eabeb71e-determinant-12",
      "relation": "of",
      "object_id": "04ab6b85-447c-419a-adaf-4533eabeb71e-internalization-16-process-17"
    },
    {
      "subject_id": "04ab6b85-447c-419a-adaf-4533eabeb71e-issue-6",
      "relation": "is",
      "object_id": "04ab6b85-447c-419a-adaf-4533eabeb71e-technological-8"
    },
    {
      "subject_id": "04ab6b85-447c-419a-adaf-4533eabeb71e-process-2",
      "relation": "should",
      "object_id": "04ab6b85-447c-419a-adaf-4533eabeb71e-should-9-understood-11"
    },
    {
      "subject_id": "04ab6b85-447c-419a-adaf-4533eabeb71e-should-9-understood-11",
      "relation": "of",
      "object_id": "04ab6b85-447c-419a-adaf-4533eabeb71e-capability-17"
    },
    {
      "subject_id": "04ab6b85-447c-419a-adaf-4533eabeb71e-companies-21",
      "relation": "appropriate due",
      "object_id": "04ab6b85-447c-419a-adaf-4533eabeb71e-existence-29"
    },
    {
      "subject_id": "04ab6b85-447c-419a-adaf-4533eabeb71e-existence-29",
      "relation": "at",
      "object_id": "04ab6b85-447c-419a-adaf-4533eabeb71e-system-36"
    },
    {
      "subject_id": "04ab6b85-447c-419a-adaf-4533eabeb71e-should-9-understood-11",
      "relation": "at",
      "object_id": "04ab6b85-447c-419a-adaf-4533eabeb71e-result-14"
    },
    {
      "subject_id": "04ab6b85-447c-419a-adaf-4533eabeb71e-companies-21",
      "relation": "is",
      "object_id": "04ab6b85-447c-419a-adaf-4533eabeb71e-multinational-20"
    },
    {
      "subject_id": "04ab6b85-447c-419a-adaf-4533eabeb71e-existence-29",
      "relation": "of",
      "object_id": "04ab6b85-447c-419a-adaf-4533eabeb71e-overflows-32"
    },
    {
      "subject_id": "04ab6b85-447c-419a-adaf-4533eabeb71e-companies-21",
      "relation": "are",
      "object_id": "04ab6b85-447c-419a-adaf-4533eabeb71e-able-23"
    },
    {
      "subject_id": "04ab6b85-447c-419a-adaf-4533eabeb71e-should-9-understood-11",
      "relation": "is",
      "object_id": "04ab6b85-447c-419a-adaf-4533eabeb71e-technological-16"
    },
    {
      "subject_id": "04ab6b85-447c-419a-adaf-4533eabeb71e-law-12",
      "relation": "protects",
      "object_id": "04ab6b85-447c-419a-adaf-4533eabeb71e-hydrocarbons-23"
    },
    {
      "subject_id": "04ab6b85-447c-419a-adaf-4533eabeb71e-law-12",
      "relation": "is",
      "object_id": "NE-NATIONALITY-Brazilian"
    },
    {
      "subject_id": "04ab6b85-447c-419a-adaf-4533eabeb71e-law-12",
      "relation": "protects",
      "object_id": "04ab6b85-447c-419a-adaf-4533eabeb71e-environment-28-approach-29"
    },
    {
      "subject_id": "04ab6b85-447c-419a-adaf-4533eabeb71e-law-12",
      "relation": "exploitation of",
      "object_id": "04ab6b85-447c-419a-adaf-4533eabeb71e-resources-20"
    },
    {
      "subject_id": "04ab6b85-447c-419a-adaf-4533eabeb71e-law-12",
      "relation": "exploitation from",
      "object_id": "04ab6b85-447c-419a-adaf-4533eabeb71e-environment-28-approach-29"
    },
    {
      "subject_id": "04ab6b85-447c-419a-adaf-4533eabeb71e-environment-28-approach-29",
      "relation": "is",
      "object_id": "04ab6b85-447c-419a-adaf-4533eabeb71e-coastal-27"
    },
    {
      "subject_id": "04ab6b85-447c-419a-adaf-4533eabeb71e-resources-20",
      "relation": "is",
      "object_id": "04ab6b85-447c-419a-adaf-4533eabeb71e-natural-19"
    },
    {
      "subject_id": "04ab6b85-447c-419a-adaf-4533eabeb71e-environment-28-approach-29",
      "relation": "of",
      "object_id": "04ab6b85-447c-419a-adaf-4533eabeb71e-resources-20"
    },
    {
      "subject_id": "04ab6b85-447c-419a-adaf-4533eabeb71e-law-12",
      "relation": "protects",
      "object_id": "04ab6b85-447c-419a-adaf-4533eabeb71e-resources-20"
    },
    {
      "subject_id": "04ab6b85-447c-419a-adaf-4533eabeb71e-law-12",
      "relation": "protects",
      "object_id": "04ab6b85-447c-419a-adaf-4533eabeb71e-exploitation-17"
    },
    {
      "subject_id": "04ab6b85-447c-419a-adaf-4533eabeb71e-hydrocarbons-23",
      "relation": "at",
      "object_id": "04ab6b85-447c-419a-adaf-4533eabeb71e-especially-22"
    },
    {
      "subject_id": "04ab6b85-447c-419a-adaf-4533eabeb71e-environment-28-approach-29",
      "relation": "from exploitation is",
      "object_id": "04ab6b85-447c-419a-adaf-4533eabeb71e-hydrocarbons-23"
    },
    {
      "subject_id": "04ab6b85-447c-419a-adaf-4533eabeb71e-we-3",
      "relation": "clarify",
      "object_id": "04ab6b85-447c-419a-adaf-4533eabeb71e-extent-8"
    }
  ],
  "links": {
    "04ab6b85-447c-419a-adaf-4533eabeb71e-trade-6": [],
    "04ab6b85-447c-419a-adaf-4533eabeb71e-agenda-25": [],
    "04ab6b85-447c-419a-adaf-4533eabeb71e-increased-5": [],
    "04ab6b85-447c-419a-adaf-4533eabeb71e-result-13": [],
    "04ab6b85-447c-419a-adaf-4533eabeb71e-consequences-3": [],
    "04ab6b85-447c-419a-adaf-4533eabeb71e-greater-15": [],
    "04ab6b85-447c-419a-adaf-4533eabeb71e-economic-2": [],
    "04ab6b85-447c-419a-adaf-4533eabeb71e-economic-16": [],
    "04ab6b85-447c-419a-adaf-4533eabeb71e-integration-17": [],
    "04ab6b85-447c-419a-adaf-4533eabeb71e-debate-11": [],
    "04ab6b85-447c-419a-adaf-4533eabeb71e-themes-5": [],
    "04ab6b85-447c-419a-adaf-4533eabeb71e-heated-10": [],
    "04ab6b85-447c-419a-adaf-4533eabeb71e-Thesis-1": [],
    "04ab6b85-447c-419a-adaf-4533eabeb71e-possible-5-incompatibility-6": [],
    "04ab6b85-447c-419a-adaf-4533eabeb71e-movement-9": [],
    "04ab6b85-447c-419a-adaf-4533eabeb71e-international-11": [],
    "04ab6b85-447c-419a-adaf-4533eabeb71e-capital-13": [],
    "04ab6b85-447c-419a-adaf-4533eabeb71e-financial-12": [],
    "04ab6b85-447c-419a-adaf-4533eabeb71e-exploration-6": [],
    "04ab6b85-447c-419a-adaf-4533eabeb71e-Pre-Salt-19-formation-20": [],
    "NE-NATIONALITY-Brazilian": [],
    "NE-COUNTRY-Brazil": [],
    "04ab6b85-447c-419a-adaf-4533eabeb71e-process-7-of-8-exploration-9": [],
    "NE-ORGANIZATION-PETROBRAS": [],
    "04ab6b85-447c-419a-adaf-4533eabeb71e-exploration-47": [],
    "NE-TITLE-leader": [],
    "04ab6b85-447c-419a-adaf-4533eabeb71e-deep-25-waters-28": [],
    "04ab6b85-447c-419a-adaf-4533eabeb71e-lead-12-oil-13-company-14": [],
    "04ab6b85-447c-419a-adaf-4533eabeb71e-country-17": [],
    "04ab6b85-447c-419a-adaf-4533eabeb71e-waters-28": [],
    "04ab6b85-447c-419a-adaf-4533eabeb71e-rich-43": [],
    "04ab6b85-447c-419a-adaf-4533eabeb71e-control-39": [],
    "04ab6b85-447c-419a-adaf-4533eabeb71e-maritime-42": [],
    "04ab6b85-447c-419a-adaf-4533eabeb71e-technology-22": [],
    "04ab6b85-447c-419a-adaf-4533eabeb71e-noteworthy-7": [],
    "04ab6b85-447c-419a-adaf-4533eabeb71e-oil-51": [],
    "04ab6b85-447c-419a-adaf-4533eabeb71e-relating-45": [],
    "04ab6b85-447c-419a-adaf-4533eabeb71e-respect-3": [],
    "04ab6b85-447c-419a-adaf-4533eabeb71e-we-3": [],
    "04ab6b85-447c-419a-adaf-4533eabeb71e-determinant-12": [],
    "04ab6b85-447c-419a-adaf-4533eabeb71e-productive-15": [],
    "04ab6b85-447c-419a-adaf-4533eabeb71e-issue-6": [],
    "04ab6b85-447c-419a-adaf-4533eabeb71e-competition-9": [],
    "04ab6b85-447c-419a-adaf-4533eabeb71e-internalization-16-process-17": [],
    "04ab6b85-447c-419a-adaf-4533eabeb71e-technological-8": [],
    "04ab6b85-447c-419a-adaf-4533eabeb71e-process-2": [],
    "04ab6b85-447c-419a-adaf-4533eabeb71e-should-9-understood-11": [],
    "04ab6b85-447c-419a-adaf-4533eabeb71e-capability-17": [],
    "04ab6b85-447c-419a-adaf-4533eabeb71e-companies-21": [],
    "04ab6b85-447c-419a-adaf-4533eabeb71e-existence-29": [],
    "04ab6b85-447c-419a-adaf-4533eabeb71e-system-36": [],
    "04ab6b85-447c-419a-adaf-4533eabeb71e-result-14": [],
    "04ab6b85-447c-419a-adaf-4533eabeb71e-multinational-20": [],
    "04ab6b85-447c-419a-adaf-4533eabeb71e-overflows-32": [],
    "04ab6b85-447c-419a-adaf-4533eabeb71e-able-23": [],
    "04ab6b85-447c-419a-adaf-4533eabeb71e-technological-16": [],
    "04ab6b85-447c-419a-adaf-4533eabeb71e-law-12": [],
    "04ab6b85-447c-419a-adaf-4533eabeb71e-hydrocarbons-23": [],
    "04ab6b85-447c-419a-adaf-4533eabeb71e-environment-28-approach-29": [],
    "04ab6b85-447c-419a-adaf-4533eabeb71e-resources-20": [],
    "04ab6b85-447c-419a-adaf-4533eabeb71e-coastal-27": [],
    "04ab6b85-447c-419a-adaf-4533eabeb71e-natural-19": [],
    "04ab6b85-447c-419a-adaf-4533eabeb71e-exploitation-17": [],
    "04ab6b85-447c-419a-adaf-4533eabeb71e-especially-22": [],
    "04ab6b85-447c-419a-adaf-4533eabeb71e-extent-8": []
  }
}