{
  "document": "D:/Projetos/PIRA_KG/documents/onu_84987760544.txt",
  "entities": {
    "586a34af-a858-433d-9bc9-af2c7ac0d2f7-islands-3": "islands",
    "586a34af-a858-433d-9bc9-af2c7ac0d2f7-interest-15": "interest",
    "NE-NATIONALITY-Brazilian": "Brazilian",
    "586a34af-a858-433d-9bc9-af2c7ac0d2f7-environmental-8": "environmental",
    "586a34af-a858-433d-9bc9-af2c7ac0d2f7-great-7": "great",
    "586a34af-a858-433d-9bc9-af2c7ac0d2f7-oceanic-2": "oceanic",
    "586a34af-a858-433d-9bc9-af2c7ac0d2f7-areas-5": "areas",
    "586a34af-a858-433d-9bc9-af2c7ac0d2f7-understanding-3": "understanding",
    "586a34af-a858-433d-9bc9-af2c7ac0d2f7-studies-14": "studies",
    "586a34af-a858-433d-9bc9-af2c7ac0d2f7-03-30-°-31-52-32": "03 ° 52",
    "586a34af-a858-433d-9bc9-af2c7ac0d2f7-processes-19": "processes",
    "586a34af-a858-433d-9bc9-af2c7ac0d2f7-Fernando-23-de-24-Noronha-25-archipelago-26": "Fernando de Noronha archipelago",
    "586a34af-a858-433d-9bc9-af2c7ac0d2f7-better-2": "better",
    "586a34af-a858-433d-9bc9-af2c7ac0d2f7-active-20": "active",
    "586a34af-a858-433d-9bc9-af2c7ac0d2f7-fundamental-11": "fundamental",
    "586a34af-a858-433d-9bc9-af2c7ac0d2f7-chemical-16": "chemical",
    "586a34af-a858-433d-9bc9-af2c7ac0d2f7-aim-2": "aim",
    "586a34af-a858-433d-9bc9-af2c7ac0d2f7-thermohaline-11-behavior-12": "thermohaline behavior",
    "586a34af-a858-433d-9bc9-af2c7ac0d2f7-coastal-10": "coastal",
    "586a34af-a858-433d-9bc9-af2c7ac0d2f7-island-20": "island",
    "586a34af-a858-433d-9bc9-af2c7ac0d2f7-associated-32": "associated",
    "586a34af-a858-433d-9bc9-af2c7ac0d2f7-nutrient-35-distribution-36-data-37": "nutrient distribution data",
    "586a34af-a858-433d-9bc9-af2c7ac0d2f7-part-17": "part",
    "586a34af-a858-433d-9bc9-af2c7ac0d2f7-scale-27": "scale",
    "586a34af-a858-433d-9bc9-af2c7ac0d2f7-work-5": "work",
    "586a34af-a858-433d-9bc9-af2c7ac0d2f7-inhabited-16": "inhabited",
    "586a34af-a858-433d-9bc9-af2c7ac0d2f7-how-29": "how",
    "586a34af-a858-433d-9bc9-af2c7ac0d2f7-seasonal-24": "seasonal",
    "586a34af-a858-433d-9bc9-af2c7ac0d2f7-most-15": "most",
    "586a34af-a858-433d-9bc9-af2c7ac0d2f7-data-5": "data",
    "586a34af-a858-433d-9bc9-af2c7ac0d2f7-collect-7-at-8-five-9-stations-10": "collect at five stations",
    "586a34af-a858-433d-9bc9-af2c7ac0d2f7-period-3": "period",
    "586a34af-a858-433d-9bc9-af2c7ac0d2f7-concentrations-7": "concentrations",
    "586a34af-a858-433d-9bc9-af2c7ac0d2f7-homogeneous-10": "homogeneous",
    "586a34af-a858-433d-9bc9-af2c7ac0d2f7-quite-9": "quite",
    "586a34af-a858-433d-9bc9-af2c7ac0d2f7-seasonal-6": "seasonal",
    "586a34af-a858-433d-9bc9-af2c7ac0d2f7-Regarding-1-nutrient-3-concentration-4": "Regarding nutrient concentration",
    "586a34af-a858-433d-9bc9-af2c7ac0d2f7-waters-13": "waters",
    "586a34af-a858-433d-9bc9-af2c7ac0d2f7-archipelago-16-region-17": "archipelago region",
    "586a34af-a858-433d-9bc9-af2c7ac0d2f7-region-3": "region",
    "586a34af-a858-433d-9bc9-af2c7ac0d2f7-water-9": "water",
    "586a34af-a858-433d-9bc9-af2c7ac0d2f7-tropical-7": "tropical",
    "586a34af-a858-433d-9bc9-af2c7ac0d2f7-coastal-2": "coastal",
    "586a34af-a858-433d-9bc9-af2c7ac0d2f7-mass-8": "mass"
  },
  "graph": [
    {
      "subject_id": "586a34af-a858-433d-9bc9-af2c7ac0d2f7-islands-3",
      "relation": "are areas of",
      "object_id": "586a34af-a858-433d-9bc9-af2c7ac0d2f7-interest-15"
    },
    {
      "subject_id": "586a34af-a858-433d-9bc9-af2c7ac0d2f7-islands-3",
      "relation": "is",
      "object_id": "NE-NATIONALITY-Brazilian"
    },
    {
      "subject_id": "586a34af-a858-433d-9bc9-af2c7ac0d2f7-interest-15",
      "relation": "is",
      "object_id": "586a34af-a858-433d-9bc9-af2c7ac0d2f7-environmental-8"
    },
    {
      "subject_id": "586a34af-a858-433d-9bc9-af2c7ac0d2f7-interest-15",
      "relation": "is",
      "object_id": "586a34af-a858-433d-9bc9-af2c7ac0d2f7-great-7"
    },
    {
      "subject_id": "586a34af-a858-433d-9bc9-af2c7ac0d2f7-islands-3",
      "relation": "is",
      "object_id": "586a34af-a858-433d-9bc9-af2c7ac0d2f7-oceanic-2"
    },
    {
      "subject_id": "586a34af-a858-433d-9bc9-af2c7ac0d2f7-islands-3",
      "relation": "are",
      "object_id": "586a34af-a858-433d-9bc9-af2c7ac0d2f7-areas-5"
    },
    {
      "subject_id": "586a34af-a858-433d-9bc9-af2c7ac0d2f7-understanding-3",
      "relation": "complement",
      "object_id": "586a34af-a858-433d-9bc9-af2c7ac0d2f7-studies-14"
    },
    {
      "subject_id": "586a34af-a858-433d-9bc9-af2c7ac0d2f7-studies-14",
      "relation": "located between",
      "object_id": "586a34af-a858-433d-9bc9-af2c7ac0d2f7-03-30-°-31-52-32"
    },
    {
      "subject_id": "586a34af-a858-433d-9bc9-af2c7ac0d2f7-studies-14",
      "relation": "of",
      "object_id": "586a34af-a858-433d-9bc9-af2c7ac0d2f7-processes-19"
    },
    {
      "subject_id": "586a34af-a858-433d-9bc9-af2c7ac0d2f7-studies-14",
      "relation": "at",
      "object_id": "586a34af-a858-433d-9bc9-af2c7ac0d2f7-Fernando-23-de-24-Noronha-25-archipelago-26"
    },
    {
      "subject_id": "586a34af-a858-433d-9bc9-af2c7ac0d2f7-understanding-3",
      "relation": "is",
      "object_id": "586a34af-a858-433d-9bc9-af2c7ac0d2f7-better-2"
    },
    {
      "subject_id": "586a34af-a858-433d-9bc9-af2c7ac0d2f7-studies-14",
      "relation": "is",
      "object_id": "586a34af-a858-433d-9bc9-af2c7ac0d2f7-active-20"
    },
    {
      "subject_id": "586a34af-a858-433d-9bc9-af2c7ac0d2f7-understanding-3",
      "relation": "is",
      "object_id": "586a34af-a858-433d-9bc9-af2c7ac0d2f7-fundamental-11"
    },
    {
      "subject_id": "586a34af-a858-433d-9bc9-af2c7ac0d2f7-studies-14",
      "relation": "is",
      "object_id": "586a34af-a858-433d-9bc9-af2c7ac0d2f7-chemical-16"
    },
    {
      "subject_id": "586a34af-a858-433d-9bc9-af2c7ac0d2f7-aim-2",
      "relation": "was verify",
      "object_id": "586a34af-a858-433d-9bc9-af2c7ac0d2f7-thermohaline-11-behavior-12"
    },
    {
      "subject_id": "586a34af-a858-433d-9bc9-af2c7ac0d2f7-thermohaline-11-behavior-12",
      "relation": "is",
      "object_id": "586a34af-a858-433d-9bc9-af2c7ac0d2f7-coastal-10"
    },
    {
      "subject_id": "586a34af-a858-433d-9bc9-af2c7ac0d2f7-island-20",
      "relation": "is",
      "object_id": "586a34af-a858-433d-9bc9-af2c7ac0d2f7-associated-32"
    },
    {
      "subject_id": "586a34af-a858-433d-9bc9-af2c7ac0d2f7-associated-32",
      "relation": "at",
      "object_id": "586a34af-a858-433d-9bc9-af2c7ac0d2f7-nutrient-35-distribution-36-data-37"
    },
    {
      "subject_id": "586a34af-a858-433d-9bc9-af2c7ac0d2f7-thermohaline-11-behavior-12",
      "relation": "of",
      "object_id": "586a34af-a858-433d-9bc9-af2c7ac0d2f7-island-20"
    },
    {
      "subject_id": "586a34af-a858-433d-9bc9-af2c7ac0d2f7-thermohaline-11-behavior-12",
      "relation": "of",
      "object_id": "586a34af-a858-433d-9bc9-af2c7ac0d2f7-part-17"
    },
    {
      "subject_id": "586a34af-a858-433d-9bc9-af2c7ac0d2f7-aim-2",
      "relation": "was verify thermohaline behavior on",
      "object_id": "586a34af-a858-433d-9bc9-af2c7ac0d2f7-scale-27"
    },
    {
      "subject_id": "586a34af-a858-433d-9bc9-af2c7ac0d2f7-thermohaline-11-behavior-12",
      "relation": "aim of",
      "object_id": "586a34af-a858-433d-9bc9-af2c7ac0d2f7-work-5"
    },
    {
      "subject_id": "586a34af-a858-433d-9bc9-af2c7ac0d2f7-thermohaline-11-behavior-12",
      "relation": "is",
      "object_id": "586a34af-a858-433d-9bc9-af2c7ac0d2f7-inhabited-16"
    },
    {
      "subject_id": "586a34af-a858-433d-9bc9-af2c7ac0d2f7-island-20",
      "relation": "is associated with",
      "object_id": "586a34af-a858-433d-9bc9-af2c7ac0d2f7-nutrient-35-distribution-36-data-37"
    },
    {
      "subject_id": "586a34af-a858-433d-9bc9-af2c7ac0d2f7-associated-32",
      "relation": "at",
      "object_id": "586a34af-a858-433d-9bc9-af2c7ac0d2f7-how-29"
    },
    {
      "subject_id": "586a34af-a858-433d-9bc9-af2c7ac0d2f7-scale-27",
      "relation": "is",
      "object_id": "586a34af-a858-433d-9bc9-af2c7ac0d2f7-seasonal-24"
    },
    {
      "subject_id": "586a34af-a858-433d-9bc9-af2c7ac0d2f7-thermohaline-11-behavior-12",
      "relation": "at",
      "object_id": "586a34af-a858-433d-9bc9-af2c7ac0d2f7-most-15"
    },
    {
      "subject_id": "586a34af-a858-433d-9bc9-af2c7ac0d2f7-data-5",
      "relation": "were",
      "object_id": "586a34af-a858-433d-9bc9-af2c7ac0d2f7-collect-7-at-8-five-9-stations-10"
    },
    {
      "subject_id": "586a34af-a858-433d-9bc9-af2c7ac0d2f7-collect-7-at-8-five-9-stations-10",
      "relation": "at",
      "object_id": "586a34af-a858-433d-9bc9-af2c7ac0d2f7-period-3"
    },
    {
      "subject_id": "586a34af-a858-433d-9bc9-af2c7ac0d2f7-data-5",
      "relation": "were collect For",
      "object_id": "586a34af-a858-433d-9bc9-af2c7ac0d2f7-period-3"
    },
    {
      "subject_id": "586a34af-a858-433d-9bc9-af2c7ac0d2f7-concentrations-7",
      "relation": "are",
      "object_id": "586a34af-a858-433d-9bc9-af2c7ac0d2f7-homogeneous-10"
    },
    {
      "subject_id": "586a34af-a858-433d-9bc9-af2c7ac0d2f7-homogeneous-10",
      "relation": "at",
      "object_id": "586a34af-a858-433d-9bc9-af2c7ac0d2f7-quite-9"
    },
    {
      "subject_id": "586a34af-a858-433d-9bc9-af2c7ac0d2f7-concentrations-7",
      "relation": "is",
      "object_id": "586a34af-a858-433d-9bc9-af2c7ac0d2f7-seasonal-6"
    },
    {
      "subject_id": "586a34af-a858-433d-9bc9-af2c7ac0d2f7-homogeneous-10",
      "relation": "case",
      "object_id": "586a34af-a858-433d-9bc9-af2c7ac0d2f7-Regarding-1-nutrient-3-concentration-4"
    },
    {
      "subject_id": "586a34af-a858-433d-9bc9-af2c7ac0d2f7-homogeneous-10",
      "relation": "at",
      "object_id": "586a34af-a858-433d-9bc9-af2c7ac0d2f7-waters-13"
    },
    {
      "subject_id": "586a34af-a858-433d-9bc9-af2c7ac0d2f7-concentrations-7",
      "relation": "are homogeneous Regarding",
      "object_id": "586a34af-a858-433d-9bc9-af2c7ac0d2f7-Regarding-1-nutrient-3-concentration-4"
    },
    {
      "subject_id": "586a34af-a858-433d-9bc9-af2c7ac0d2f7-concentrations-7",
      "relation": "are quite homogeneous in",
      "object_id": "586a34af-a858-433d-9bc9-af2c7ac0d2f7-waters-13"
    },
    {
      "subject_id": "586a34af-a858-433d-9bc9-af2c7ac0d2f7-waters-13",
      "relation": "of",
      "object_id": "586a34af-a858-433d-9bc9-af2c7ac0d2f7-archipelago-16-region-17"
    },
    {
      "subject_id": "586a34af-a858-433d-9bc9-af2c7ac0d2f7-concentrations-7",
      "relation": "are homogeneous in",
      "object_id": "586a34af-a858-433d-9bc9-af2c7ac0d2f7-waters-13"
    },
    {
      "subject_id": "586a34af-a858-433d-9bc9-af2c7ac0d2f7-concentrations-7",
      "relation": "are quite homogeneous Regarding",
      "object_id": "586a34af-a858-433d-9bc9-af2c7ac0d2f7-Regarding-1-nutrient-3-concentration-4"
    },
    {
      "subject_id": "586a34af-a858-433d-9bc9-af2c7ac0d2f7-region-3",
      "relation": "was characterized by",
      "object_id": "586a34af-a858-433d-9bc9-af2c7ac0d2f7-water-9"
    },
    {
      "subject_id": "586a34af-a858-433d-9bc9-af2c7ac0d2f7-water-9",
      "relation": "is",
      "object_id": "586a34af-a858-433d-9bc9-af2c7ac0d2f7-tropical-7"
    },
    {
      "subject_id": "586a34af-a858-433d-9bc9-af2c7ac0d2f7-region-3",
      "relation": "is",
      "object_id": "586a34af-a858-433d-9bc9-af2c7ac0d2f7-coastal-2"
    },
    {
      "subject_id": "586a34af-a858-433d-9bc9-af2c7ac0d2f7-water-9",
      "relation": "is",
      "object_id": "586a34af-a858-433d-9bc9-af2c7ac0d2f7-mass-8"
    }
  ],
  "links": {
    "586a34af-a858-433d-9bc9-af2c7ac0d2f7-islands-3": [],
    "586a34af-a858-433d-9bc9-af2c7ac0d2f7-interest-15": [],
    "NE-NATIONALITY-Brazilian": [],
    "586a34af-a858-433d-9bc9-af2c7ac0d2f7-environmental-8": [],
    "586a34af-a858-433d-9bc9-af2c7ac0d2f7-great-7": [],
    "586a34af-a858-433d-9bc9-af2c7ac0d2f7-oceanic-2": [],
    "586a34af-a858-433d-9bc9-af2c7ac0d2f7-areas-5": [],
    "586a34af-a858-433d-9bc9-af2c7ac0d2f7-understanding-3": [],
    "586a34af-a858-433d-9bc9-af2c7ac0d2f7-studies-14": [],
    "586a34af-a858-433d-9bc9-af2c7ac0d2f7-03-30-°-31-52-32": [],
    "586a34af-a858-433d-9bc9-af2c7ac0d2f7-processes-19": [],
    "586a34af-a858-433d-9bc9-af2c7ac0d2f7-Fernando-23-de-24-Noronha-25-archipelago-26": [],
    "586a34af-a858-433d-9bc9-af2c7ac0d2f7-better-2": [],
    "586a34af-a858-433d-9bc9-af2c7ac0d2f7-active-20": [],
    "586a34af-a858-433d-9bc9-af2c7ac0d2f7-fundamental-11": [],
    "586a34af-a858-433d-9bc9-af2c7ac0d2f7-chemical-16": [],
    "586a34af-a858-433d-9bc9-af2c7ac0d2f7-aim-2": [],
    "586a34af-a858-433d-9bc9-af2c7ac0d2f7-thermohaline-11-behavior-12": [],
    "586a34af-a858-433d-9bc9-af2c7ac0d2f7-coastal-10": [],
    "586a34af-a858-433d-9bc9-af2c7ac0d2f7-island-20": [],
    "586a34af-a858-433d-9bc9-af2c7ac0d2f7-associated-32": [],
    "586a34af-a858-433d-9bc9-af2c7ac0d2f7-nutrient-35-distribution-36-data-37": [],
    "586a34af-a858-433d-9bc9-af2c7ac0d2f7-part-17": [],
    "586a34af-a858-433d-9bc9-af2c7ac0d2f7-scale-27": [],
    "586a34af-a858-433d-9bc9-af2c7ac0d2f7-work-5": [],
    "586a34af-a858-433d-9bc9-af2c7ac0d2f7-inhabited-16": [],
    "586a34af-a858-433d-9bc9-af2c7ac0d2f7-how-29": [],
    "586a34af-a858-433d-9bc9-af2c7ac0d2f7-seasonal-24": [],
    "586a34af-a858-433d-9bc9-af2c7ac0d2f7-most-15": [],
    "586a34af-a858-433d-9bc9-af2c7ac0d2f7-data-5": [],
    "586a34af-a858-433d-9bc9-af2c7ac0d2f7-collect-7-at-8-five-9-stations-10": [],
    "586a34af-a858-433d-9bc9-af2c7ac0d2f7-period-3": [],
    "586a34af-a858-433d-9bc9-af2c7ac0d2f7-concentrations-7": [],
    "586a34af-a858-433d-9bc9-af2c7ac0d2f7-homogeneous-10": [],
    "586a34af-a858-433d-9bc9-af2c7ac0d2f7-quite-9": [],
    "586a34af-a858-433d-9bc9-af2c7ac0d2f7-seasonal-6": [],
    "586a34af-a858-433d-9bc9-af2c7ac0d2f7-Regarding-1-nutrient-3-concentration-4": [],
    "586a34af-a858-433d-9bc9-af2c7ac0d2f7-waters-13": [],
    "586a34af-a858-433d-9bc9-af2c7ac0d2f7-archipelago-16-region-17": [],
    "586a34af-a858-433d-9bc9-af2c7ac0d2f7-region-3": [],
    "586a34af-a858-433d-9bc9-af2c7ac0d2f7-water-9": [],
    "586a34af-a858-433d-9bc9-af2c7ac0d2f7-tropical-7": [],
    "586a34af-a858-433d-9bc9-af2c7ac0d2f7-coastal-2": [],
    "586a34af-a858-433d-9bc9-af2c7ac0d2f7-mass-8": []
  }
}