{
  "document": "D:/Projetos/PIRA_KG/documents/onu_33646043488.txt",
  "entities": {
    "39c4c261-18a8-4b03-aca4-45d607c671ce-oil-8-spill-9": "oil spill",
    "39c4c261-18a8-4b03-aca4-45d607c671ce-2000-5": "2000",
    "39c4c261-18a8-4b03-aca4-45d607c671ce-major-7": "major",
    "39c4c261-18a8-4b03-aca4-45d607c671ce-oil-2": "oil",
    "39c4c261-18a8-4b03-aca4-45d607c671ce-tributary-10": "tributary",
    "NE-LOCATION-Iguassu": "Iguassu",
    "NE-TITLE-River": "River",
    "NE-LOCATION-Barigüi": "Barigüi",
    "39c4c261-18a8-4b03-aca4-45d607c671ce-light-8-crude-9-oil-10-(-11-41-12-°-13-API-14-)-15": "light crude oil ( 41 ° API )",
    "39c4c261-18a8-4b03-aca4-45d607c671ce-estimated-3": "estimated",
    "39c4c261-18a8-4b03-aca4-45d607c671ce-per-6-cent-7": "per cent",
    "39c4c261-18a8-4b03-aca4-45d607c671ce-volatilized-13": "volatilized",
    "39c4c261-18a8-4b03-aca4-45d607c671ce-twenty-5": "twenty",
    "39c4c261-18a8-4b03-aca4-45d607c671ce-6-13-kilometers-14": "6 kilometers",
    "39c4c261-18a8-4b03-aca4-45d607c671ce-60-20-kilometers-21": "60 kilometers",
    "39c4c261-18a8-4b03-aca4-45d607c671ce-oil-11": "oil",
    "NE-LOCATION-Barigiii": "Barigiii",
    "39c4c261-18a8-4b03-aca4-45d607c671ce-oil-3-recovery-4-emergency-5-response-6-operation-7": "oil recovery emergency response operation",
    "39c4c261-18a8-4b03-aca4-45d607c671ce-area-15": "area",
    "39c4c261-18a8-4b03-aca4-45d607c671ce-engaged-10": "engaged",
    "39c4c261-18a8-4b03-aca4-45d607c671ce-comprehensive-2": "comprehensive",
    "39c4c261-18a8-4b03-aca4-45d607c671ce-impacted-14": "impacted",
    "39c4c261-18a8-4b03-aca4-45d607c671ce-immediately-9": "immediately",
    "39c4c261-18a8-4b03-aca4-45d607c671ce-persons-3": "persons",
    "39c4c261-18a8-4b03-aca4-45d607c671ce-peak-10": "peak",
    "39c4c261-18a8-4b03-aca4-45d607c671ce-operations-13": "operations",
    "39c4c261-18a8-4b03-aca4-45d607c671ce-clock-7": "clock",
    "39c4c261-18a8-4b03-aca4-45d607c671ce-Helicopters-1": "Helicopters",
    "39c4c261-18a8-4b03-aca4-45d607c671ce-used-23": "used",
    "39c4c261-18a8-4b03-aca4-45d607c671ce-Roads-1": "Roads",
    "39c4c261-18a8-4b03-aca4-45d607c671ce-reformed-5": "reformed",
    "39c4c261-18a8-4b03-aca4-45d607c671ce-emergency-3-response-4-effort-5": "emergency response effort",
    "39c4c261-18a8-4b03-aca4-45d607c671ce-successful-9": "successful",
    "39c4c261-18a8-4b03-aca4-45d607c671ce-overall-2": "overall",
    "39c4c261-18a8-4b03-aca4-45d607c671ce-to-7": "to",
    "39c4c261-18a8-4b03-aca4-45d607c671ce-cleaning-2": "cleaning",
    "NE-DURATION-three-months": "three months",
    "39c4c261-18a8-4b03-aca4-45d607c671ce-completed-10": "completed",
    "NE-LOCATION-Creek": "Creek",
    "NE-CITY-Saldanha": "Saldanha",
    "39c4c261-18a8-4b03-aca4-45d607c671ce-oil-40": "oil",
    "39c4c261-18a8-4b03-aca4-45d607c671ce-soil-45-profiles-46": "soil profiles",
    "39c4c261-18a8-4b03-aca4-45d607c671ce-remaining-39": "remaining",
    "39c4c261-18a8-4b03-aca4-45d607c671ce-upper-44": "upper",
    "39c4c261-18a8-4b03-aca4-45d607c671ce-superficial-27-oil-28": "superficial oil",
    "39c4c261-18a8-4b03-aca4-45d607c671ce-could-33-not-34-move-35-superficially-36": "could not move superficially",
    "39c4c261-18a8-4b03-aca4-45d607c671ce-all-26": "all",
    "39c4c261-18a8-4b03-aca4-45d607c671ce-remediation-5-techniques-6": "remediation techniques",
    "39c4c261-18a8-4b03-aca4-45d607c671ce-then-2": "then",
    "39c4c261-18a8-4b03-aca4-45d607c671ce-implemented-8": "implemented",
    "39c4c261-18a8-4b03-aca4-45d607c671ce-various-4": "various",
    "39c4c261-18a8-4b03-aca4-45d607c671ce-remediate-10": "remediate",
    "39c4c261-18a8-4b03-aca4-45d607c671ce-soil-13-surface-14-water-15": "soil surface water",
    "39c4c261-18a8-4b03-aca4-45d607c671ce-portion-3": "portion",
    "39c4c261-18a8-4b03-aca4-45d607c671ce-bioremediation-11": "bioremediation",
    "39c4c261-18a8-4b03-aca4-45d607c671ce-remediated-9": "remediated",
    "39c4c261-18a8-4b03-aca4-45d607c671ce-upper-2": "upper",
    "39c4c261-18a8-4b03-aca4-45d607c671ce-soil-7": "soil",
    "39c4c261-18a8-4b03-aca4-45d607c671ce-mechanical-9-agricultural-10-equipment-11": "mechanical agricultural equipment",
    "39c4c261-18a8-4b03-aca4-45d607c671ce-Nutrients-1": "Nutrients",
    "39c4c261-18a8-4b03-aca4-45d607c671ce-can-5-added-7": "can added",
    "39c4c261-18a8-4b03-aca4-45d607c671ce-soil-4": "soil",
    "39c4c261-18a8-4b03-aca4-45d607c671ce-microorganisms-8": "microorganisms",
    "39c4c261-18a8-4b03-aca4-45d607c671ce-landfarming-12-cells-14": "landfarming cells",
    "39c4c261-18a8-4b03-aca4-45d607c671ce-bioaugmented-6": "bioaugmented",
    "39c4c261-18a8-4b03-aca4-45d607c671ce-cases-3": "cases",
    "39c4c261-18a8-4b03-aca4-45d607c671ce-refinery-17": "refinery",
    "39c4c261-18a8-4b03-aca4-45d607c671ce-technique-2": "technique",
    "39c4c261-18a8-4b03-aca4-45d607c671ce-variant-5": "variant",
    "39c4c261-18a8-4b03-aca4-45d607c671ce-landfarming-8-technique-9": "landfarming technique",
    "39c4c261-18a8-4b03-aca4-45d607c671ce-efficient-8": "efficient",
    "39c4c261-18a8-4b03-aca4-45d607c671ce-Such-1": "Such",
    "39c4c261-18a8-4b03-aca4-45d607c671ce-traditional-10": "traditional",
    "39c4c261-18a8-4b03-aca4-45d607c671ce-to-5": "to",
    "39c4c261-18a8-4b03-aca4-45d607c671ce-landfarming-11": "landfarming",
    "39c4c261-18a8-4b03-aca4-45d607c671ce-more-7": "more",
    "39c4c261-18a8-4b03-aca4-45d607c671ce-Soils-1": "Soils",
    "39c4c261-18a8-4b03-aca4-45d607c671ce-are-5-recovered-7": "are recovered",
    "39c4c261-18a8-4b03-aca4-45d607c671ce-oil-12": "oil",
    "39c4c261-18a8-4b03-aca4-45d607c671ce-recovery-18-trenches-19": "recovery trenches",
    "39c4c261-18a8-4b03-aca4-45d607c671ce-Water-1": "Water",
    "39c4c261-18a8-4b03-aca4-45d607c671ce-free-9": "free",
    "39c4c261-18a8-4b03-aca4-45d607c671ce-injection-5-trench-6": "injection trench",
    "39c4c261-18a8-4b03-aca4-45d607c671ce-largest-2": "largest",
    "39c4c261-18a8-4b03-aca4-45d607c671ce-treatment-9-wetland-10": "treatment wetland",
    "39c4c261-18a8-4b03-aca4-45d607c671ce-contaminated-3": "contaminated",
    "39c4c261-18a8-4b03-aca4-45d607c671ce-transformed-6": "transformed"
  },
  "graph": [
    {
      "subject_id": "39c4c261-18a8-4b03-aca4-45d607c671ce-oil-8-spill-9",
      "relation": "occurred at_time",
      "object_id": "39c4c261-18a8-4b03-aca4-45d607c671ce-2000-5"
    },
    {
      "subject_id": "39c4c261-18a8-4b03-aca4-45d607c671ce-oil-8-spill-9",
      "relation": "is",
      "object_id": "39c4c261-18a8-4b03-aca4-45d607c671ce-major-7"
    },
    {
      "subject_id": "39c4c261-18a8-4b03-aca4-45d607c671ce-oil-2",
      "relation": "discharged",
      "object_id": "39c4c261-18a8-4b03-aca4-45d607c671ce-tributary-10"
    },
    {
      "subject_id": "39c4c261-18a8-4b03-aca4-45d607c671ce-tributary-10",
      "relation": "of",
      "object_id": "NE-LOCATION-Iguassu"
    },
    {
      "subject_id": "39c4c261-18a8-4b03-aca4-45d607c671ce-tributary-10",
      "relation": "of",
      "object_id": "NE-TITLE-River"
    },
    {
      "subject_id": "39c4c261-18a8-4b03-aca4-45d607c671ce-oil-2",
      "relation": "discharged tributary into",
      "object_id": "NE-TITLE-River"
    },
    {
      "subject_id": "NE-TITLE-River",
      "relation": "of",
      "object_id": "NE-LOCATION-Barigüi"
    },
    {
      "subject_id": "39c4c261-18a8-4b03-aca4-45d607c671ce-light-8-crude-9-oil-10-(-11-41-12-°-13-API-14-)-15",
      "relation": "has",
      "object_id": "39c4c261-18a8-4b03-aca4-45d607c671ce-estimated-3"
    },
    {
      "subject_id": "39c4c261-18a8-4b03-aca4-45d607c671ce-per-6-cent-7",
      "relation": "spilled",
      "object_id": "39c4c261-18a8-4b03-aca4-45d607c671ce-volatilized-13"
    },
    {
      "subject_id": "39c4c261-18a8-4b03-aca4-45d607c671ce-per-6-cent-7",
      "relation": "amount to",
      "object_id": "39c4c261-18a8-4b03-aca4-45d607c671ce-twenty-5"
    },
    {
      "subject_id": "39c4c261-18a8-4b03-aca4-45d607c671ce-6-13-kilometers-14",
      "relation": "oil",
      "object_id": "39c4c261-18a8-4b03-aca4-45d607c671ce-60-20-kilometers-21"
    },
    {
      "subject_id": "39c4c261-18a8-4b03-aca4-45d607c671ce-60-20-kilometers-21",
      "relation": "of",
      "object_id": "NE-LOCATION-Iguassu"
    },
    {
      "subject_id": "39c4c261-18a8-4b03-aca4-45d607c671ce-60-20-kilometers-21",
      "relation": "of",
      "object_id": "NE-TITLE-River"
    },
    {
      "subject_id": "39c4c261-18a8-4b03-aca4-45d607c671ce-oil-11",
      "relation": "contaminated",
      "object_id": "39c4c261-18a8-4b03-aca4-45d607c671ce-6-13-kilometers-14"
    },
    {
      "subject_id": "39c4c261-18a8-4b03-aca4-45d607c671ce-6-13-kilometers-14",
      "relation": "of",
      "object_id": "NE-LOCATION-Barigiii"
    },
    {
      "subject_id": "39c4c261-18a8-4b03-aca4-45d607c671ce-6-13-kilometers-14",
      "relation": "of",
      "object_id": "NE-TITLE-River"
    },
    {
      "subject_id": "39c4c261-18a8-4b03-aca4-45d607c671ce-oil-3-recovery-4-emergency-5-response-6-operation-7",
      "relation": "clean",
      "object_id": "39c4c261-18a8-4b03-aca4-45d607c671ce-area-15"
    },
    {
      "subject_id": "39c4c261-18a8-4b03-aca4-45d607c671ce-oil-3-recovery-4-emergency-5-response-6-operation-7",
      "relation": "was",
      "object_id": "39c4c261-18a8-4b03-aca4-45d607c671ce-engaged-10"
    },
    {
      "subject_id": "39c4c261-18a8-4b03-aca4-45d607c671ce-oil-3-recovery-4-emergency-5-response-6-operation-7",
      "relation": "is",
      "object_id": "39c4c261-18a8-4b03-aca4-45d607c671ce-comprehensive-2"
    },
    {
      "subject_id": "39c4c261-18a8-4b03-aca4-45d607c671ce-area-15",
      "relation": "is",
      "object_id": "39c4c261-18a8-4b03-aca4-45d607c671ce-impacted-14"
    },
    {
      "subject_id": "39c4c261-18a8-4b03-aca4-45d607c671ce-engaged-10",
      "relation": "at",
      "object_id": "39c4c261-18a8-4b03-aca4-45d607c671ce-immediately-9"
    },
    {
      "subject_id": "39c4c261-18a8-4b03-aca4-45d607c671ce-persons-3",
      "relation": "worked during",
      "object_id": "39c4c261-18a8-4b03-aca4-45d607c671ce-peak-10"
    },
    {
      "subject_id": "39c4c261-18a8-4b03-aca4-45d607c671ce-peak-10",
      "relation": "of",
      "object_id": "39c4c261-18a8-4b03-aca4-45d607c671ce-operations-13"
    },
    {
      "subject_id": "39c4c261-18a8-4b03-aca4-45d607c671ce-persons-3",
      "relation": "worked around",
      "object_id": "39c4c261-18a8-4b03-aca4-45d607c671ce-clock-7"
    },
    {
      "subject_id": "39c4c261-18a8-4b03-aca4-45d607c671ce-Helicopters-1",
      "relation": "were",
      "object_id": "39c4c261-18a8-4b03-aca4-45d607c671ce-used-23"
    },
    {
      "subject_id": "39c4c261-18a8-4b03-aca4-45d607c671ce-Roads-1",
      "relation": "were",
      "object_id": "39c4c261-18a8-4b03-aca4-45d607c671ce-reformed-5"
    },
    {
      "subject_id": "39c4c261-18a8-4b03-aca4-45d607c671ce-emergency-3-response-4-effort-5",
      "relation": "proved",
      "object_id": "39c4c261-18a8-4b03-aca4-45d607c671ce-successful-9"
    },
    {
      "subject_id": "39c4c261-18a8-4b03-aca4-45d607c671ce-emergency-3-response-4-effort-5",
      "relation": "is",
      "object_id": "39c4c261-18a8-4b03-aca4-45d607c671ce-overall-2"
    },
    {
      "subject_id": "39c4c261-18a8-4b03-aca4-45d607c671ce-successful-9",
      "relation": "mark",
      "object_id": "39c4c261-18a8-4b03-aca4-45d607c671ce-to-7"
    },
    {
      "subject_id": "39c4c261-18a8-4b03-aca4-45d607c671ce-cleaning-2",
      "relation": "was completed in",
      "object_id": "NE-DURATION-three-months"
    },
    {
      "subject_id": "39c4c261-18a8-4b03-aca4-45d607c671ce-cleaning-2",
      "relation": "was",
      "object_id": "39c4c261-18a8-4b03-aca4-45d607c671ce-completed-10"
    },
    {
      "subject_id": "NE-LOCATION-Creek",
      "relation": "is",
      "object_id": "NE-CITY-Saldanha"
    },
    {
      "subject_id": "39c4c261-18a8-4b03-aca4-45d607c671ce-oil-40",
      "relation": "impregnated in",
      "object_id": "39c4c261-18a8-4b03-aca4-45d607c671ce-soil-45-profiles-46"
    },
    {
      "subject_id": "39c4c261-18a8-4b03-aca4-45d607c671ce-oil-40",
      "relation": "is",
      "object_id": "39c4c261-18a8-4b03-aca4-45d607c671ce-remaining-39"
    },
    {
      "subject_id": "39c4c261-18a8-4b03-aca4-45d607c671ce-soil-45-profiles-46",
      "relation": "is",
      "object_id": "39c4c261-18a8-4b03-aca4-45d607c671ce-upper-44"
    },
    {
      "subject_id": "39c4c261-18a8-4b03-aca4-45d607c671ce-superficial-27-oil-28",
      "relation": "was removed",
      "object_id": "39c4c261-18a8-4b03-aca4-45d607c671ce-could-33-not-34-move-35-superficially-36"
    },
    {
      "subject_id": "39c4c261-18a8-4b03-aca4-45d607c671ce-could-33-not-34-move-35-superficially-36",
      "relation": "is",
      "object_id": "39c4c261-18a8-4b03-aca4-45d607c671ce-superficial-27-oil-28"
    },
    {
      "subject_id": "39c4c261-18a8-4b03-aca4-45d607c671ce-could-33-not-34-move-35-superficially-36",
      "relation": "of",
      "object_id": "39c4c261-18a8-4b03-aca4-45d607c671ce-all-26"
    },
    {
      "subject_id": "39c4c261-18a8-4b03-aca4-45d607c671ce-remediation-5-techniques-6",
      "relation": "were implemented Since",
      "object_id": "39c4c261-18a8-4b03-aca4-45d607c671ce-then-2"
    },
    {
      "subject_id": "39c4c261-18a8-4b03-aca4-45d607c671ce-remediation-5-techniques-6",
      "relation": "were",
      "object_id": "39c4c261-18a8-4b03-aca4-45d607c671ce-implemented-8"
    },
    {
      "subject_id": "39c4c261-18a8-4b03-aca4-45d607c671ce-remediation-5-techniques-6",
      "relation": "is",
      "object_id": "39c4c261-18a8-4b03-aca4-45d607c671ce-various-4"
    },
    {
      "subject_id": "39c4c261-18a8-4b03-aca4-45d607c671ce-remediation-5-techniques-6",
      "relation": "were implemented to",
      "object_id": "39c4c261-18a8-4b03-aca4-45d607c671ce-remediate-10"
    },
    {
      "subject_id": "39c4c261-18a8-4b03-aca4-45d607c671ce-remediation-5-techniques-6",
      "relation": "were implemented to",
      "object_id": "39c4c261-18a8-4b03-aca4-45d607c671ce-soil-13-surface-14-water-15"
    },
    {
      "subject_id": "39c4c261-18a8-4b03-aca4-45d607c671ce-portion-3",
      "relation": "is remediated with",
      "object_id": "39c4c261-18a8-4b03-aca4-45d607c671ce-bioremediation-11"
    },
    {
      "subject_id": "39c4c261-18a8-4b03-aca4-45d607c671ce-portion-3",
      "relation": "is",
      "object_id": "39c4c261-18a8-4b03-aca4-45d607c671ce-remediated-9"
    },
    {
      "subject_id": "39c4c261-18a8-4b03-aca4-45d607c671ce-portion-3",
      "relation": "is",
      "object_id": "39c4c261-18a8-4b03-aca4-45d607c671ce-upper-2"
    },
    {
      "subject_id": "39c4c261-18a8-4b03-aca4-45d607c671ce-soil-7",
      "relation": "is with",
      "object_id": "39c4c261-18a8-4b03-aca4-45d607c671ce-mechanical-9-agricultural-10-equipment-11"
    },
    {
      "subject_id": "39c4c261-18a8-4b03-aca4-45d607c671ce-Nutrients-1",
      "relation": "can",
      "object_id": "39c4c261-18a8-4b03-aca4-45d607c671ce-can-5-added-7"
    },
    {
      "subject_id": "39c4c261-18a8-4b03-aca4-45d607c671ce-soil-4",
      "relation": "are bioaugmented with",
      "object_id": "39c4c261-18a8-4b03-aca4-45d607c671ce-microorganisms-8"
    },
    {
      "subject_id": "39c4c261-18a8-4b03-aca4-45d607c671ce-microorganisms-8",
      "relation": "of",
      "object_id": "39c4c261-18a8-4b03-aca4-45d607c671ce-landfarming-12-cells-14"
    },
    {
      "subject_id": "39c4c261-18a8-4b03-aca4-45d607c671ce-soil-4",
      "relation": "are",
      "object_id": "39c4c261-18a8-4b03-aca4-45d607c671ce-bioaugmented-6"
    },
    {
      "subject_id": "39c4c261-18a8-4b03-aca4-45d607c671ce-bioaugmented-6",
      "relation": "at",
      "object_id": "39c4c261-18a8-4b03-aca4-45d607c671ce-microorganisms-8"
    },
    {
      "subject_id": "39c4c261-18a8-4b03-aca4-45d607c671ce-soil-4",
      "relation": "are bioaugmented In",
      "object_id": "39c4c261-18a8-4b03-aca4-45d607c671ce-cases-3"
    },
    {
      "subject_id": "39c4c261-18a8-4b03-aca4-45d607c671ce-microorganisms-8",
      "relation": "of",
      "object_id": "39c4c261-18a8-4b03-aca4-45d607c671ce-refinery-17"
    },
    {
      "subject_id": "39c4c261-18a8-4b03-aca4-45d607c671ce-bioaugmented-6",
      "relation": "at",
      "object_id": "39c4c261-18a8-4b03-aca4-45d607c671ce-cases-3"
    },
    {
      "subject_id": "39c4c261-18a8-4b03-aca4-45d607c671ce-technique-2",
      "relation": "is",
      "object_id": "39c4c261-18a8-4b03-aca4-45d607c671ce-variant-5"
    },
    {
      "subject_id": "39c4c261-18a8-4b03-aca4-45d607c671ce-technique-2",
      "relation": "is variant of",
      "object_id": "39c4c261-18a8-4b03-aca4-45d607c671ce-landfarming-8-technique-9"
    },
    {
      "subject_id": "39c4c261-18a8-4b03-aca4-45d607c671ce-technique-2",
      "relation": "has proven",
      "object_id": "39c4c261-18a8-4b03-aca4-45d607c671ce-efficient-8"
    },
    {
      "subject_id": "39c4c261-18a8-4b03-aca4-45d607c671ce-technique-2",
      "relation": "is",
      "object_id": "39c4c261-18a8-4b03-aca4-45d607c671ce-Such-1"
    },
    {
      "subject_id": "39c4c261-18a8-4b03-aca4-45d607c671ce-efficient-8",
      "relation": "is",
      "object_id": "39c4c261-18a8-4b03-aca4-45d607c671ce-traditional-10"
    },
    {
      "subject_id": "39c4c261-18a8-4b03-aca4-45d607c671ce-efficient-8",
      "relation": "mark",
      "object_id": "39c4c261-18a8-4b03-aca4-45d607c671ce-to-5"
    },
    {
      "subject_id": "39c4c261-18a8-4b03-aca4-45d607c671ce-efficient-8",
      "relation": "at",
      "object_id": "39c4c261-18a8-4b03-aca4-45d607c671ce-landfarming-11"
    },
    {
      "subject_id": "39c4c261-18a8-4b03-aca4-45d607c671ce-efficient-8",
      "relation": "at",
      "object_id": "39c4c261-18a8-4b03-aca4-45d607c671ce-more-7"
    },
    {
      "subject_id": "39c4c261-18a8-4b03-aca4-45d607c671ce-Soils-1",
      "relation": "are",
      "object_id": "39c4c261-18a8-4b03-aca4-45d607c671ce-are-5-recovered-7"
    },
    {
      "subject_id": "39c4c261-18a8-4b03-aca4-45d607c671ce-oil-12",
      "relation": "move to",
      "object_id": "39c4c261-18a8-4b03-aca4-45d607c671ce-recovery-18-trenches-19"
    },
    {
      "subject_id": "39c4c261-18a8-4b03-aca4-45d607c671ce-Water-1",
      "relation": "forces",
      "object_id": "39c4c261-18a8-4b03-aca4-45d607c671ce-oil-12"
    },
    {
      "subject_id": "39c4c261-18a8-4b03-aca4-45d607c671ce-oil-12",
      "relation": "is",
      "object_id": "39c4c261-18a8-4b03-aca4-45d607c671ce-free-9"
    },
    {
      "subject_id": "39c4c261-18a8-4b03-aca4-45d607c671ce-oil-12",
      "relation": "move laterally to",
      "object_id": "39c4c261-18a8-4b03-aca4-45d607c671ce-recovery-18-trenches-19"
    },
    {
      "subject_id": "39c4c261-18a8-4b03-aca4-45d607c671ce-Water-1",
      "relation": "injected in",
      "object_id": "39c4c261-18a8-4b03-aca4-45d607c671ce-injection-5-trench-6"
    },
    {
      "subject_id": "39c4c261-18a8-4b03-aca4-45d607c671ce-largest-2",
      "relation": "was transformed in",
      "object_id": "39c4c261-18a8-4b03-aca4-45d607c671ce-treatment-9-wetland-10"
    },
    {
      "subject_id": "39c4c261-18a8-4b03-aca4-45d607c671ce-largest-2",
      "relation": "is",
      "object_id": "39c4c261-18a8-4b03-aca4-45d607c671ce-contaminated-3"
    },
    {
      "subject_id": "39c4c261-18a8-4b03-aca4-45d607c671ce-largest-2",
      "relation": "was",
      "object_id": "39c4c261-18a8-4b03-aca4-45d607c671ce-transformed-6"
    }
  ],
  "links": {
    "39c4c261-18a8-4b03-aca4-45d607c671ce-oil-8-spill-9": [],
    "39c4c261-18a8-4b03-aca4-45d607c671ce-2000-5": [],
    "39c4c261-18a8-4b03-aca4-45d607c671ce-major-7": [],
    "39c4c261-18a8-4b03-aca4-45d607c671ce-oil-2": [],
    "39c4c261-18a8-4b03-aca4-45d607c671ce-tributary-10": [],
    "NE-LOCATION-Iguassu": [],
    "NE-TITLE-River": [],
    "NE-LOCATION-Barigüi": [],
    "39c4c261-18a8-4b03-aca4-45d607c671ce-light-8-crude-9-oil-10-(-11-41-12-°-13-API-14-)-15": [],
    "39c4c261-18a8-4b03-aca4-45d607c671ce-estimated-3": [],
    "39c4c261-18a8-4b03-aca4-45d607c671ce-per-6-cent-7": [],
    "39c4c261-18a8-4b03-aca4-45d607c671ce-volatilized-13": [],
    "39c4c261-18a8-4b03-aca4-45d607c671ce-twenty-5": [],
    "39c4c261-18a8-4b03-aca4-45d607c671ce-6-13-kilometers-14": [],
    "39c4c261-18a8-4b03-aca4-45d607c671ce-60-20-kilometers-21": [],
    "39c4c261-18a8-4b03-aca4-45d607c671ce-oil-11": [],
    "NE-LOCATION-Barigiii": [],
    "39c4c261-18a8-4b03-aca4-45d607c671ce-oil-3-recovery-4-emergency-5-response-6-operation-7": [],
    "39c4c261-18a8-4b03-aca4-45d607c671ce-area-15": [],
    "39c4c261-18a8-4b03-aca4-45d607c671ce-engaged-10": [],
    "39c4c261-18a8-4b03-aca4-45d607c671ce-comprehensive-2": [],
    "39c4c261-18a8-4b03-aca4-45d607c671ce-impacted-14": [],
    "39c4c261-18a8-4b03-aca4-45d607c671ce-immediately-9": [],
    "39c4c261-18a8-4b03-aca4-45d607c671ce-persons-3": [],
    "39c4c261-18a8-4b03-aca4-45d607c671ce-peak-10": [],
    "39c4c261-18a8-4b03-aca4-45d607c671ce-operations-13": [],
    "39c4c261-18a8-4b03-aca4-45d607c671ce-clock-7": [],
    "39c4c261-18a8-4b03-aca4-45d607c671ce-Helicopters-1": [],
    "39c4c261-18a8-4b03-aca4-45d607c671ce-used-23": [],
    "39c4c261-18a8-4b03-aca4-45d607c671ce-Roads-1": [],
    "39c4c261-18a8-4b03-aca4-45d607c671ce-reformed-5": [],
    "39c4c261-18a8-4b03-aca4-45d607c671ce-emergency-3-response-4-effort-5": [],
    "39c4c261-18a8-4b03-aca4-45d607c671ce-successful-9": [],
    "39c4c261-18a8-4b03-aca4-45d607c671ce-overall-2": [],
    "39c4c261-18a8-4b03-aca4-45d607c671ce-to-7": [
      "39c4c261-18a8-4b03-aca4-45d607c671ce-to-5"
    ],
    "39c4c261-18a8-4b03-aca4-45d607c671ce-cleaning-2": [],
    "NE-DURATION-three-months": [],
    "39c4c261-18a8-4b03-aca4-45d607c671ce-completed-10": [],
    "NE-LOCATION-Creek": [],
    "NE-CITY-Saldanha": [],
    "39c4c261-18a8-4b03-aca4-45d607c671ce-oil-40": [],
    "39c4c261-18a8-4b03-aca4-45d607c671ce-soil-45-profiles-46": [],
    "39c4c261-18a8-4b03-aca4-45d607c671ce-remaining-39": [],
    "39c4c261-18a8-4b03-aca4-45d607c671ce-upper-44": [],
    "39c4c261-18a8-4b03-aca4-45d607c671ce-superficial-27-oil-28": [],
    "39c4c261-18a8-4b03-aca4-45d607c671ce-could-33-not-34-move-35-superficially-36": [],
    "39c4c261-18a8-4b03-aca4-45d607c671ce-all-26": [],
    "39c4c261-18a8-4b03-aca4-45d607c671ce-remediation-5-techniques-6": [],
    "39c4c261-18a8-4b03-aca4-45d607c671ce-then-2": [],
    "39c4c261-18a8-4b03-aca4-45d607c671ce-implemented-8": [],
    "39c4c261-18a8-4b03-aca4-45d607c671ce-various-4": [],
    "39c4c261-18a8-4b03-aca4-45d607c671ce-remediate-10": [],
    "39c4c261-18a8-4b03-aca4-45d607c671ce-soil-13-surface-14-water-15": [],
    "39c4c261-18a8-4b03-aca4-45d607c671ce-portion-3": [],
    "39c4c261-18a8-4b03-aca4-45d607c671ce-bioremediation-11": [],
    "39c4c261-18a8-4b03-aca4-45d607c671ce-remediated-9": [],
    "39c4c261-18a8-4b03-aca4-45d607c671ce-upper-2": [],
    "39c4c261-18a8-4b03-aca4-45d607c671ce-soil-7": [],
    "39c4c261-18a8-4b03-aca4-45d607c671ce-mechanical-9-agricultural-10-equipment-11": [],
    "39c4c261-18a8-4b03-aca4-45d607c671ce-Nutrients-1": [],
    "39c4c261-18a8-4b03-aca4-45d607c671ce-can-5-added-7": [],
    "39c4c261-18a8-4b03-aca4-45d607c671ce-soil-4": [],
    "39c4c261-18a8-4b03-aca4-45d607c671ce-microorganisms-8": [],
    "39c4c261-18a8-4b03-aca4-45d607c671ce-landfarming-12-cells-14": [],
    "39c4c261-18a8-4b03-aca4-45d607c671ce-bioaugmented-6": [],
    "39c4c261-18a8-4b03-aca4-45d607c671ce-cases-3": [],
    "39c4c261-18a8-4b03-aca4-45d607c671ce-refinery-17": [],
    "39c4c261-18a8-4b03-aca4-45d607c671ce-technique-2": [],
    "39c4c261-18a8-4b03-aca4-45d607c671ce-variant-5": [],
    "39c4c261-18a8-4b03-aca4-45d607c671ce-landfarming-8-technique-9": [],
    "39c4c261-18a8-4b03-aca4-45d607c671ce-efficient-8": [],
    "39c4c261-18a8-4b03-aca4-45d607c671ce-Such-1": [],
    "39c4c261-18a8-4b03-aca4-45d607c671ce-traditional-10": [],
    "39c4c261-18a8-4b03-aca4-45d607c671ce-to-5": [
      "39c4c261-18a8-4b03-aca4-45d607c671ce-to-7"
    ],
    "39c4c261-18a8-4b03-aca4-45d607c671ce-landfarming-11": [],
    "39c4c261-18a8-4b03-aca4-45d607c671ce-more-7": [],
    "39c4c261-18a8-4b03-aca4-45d607c671ce-Soils-1": [],
    "39c4c261-18a8-4b03-aca4-45d607c671ce-are-5-recovered-7": [],
    "39c4c261-18a8-4b03-aca4-45d607c671ce-oil-12": [],
    "39c4c261-18a8-4b03-aca4-45d607c671ce-recovery-18-trenches-19": [],
    "39c4c261-18a8-4b03-aca4-45d607c671ce-Water-1": [],
    "39c4c261-18a8-4b03-aca4-45d607c671ce-free-9": [],
    "39c4c261-18a8-4b03-aca4-45d607c671ce-injection-5-trench-6": [],
    "39c4c261-18a8-4b03-aca4-45d607c671ce-largest-2": [],
    "39c4c261-18a8-4b03-aca4-45d607c671ce-treatment-9-wetland-10": [],
    "39c4c261-18a8-4b03-aca4-45d607c671ce-contaminated-3": [],
    "39c4c261-18a8-4b03-aca4-45d607c671ce-transformed-6": []
  }
}