{
  "document": "D:/Projetos/PIRA_KG/documents/onu_85075951728.txt",
  "entities": {
    "ddb3c75a-c68b-4ad3-8673-4c7520fc72ba-Bank-4": "Bank",
    "ddb3c75a-c68b-4ad3-8673-4c7520fc72ba-sand-11-accumulation-12": "sand accumulation",
    "ddb3c75a-c68b-4ad3-8673-4c7520fc72ba-Santo-2-Antônio-3": "Santo Antônio",
    "ddb3c75a-c68b-4ad3-8673-4c7520fc72ba-inner-15": "inner",
    "NE-LOCATION-City": "City",
    "NE-CITY-Salvador": "Salvador",
    "ddb3c75a-c68b-4ad3-8673-4c7520fc72ba-continental-16": "continental",
    "ddb3c75a-c68b-4ad3-8673-4c7520fc72ba-large-10": "large",
    "ddb3c75a-c68b-4ad3-8673-4c7520fc72ba-shelf-17": "shelf",
    "ddb3c75a-c68b-4ad3-8673-4c7520fc72ba-chroniclers-6": "chroniclers",
    "ddb3c75a-c68b-4ad3-8673-4c7520fc72ba-hazard-13": "hazard",
    "ddb3c75a-c68b-4ad3-8673-4c7520fc72ba-navigational-12": "navigational",
    "ddb3c75a-c68b-4ad3-8673-4c7520fc72ba-century-4": "century",
    "ddb3c75a-c68b-4ad3-8673-4c7520fc72ba-sixteenth-3": "sixteenth",
    "ddb3c75a-c68b-4ad3-8673-4c7520fc72ba-feature-9": "feature",
    "ddb3c75a-c68b-4ad3-8673-4c7520fc72ba-studies-2": "studies",
    "ddb3c75a-c68b-4ad3-8673-4c7520fc72ba-determine-6": "determine",
    "ddb3c75a-c68b-4ad3-8673-4c7520fc72ba-to-5": "to",
    "ddb3c75a-c68b-4ad3-8673-4c7520fc72ba-Previous-1": "Previous",
    "ddb3c75a-c68b-4ad3-8673-4c7520fc72ba-origin-8": "origin",
    "ddb3c75a-c68b-4ad3-8673-4c7520fc72ba-success-18": "success",
    "ddb3c75a-c68b-4ad3-8673-4c7520fc72ba-volume-10": "volume",
    "ddb3c75a-c68b-4ad3-8673-4c7520fc72ba-sands-12": "sands",
    "ddb3c75a-c68b-4ad3-8673-4c7520fc72ba-feature-16": "feature",
    "ddb3c75a-c68b-4ad3-8673-4c7520fc72ba-resolution-8-surveys-11": "resolution surveys",
    "ddb3c75a-c68b-4ad3-8673-4c7520fc72ba-architecture-17": "architecture",
    "ddb3c75a-c68b-4ad3-8673-4c7520fc72ba-shallow-9": "shallow",
    "ddb3c75a-c68b-4ad3-8673-4c7520fc72ba-study-4": "study",
    "ddb3c75a-c68b-4ad3-8673-4c7520fc72ba-high-6": "high",
    "ddb3c75a-c68b-4ad3-8673-4c7520fc72ba-seismic-10": "seismic",
    "NE-DATE-present": "present",
    "ddb3c75a-c68b-4ad3-8673-4c7520fc72ba-used-13": "used",
    "ddb3c75a-c68b-4ad3-8673-4c7520fc72ba-major-2-stratigraphic-3-units-4": "major stratigraphic units",
    "ddb3c75a-c68b-4ad3-8673-4c7520fc72ba-unit-13": "unit",
    "ddb3c75a-c68b-4ad3-8673-4c7520fc72ba-Three-1": "Three",
    "ddb3c75a-c68b-4ad3-8673-4c7520fc72ba-transgressive-12": "transgressive",
    "ddb3c75a-c68b-4ad3-8673-4c7520fc72ba-bedrock-9": "bedrock",
    "ddb3c75a-c68b-4ad3-8673-4c7520fc72ba-highstand-17-unit-18": "highstand unit",
    "ddb3c75a-c68b-4ad3-8673-4c7520fc72ba-bedrock-2": "bedrock",
    "ddb3c75a-c68b-4ad3-8673-4c7520fc72ba-rocks-5": "rocks",
    "NE-LOCATION-Sedimentary-Basin": "Sedimentary Basin",
    "NE-LOCATION-Northern": "Northern",
    "NE-CITY-Camamu": "Camamu",
    "ddb3c75a-c68b-4ad3-8673-4c7520fc72ba-sedimentary-4": "sedimentary",
    "ddb3c75a-c68b-4ad3-8673-4c7520fc72ba-unit-3": "unit",
    "ddb3c75a-c68b-4ad3-8673-4c7520fc72ba-result-8": "result",
    "ddb3c75a-c68b-4ad3-8673-4c7520fc72ba-transgressive-2": "transgressive",
    "ddb3c75a-c68b-4ad3-8673-4c7520fc72ba-estuarine-13": "estuarine",
    "ddb3c75a-c68b-4ad3-8673-4c7520fc72ba-environment-14": "environment",
    "ddb3c75a-c68b-4ad3-8673-4c7520fc72ba-deposition-10": "deposition",
    "ddb3c75a-c68b-4ad3-8673-4c7520fc72ba-estuarine-13-environment-14-infilling-15": "estuarine environment infilling",
    "ddb3c75a-c68b-4ad3-8673-4c7520fc72ba-interpreted-5": "interpreted",
    "ddb3c75a-c68b-4ad3-8673-4c7520fc72ba-highstand-2-unit-3": "highstand unit",
    "NE-ORGANIZATION-SAB": "SAB",
    "ddb3c75a-c68b-4ad3-8673-4c7520fc72ba-transgressive-12-unit-13": "transgressive unit",
    "ddb3c75a-c68b-4ad3-8673-4c7520fc72ba-proto-5-bank-7": "proto bank",
    "ddb3c75a-c68b-4ad3-8673-4c7520fc72ba-core-11": "core",
    "ddb3c75a-c68b-4ad3-8673-4c7520fc72ba-preserved-4": "preserved",
    "ddb3c75a-c68b-4ad3-8673-4c7520fc72ba-proto-2-bank-4": "proto bank",
    "ddb3c75a-c68b-4ad3-8673-4c7520fc72ba-8.2-11-ka-13-event-14": "8.2 ka event",
    "ddb3c75a-c68b-4ad3-8673-4c7520fc72ba-possibly-8": "possibly",
    "ddb3c75a-c68b-4ad3-8673-4c7520fc72ba-place-7": "place",
    "ddb3c75a-c68b-4ad3-8673-4c7520fc72ba-bank-12": "bank",
    "ddb3c75a-c68b-4ad3-8673-4c7520fc72ba-maturity-15-phase-16": "maturity phase",
    "ddb3c75a-c68b-4ad3-8673-4c7520fc72ba-development-18": "development",
    "ddb3c75a-c68b-4ad3-8673-4c7520fc72ba-volume-2": "volume",
    "ddb3c75a-c68b-4ad3-8673-4c7520fc72ba-beaches-16": "beaches",
    "ddb3c75a-c68b-4ad3-8673-4c7520fc72ba-urban-15": "urban",
    "ddb3c75a-c68b-4ad3-8673-4c7520fc72ba-source-7": "source",
    "ddb3c75a-c68b-4ad3-8673-4c7520fc72ba-sands-9": "sands",
    "ddb3c75a-c68b-4ad3-8673-4c7520fc72ba-city-19": "city",
    "ddb3c75a-c68b-4ad3-8673-4c7520fc72ba-beach-11-nourishment-12": "beach nourishment",
    "ddb3c75a-c68b-4ad3-8673-4c7520fc72ba-major-6": "major",
    "ddb3c75a-c68b-4ad3-8673-4c7520fc72ba-potentially-4": "potentially"
  },
  "graph": [
    {
      "subject_id": "ddb3c75a-c68b-4ad3-8673-4c7520fc72ba-Bank-4",
      "relation": "is",
      "object_id": "ddb3c75a-c68b-4ad3-8673-4c7520fc72ba-sand-11-accumulation-12"
    },
    {
      "subject_id": "ddb3c75a-c68b-4ad3-8673-4c7520fc72ba-Bank-4",
      "relation": "of",
      "object_id": "ddb3c75a-c68b-4ad3-8673-4c7520fc72ba-Santo-2-Antônio-3"
    },
    {
      "subject_id": "ddb3c75a-c68b-4ad3-8673-4c7520fc72ba-sand-11-accumulation-12",
      "relation": "is",
      "object_id": "ddb3c75a-c68b-4ad3-8673-4c7520fc72ba-inner-15"
    },
    {
      "subject_id": "NE-LOCATION-City",
      "relation": "is of",
      "object_id": "NE-CITY-Salvador"
    },
    {
      "subject_id": "ddb3c75a-c68b-4ad3-8673-4c7520fc72ba-sand-11-accumulation-12",
      "relation": "is",
      "object_id": "ddb3c75a-c68b-4ad3-8673-4c7520fc72ba-continental-16"
    },
    {
      "subject_id": "ddb3c75a-c68b-4ad3-8673-4c7520fc72ba-sand-11-accumulation-12",
      "relation": "is",
      "object_id": "ddb3c75a-c68b-4ad3-8673-4c7520fc72ba-large-10"
    },
    {
      "subject_id": "ddb3c75a-c68b-4ad3-8673-4c7520fc72ba-sand-11-accumulation-12",
      "relation": "of",
      "object_id": "ddb3c75a-c68b-4ad3-8673-4c7520fc72ba-shelf-17"
    },
    {
      "subject_id": "ddb3c75a-c68b-4ad3-8673-4c7520fc72ba-Bank-4",
      "relation": "is large",
      "object_id": "ddb3c75a-c68b-4ad3-8673-4c7520fc72ba-shelf-17"
    },
    {
      "subject_id": "ddb3c75a-c68b-4ad3-8673-4c7520fc72ba-sand-11-accumulation-12",
      "relation": "of",
      "object_id": "NE-LOCATION-City"
    },
    {
      "subject_id": "ddb3c75a-c68b-4ad3-8673-4c7520fc72ba-sand-11-accumulation-12",
      "relation": "of",
      "object_id": "NE-CITY-Salvador"
    },
    {
      "subject_id": "ddb3c75a-c68b-4ad3-8673-4c7520fc72ba-chroniclers-6",
      "relation": "report feature as",
      "object_id": "ddb3c75a-c68b-4ad3-8673-4c7520fc72ba-hazard-13"
    },
    {
      "subject_id": "ddb3c75a-c68b-4ad3-8673-4c7520fc72ba-hazard-13",
      "relation": "is",
      "object_id": "ddb3c75a-c68b-4ad3-8673-4c7520fc72ba-navigational-12"
    },
    {
      "subject_id": "ddb3c75a-c68b-4ad3-8673-4c7520fc72ba-chroniclers-6",
      "relation": "report feature Since",
      "object_id": "ddb3c75a-c68b-4ad3-8673-4c7520fc72ba-century-4"
    },
    {
      "subject_id": "ddb3c75a-c68b-4ad3-8673-4c7520fc72ba-century-4",
      "relation": "is",
      "object_id": "ddb3c75a-c68b-4ad3-8673-4c7520fc72ba-sixteenth-3"
    },
    {
      "subject_id": "ddb3c75a-c68b-4ad3-8673-4c7520fc72ba-chroniclers-6",
      "relation": "report",
      "object_id": "ddb3c75a-c68b-4ad3-8673-4c7520fc72ba-feature-9"
    },
    {
      "subject_id": "ddb3c75a-c68b-4ad3-8673-4c7520fc72ba-studies-2",
      "relation": "have tried",
      "object_id": "ddb3c75a-c68b-4ad3-8673-4c7520fc72ba-determine-6"
    },
    {
      "subject_id": "ddb3c75a-c68b-4ad3-8673-4c7520fc72ba-determine-6",
      "relation": "mark",
      "object_id": "ddb3c75a-c68b-4ad3-8673-4c7520fc72ba-to-5"
    },
    {
      "subject_id": "ddb3c75a-c68b-4ad3-8673-4c7520fc72ba-studies-2",
      "relation": "is",
      "object_id": "ddb3c75a-c68b-4ad3-8673-4c7520fc72ba-Previous-1"
    },
    {
      "subject_id": "ddb3c75a-c68b-4ad3-8673-4c7520fc72ba-origin-8",
      "relation": "stored without",
      "object_id": "ddb3c75a-c68b-4ad3-8673-4c7520fc72ba-success-18"
    },
    {
      "subject_id": "ddb3c75a-c68b-4ad3-8673-4c7520fc72ba-volume-10",
      "relation": "stored without",
      "object_id": "ddb3c75a-c68b-4ad3-8673-4c7520fc72ba-success-18"
    },
    {
      "subject_id": "ddb3c75a-c68b-4ad3-8673-4c7520fc72ba-volume-10",
      "relation": "origin of",
      "object_id": "ddb3c75a-c68b-4ad3-8673-4c7520fc72ba-sands-12"
    },
    {
      "subject_id": "ddb3c75a-c68b-4ad3-8673-4c7520fc72ba-origin-8",
      "relation": "stored within",
      "object_id": "ddb3c75a-c68b-4ad3-8673-4c7520fc72ba-feature-16"
    },
    {
      "subject_id": "ddb3c75a-c68b-4ad3-8673-4c7520fc72ba-volume-10",
      "relation": "stored within",
      "object_id": "ddb3c75a-c68b-4ad3-8673-4c7520fc72ba-feature-16"
    },
    {
      "subject_id": "ddb3c75a-c68b-4ad3-8673-4c7520fc72ba-resolution-8-surveys-11",
      "relation": "investigate",
      "object_id": "ddb3c75a-c68b-4ad3-8673-4c7520fc72ba-architecture-17"
    },
    {
      "subject_id": "ddb3c75a-c68b-4ad3-8673-4c7520fc72ba-resolution-8-surveys-11",
      "relation": "is",
      "object_id": "ddb3c75a-c68b-4ad3-8673-4c7520fc72ba-shallow-9"
    },
    {
      "subject_id": "ddb3c75a-c68b-4ad3-8673-4c7520fc72ba-resolution-8-surveys-11",
      "relation": "were used In",
      "object_id": "ddb3c75a-c68b-4ad3-8673-4c7520fc72ba-study-4"
    },
    {
      "subject_id": "ddb3c75a-c68b-4ad3-8673-4c7520fc72ba-resolution-8-surveys-11",
      "relation": "is",
      "object_id": "ddb3c75a-c68b-4ad3-8673-4c7520fc72ba-high-6"
    },
    {
      "subject_id": "ddb3c75a-c68b-4ad3-8673-4c7520fc72ba-resolution-8-surveys-11",
      "relation": "is",
      "object_id": "ddb3c75a-c68b-4ad3-8673-4c7520fc72ba-seismic-10"
    },
    {
      "subject_id": "ddb3c75a-c68b-4ad3-8673-4c7520fc72ba-study-4",
      "relation": "is",
      "object_id": "NE-DATE-present"
    },
    {
      "subject_id": "ddb3c75a-c68b-4ad3-8673-4c7520fc72ba-resolution-8-surveys-11",
      "relation": "were",
      "object_id": "ddb3c75a-c68b-4ad3-8673-4c7520fc72ba-used-13"
    },
    {
      "subject_id": "ddb3c75a-c68b-4ad3-8673-4c7520fc72ba-major-2-stratigraphic-3-units-4",
      "relation": "were identified",
      "object_id": "ddb3c75a-c68b-4ad3-8673-4c7520fc72ba-unit-13"
    },
    {
      "subject_id": "ddb3c75a-c68b-4ad3-8673-4c7520fc72ba-major-2-stratigraphic-3-units-4",
      "relation": "amount to",
      "object_id": "ddb3c75a-c68b-4ad3-8673-4c7520fc72ba-Three-1"
    },
    {
      "subject_id": "ddb3c75a-c68b-4ad3-8673-4c7520fc72ba-unit-13",
      "relation": "is",
      "object_id": "ddb3c75a-c68b-4ad3-8673-4c7520fc72ba-transgressive-12"
    },
    {
      "subject_id": "ddb3c75a-c68b-4ad3-8673-4c7520fc72ba-major-2-stratigraphic-3-units-4",
      "relation": "were identified",
      "object_id": "ddb3c75a-c68b-4ad3-8673-4c7520fc72ba-bedrock-9"
    },
    {
      "subject_id": "ddb3c75a-c68b-4ad3-8673-4c7520fc72ba-bedrock-9",
      "relation": "were",
      "object_id": "ddb3c75a-c68b-4ad3-8673-4c7520fc72ba-highstand-17-unit-18"
    },
    {
      "subject_id": "ddb3c75a-c68b-4ad3-8673-4c7520fc72ba-bedrock-9",
      "relation": "major stratigraphic units",
      "object_id": "ddb3c75a-c68b-4ad3-8673-4c7520fc72ba-highstand-17-unit-18"
    },
    {
      "subject_id": "ddb3c75a-c68b-4ad3-8673-4c7520fc72ba-bedrock-2",
      "relation": "comprises",
      "object_id": "ddb3c75a-c68b-4ad3-8673-4c7520fc72ba-rocks-5"
    },
    {
      "subject_id": "ddb3c75a-c68b-4ad3-8673-4c7520fc72ba-rocks-5",
      "relation": "of",
      "object_id": "NE-LOCATION-Sedimentary-Basin"
    },
    {
      "subject_id": "ddb3c75a-c68b-4ad3-8673-4c7520fc72ba-rocks-5",
      "relation": "of",
      "object_id": "NE-LOCATION-Northern"
    },
    {
      "subject_id": "ddb3c75a-c68b-4ad3-8673-4c7520fc72ba-rocks-5",
      "relation": "of",
      "object_id": "NE-CITY-Camamu"
    },
    {
      "subject_id": "ddb3c75a-c68b-4ad3-8673-4c7520fc72ba-rocks-5",
      "relation": "is",
      "object_id": "ddb3c75a-c68b-4ad3-8673-4c7520fc72ba-sedimentary-4"
    },
    {
      "subject_id": "NE-LOCATION-Sedimentary-Basin",
      "relation": "is Camamu of",
      "object_id": "NE-LOCATION-Northern"
    },
    {
      "subject_id": "NE-LOCATION-Sedimentary-Basin",
      "relation": "is of",
      "object_id": "NE-CITY-Camamu"
    },
    {
      "subject_id": "ddb3c75a-c68b-4ad3-8673-4c7520fc72ba-unit-3",
      "relation": "is interpreted as",
      "object_id": "ddb3c75a-c68b-4ad3-8673-4c7520fc72ba-result-8"
    },
    {
      "subject_id": "ddb3c75a-c68b-4ad3-8673-4c7520fc72ba-unit-3",
      "relation": "is",
      "object_id": "ddb3c75a-c68b-4ad3-8673-4c7520fc72ba-transgressive-2"
    },
    {
      "subject_id": "ddb3c75a-c68b-4ad3-8673-4c7520fc72ba-result-8",
      "relation": "is",
      "object_id": "ddb3c75a-c68b-4ad3-8673-4c7520fc72ba-estuarine-13"
    },
    {
      "subject_id": "ddb3c75a-c68b-4ad3-8673-4c7520fc72ba-result-8",
      "relation": "of",
      "object_id": "ddb3c75a-c68b-4ad3-8673-4c7520fc72ba-environment-14"
    },
    {
      "subject_id": "ddb3c75a-c68b-4ad3-8673-4c7520fc72ba-deposition-10",
      "relation": "is in",
      "object_id": "ddb3c75a-c68b-4ad3-8673-4c7520fc72ba-estuarine-13-environment-14-infilling-15"
    },
    {
      "subject_id": "ddb3c75a-c68b-4ad3-8673-4c7520fc72ba-unit-3",
      "relation": "is",
      "object_id": "ddb3c75a-c68b-4ad3-8673-4c7520fc72ba-interpreted-5"
    },
    {
      "subject_id": "ddb3c75a-c68b-4ad3-8673-4c7520fc72ba-result-8",
      "relation": "of",
      "object_id": "ddb3c75a-c68b-4ad3-8673-4c7520fc72ba-deposition-10"
    },
    {
      "subject_id": "ddb3c75a-c68b-4ad3-8673-4c7520fc72ba-highstand-2-unit-3",
      "relation": "represents",
      "object_id": "NE-ORGANIZATION-SAB"
    },
    {
      "subject_id": "NE-ORGANIZATION-SAB",
      "relation": "is",
      "object_id": "ddb3c75a-c68b-4ad3-8673-4c7520fc72ba-transgressive-12-unit-13"
    },
    {
      "subject_id": "ddb3c75a-c68b-4ad3-8673-4c7520fc72ba-proto-5-bank-7",
      "relation": "exists at",
      "object_id": "ddb3c75a-c68b-4ad3-8673-4c7520fc72ba-core-11"
    },
    {
      "subject_id": "ddb3c75a-c68b-4ad3-8673-4c7520fc72ba-proto-5-bank-7",
      "relation": "is",
      "object_id": "ddb3c75a-c68b-4ad3-8673-4c7520fc72ba-preserved-4"
    },
    {
      "subject_id": "ddb3c75a-c68b-4ad3-8673-4c7520fc72ba-core-11",
      "relation": "of",
      "object_id": "NE-ORGANIZATION-SAB"
    },
    {
      "subject_id": "ddb3c75a-c68b-4ad3-8673-4c7520fc72ba-proto-2-bank-4",
      "relation": "drowned during",
      "object_id": "ddb3c75a-c68b-4ad3-8673-4c7520fc72ba-8.2-11-ka-13-event-14"
    },
    {
      "subject_id": "ddb3c75a-c68b-4ad3-8673-4c7520fc72ba-8.2-11-ka-13-event-14",
      "relation": "at",
      "object_id": "ddb3c75a-c68b-4ad3-8673-4c7520fc72ba-possibly-8"
    },
    {
      "subject_id": "ddb3c75a-c68b-4ad3-8673-4c7520fc72ba-proto-2-bank-4",
      "relation": "drowned in",
      "object_id": "ddb3c75a-c68b-4ad3-8673-4c7520fc72ba-place-7"
    },
    {
      "subject_id": "ddb3c75a-c68b-4ad3-8673-4c7520fc72ba-bank-12",
      "relation": "reached",
      "object_id": "ddb3c75a-c68b-4ad3-8673-4c7520fc72ba-maturity-15-phase-16"
    },
    {
      "subject_id": "ddb3c75a-c68b-4ad3-8673-4c7520fc72ba-maturity-15-phase-16",
      "relation": "of",
      "object_id": "ddb3c75a-c68b-4ad3-8673-4c7520fc72ba-development-18"
    },
    {
      "subject_id": "ddb3c75a-c68b-4ad3-8673-4c7520fc72ba-volume-2",
      "relation": "stored in",
      "object_id": "NE-ORGANIZATION-SAB"
    },
    {
      "subject_id": "NE-ORGANIZATION-SAB",
      "relation": "is potentially source for",
      "object_id": "ddb3c75a-c68b-4ad3-8673-4c7520fc72ba-beaches-16"
    },
    {
      "subject_id": "ddb3c75a-c68b-4ad3-8673-4c7520fc72ba-beaches-16",
      "relation": "is",
      "object_id": "ddb3c75a-c68b-4ad3-8673-4c7520fc72ba-urban-15"
    },
    {
      "subject_id": "NE-ORGANIZATION-SAB",
      "relation": "is potentially major source for",
      "object_id": "ddb3c75a-c68b-4ad3-8673-4c7520fc72ba-beaches-16"
    },
    {
      "subject_id": "NE-ORGANIZATION-SAB",
      "relation": "is",
      "object_id": "ddb3c75a-c68b-4ad3-8673-4c7520fc72ba-source-7"
    },
    {
      "subject_id": "NE-ORGANIZATION-SAB",
      "relation": "is major source for",
      "object_id": "ddb3c75a-c68b-4ad3-8673-4c7520fc72ba-beaches-16"
    },
    {
      "subject_id": "NE-ORGANIZATION-SAB",
      "relation": "is major",
      "object_id": "ddb3c75a-c68b-4ad3-8673-4c7520fc72ba-sands-9"
    },
    {
      "subject_id": "ddb3c75a-c68b-4ad3-8673-4c7520fc72ba-beaches-16",
      "relation": "of",
      "object_id": "ddb3c75a-c68b-4ad3-8673-4c7520fc72ba-city-19"
    },
    {
      "subject_id": "NE-ORGANIZATION-SAB",
      "relation": "is potentially major source of",
      "object_id": "ddb3c75a-c68b-4ad3-8673-4c7520fc72ba-sands-9"
    },
    {
      "subject_id": "ddb3c75a-c68b-4ad3-8673-4c7520fc72ba-sands-9",
      "relation": "of",
      "object_id": "ddb3c75a-c68b-4ad3-8673-4c7520fc72ba-beach-11-nourishment-12"
    },
    {
      "subject_id": "NE-ORGANIZATION-SAB",
      "relation": "is source for",
      "object_id": "ddb3c75a-c68b-4ad3-8673-4c7520fc72ba-beaches-16"
    },
    {
      "subject_id": "NE-ORGANIZATION-SAB",
      "relation": "is potentially source of",
      "object_id": "ddb3c75a-c68b-4ad3-8673-4c7520fc72ba-sands-9"
    },
    {
      "subject_id": "NE-ORGANIZATION-SAB",
      "relation": "is major source of",
      "object_id": "ddb3c75a-c68b-4ad3-8673-4c7520fc72ba-sands-9"
    },
    {
      "subject_id": "ddb3c75a-c68b-4ad3-8673-4c7520fc72ba-beaches-16",
      "relation": "of",
      "object_id": "NE-CITY-Salvador"
    },
    {
      "subject_id": "ddb3c75a-c68b-4ad3-8673-4c7520fc72ba-source-7",
      "relation": "of",
      "object_id": "ddb3c75a-c68b-4ad3-8673-4c7520fc72ba-beaches-16"
    },
    {
      "subject_id": "ddb3c75a-c68b-4ad3-8673-4c7520fc72ba-source-7",
      "relation": "is",
      "object_id": "ddb3c75a-c68b-4ad3-8673-4c7520fc72ba-major-6"
    },
    {
      "subject_id": "NE-ORGANIZATION-SAB",
      "relation": "is source of",
      "object_id": "ddb3c75a-c68b-4ad3-8673-4c7520fc72ba-sands-9"
    },
    {
      "subject_id": "ddb3c75a-c68b-4ad3-8673-4c7520fc72ba-source-7",
      "relation": "of",
      "object_id": "ddb3c75a-c68b-4ad3-8673-4c7520fc72ba-sands-9"
    },
    {
      "subject_id": "ddb3c75a-c68b-4ad3-8673-4c7520fc72ba-source-7",
      "relation": "at",
      "object_id": "ddb3c75a-c68b-4ad3-8673-4c7520fc72ba-potentially-4"
    }
  ],
  "links": {
    "ddb3c75a-c68b-4ad3-8673-4c7520fc72ba-Bank-4": [],
    "ddb3c75a-c68b-4ad3-8673-4c7520fc72ba-sand-11-accumulation-12": [],
    "ddb3c75a-c68b-4ad3-8673-4c7520fc72ba-Santo-2-Antônio-3": [],
    "ddb3c75a-c68b-4ad3-8673-4c7520fc72ba-inner-15": [],
    "NE-LOCATION-City": [],
    "NE-CITY-Salvador": [],
    "ddb3c75a-c68b-4ad3-8673-4c7520fc72ba-continental-16": [],
    "ddb3c75a-c68b-4ad3-8673-4c7520fc72ba-large-10": [],
    "ddb3c75a-c68b-4ad3-8673-4c7520fc72ba-shelf-17": [],
    "ddb3c75a-c68b-4ad3-8673-4c7520fc72ba-chroniclers-6": [],
    "ddb3c75a-c68b-4ad3-8673-4c7520fc72ba-hazard-13": [],
    "ddb3c75a-c68b-4ad3-8673-4c7520fc72ba-navigational-12": [],
    "ddb3c75a-c68b-4ad3-8673-4c7520fc72ba-century-4": [],
    "ddb3c75a-c68b-4ad3-8673-4c7520fc72ba-sixteenth-3": [],
    "ddb3c75a-c68b-4ad3-8673-4c7520fc72ba-feature-9": [],
    "ddb3c75a-c68b-4ad3-8673-4c7520fc72ba-studies-2": [],
    "ddb3c75a-c68b-4ad3-8673-4c7520fc72ba-determine-6": [],
    "ddb3c75a-c68b-4ad3-8673-4c7520fc72ba-to-5": [],
    "ddb3c75a-c68b-4ad3-8673-4c7520fc72ba-Previous-1": [],
    "ddb3c75a-c68b-4ad3-8673-4c7520fc72ba-origin-8": [],
    "ddb3c75a-c68b-4ad3-8673-4c7520fc72ba-success-18": [],
    "ddb3c75a-c68b-4ad3-8673-4c7520fc72ba-volume-10": [
      "ddb3c75a-c68b-4ad3-8673-4c7520fc72ba-volume-2"
    ],
    "ddb3c75a-c68b-4ad3-8673-4c7520fc72ba-sands-12": [],
    "ddb3c75a-c68b-4ad3-8673-4c7520fc72ba-feature-16": [],
    "ddb3c75a-c68b-4ad3-8673-4c7520fc72ba-resolution-8-surveys-11": [],
    "ddb3c75a-c68b-4ad3-8673-4c7520fc72ba-architecture-17": [],
    "ddb3c75a-c68b-4ad3-8673-4c7520fc72ba-shallow-9": [],
    "ddb3c75a-c68b-4ad3-8673-4c7520fc72ba-study-4": [],
    "ddb3c75a-c68b-4ad3-8673-4c7520fc72ba-high-6": [],
    "ddb3c75a-c68b-4ad3-8673-4c7520fc72ba-seismic-10": [],
    "NE-DATE-present": [],
    "ddb3c75a-c68b-4ad3-8673-4c7520fc72ba-used-13": [],
    "ddb3c75a-c68b-4ad3-8673-4c7520fc72ba-major-2-stratigraphic-3-units-4": [],
    "ddb3c75a-c68b-4ad3-8673-4c7520fc72ba-unit-13": [],
    "ddb3c75a-c68b-4ad3-8673-4c7520fc72ba-Three-1": [],
    "ddb3c75a-c68b-4ad3-8673-4c7520fc72ba-transgressive-12": [
      "ddb3c75a-c68b-4ad3-8673-4c7520fc72ba-transgressive-2",
      "ddb3c75a-c68b-4ad3-8673-4c7520fc72ba-transgressive-12-unit-13"
    ],
    "ddb3c75a-c68b-4ad3-8673-4c7520fc72ba-bedrock-9": [],
    "ddb3c75a-c68b-4ad3-8673-4c7520fc72ba-highstand-17-unit-18": [],
    "ddb3c75a-c68b-4ad3-8673-4c7520fc72ba-bedrock-2": [],
    "ddb3c75a-c68b-4ad3-8673-4c7520fc72ba-rocks-5": [],
    "NE-LOCATION-Sedimentary-Basin": [],
    "NE-LOCATION-Northern": [],
    "NE-CITY-Camamu": [],
    "ddb3c75a-c68b-4ad3-8673-4c7520fc72ba-sedimentary-4": [],
    "ddb3c75a-c68b-4ad3-8673-4c7520fc72ba-unit-3": [],
    "ddb3c75a-c68b-4ad3-8673-4c7520fc72ba-result-8": [],
    "ddb3c75a-c68b-4ad3-8673-4c7520fc72ba-transgressive-2": [
      "ddb3c75a-c68b-4ad3-8673-4c7520fc72ba-transgressive-12",
      "ddb3c75a-c68b-4ad3-8673-4c7520fc72ba-transgressive-12-unit-13"
    ],
    "ddb3c75a-c68b-4ad3-8673-4c7520fc72ba-estuarine-13": [],
    "ddb3c75a-c68b-4ad3-8673-4c7520fc72ba-environment-14": [],
    "ddb3c75a-c68b-4ad3-8673-4c7520fc72ba-deposition-10": [],
    "ddb3c75a-c68b-4ad3-8673-4c7520fc72ba-estuarine-13-environment-14-infilling-15": [],
    "ddb3c75a-c68b-4ad3-8673-4c7520fc72ba-interpreted-5": [],
    "ddb3c75a-c68b-4ad3-8673-4c7520fc72ba-highstand-2-unit-3": [],
    "NE-ORGANIZATION-SAB": [],
    "ddb3c75a-c68b-4ad3-8673-4c7520fc72ba-transgressive-12-unit-13": [
      "ddb3c75a-c68b-4ad3-8673-4c7520fc72ba-transgressive-12",
      "ddb3c75a-c68b-4ad3-8673-4c7520fc72ba-transgressive-2"
    ],
    "ddb3c75a-c68b-4ad3-8673-4c7520fc72ba-proto-5-bank-7": [],
    "ddb3c75a-c68b-4ad3-8673-4c7520fc72ba-core-11": [],
    "ddb3c75a-c68b-4ad3-8673-4c7520fc72ba-preserved-4": [],
    "ddb3c75a-c68b-4ad3-8673-4c7520fc72ba-proto-2-bank-4": [],
    "ddb3c75a-c68b-4ad3-8673-4c7520fc72ba-8.2-11-ka-13-event-14": [],
    "ddb3c75a-c68b-4ad3-8673-4c7520fc72ba-possibly-8": [],
    "ddb3c75a-c68b-4ad3-8673-4c7520fc72ba-place-7": [],
    "ddb3c75a-c68b-4ad3-8673-4c7520fc72ba-bank-12": [],
    "ddb3c75a-c68b-4ad3-8673-4c7520fc72ba-maturity-15-phase-16": [],
    "ddb3c75a-c68b-4ad3-8673-4c7520fc72ba-development-18": [],
    "ddb3c75a-c68b-4ad3-8673-4c7520fc72ba-volume-2": [
      "ddb3c75a-c68b-4ad3-8673-4c7520fc72ba-volume-10"
    ],
    "ddb3c75a-c68b-4ad3-8673-4c7520fc72ba-beaches-16": [],
    "ddb3c75a-c68b-4ad3-8673-4c7520fc72ba-urban-15": [],
    "ddb3c75a-c68b-4ad3-8673-4c7520fc72ba-source-7": [],
    "ddb3c75a-c68b-4ad3-8673-4c7520fc72ba-sands-9": [],
    "ddb3c75a-c68b-4ad3-8673-4c7520fc72ba-city-19": [],
    "ddb3c75a-c68b-4ad3-8673-4c7520fc72ba-beach-11-nourishment-12": [],
    "ddb3c75a-c68b-4ad3-8673-4c7520fc72ba-major-6": [],
    "ddb3c75a-c68b-4ad3-8673-4c7520fc72ba-potentially-4": []
  }
}