{
  "document": "D:/Projetos/PIRA_KG/documents/onu_85086667338.txt",
  "entities": {
    "NE-TITLE-model": "model",
    "c26fa3b4-e85d-44f5-a212-fecb246d8968-relations-38": "relations",
    "c26fa3b4-e85d-44f5-a212-fecb246d8968-Ponta-6": "Ponta",
    "c26fa3b4-e85d-44f5-a212-fecb246d8968-Ponta-6-evolution-23": "Ponta evolution",
    "c26fa3b4-e85d-44f5-a212-fecb246d8968-depositional-19": "depositional",
    "c26fa3b4-e85d-44f5-a212-fecb246d8968-Ponta-8": "Ponta",
    "c26fa3b4-e85d-44f5-a212-fecb246d8968-carbonate-11-platform-12": "carbonate platform",
    "NE-PERSON-Mel": "Mel",
    "c26fa3b4-e85d-44f5-a212-fecb246d8968-overlapping-42": "overlapping",
    "c26fa3b4-e85d-44f5-a212-fecb246d8968-overlapping-42-units-45": "overlapping units",
    "c26fa3b4-e85d-44f5-a212-fecb246d8968-work-2-intends-3": "work intends",
    "c26fa3b4-e85d-44f5-a212-fecb246d8968-stratigraphic-37": "stratigraphic",
    "c26fa3b4-e85d-44f5-a212-fecb246d8968-units-45": "units",
    "c26fa3b4-e85d-44f5-a212-fecb246d8968-wells-48": "wells",
    "c26fa3b4-e85d-44f5-a212-fecb246d8968-implanted-14": "implanted",
    "c26fa3b4-e85d-44f5-a212-fecb246d8968-shoreline-25": "shoreline",
    "c26fa3b4-e85d-44f5-a212-fecb246d8968-it-31": "it",
    "c26fa3b4-e85d-44f5-a212-fecb246d8968-belt-10": "belt",
    "c26fa3b4-e85d-44f5-a212-fecb246d8968-offshore-13-portion-14": "offshore portion",
    "NE-LOCATION-Potiguar-Basin": "Potiguar Basin",
    "c26fa3b4-e85d-44f5-a212-fecb246d8968-it-13": "it",
    "c26fa3b4-e85d-44f5-a212-fecb246d8968-1D-9-analysis-10": "1D analysis",
    "c26fa3b4-e85d-44f5-a212-fecb246d8968-analysis-4": "analysis",
    "c26fa3b4-e85d-44f5-a212-fecb246d8968-stratigraphic-3": "stratigraphic",
    "c26fa3b4-e85d-44f5-a212-fecb246d8968-carbonate-18-lithofacies-19": "carbonate lithofacies",
    "c26fa3b4-e85d-44f5-a212-fecb246d8968-possible-15": "possible",
    "c26fa3b4-e85d-44f5-a212-fecb246d8968-wells-7": "wells",
    "c26fa3b4-e85d-44f5-a212-fecb246d8968-It-1": "It",
    "c26fa3b4-e85d-44f5-a212-fecb246d8968-possible-4": "possible",
    "c26fa3b4-e85d-44f5-a212-fecb246d8968-also-3": "also",
    "c26fa3b4-e85d-44f5-a212-fecb246d8968-cycle-11-sets-12": "cycle sets",
    "c26fa3b4-e85d-44f5-a212-fecb246d8968-systems-20-tracts-21": "systems tracts",
    "c26fa3b4-e85d-44f5-a212-fecb246d8968-cycles-9": "cycles",
    "c26fa3b4-e85d-44f5-a212-fecb246d8968-shallowing-7": "shallowing",
    "c26fa3b4-e85d-44f5-a212-fecb246d8968-associated-16": "associated",
    "c26fa3b4-e85d-44f5-a212-fecb246d8968-identified-19": "identified",
    "c26fa3b4-e85d-44f5-a212-fecb246d8968-upward-8": "upward",
    "c26fa3b4-e85d-44f5-a212-fecb246d8968-seismic-13-facies-14": "seismic facies",
    "c26fa3b4-e85d-44f5-a212-fecb246d8968-visualized-16": "visualized",
    "c26fa3b4-e85d-44f5-a212-fecb246d8968-four-12": "four",
    "c26fa3b4-e85d-44f5-a212-fecb246d8968-analysis-5": "analysis",
    "c26fa3b4-e85d-44f5-a212-fecb246d8968-seismic-3": "seismic",
    "c26fa3b4-e85d-44f5-a212-fecb246d8968-way-10": "way",
    "c26fa3b4-e85d-44f5-a212-fecb246d8968-same-9": "same",
    "c26fa3b4-e85d-44f5-a212-fecb246d8968-stratigraphic-4": "stratigraphic",
    "c26fa3b4-e85d-44f5-a212-fecb246d8968-sequence-42": "sequence",
    "c26fa3b4-e85d-44f5-a212-fecb246d8968-Sequence-52": "Sequence",
    "c26fa3b4-e85d-44f5-a212-fecb246d8968-LST-61": "LST",
    "c26fa3b4-e85d-44f5-a212-fecb246d8968-interval-22": "interval",
    "c26fa3b4-e85d-44f5-a212-fecb246d8968-coincides-25": "coincides",
    "c26fa3b4-e85d-44f5-a212-fecb246d8968-depositional-41": "depositional",
    "c26fa3b4-e85d-44f5-a212-fecb246d8968-Cenomanian-51": "Cenomanian",
    "c26fa3b4-e85d-44f5-a212-fecb246d8968-complete-40": "complete",
    "c26fa3b4-e85d-44f5-a212-fecb246d8968-formed-54": "formed",
    "c26fa3b4-e85d-44f5-a212-fecb246d8968-lithostratigraphic-28": "lithostratigraphic",
    "c26fa3b4-e85d-44f5-a212-fecb246d8968-studied-21": "studied",
    "c26fa3b4-e85d-44f5-a212-fecb246d8968-Albian-49": "Albian",
    "c26fa3b4-e85d-44f5-a212-fecb246d8968-terms-29": "terms",
    "c26fa3b4-e85d-44f5-a212-fecb246d8968-integration-2": "integration",
    "c26fa3b4-e85d-44f5-a212-fecb246d8968-understand-18": "understand",
    "c26fa3b4-e85d-44f5-a212-fecb246d8968-to-17": "to",
    "NE-LOCATION-Ponta": "Ponta",
    "c26fa3b4-e85d-44f5-a212-fecb246d8968-Mel-8-unit-9": "Mel unit",
    "c26fa3b4-e85d-44f5-a212-fecb246d8968-deposition-13": "deposition",
    "c26fa3b4-e85d-44f5-a212-fecb246d8968-water-22-platform-23-environment-24": "water platform environment",
    "c26fa3b4-e85d-44f5-a212-fecb246d8968-siliciclastic-15": "siliciclastic",
    "c26fa3b4-e85d-44f5-a212-fecb246d8968-shallow-21-water-22-platform-23-environment-24": "shallow water platform environment",
    "c26fa3b4-e85d-44f5-a212-fecb246d8968-facies-18": "facies",
    "c26fa3b4-e85d-44f5-a212-fecb246d8968-interval-18": "interval",
    "c26fa3b4-e85d-44f5-a212-fecb246d8968-phase-14": "phase",
    "c26fa3b4-e85d-44f5-a212-fecb246d8968-thick-17": "thick",
    "c26fa3b4-e85d-44f5-a212-fecb246d8968-transgressive-13": "transgressive",
    "c26fa3b4-e85d-44f5-a212-fecb246d8968-increase-5": "increase",
    "c26fa3b4-e85d-44f5-a212-fecb246d8968-accommodation-8-space-9": "accommodation space",
    "c26fa3b4-e85d-44f5-a212-fecb246d8968-platform-28-scenario-29": "platform scenario",
    "c26fa3b4-e85d-44f5-a212-fecb246d8968-Sequence-42": "Sequence",
    "c26fa3b4-e85d-44f5-a212-fecb246d8968-Albian-39": "Albian",
    "c26fa3b4-e85d-44f5-a212-fecb246d8968-Cenomanian-41": "Cenomanian",
    "c26fa3b4-e85d-44f5-a212-fecb246d8968-facies-8": "facies",
    "c26fa3b4-e85d-44f5-a212-fecb246d8968-calcarenites-17-layers-18": "calcarenites layers",
    "c26fa3b4-e85d-44f5-a212-fecb246d8968-mainly-14": "mainly",
    "c26fa3b4-e85d-44f5-a212-fecb246d8968-end-3": "end",
    "c26fa3b4-e85d-44f5-a212-fecb246d8968-phase-34": "phase",
    "c26fa3b4-e85d-44f5-a212-fecb246d8968-regressive-33": "regressive",
    "c26fa3b4-e85d-44f5-a212-fecb246d8968-thick-16": "thick",
    "c26fa3b4-e85d-44f5-a212-fecb246d8968-interval-6": "interval"
  },
  "graph": [
    {
      "subject_id": "NE-TITLE-model",
      "relation": "understand",
      "object_id": "c26fa3b4-e85d-44f5-a212-fecb246d8968-relations-38"
    },
    {
      "subject_id": "c26fa3b4-e85d-44f5-a212-fecb246d8968-Ponta-6",
      "relation": "has",
      "object_id": "NE-TITLE-model"
    },
    {
      "subject_id": "NE-TITLE-model",
      "relation": "light",
      "object_id": "c26fa3b4-e85d-44f5-a212-fecb246d8968-Ponta-6-evolution-23"
    },
    {
      "subject_id": "NE-TITLE-model",
      "relation": "is",
      "object_id": "c26fa3b4-e85d-44f5-a212-fecb246d8968-depositional-19"
    },
    {
      "subject_id": "c26fa3b4-e85d-44f5-a212-fecb246d8968-Ponta-8",
      "relation": "do",
      "object_id": "c26fa3b4-e85d-44f5-a212-fecb246d8968-carbonate-11-platform-12"
    },
    {
      "subject_id": "c26fa3b4-e85d-44f5-a212-fecb246d8968-carbonate-11-platform-12",
      "relation": "of",
      "object_id": "NE-PERSON-Mel"
    },
    {
      "subject_id": "c26fa3b4-e85d-44f5-a212-fecb246d8968-relations-38",
      "relation": "is",
      "object_id": "c26fa3b4-e85d-44f5-a212-fecb246d8968-overlapping-42"
    },
    {
      "subject_id": "c26fa3b4-e85d-44f5-a212-fecb246d8968-relations-38",
      "relation": "of",
      "object_id": "c26fa3b4-e85d-44f5-a212-fecb246d8968-overlapping-42-units-45"
    },
    {
      "subject_id": "c26fa3b4-e85d-44f5-a212-fecb246d8968-work-2-intends-3",
      "relation": "characterize",
      "object_id": "NE-TITLE-model"
    },
    {
      "subject_id": "c26fa3b4-e85d-44f5-a212-fecb246d8968-relations-38",
      "relation": "is with",
      "object_id": "c26fa3b4-e85d-44f5-a212-fecb246d8968-overlapping-42-units-45"
    },
    {
      "subject_id": "c26fa3b4-e85d-44f5-a212-fecb246d8968-relations-38",
      "relation": "is",
      "object_id": "c26fa3b4-e85d-44f5-a212-fecb246d8968-stratigraphic-37"
    },
    {
      "subject_id": "c26fa3b4-e85d-44f5-a212-fecb246d8968-relations-38",
      "relation": "of",
      "object_id": "c26fa3b4-e85d-44f5-a212-fecb246d8968-units-45"
    },
    {
      "subject_id": "NE-TITLE-model",
      "relation": "understand relations from",
      "object_id": "c26fa3b4-e85d-44f5-a212-fecb246d8968-wells-48"
    },
    {
      "subject_id": "c26fa3b4-e85d-44f5-a212-fecb246d8968-work-2-intends-3",
      "relation": "was",
      "object_id": "c26fa3b4-e85d-44f5-a212-fecb246d8968-implanted-14"
    },
    {
      "subject_id": "c26fa3b4-e85d-44f5-a212-fecb246d8968-shoreline-25",
      "relation": "km from",
      "object_id": "c26fa3b4-e85d-44f5-a212-fecb246d8968-it-31"
    },
    {
      "subject_id": "c26fa3b4-e85d-44f5-a212-fecb246d8968-belt-10",
      "relation": "is in",
      "object_id": "c26fa3b4-e85d-44f5-a212-fecb246d8968-offshore-13-portion-14"
    },
    {
      "subject_id": "c26fa3b4-e85d-44f5-a212-fecb246d8968-offshore-13-portion-14",
      "relation": "of",
      "object_id": "NE-LOCATION-Potiguar-Basin"
    },
    {
      "subject_id": "c26fa3b4-e85d-44f5-a212-fecb246d8968-it-13",
      "relation": "was possible In",
      "object_id": "c26fa3b4-e85d-44f5-a212-fecb246d8968-1D-9-analysis-10"
    },
    {
      "subject_id": "c26fa3b4-e85d-44f5-a212-fecb246d8968-it-13",
      "relation": "was possible In",
      "object_id": "c26fa3b4-e85d-44f5-a212-fecb246d8968-analysis-4"
    },
    {
      "subject_id": "c26fa3b4-e85d-44f5-a212-fecb246d8968-analysis-4",
      "relation": "is",
      "object_id": "c26fa3b4-e85d-44f5-a212-fecb246d8968-stratigraphic-3"
    },
    {
      "subject_id": "c26fa3b4-e85d-44f5-a212-fecb246d8968-it-13",
      "relation": "characterize",
      "object_id": "c26fa3b4-e85d-44f5-a212-fecb246d8968-carbonate-18-lithofacies-19"
    },
    {
      "subject_id": "c26fa3b4-e85d-44f5-a212-fecb246d8968-it-13",
      "relation": "was",
      "object_id": "c26fa3b4-e85d-44f5-a212-fecb246d8968-possible-15"
    },
    {
      "subject_id": "c26fa3b4-e85d-44f5-a212-fecb246d8968-analysis-4",
      "relation": "of",
      "object_id": "c26fa3b4-e85d-44f5-a212-fecb246d8968-wells-7"
    },
    {
      "subject_id": "c26fa3b4-e85d-44f5-a212-fecb246d8968-It-1",
      "relation": "was",
      "object_id": "c26fa3b4-e85d-44f5-a212-fecb246d8968-possible-4"
    },
    {
      "subject_id": "c26fa3b4-e85d-44f5-a212-fecb246d8968-possible-4",
      "relation": "at",
      "object_id": "c26fa3b4-e85d-44f5-a212-fecb246d8968-also-3"
    },
    {
      "subject_id": "c26fa3b4-e85d-44f5-a212-fecb246d8968-cycle-11-sets-12",
      "relation": "were associated with",
      "object_id": "c26fa3b4-e85d-44f5-a212-fecb246d8968-systems-20-tracts-21"
    },
    {
      "subject_id": "c26fa3b4-e85d-44f5-a212-fecb246d8968-It-1",
      "relation": "individualize",
      "object_id": "c26fa3b4-e85d-44f5-a212-fecb246d8968-cycles-9"
    },
    {
      "subject_id": "c26fa3b4-e85d-44f5-a212-fecb246d8968-cycles-9",
      "relation": "is",
      "object_id": "c26fa3b4-e85d-44f5-a212-fecb246d8968-shallowing-7"
    },
    {
      "subject_id": "c26fa3b4-e85d-44f5-a212-fecb246d8968-cycle-11-sets-12",
      "relation": "were",
      "object_id": "c26fa3b4-e85d-44f5-a212-fecb246d8968-associated-16"
    },
    {
      "subject_id": "c26fa3b4-e85d-44f5-a212-fecb246d8968-systems-20-tracts-21",
      "relation": "is",
      "object_id": "c26fa3b4-e85d-44f5-a212-fecb246d8968-identified-19"
    },
    {
      "subject_id": "c26fa3b4-e85d-44f5-a212-fecb246d8968-cycles-9",
      "relation": "is",
      "object_id": "c26fa3b4-e85d-44f5-a212-fecb246d8968-upward-8"
    },
    {
      "subject_id": "c26fa3b4-e85d-44f5-a212-fecb246d8968-seismic-13-facies-14",
      "relation": "were",
      "object_id": "c26fa3b4-e85d-44f5-a212-fecb246d8968-visualized-16"
    },
    {
      "subject_id": "c26fa3b4-e85d-44f5-a212-fecb246d8968-seismic-13-facies-14",
      "relation": "amount to",
      "object_id": "c26fa3b4-e85d-44f5-a212-fecb246d8968-four-12"
    },
    {
      "subject_id": "c26fa3b4-e85d-44f5-a212-fecb246d8968-seismic-13-facies-14",
      "relation": "were visualized In",
      "object_id": "c26fa3b4-e85d-44f5-a212-fecb246d8968-analysis-5"
    },
    {
      "subject_id": "c26fa3b4-e85d-44f5-a212-fecb246d8968-analysis-5",
      "relation": "is",
      "object_id": "c26fa3b4-e85d-44f5-a212-fecb246d8968-seismic-3"
    },
    {
      "subject_id": "c26fa3b4-e85d-44f5-a212-fecb246d8968-seismic-13-facies-14",
      "relation": "were visualized in",
      "object_id": "c26fa3b4-e85d-44f5-a212-fecb246d8968-way-10"
    },
    {
      "subject_id": "c26fa3b4-e85d-44f5-a212-fecb246d8968-way-10",
      "relation": "is",
      "object_id": "c26fa3b4-e85d-44f5-a212-fecb246d8968-same-9"
    },
    {
      "subject_id": "c26fa3b4-e85d-44f5-a212-fecb246d8968-visualized-16",
      "relation": "at",
      "object_id": "c26fa3b4-e85d-44f5-a212-fecb246d8968-way-10"
    },
    {
      "subject_id": "c26fa3b4-e85d-44f5-a212-fecb246d8968-visualized-16",
      "relation": "is",
      "object_id": "c26fa3b4-e85d-44f5-a212-fecb246d8968-analysis-5"
    },
    {
      "subject_id": "c26fa3b4-e85d-44f5-a212-fecb246d8968-visualized-16",
      "relation": "at",
      "object_id": "c26fa3b4-e85d-44f5-a212-fecb246d8968-analysis-5"
    },
    {
      "subject_id": "c26fa3b4-e85d-44f5-a212-fecb246d8968-analysis-5",
      "relation": "is",
      "object_id": "c26fa3b4-e85d-44f5-a212-fecb246d8968-stratigraphic-4"
    },
    {
      "subject_id": "c26fa3b4-e85d-44f5-a212-fecb246d8968-sequence-42",
      "relation": "here referred to",
      "object_id": "c26fa3b4-e85d-44f5-a212-fecb246d8968-Sequence-52"
    },
    {
      "subject_id": "c26fa3b4-e85d-44f5-a212-fecb246d8968-Sequence-52",
      "relation": "at",
      "object_id": "c26fa3b4-e85d-44f5-a212-fecb246d8968-LST-61"
    },
    {
      "subject_id": "c26fa3b4-e85d-44f5-a212-fecb246d8968-interval-22",
      "relation": "here referred to",
      "object_id": "c26fa3b4-e85d-44f5-a212-fecb246d8968-Sequence-52"
    },
    {
      "subject_id": "c26fa3b4-e85d-44f5-a212-fecb246d8968-interval-22",
      "relation": "referred to",
      "object_id": "c26fa3b4-e85d-44f5-a212-fecb246d8968-Sequence-52"
    },
    {
      "subject_id": "c26fa3b4-e85d-44f5-a212-fecb246d8968-sequence-42",
      "relation": "studied interval",
      "object_id": "c26fa3b4-e85d-44f5-a212-fecb246d8968-coincides-25"
    },
    {
      "subject_id": "c26fa3b4-e85d-44f5-a212-fecb246d8968-sequence-42",
      "relation": "is",
      "object_id": "c26fa3b4-e85d-44f5-a212-fecb246d8968-depositional-41"
    },
    {
      "subject_id": "c26fa3b4-e85d-44f5-a212-fecb246d8968-Sequence-52",
      "relation": "is",
      "object_id": "c26fa3b4-e85d-44f5-a212-fecb246d8968-Cenomanian-51"
    },
    {
      "subject_id": "c26fa3b4-e85d-44f5-a212-fecb246d8968-sequence-42",
      "relation": "is",
      "object_id": "c26fa3b4-e85d-44f5-a212-fecb246d8968-complete-40"
    },
    {
      "subject_id": "c26fa3b4-e85d-44f5-a212-fecb246d8968-Sequence-52",
      "relation": "is",
      "object_id": "c26fa3b4-e85d-44f5-a212-fecb246d8968-formed-54"
    },
    {
      "subject_id": "c26fa3b4-e85d-44f5-a212-fecb246d8968-sequence-42",
      "relation": "referred to",
      "object_id": "c26fa3b4-e85d-44f5-a212-fecb246d8968-Sequence-52"
    },
    {
      "subject_id": "c26fa3b4-e85d-44f5-a212-fecb246d8968-coincides-25",
      "relation": "is",
      "object_id": "c26fa3b4-e85d-44f5-a212-fecb246d8968-lithostratigraphic-28"
    },
    {
      "subject_id": "c26fa3b4-e85d-44f5-a212-fecb246d8968-interval-22",
      "relation": "is",
      "object_id": "c26fa3b4-e85d-44f5-a212-fecb246d8968-studied-21"
    },
    {
      "subject_id": "c26fa3b4-e85d-44f5-a212-fecb246d8968-interval-22",
      "relation": "represents",
      "object_id": "c26fa3b4-e85d-44f5-a212-fecb246d8968-sequence-42"
    },
    {
      "subject_id": "c26fa3b4-e85d-44f5-a212-fecb246d8968-Sequence-52",
      "relation": "is",
      "object_id": "c26fa3b4-e85d-44f5-a212-fecb246d8968-Albian-49"
    },
    {
      "subject_id": "c26fa3b4-e85d-44f5-a212-fecb246d8968-sequence-42",
      "relation": "interval",
      "object_id": "c26fa3b4-e85d-44f5-a212-fecb246d8968-coincides-25"
    },
    {
      "subject_id": "c26fa3b4-e85d-44f5-a212-fecb246d8968-coincides-25",
      "relation": "at",
      "object_id": "c26fa3b4-e85d-44f5-a212-fecb246d8968-terms-29"
    },
    {
      "subject_id": "c26fa3b4-e85d-44f5-a212-fecb246d8968-integration-2",
      "relation": "allowed",
      "object_id": "c26fa3b4-e85d-44f5-a212-fecb246d8968-understand-18"
    },
    {
      "subject_id": "c26fa3b4-e85d-44f5-a212-fecb246d8968-understand-18",
      "relation": "mark",
      "object_id": "c26fa3b4-e85d-44f5-a212-fecb246d8968-to-17"
    },
    {
      "subject_id": "c26fa3b4-e85d-44f5-a212-fecb246d8968-coincides-25",
      "relation": "at",
      "object_id": "NE-LOCATION-Ponta"
    },
    {
      "subject_id": "c26fa3b4-e85d-44f5-a212-fecb246d8968-Mel-8-unit-9",
      "relation": "started from",
      "object_id": "c26fa3b4-e85d-44f5-a212-fecb246d8968-deposition-13"
    },
    {
      "subject_id": "c26fa3b4-e85d-44f5-a212-fecb246d8968-deposition-13",
      "relation": "of",
      "object_id": "c26fa3b4-e85d-44f5-a212-fecb246d8968-water-22-platform-23-environment-24"
    },
    {
      "subject_id": "c26fa3b4-e85d-44f5-a212-fecb246d8968-deposition-13",
      "relation": "is",
      "object_id": "c26fa3b4-e85d-44f5-a212-fecb246d8968-siliciclastic-15"
    },
    {
      "subject_id": "c26fa3b4-e85d-44f5-a212-fecb246d8968-deposition-13",
      "relation": "is in",
      "object_id": "c26fa3b4-e85d-44f5-a212-fecb246d8968-shallow-21-water-22-platform-23-environment-24"
    },
    {
      "subject_id": "c26fa3b4-e85d-44f5-a212-fecb246d8968-deposition-13",
      "relation": "of",
      "object_id": "c26fa3b4-e85d-44f5-a212-fecb246d8968-facies-18"
    },
    {
      "subject_id": "c26fa3b4-e85d-44f5-a212-fecb246d8968-deposition-13",
      "relation": "of",
      "object_id": "c26fa3b4-e85d-44f5-a212-fecb246d8968-shallow-21-water-22-platform-23-environment-24"
    },
    {
      "subject_id": "c26fa3b4-e85d-44f5-a212-fecb246d8968-interval-18",
      "relation": "represented in",
      "object_id": "c26fa3b4-e85d-44f5-a212-fecb246d8968-phase-14"
    },
    {
      "subject_id": "c26fa3b4-e85d-44f5-a212-fecb246d8968-interval-18",
      "relation": "is",
      "object_id": "c26fa3b4-e85d-44f5-a212-fecb246d8968-thick-17"
    },
    {
      "subject_id": "c26fa3b4-e85d-44f5-a212-fecb246d8968-phase-14",
      "relation": "is",
      "object_id": "c26fa3b4-e85d-44f5-a212-fecb246d8968-transgressive-13"
    },
    {
      "subject_id": "c26fa3b4-e85d-44f5-a212-fecb246d8968-interval-18",
      "relation": "represented with",
      "object_id": "c26fa3b4-e85d-44f5-a212-fecb246d8968-increase-5"
    },
    {
      "subject_id": "c26fa3b4-e85d-44f5-a212-fecb246d8968-increase-5",
      "relation": "is in",
      "object_id": "c26fa3b4-e85d-44f5-a212-fecb246d8968-accommodation-8-space-9"
    },
    {
      "subject_id": "c26fa3b4-e85d-44f5-a212-fecb246d8968-increase-5",
      "relation": "of",
      "object_id": "c26fa3b4-e85d-44f5-a212-fecb246d8968-accommodation-8-space-9"
    },
    {
      "subject_id": "c26fa3b4-e85d-44f5-a212-fecb246d8968-platform-28-scenario-29",
      "relation": "thus ending",
      "object_id": "c26fa3b4-e85d-44f5-a212-fecb246d8968-Sequence-42"
    },
    {
      "subject_id": "c26fa3b4-e85d-44f5-a212-fecb246d8968-Sequence-42",
      "relation": "is",
      "object_id": "c26fa3b4-e85d-44f5-a212-fecb246d8968-Albian-39"
    },
    {
      "subject_id": "c26fa3b4-e85d-44f5-a212-fecb246d8968-Sequence-42",
      "relation": "is",
      "object_id": "c26fa3b4-e85d-44f5-a212-fecb246d8968-Cenomanian-41"
    },
    {
      "subject_id": "c26fa3b4-e85d-44f5-a212-fecb246d8968-facies-8",
      "relation": "represented by",
      "object_id": "c26fa3b4-e85d-44f5-a212-fecb246d8968-calcarenites-17-layers-18"
    },
    {
      "subject_id": "c26fa3b4-e85d-44f5-a212-fecb246d8968-calcarenites-17-layers-18",
      "relation": "at",
      "object_id": "c26fa3b4-e85d-44f5-a212-fecb246d8968-mainly-14"
    },
    {
      "subject_id": "c26fa3b4-e85d-44f5-a212-fecb246d8968-platform-28-scenario-29",
      "relation": "ending",
      "object_id": "c26fa3b4-e85d-44f5-a212-fecb246d8968-Sequence-42"
    },
    {
      "subject_id": "c26fa3b4-e85d-44f5-a212-fecb246d8968-facies-8",
      "relation": "represented At",
      "object_id": "c26fa3b4-e85d-44f5-a212-fecb246d8968-end-3"
    },
    {
      "subject_id": "c26fa3b4-e85d-44f5-a212-fecb246d8968-platform-28-scenario-29",
      "relation": "denoting",
      "object_id": "c26fa3b4-e85d-44f5-a212-fecb246d8968-phase-34"
    },
    {
      "subject_id": "c26fa3b4-e85d-44f5-a212-fecb246d8968-phase-34",
      "relation": "is",
      "object_id": "c26fa3b4-e85d-44f5-a212-fecb246d8968-regressive-33"
    },
    {
      "subject_id": "c26fa3b4-e85d-44f5-a212-fecb246d8968-calcarenites-17-layers-18",
      "relation": "is",
      "object_id": "c26fa3b4-e85d-44f5-a212-fecb246d8968-thick-16"
    },
    {
      "subject_id": "c26fa3b4-e85d-44f5-a212-fecb246d8968-end-3",
      "relation": "of",
      "object_id": "c26fa3b4-e85d-44f5-a212-fecb246d8968-interval-6"
    }
  ],
  "links": {
    "NE-TITLE-model": [],
    "c26fa3b4-e85d-44f5-a212-fecb246d8968-relations-38": [],
    "c26fa3b4-e85d-44f5-a212-fecb246d8968-Ponta-6": [],
    "c26fa3b4-e85d-44f5-a212-fecb246d8968-Ponta-6-evolution-23": [],
    "c26fa3b4-e85d-44f5-a212-fecb246d8968-depositional-19": [
      "c26fa3b4-e85d-44f5-a212-fecb246d8968-depositional-41"
    ],
    "c26fa3b4-e85d-44f5-a212-fecb246d8968-Ponta-8": [],
    "c26fa3b4-e85d-44f5-a212-fecb246d8968-carbonate-11-platform-12": [],
    "NE-PERSON-Mel": [],
    "c26fa3b4-e85d-44f5-a212-fecb246d8968-overlapping-42": [],
    "c26fa3b4-e85d-44f5-a212-fecb246d8968-overlapping-42-units-45": [],
    "c26fa3b4-e85d-44f5-a212-fecb246d8968-work-2-intends-3": [],
    "c26fa3b4-e85d-44f5-a212-fecb246d8968-stratigraphic-37": [
      "c26fa3b4-e85d-44f5-a212-fecb246d8968-stratigraphic-3",
      "c26fa3b4-e85d-44f5-a212-fecb246d8968-stratigraphic-4"
    ],
    "c26fa3b4-e85d-44f5-a212-fecb246d8968-units-45": [],
    "c26fa3b4-e85d-44f5-a212-fecb246d8968-wells-48": [],
    "c26fa3b4-e85d-44f5-a212-fecb246d8968-implanted-14": [],
    "c26fa3b4-e85d-44f5-a212-fecb246d8968-shoreline-25": [],
    "c26fa3b4-e85d-44f5-a212-fecb246d8968-it-31": [],
    "c26fa3b4-e85d-44f5-a212-fecb246d8968-belt-10": [],
    "c26fa3b4-e85d-44f5-a212-fecb246d8968-offshore-13-portion-14": [],
    "NE-LOCATION-Potiguar-Basin": [],
    "c26fa3b4-e85d-44f5-a212-fecb246d8968-it-13": [
      "c26fa3b4-e85d-44f5-a212-fecb246d8968-It-1"
    ],
    "c26fa3b4-e85d-44f5-a212-fecb246d8968-1D-9-analysis-10": [],
    "c26fa3b4-e85d-44f5-a212-fecb246d8968-analysis-4": [
      "c26fa3b4-e85d-44f5-a212-fecb246d8968-analysis-5"
    ],
    "c26fa3b4-e85d-44f5-a212-fecb246d8968-stratigraphic-3": [
      "c26fa3b4-e85d-44f5-a212-fecb246d8968-stratigraphic-37",
      "c26fa3b4-e85d-44f5-a212-fecb246d8968-stratigraphic-4"
    ],
    "c26fa3b4-e85d-44f5-a212-fecb246d8968-carbonate-18-lithofacies-19": [],
    "c26fa3b4-e85d-44f5-a212-fecb246d8968-possible-15": [],
    "c26fa3b4-e85d-44f5-a212-fecb246d8968-wells-7": [],
    "c26fa3b4-e85d-44f5-a212-fecb246d8968-It-1": [
      "c26fa3b4-e85d-44f5-a212-fecb246d8968-it-13"
    ],
    "c26fa3b4-e85d-44f5-a212-fecb246d8968-possible-4": [],
    "c26fa3b4-e85d-44f5-a212-fecb246d8968-also-3": [],
    "c26fa3b4-e85d-44f5-a212-fecb246d8968-cycle-11-sets-12": [],
    "c26fa3b4-e85d-44f5-a212-fecb246d8968-systems-20-tracts-21": [],
    "c26fa3b4-e85d-44f5-a212-fecb246d8968-cycles-9": [],
    "c26fa3b4-e85d-44f5-a212-fecb246d8968-shallowing-7": [],
    "c26fa3b4-e85d-44f5-a212-fecb246d8968-associated-16": [],
    "c26fa3b4-e85d-44f5-a212-fecb246d8968-identified-19": [],
    "c26fa3b4-e85d-44f5-a212-fecb246d8968-upward-8": [],
    "c26fa3b4-e85d-44f5-a212-fecb246d8968-seismic-13-facies-14": [],
    "c26fa3b4-e85d-44f5-a212-fecb246d8968-visualized-16": [],
    "c26fa3b4-e85d-44f5-a212-fecb246d8968-four-12": [],
    "c26fa3b4-e85d-44f5-a212-fecb246d8968-analysis-5": [
      "c26fa3b4-e85d-44f5-a212-fecb246d8968-analysis-4"
    ],
    "c26fa3b4-e85d-44f5-a212-fecb246d8968-seismic-3": [],
    "c26fa3b4-e85d-44f5-a212-fecb246d8968-way-10": [],
    "c26fa3b4-e85d-44f5-a212-fecb246d8968-same-9": [],
    "c26fa3b4-e85d-44f5-a212-fecb246d8968-stratigraphic-4": [
      "c26fa3b4-e85d-44f5-a212-fecb246d8968-stratigraphic-37",
      "c26fa3b4-e85d-44f5-a212-fecb246d8968-stratigraphic-3"
    ],
    "c26fa3b4-e85d-44f5-a212-fecb246d8968-sequence-42": [
      "c26fa3b4-e85d-44f5-a212-fecb246d8968-Sequence-52"
    ],
    "c26fa3b4-e85d-44f5-a212-fecb246d8968-Sequence-52": [
      "c26fa3b4-e85d-44f5-a212-fecb246d8968-sequence-42"
    ],
    "c26fa3b4-e85d-44f5-a212-fecb246d8968-LST-61": [],
    "c26fa3b4-e85d-44f5-a212-fecb246d8968-interval-22": [],
    "c26fa3b4-e85d-44f5-a212-fecb246d8968-coincides-25": [],
    "c26fa3b4-e85d-44f5-a212-fecb246d8968-depositional-41": [
      "c26fa3b4-e85d-44f5-a212-fecb246d8968-depositional-19"
    ],
    "c26fa3b4-e85d-44f5-a212-fecb246d8968-Cenomanian-51": [
      "c26fa3b4-e85d-44f5-a212-fecb246d8968-Cenomanian-41"
    ],
    "c26fa3b4-e85d-44f5-a212-fecb246d8968-complete-40": [],
    "c26fa3b4-e85d-44f5-a212-fecb246d8968-formed-54": [],
    "c26fa3b4-e85d-44f5-a212-fecb246d8968-lithostratigraphic-28": [],
    "c26fa3b4-e85d-44f5-a212-fecb246d8968-studied-21": [],
    "c26fa3b4-e85d-44f5-a212-fecb246d8968-Albian-49": [
      "c26fa3b4-e85d-44f5-a212-fecb246d8968-Albian-39"
    ],
    "c26fa3b4-e85d-44f5-a212-fecb246d8968-terms-29": [],
    "c26fa3b4-e85d-44f5-a212-fecb246d8968-integration-2": [],
    "c26fa3b4-e85d-44f5-a212-fecb246d8968-understand-18": [],
    "c26fa3b4-e85d-44f5-a212-fecb246d8968-to-17": [],
    "NE-LOCATION-Ponta": [],
    "c26fa3b4-e85d-44f5-a212-fecb246d8968-Mel-8-unit-9": [],
    "c26fa3b4-e85d-44f5-a212-fecb246d8968-deposition-13": [],
    "c26fa3b4-e85d-44f5-a212-fecb246d8968-water-22-platform-23-environment-24": [
      "c26fa3b4-e85d-44f5-a212-fecb246d8968-shallow-21-water-22-platform-23-environment-24"
    ],
    "c26fa3b4-e85d-44f5-a212-fecb246d8968-siliciclastic-15": [],
    "c26fa3b4-e85d-44f5-a212-fecb246d8968-shallow-21-water-22-platform-23-environment-24": [
      "c26fa3b4-e85d-44f5-a212-fecb246d8968-water-22-platform-23-environment-24"
    ],
    "c26fa3b4-e85d-44f5-a212-fecb246d8968-facies-18": [],
    "c26fa3b4-e85d-44f5-a212-fecb246d8968-interval-18": [],
    "c26fa3b4-e85d-44f5-a212-fecb246d8968-phase-14": [],
    "c26fa3b4-e85d-44f5-a212-fecb246d8968-thick-17": [],
    "c26fa3b4-e85d-44f5-a212-fecb246d8968-transgressive-13": [],
    "c26fa3b4-e85d-44f5-a212-fecb246d8968-increase-5": [],
    "c26fa3b4-e85d-44f5-a212-fecb246d8968-accommodation-8-space-9": [],
    "c26fa3b4-e85d-44f5-a212-fecb246d8968-platform-28-scenario-29": [],
    "c26fa3b4-e85d-44f5-a212-fecb246d8968-Sequence-42": [],
    "c26fa3b4-e85d-44f5-a212-fecb246d8968-Albian-39": [
      "c26fa3b4-e85d-44f5-a212-fecb246d8968-Albian-49"
    ],
    "c26fa3b4-e85d-44f5-a212-fecb246d8968-Cenomanian-41": [
      "c26fa3b4-e85d-44f5-a212-fecb246d8968-Cenomanian-51"
    ],
    "c26fa3b4-e85d-44f5-a212-fecb246d8968-facies-8": [],
    "c26fa3b4-e85d-44f5-a212-fecb246d8968-calcarenites-17-layers-18": [],
    "c26fa3b4-e85d-44f5-a212-fecb246d8968-mainly-14": [],
    "c26fa3b4-e85d-44f5-a212-fecb246d8968-end-3": [],
    "c26fa3b4-e85d-44f5-a212-fecb246d8968-phase-34": [],
    "c26fa3b4-e85d-44f5-a212-fecb246d8968-regressive-33": [],
    "c26fa3b4-e85d-44f5-a212-fecb246d8968-thick-16": [],
    "c26fa3b4-e85d-44f5-a212-fecb246d8968-interval-6": []
  }
}