{
  "document": "D:/Projetos/PIRA_KG/documents/onu_85087228205.txt",
  "entities": {
    "fb7e8c11-5740-4da0-9139-e7047dada05c-paper-2": "paper",
    "fb7e8c11-5740-4da0-9139-e7047dada05c-solutions-6": "solutions",
    "fb7e8c11-5740-4da0-9139-e7047dada05c-weight-11": "weight",
    "fb7e8c11-5740-4da0-9139-e7047dada05c-conserving-10": "conserving",
    "fb7e8c11-5740-4da0-9139-e7047dada05c-paper-29": "paper",
    "fb7e8c11-5740-4da0-9139-e7047dada05c-lifecycle-36-approach-37": "lifecycle approach",
    "fb7e8c11-5740-4da0-9139-e7047dada05c-applications-11": "applications",
    "fb7e8c11-5740-4da0-9139-e7047dada05c-digital-35": "digital",
    "NE-ORGANIZATION-FPSO": "FPSO",
    "fb7e8c11-5740-4da0-9139-e7047dada05c-topsides-40": "topsides",
    "fb7e8c11-5740-4da0-9139-e7047dada05c-design-4-considerations-5": "design considerations",
    "fb7e8c11-5740-4da0-9139-e7047dada05c-gas-7-turbines-8": "gas turbines",
    "fb7e8c11-5740-4da0-9139-e7047dada05c-holistic-34": "holistic",
    "fb7e8c11-5740-4da0-9139-e7047dada05c-dry-15-low-17-emissions-18-technology-19": "dry low emissions technology",
    "fb7e8c11-5740-4da0-9139-e7047dada05c-lightweight-23-components-24": "lightweight components",
    "fb7e8c11-5740-4da0-9139-e7047dada05c-capital-46-expenses-49": "capital expenses",
    "fb7e8c11-5740-4da0-9139-e7047dada05c-project-52-development-53-cycles-54": "project development cycles",
    "fb7e8c11-5740-4da0-9139-e7047dada05c-offshore-10": "offshore",
    "fb7e8c11-5740-4da0-9139-e7047dada05c-compression-12-solutions-13": "compression solutions",
    "fb7e8c11-5740-4da0-9139-e7047dada05c-implemented-16": "implemented",
    "NE-LOCATION-Bering-Sea": "Bering Sea",
    "fb7e8c11-5740-4da0-9139-e7047dada05c-projects-20": "projects",
    "fb7e8c11-5740-4da0-9139-e7047dada05c-offshore-19": "offshore",
    "NE-COUNTRY-Brazil": "Brazil",
    "fb7e8c11-5740-4da0-9139-e7047dada05c-Offshore-28": "Offshore",
    "fb7e8c11-5740-4da0-9139-e7047dada05c-paper-6": "paper",
    "fb7e8c11-5740-4da0-9139-e7047dada05c-purposes-3": "purposes",
    "fb7e8c11-5740-4da0-9139-e7047dada05c-illustrative-2": "illustrative",
    "NE-DATE-2018": "2018",
    "NE-DATE-2017": "2017",
    "fb7e8c11-5740-4da0-9139-e7047dada05c-power-10": "power",
    "fb7e8c11-5740-4da0-9139-e7047dada05c-specific-9": "specific",
    "fb7e8c11-5740-4da0-9139-e7047dada05c-various-18": "various",
    "fb7e8c11-5740-4da0-9139-e7047dada05c-operators-10": "operators",
    "fb7e8c11-5740-4da0-9139-e7047dada05c-horsepower-12-requirements-13": "horsepower requirements",
    "fb7e8c11-5740-4da0-9139-e7047dada05c-emissions-15-targets-16": "emissions targets",
    "fb7e8c11-5740-4da0-9139-e7047dada05c-transformation-8": "transformation",
    "fb7e8c11-5740-4da0-9139-e7047dada05c-leveraged-11": "leveraged",
    "fb7e8c11-5740-4da0-9139-e7047dada05c-digital-7": "digital",
    "fb7e8c11-5740-4da0-9139-e7047dada05c-reduction-36": "reduction",
    "NE-ORGANIZATION-CAPEX": "CAPEX",
    "NE-MONEY-$7-million": "$ 7 million",
    "fb7e8c11-5740-4da0-9139-e7047dada05c-how-6": "how",
    "fb7e8c11-5740-4da0-9139-e7047dada05c-lifecycle-15-performance-16": "lifecycle performance",
    "fb7e8c11-5740-4da0-9139-e7047dada05c-reduction-47": "reduction",
    "NE-ORGANIZATION-OPEX": "OPEX",
    "NE-MONEY-$100-million": "$ 100 million",
    "fb7e8c11-5740-4da0-9139-e7047dada05c-60-42": "60",
    "fb7e8c11-5740-4da0-9139-e7047dada05c-benefits-19": "benefits",
    "fb7e8c11-5740-4da0-9139-e7047dada05c-delivering-18": "delivering",
    "fb7e8c11-5740-4da0-9139-e7047dada05c-reduction-26": "reduction",
    "fb7e8c11-5740-4da0-9139-e7047dada05c-project-28-cycle-29-times-30": "project cycle times",
    "NE-DURATION-week": "week",
    "fb7e8c11-5740-4da0-9139-e7047dada05c-4-22-12-24": "4 12"
  },
  "graph": [
    {
      "subject_id": "fb7e8c11-5740-4da0-9139-e7047dada05c-paper-2",
      "relation": "will focus on",
      "object_id": "fb7e8c11-5740-4da0-9139-e7047dada05c-solutions-6"
    },
    {
      "subject_id": "fb7e8c11-5740-4da0-9139-e7047dada05c-solutions-6",
      "relation": "of",
      "object_id": "fb7e8c11-5740-4da0-9139-e7047dada05c-weight-11"
    },
    {
      "subject_id": "fb7e8c11-5740-4da0-9139-e7047dada05c-solutions-6",
      "relation": "is",
      "object_id": "fb7e8c11-5740-4da0-9139-e7047dada05c-conserving-10"
    },
    {
      "subject_id": "fb7e8c11-5740-4da0-9139-e7047dada05c-paper-29",
      "relation": "will outline",
      "object_id": "fb7e8c11-5740-4da0-9139-e7047dada05c-lifecycle-36-approach-37"
    },
    {
      "subject_id": "fb7e8c11-5740-4da0-9139-e7047dada05c-paper-2",
      "relation": "will discuss design considerations in",
      "object_id": "fb7e8c11-5740-4da0-9139-e7047dada05c-applications-11"
    },
    {
      "subject_id": "fb7e8c11-5740-4da0-9139-e7047dada05c-paper-29",
      "relation": "will also outline",
      "object_id": "fb7e8c11-5740-4da0-9139-e7047dada05c-lifecycle-36-approach-37"
    },
    {
      "subject_id": "fb7e8c11-5740-4da0-9139-e7047dada05c-lifecycle-36-approach-37",
      "relation": "is",
      "object_id": "fb7e8c11-5740-4da0-9139-e7047dada05c-digital-35"
    },
    {
      "subject_id": "fb7e8c11-5740-4da0-9139-e7047dada05c-lifecycle-36-approach-37",
      "relation": "of",
      "object_id": "NE-ORGANIZATION-FPSO"
    },
    {
      "subject_id": "fb7e8c11-5740-4da0-9139-e7047dada05c-lifecycle-36-approach-37",
      "relation": "of",
      "object_id": "fb7e8c11-5740-4da0-9139-e7047dada05c-topsides-40"
    },
    {
      "subject_id": "fb7e8c11-5740-4da0-9139-e7047dada05c-paper-2",
      "relation": "will discuss",
      "object_id": "fb7e8c11-5740-4da0-9139-e7047dada05c-design-4-considerations-5"
    },
    {
      "subject_id": "fb7e8c11-5740-4da0-9139-e7047dada05c-design-4-considerations-5",
      "relation": "of",
      "object_id": "fb7e8c11-5740-4da0-9139-e7047dada05c-gas-7-turbines-8"
    },
    {
      "subject_id": "fb7e8c11-5740-4da0-9139-e7047dada05c-lifecycle-36-approach-37",
      "relation": "is",
      "object_id": "fb7e8c11-5740-4da0-9139-e7047dada05c-holistic-34"
    },
    {
      "subject_id": "fb7e8c11-5740-4da0-9139-e7047dada05c-dry-15-low-17-emissions-18-technology-19",
      "relation": "use of",
      "object_id": "fb7e8c11-5740-4da0-9139-e7047dada05c-lightweight-23-components-24"
    },
    {
      "subject_id": "fb7e8c11-5740-4da0-9139-e7047dada05c-capital-46-expenses-49",
      "relation": "shorten",
      "object_id": "fb7e8c11-5740-4da0-9139-e7047dada05c-project-52-development-53-cycles-54"
    },
    {
      "subject_id": "fb7e8c11-5740-4da0-9139-e7047dada05c-applications-11",
      "relation": "is",
      "object_id": "fb7e8c11-5740-4da0-9139-e7047dada05c-offshore-10"
    },
    {
      "subject_id": "fb7e8c11-5740-4da0-9139-e7047dada05c-compression-12-solutions-13",
      "relation": "were",
      "object_id": "fb7e8c11-5740-4da0-9139-e7047dada05c-implemented-16"
    },
    {
      "subject_id": "fb7e8c11-5740-4da0-9139-e7047dada05c-compression-12-solutions-13",
      "relation": "ranging to",
      "object_id": "NE-LOCATION-Bering-Sea"
    },
    {
      "subject_id": "fb7e8c11-5740-4da0-9139-e7047dada05c-implemented-16",
      "relation": "at",
      "object_id": "fb7e8c11-5740-4da0-9139-e7047dada05c-projects-20"
    },
    {
      "subject_id": "fb7e8c11-5740-4da0-9139-e7047dada05c-compression-12-solutions-13",
      "relation": "were implemented on",
      "object_id": "fb7e8c11-5740-4da0-9139-e7047dada05c-projects-20"
    },
    {
      "subject_id": "fb7e8c11-5740-4da0-9139-e7047dada05c-projects-20",
      "relation": "is",
      "object_id": "fb7e8c11-5740-4da0-9139-e7047dada05c-offshore-19"
    },
    {
      "subject_id": "fb7e8c11-5740-4da0-9139-e7047dada05c-compression-12-solutions-13",
      "relation": "ranging from",
      "object_id": "NE-COUNTRY-Brazil"
    },
    {
      "subject_id": "NE-COUNTRY-Brazil",
      "relation": "of",
      "object_id": "fb7e8c11-5740-4da0-9139-e7047dada05c-Offshore-28"
    },
    {
      "subject_id": "fb7e8c11-5740-4da0-9139-e7047dada05c-paper-6",
      "relation": "will discuss power For",
      "object_id": "fb7e8c11-5740-4da0-9139-e7047dada05c-purposes-3"
    },
    {
      "subject_id": "fb7e8c11-5740-4da0-9139-e7047dada05c-purposes-3",
      "relation": "is",
      "object_id": "fb7e8c11-5740-4da0-9139-e7047dada05c-illustrative-2"
    },
    {
      "subject_id": "fb7e8c11-5740-4da0-9139-e7047dada05c-compression-12-solutions-13",
      "relation": "were implemented in",
      "object_id": "NE-DATE-2018"
    },
    {
      "subject_id": "NE-DATE-2018",
      "relation": "amount to",
      "object_id": "NE-DATE-2017"
    },
    {
      "subject_id": "fb7e8c11-5740-4da0-9139-e7047dada05c-paper-6",
      "relation": "will discuss",
      "object_id": "fb7e8c11-5740-4da0-9139-e7047dada05c-power-10"
    },
    {
      "subject_id": "fb7e8c11-5740-4da0-9139-e7047dada05c-power-10",
      "relation": "is",
      "object_id": "fb7e8c11-5740-4da0-9139-e7047dada05c-specific-9"
    },
    {
      "subject_id": "fb7e8c11-5740-4da0-9139-e7047dada05c-implemented-16",
      "relation": "at",
      "object_id": "NE-DATE-2018"
    },
    {
      "subject_id": "fb7e8c11-5740-4da0-9139-e7047dada05c-projects-20",
      "relation": "is",
      "object_id": "fb7e8c11-5740-4da0-9139-e7047dada05c-various-18"
    },
    {
      "subject_id": "fb7e8c11-5740-4da0-9139-e7047dada05c-operators-10",
      "relation": "meet",
      "object_id": "fb7e8c11-5740-4da0-9139-e7047dada05c-horsepower-12-requirements-13"
    },
    {
      "subject_id": "fb7e8c11-5740-4da0-9139-e7047dada05c-horsepower-12-requirements-13",
      "relation": "operators",
      "object_id": "fb7e8c11-5740-4da0-9139-e7047dada05c-emissions-15-targets-16"
    },
    {
      "subject_id": "fb7e8c11-5740-4da0-9139-e7047dada05c-transformation-8",
      "relation": "be",
      "object_id": "fb7e8c11-5740-4da0-9139-e7047dada05c-leveraged-11"
    },
    {
      "subject_id": "fb7e8c11-5740-4da0-9139-e7047dada05c-transformation-8",
      "relation": "is",
      "object_id": "fb7e8c11-5740-4da0-9139-e7047dada05c-digital-7"
    },
    {
      "subject_id": "fb7e8c11-5740-4da0-9139-e7047dada05c-reduction-36",
      "relation": "is in",
      "object_id": "NE-ORGANIZATION-CAPEX"
    },
    {
      "subject_id": "fb7e8c11-5740-4da0-9139-e7047dada05c-reduction-36",
      "relation": "amount to",
      "object_id": "NE-MONEY-$7-million"
    },
    {
      "subject_id": "fb7e8c11-5740-4da0-9139-e7047dada05c-leveraged-11",
      "relation": "at",
      "object_id": "fb7e8c11-5740-4da0-9139-e7047dada05c-how-6"
    },
    {
      "subject_id": "fb7e8c11-5740-4da0-9139-e7047dada05c-transformation-8",
      "relation": "optimize",
      "object_id": "fb7e8c11-5740-4da0-9139-e7047dada05c-lifecycle-15-performance-16"
    },
    {
      "subject_id": "fb7e8c11-5740-4da0-9139-e7047dada05c-lifecycle-15-performance-16",
      "relation": "of",
      "object_id": "NE-ORGANIZATION-FPSO"
    },
    {
      "subject_id": "fb7e8c11-5740-4da0-9139-e7047dada05c-reduction-47",
      "relation": "is in",
      "object_id": "NE-ORGANIZATION-OPEX"
    },
    {
      "subject_id": "fb7e8c11-5740-4da0-9139-e7047dada05c-reduction-47",
      "relation": "amount to",
      "object_id": "NE-MONEY-$100-million"
    },
    {
      "subject_id": "fb7e8c11-5740-4da0-9139-e7047dada05c-reduction-47",
      "relation": "of",
      "object_id": "fb7e8c11-5740-4da0-9139-e7047dada05c-60-42"
    },
    {
      "subject_id": "fb7e8c11-5740-4da0-9139-e7047dada05c-transformation-8",
      "relation": "optimize",
      "object_id": "fb7e8c11-5740-4da0-9139-e7047dada05c-benefits-19"
    },
    {
      "subject_id": "fb7e8c11-5740-4da0-9139-e7047dada05c-benefits-19",
      "relation": "is",
      "object_id": "fb7e8c11-5740-4da0-9139-e7047dada05c-delivering-18"
    },
    {
      "subject_id": "fb7e8c11-5740-4da0-9139-e7047dada05c-reduction-26",
      "relation": "is in",
      "object_id": "fb7e8c11-5740-4da0-9139-e7047dada05c-project-28-cycle-29-times-30"
    },
    {
      "subject_id": "fb7e8c11-5740-4da0-9139-e7047dada05c-reduction-26",
      "relation": "of",
      "object_id": "NE-DURATION-week"
    },
    {
      "subject_id": "fb7e8c11-5740-4da0-9139-e7047dada05c-reduction-26",
      "relation": "of",
      "object_id": "fb7e8c11-5740-4da0-9139-e7047dada05c-4-22-12-24"
    },
    {
      "subject_id": "fb7e8c11-5740-4da0-9139-e7047dada05c-lifecycle-15-performance-16",
      "relation": "benefits such",
      "object_id": "fb7e8c11-5740-4da0-9139-e7047dada05c-reduction-26"
    },
    {
      "subject_id": "fb7e8c11-5740-4da0-9139-e7047dada05c-reduction-26",
      "relation": "of",
      "object_id": "fb7e8c11-5740-4da0-9139-e7047dada05c-project-28-cycle-29-times-30"
    }
  ],
  "links": {
    "fb7e8c11-5740-4da0-9139-e7047dada05c-paper-2": [
      "fb7e8c11-5740-4da0-9139-e7047dada05c-paper-29",
      "fb7e8c11-5740-4da0-9139-e7047dada05c-paper-6"
    ],
    "fb7e8c11-5740-4da0-9139-e7047dada05c-solutions-6": [],
    "fb7e8c11-5740-4da0-9139-e7047dada05c-weight-11": [],
    "fb7e8c11-5740-4da0-9139-e7047dada05c-conserving-10": [],
    "fb7e8c11-5740-4da0-9139-e7047dada05c-paper-29": [
      "fb7e8c11-5740-4da0-9139-e7047dada05c-paper-2"
    ],
    "fb7e8c11-5740-4da0-9139-e7047dada05c-lifecycle-36-approach-37": [],
    "fb7e8c11-5740-4da0-9139-e7047dada05c-applications-11": [],
    "fb7e8c11-5740-4da0-9139-e7047dada05c-digital-35": [],
    "NE-ORGANIZATION-FPSO": [],
    "fb7e8c11-5740-4da0-9139-e7047dada05c-topsides-40": [],
    "fb7e8c11-5740-4da0-9139-e7047dada05c-design-4-considerations-5": [],
    "fb7e8c11-5740-4da0-9139-e7047dada05c-gas-7-turbines-8": [],
    "fb7e8c11-5740-4da0-9139-e7047dada05c-holistic-34": [],
    "fb7e8c11-5740-4da0-9139-e7047dada05c-dry-15-low-17-emissions-18-technology-19": [],
    "fb7e8c11-5740-4da0-9139-e7047dada05c-lightweight-23-components-24": [],
    "fb7e8c11-5740-4da0-9139-e7047dada05c-capital-46-expenses-49": [],
    "fb7e8c11-5740-4da0-9139-e7047dada05c-project-52-development-53-cycles-54": [],
    "fb7e8c11-5740-4da0-9139-e7047dada05c-offshore-10": [
      "fb7e8c11-5740-4da0-9139-e7047dada05c-offshore-19"
    ],
    "fb7e8c11-5740-4da0-9139-e7047dada05c-compression-12-solutions-13": [],
    "fb7e8c11-5740-4da0-9139-e7047dada05c-implemented-16": [],
    "NE-LOCATION-Bering-Sea": [],
    "fb7e8c11-5740-4da0-9139-e7047dada05c-projects-20": [],
    "fb7e8c11-5740-4da0-9139-e7047dada05c-offshore-19": [
      "fb7e8c11-5740-4da0-9139-e7047dada05c-offshore-10"
    ],
    "NE-COUNTRY-Brazil": [],
    "fb7e8c11-5740-4da0-9139-e7047dada05c-Offshore-28": [],
    "fb7e8c11-5740-4da0-9139-e7047dada05c-paper-6": [
      "fb7e8c11-5740-4da0-9139-e7047dada05c-paper-2"
    ],
    "fb7e8c11-5740-4da0-9139-e7047dada05c-purposes-3": [],
    "fb7e8c11-5740-4da0-9139-e7047dada05c-illustrative-2": [],
    "NE-DATE-2018": [],
    "NE-DATE-2017": [],
    "fb7e8c11-5740-4da0-9139-e7047dada05c-power-10": [],
    "fb7e8c11-5740-4da0-9139-e7047dada05c-specific-9": [],
    "fb7e8c11-5740-4da0-9139-e7047dada05c-various-18": [],
    "fb7e8c11-5740-4da0-9139-e7047dada05c-operators-10": [],
    "fb7e8c11-5740-4da0-9139-e7047dada05c-horsepower-12-requirements-13": [],
    "fb7e8c11-5740-4da0-9139-e7047dada05c-emissions-15-targets-16": [],
    "fb7e8c11-5740-4da0-9139-e7047dada05c-transformation-8": [],
    "fb7e8c11-5740-4da0-9139-e7047dada05c-leveraged-11": [],
    "fb7e8c11-5740-4da0-9139-e7047dada05c-digital-7": [],
    "fb7e8c11-5740-4da0-9139-e7047dada05c-reduction-36": [
      "fb7e8c11-5740-4da0-9139-e7047dada05c-reduction-47"
    ],
    "NE-ORGANIZATION-CAPEX": [],
    "NE-MONEY-$7-million": [
      "NE-MONEY-$100-million"
    ],
    "fb7e8c11-5740-4da0-9139-e7047dada05c-how-6": [],
    "fb7e8c11-5740-4da0-9139-e7047dada05c-lifecycle-15-performance-16": [],
    "fb7e8c11-5740-4da0-9139-e7047dada05c-reduction-47": [
      "fb7e8c11-5740-4da0-9139-e7047dada05c-reduction-36"
    ],
    "NE-ORGANIZATION-OPEX": [],
    "NE-MONEY-$100-million": [
      "NE-MONEY-$7-million"
    ],
    "fb7e8c11-5740-4da0-9139-e7047dada05c-60-42": [],
    "fb7e8c11-5740-4da0-9139-e7047dada05c-benefits-19": [],
    "fb7e8c11-5740-4da0-9139-e7047dada05c-delivering-18": [],
    "fb7e8c11-5740-4da0-9139-e7047dada05c-reduction-26": [],
    "fb7e8c11-5740-4da0-9139-e7047dada05c-project-28-cycle-29-times-30": [],
    "NE-DURATION-week": [],
    "fb7e8c11-5740-4da0-9139-e7047dada05c-4-22-12-24": []
  }
}