{
  "document": "D:/Projetos/PIRA_KG/documents/onu_85056566136.txt",
  "entities": {
    "0f98ad10-7fd1-45a1-89ad-5f39f225e33c-changes-40": "changes",
    "0f98ad10-7fd1-45a1-89ad-5f39f225e33c-sedimentary-42-processes-43": "sedimentary processes",
    "0f98ad10-7fd1-45a1-89ad-5f39f225e33c-sediment-2-cores-3": "sediment cores",
    "0f98ad10-7fd1-45a1-89ad-5f39f225e33c-shelf-7": "shelf",
    "0f98ad10-7fd1-45a1-89ad-5f39f225e33c-Two-1": "Two",
    "NE-CITY-Rio-de-Janeiro": "Rio de Janeiro",
    "0f98ad10-7fd1-45a1-89ad-5f39f225e33c-Information-1": "Information",
    "0f98ad10-7fd1-45a1-89ad-5f39f225e33c-considered-90": "considered",
    "0f98ad10-7fd1-45a1-89ad-5f39f225e33c-4.5-170-cal-171-kyr-172-BP-173": "4.5 cal kyr BP",
    "0f98ad10-7fd1-45a1-89ad-5f39f225e33c-higher-180-fluxes-181": "higher fluxes",
    "0f98ad10-7fd1-45a1-89ad-5f39f225e33c-data-2": "data",
    "0f98ad10-7fd1-45a1-89ad-5f39f225e33c-three-4-periods-6": "three periods",
    "0f98ad10-7fd1-45a1-89ad-5f39f225e33c-main-5": "main",
    "0f98ad10-7fd1-45a1-89ad-5f39f225e33c-sediment-8-accumulation-9": "sediment accumulation",
    "0f98ad10-7fd1-45a1-89ad-5f39f225e33c-approach-5": "approach",
    "0f98ad10-7fd1-45a1-89ad-5f39f225e33c-effects-10": "effects",
    "0f98ad10-7fd1-45a1-89ad-5f39f225e33c-multi-proxy-4": "multi-proxy",
    "0f98ad10-7fd1-45a1-89ad-5f39f225e33c-portion-26": "portion",
    "0f98ad10-7fd1-45a1-89ad-5f39f225e33c-light-7": "light",
    "0f98ad10-7fd1-45a1-89ad-5f39f225e33c-climate-12": "climate",
    "0f98ad10-7fd1-45a1-89ad-5f39f225e33c-less-23-studied-25-portion-26": "less studied portion",
    "NE-NATIONALITY-Brazilian": "Brazilian",
    "0f98ad10-7fd1-45a1-89ad-5f39f225e33c-shelf-30": "shelf",
    "0f98ad10-7fd1-45a1-89ad-5f39f225e33c-changes-41": "changes",
    "0f98ad10-7fd1-45a1-89ad-5f39f225e33c-regional-43-climate-44-systems-45": "regional climate systems",
    "NE-ORGANIZATION-Monsoon-Systems": "Monsoon Systems",
    "NE-NATIONALITY-American": "American"
  },
  "graph": [
    {
      "subject_id": "0f98ad10-7fd1-45a1-89ad-5f39f225e33c-changes-40",
      "relation": "is in",
      "object_id": "0f98ad10-7fd1-45a1-89ad-5f39f225e33c-sedimentary-42-processes-43"
    },
    {
      "subject_id": "0f98ad10-7fd1-45a1-89ad-5f39f225e33c-sediment-2-cores-3",
      "relation": "collected in",
      "object_id": "0f98ad10-7fd1-45a1-89ad-5f39f225e33c-shelf-7"
    },
    {
      "subject_id": "0f98ad10-7fd1-45a1-89ad-5f39f225e33c-sediment-2-cores-3",
      "relation": "amount to",
      "object_id": "0f98ad10-7fd1-45a1-89ad-5f39f225e33c-Two-1"
    },
    {
      "subject_id": "0f98ad10-7fd1-45a1-89ad-5f39f225e33c-shelf-7",
      "relation": "of",
      "object_id": "NE-CITY-Rio-de-Janeiro"
    },
    {
      "subject_id": "0f98ad10-7fd1-45a1-89ad-5f39f225e33c-Information-1",
      "relation": "were",
      "object_id": "0f98ad10-7fd1-45a1-89ad-5f39f225e33c-considered-90"
    },
    {
      "subject_id": "0f98ad10-7fd1-45a1-89ad-5f39f225e33c-4.5-170-cal-171-kyr-172-BP-173",
      "relation": "events of",
      "object_id": "0f98ad10-7fd1-45a1-89ad-5f39f225e33c-higher-180-fluxes-181"
    },
    {
      "subject_id": "0f98ad10-7fd1-45a1-89ad-5f39f225e33c-data-2",
      "relation": "revealed",
      "object_id": "0f98ad10-7fd1-45a1-89ad-5f39f225e33c-three-4-periods-6"
    },
    {
      "subject_id": "0f98ad10-7fd1-45a1-89ad-5f39f225e33c-three-4-periods-6",
      "relation": "is",
      "object_id": "0f98ad10-7fd1-45a1-89ad-5f39f225e33c-main-5"
    },
    {
      "subject_id": "0f98ad10-7fd1-45a1-89ad-5f39f225e33c-three-4-periods-6",
      "relation": "of",
      "object_id": "0f98ad10-7fd1-45a1-89ad-5f39f225e33c-sediment-8-accumulation-9"
    },
    {
      "subject_id": "0f98ad10-7fd1-45a1-89ad-5f39f225e33c-approach-5",
      "relation": "Overall shed light on",
      "object_id": "0f98ad10-7fd1-45a1-89ad-5f39f225e33c-effects-10"
    },
    {
      "subject_id": "0f98ad10-7fd1-45a1-89ad-5f39f225e33c-approach-5",
      "relation": "is",
      "object_id": "0f98ad10-7fd1-45a1-89ad-5f39f225e33c-multi-proxy-4"
    },
    {
      "subject_id": "0f98ad10-7fd1-45a1-89ad-5f39f225e33c-effects-10",
      "relation": "of",
      "object_id": "0f98ad10-7fd1-45a1-89ad-5f39f225e33c-portion-26"
    },
    {
      "subject_id": "0f98ad10-7fd1-45a1-89ad-5f39f225e33c-approach-5",
      "relation": "shed",
      "object_id": "0f98ad10-7fd1-45a1-89ad-5f39f225e33c-light-7"
    },
    {
      "subject_id": "0f98ad10-7fd1-45a1-89ad-5f39f225e33c-approach-5",
      "relation": "shed light on",
      "object_id": "0f98ad10-7fd1-45a1-89ad-5f39f225e33c-effects-10"
    },
    {
      "subject_id": "0f98ad10-7fd1-45a1-89ad-5f39f225e33c-effects-10",
      "relation": "of",
      "object_id": "0f98ad10-7fd1-45a1-89ad-5f39f225e33c-climate-12"
    },
    {
      "subject_id": "0f98ad10-7fd1-45a1-89ad-5f39f225e33c-approach-5",
      "relation": "Overall shed",
      "object_id": "0f98ad10-7fd1-45a1-89ad-5f39f225e33c-light-7"
    },
    {
      "subject_id": "0f98ad10-7fd1-45a1-89ad-5f39f225e33c-effects-10",
      "relation": "is in",
      "object_id": "0f98ad10-7fd1-45a1-89ad-5f39f225e33c-less-23-studied-25-portion-26"
    },
    {
      "subject_id": "0f98ad10-7fd1-45a1-89ad-5f39f225e33c-less-23-studied-25-portion-26",
      "relation": "is",
      "object_id": "NE-NATIONALITY-Brazilian"
    },
    {
      "subject_id": "0f98ad10-7fd1-45a1-89ad-5f39f225e33c-less-23-studied-25-portion-26",
      "relation": "of",
      "object_id": "0f98ad10-7fd1-45a1-89ad-5f39f225e33c-shelf-30"
    },
    {
      "subject_id": "0f98ad10-7fd1-45a1-89ad-5f39f225e33c-changes-41",
      "relation": "is in",
      "object_id": "0f98ad10-7fd1-45a1-89ad-5f39f225e33c-regional-43-climate-44-systems-45"
    },
    {
      "subject_id": "NE-ORGANIZATION-Monsoon-Systems",
      "relation": "is",
      "object_id": "NE-NATIONALITY-American"
    }
  ],
  "links": {
    "0f98ad10-7fd1-45a1-89ad-5f39f225e33c-changes-40": [],
    "0f98ad10-7fd1-45a1-89ad-5f39f225e33c-sedimentary-42-processes-43": [],
    "0f98ad10-7fd1-45a1-89ad-5f39f225e33c-sediment-2-cores-3": [],
    "0f98ad10-7fd1-45a1-89ad-5f39f225e33c-shelf-7": [],
    "0f98ad10-7fd1-45a1-89ad-5f39f225e33c-Two-1": [],
    "NE-CITY-Rio-de-Janeiro": [],
    "0f98ad10-7fd1-45a1-89ad-5f39f225e33c-Information-1": [],
    "0f98ad10-7fd1-45a1-89ad-5f39f225e33c-considered-90": [],
    "0f98ad10-7fd1-45a1-89ad-5f39f225e33c-4.5-170-cal-171-kyr-172-BP-173": [],
    "0f98ad10-7fd1-45a1-89ad-5f39f225e33c-higher-180-fluxes-181": [],
    "0f98ad10-7fd1-45a1-89ad-5f39f225e33c-data-2": [],
    "0f98ad10-7fd1-45a1-89ad-5f39f225e33c-three-4-periods-6": [],
    "0f98ad10-7fd1-45a1-89ad-5f39f225e33c-main-5": [],
    "0f98ad10-7fd1-45a1-89ad-5f39f225e33c-sediment-8-accumulation-9": [],
    "0f98ad10-7fd1-45a1-89ad-5f39f225e33c-approach-5": [],
    "0f98ad10-7fd1-45a1-89ad-5f39f225e33c-effects-10": [],
    "0f98ad10-7fd1-45a1-89ad-5f39f225e33c-multi-proxy-4": [],
    "0f98ad10-7fd1-45a1-89ad-5f39f225e33c-portion-26": [],
    "0f98ad10-7fd1-45a1-89ad-5f39f225e33c-light-7": [],
    "0f98ad10-7fd1-45a1-89ad-5f39f225e33c-climate-12": [],
    "0f98ad10-7fd1-45a1-89ad-5f39f225e33c-less-23-studied-25-portion-26": [],
    "NE-NATIONALITY-Brazilian": [],
    "0f98ad10-7fd1-45a1-89ad-5f39f225e33c-shelf-30": [],
    "0f98ad10-7fd1-45a1-89ad-5f39f225e33c-changes-41": [],
    "0f98ad10-7fd1-45a1-89ad-5f39f225e33c-regional-43-climate-44-systems-45": [],
    "NE-ORGANIZATION-Monsoon-Systems": [],
    "NE-NATIONALITY-American": []
  }
}