{
  "document": "D:/Projetos/PIRA_KG/documents/onu_85060083816.txt",
  "entities": {
    "1dffa5b8-1e2e-4c52-9656-c5c66af49cc3-assemblages-3": "assemblages",
    "1dffa5b8-1e2e-4c52-9656-c5c66af49cc3-information-45": "information",
    "1dffa5b8-1e2e-4c52-9656-c5c66af49cc3-palynological-2": "palynological",
    "1dffa5b8-1e2e-4c52-9656-c5c66af49cc3-palaeoecological-51": "palaeoecological",
    "NE-CITY-Bay": "Bay",
    "NE-CITY-Rio-de-Janeiro": "Rio de Janeiro",
    "1dffa5b8-1e2e-4c52-9656-c5c66af49cc3-channel-7-surface-8-sediment-9-samples-10": "channel surface sediment samples",
    "NE-LOCATION-Caceribu": "Caceribu",
    "1dffa5b8-1e2e-4c52-9656-c5c66af49cc3-records-52": "records",
    "1dffa5b8-1e2e-4c52-9656-c5c66af49cc3-interpretation-49": "interpretation",
    "1dffa5b8-1e2e-4c52-9656-c5c66af49cc3-presented-5": "presented",
    "1dffa5b8-1e2e-4c52-9656-c5c66af49cc3-Here-1": "Here",
    "1dffa5b8-1e2e-4c52-9656-c5c66af49cc3-relevant-46": "relevant",
    "1dffa5b8-1e2e-4c52-9656-c5c66af49cc3-data-2": "data",
    "1dffa5b8-1e2e-4c52-9656-c5c66af49cc3-transport-31": "transport",
    "1dffa5b8-1e2e-4c52-9656-c5c66af49cc3-distant-26": "distant",
    "1dffa5b8-1e2e-4c52-9656-c5c66af49cc3-predominance-5": "predominance",
    "1dffa5b8-1e2e-4c52-9656-c5c66af49cc3-samples-15": "samples",
    "1dffa5b8-1e2e-4c52-9656-c5c66af49cc3-fluvial-30": "fluvial",
    "1dffa5b8-1e2e-4c52-9656-c5c66af49cc3-regional-28": "regional",
    "NE-LOCATION-Atlantic-Forest": "Atlantic Forest",
    "1dffa5b8-1e2e-4c52-9656-c5c66af49cc3-pollen-7-types-8": "pollen types",
    "1dffa5b8-1e2e-4c52-9656-c5c66af49cc3-Avicennia-1": "Avicennia",
    "1dffa5b8-1e2e-4c52-9656-c5c66af49cc3-represented-5": "represented",
    "1dffa5b8-1e2e-4c52-9656-c5c66af49cc3-zone-13": "zone",
    "1dffa5b8-1e2e-4c52-9656-c5c66af49cc3-closer-9": "closer",
    "1dffa5b8-1e2e-4c52-9656-c5c66af49cc3-intertidal-12": "intertidal",
    "NE-PERSON-Rhizophora": "Rhizophora",
    "1dffa5b8-1e2e-4c52-9656-c5c66af49cc3-important-19": "important",
    "1dffa5b8-1e2e-4c52-9656-c5c66af49cc3-samples-8": "samples",
    "1dffa5b8-1e2e-4c52-9656-c5c66af49cc3-most-18": "most",
    "1dffa5b8-1e2e-4c52-9656-c5c66af49cc3-possible-3": "possible",
    "1dffa5b8-1e2e-4c52-9656-c5c66af49cc3-difference-8": "difference",
    "1dffa5b8-1e2e-4c52-9656-c5c66af49cc3-pattern-25": "pattern",
    "1dffa5b8-1e2e-4c52-9656-c5c66af49cc3-marked-7": "marked",
    "NE-TITLE-river": "river",
    "1dffa5b8-1e2e-4c52-9656-c5c66af49cc3-different-23": "different",
    "1dffa5b8-1e2e-4c52-9656-c5c66af49cc3-hydrodynamic-24": "hydrodynamic",
    "1dffa5b8-1e2e-4c52-9656-c5c66af49cc3-pollen-10-concentration-11-deposition-13": "pollen concentration deposition",
    "1dffa5b8-1e2e-4c52-9656-c5c66af49cc3-three-16-rivers-17": "three rivers",
    "1dffa5b8-1e2e-4c52-9656-c5c66af49cc3-concentration-3": "concentration",
    "1dffa5b8-1e2e-4c52-9656-c5c66af49cc3-its-16-flow-18": "its flow",
    "1dffa5b8-1e2e-4c52-9656-c5c66af49cc3-deposition-25": "deposition",
    "1dffa5b8-1e2e-4c52-9656-c5c66af49cc3-response-36": "response",
    "NE-LOCATION-basin": "basin",
    "NE-LOCATION-Guanabara": "Guanabara",
    "1dffa5b8-1e2e-4c52-9656-c5c66af49cc3-sediments-30": "sediments",
    "1dffa5b8-1e2e-4c52-9656-c5c66af49cc3-high-24": "high",
    "NE-LOCATION-Guaraí": "Guaraí",
    "NE-TITLE-River": "River",
    "1dffa5b8-1e2e-4c52-9656-c5c66af49cc3-higher-17": "higher",
    "1dffa5b8-1e2e-4c52-9656-c5c66af49cc3-low-2": "low",
    "1dffa5b8-1e2e-4c52-9656-c5c66af49cc3-Macacú-9-Guapimirim-11": "Macacú Guapimirim",
    "1dffa5b8-1e2e-4c52-9656-c5c66af49cc3-its-16-isolation-39": "its isolation",
    "1dffa5b8-1e2e-4c52-9656-c5c66af49cc3-It-1": "It",
    "1dffa5b8-1e2e-4c52-9656-c5c66af49cc3-data-8": "data",
    "1dffa5b8-1e2e-4c52-9656-c5c66af49cc3-interesting-7": "interesting",
    "1dffa5b8-1e2e-4c52-9656-c5c66af49cc3-other-6": "other",
    "1dffa5b8-1e2e-4c52-9656-c5c66af49cc3-low-12-palynomorph-13-concentration-14": "low palynomorph concentration",
    "1dffa5b8-1e2e-4c52-9656-c5c66af49cc3-samples-16-from-17-near-18-mouth-20": "samples from near mouth",
    "1dffa5b8-1e2e-4c52-9656-c5c66af49cc3-increase-23": "increase",
    "1dffa5b8-1e2e-4c52-9656-c5c66af49cc3-upstream-28-samples-29": "upstream samples",
    "1dffa5b8-1e2e-4c52-9656-c5c66af49cc3-increase-4": "increase",
    "1dffa5b8-1e2e-4c52-9656-c5c66af49cc3-reach-20": "reach",
    "1dffa5b8-1e2e-4c52-9656-c5c66af49cc3-saline-23-waters-24": "saline waters",
    "1dffa5b8-1e2e-4c52-9656-c5c66af49cc3-their-26-meeting-27": "their meeting",
    "1dffa5b8-1e2e-4c52-9656-c5c66af49cc3-internal-30-flow-31-of-32-rivers-34": "internal flow of rivers",
    "1dffa5b8-1e2e-4c52-9656-c5c66af49cc3-total-7-concentration-8": "total concentration",
    "1dffa5b8-1e2e-4c52-9656-c5c66af49cc3-palynomorphs-11": "palynomorphs",
    "1dffa5b8-1e2e-4c52-9656-c5c66af49cc3-upstream-14-samples-15": "upstream samples",
    "1dffa5b8-1e2e-4c52-9656-c5c66af49cc3-maximum-19": "maximum"
  },
  "graph": [
    {
      "subject_id": "1dffa5b8-1e2e-4c52-9656-c5c66af49cc3-assemblages-3",
      "relation": "provide",
      "object_id": "1dffa5b8-1e2e-4c52-9656-c5c66af49cc3-information-45"
    },
    {
      "subject_id": "1dffa5b8-1e2e-4c52-9656-c5c66af49cc3-assemblages-3",
      "relation": "is",
      "object_id": "1dffa5b8-1e2e-4c52-9656-c5c66af49cc3-palynological-2"
    },
    {
      "subject_id": "1dffa5b8-1e2e-4c52-9656-c5c66af49cc3-information-45",
      "relation": "is",
      "object_id": "1dffa5b8-1e2e-4c52-9656-c5c66af49cc3-palaeoecological-51"
    },
    {
      "subject_id": "NE-CITY-Bay",
      "relation": "State of",
      "object_id": "NE-CITY-Rio-de-Janeiro"
    },
    {
      "subject_id": "1dffa5b8-1e2e-4c52-9656-c5c66af49cc3-assemblages-3",
      "relation": "are presented from",
      "object_id": "1dffa5b8-1e2e-4c52-9656-c5c66af49cc3-channel-7-surface-8-sediment-9-samples-10"
    },
    {
      "subject_id": "1dffa5b8-1e2e-4c52-9656-c5c66af49cc3-assemblages-3",
      "relation": "Here are presented from",
      "object_id": "1dffa5b8-1e2e-4c52-9656-c5c66af49cc3-channel-7-surface-8-sediment-9-samples-10"
    },
    {
      "subject_id": "1dffa5b8-1e2e-4c52-9656-c5c66af49cc3-channel-7-surface-8-sediment-9-samples-10",
      "relation": "of",
      "object_id": "NE-LOCATION-Caceribu"
    },
    {
      "subject_id": "1dffa5b8-1e2e-4c52-9656-c5c66af49cc3-information-45",
      "relation": "of",
      "object_id": "1dffa5b8-1e2e-4c52-9656-c5c66af49cc3-records-52"
    },
    {
      "subject_id": "1dffa5b8-1e2e-4c52-9656-c5c66af49cc3-information-45",
      "relation": "at",
      "object_id": "1dffa5b8-1e2e-4c52-9656-c5c66af49cc3-interpretation-49"
    },
    {
      "subject_id": "1dffa5b8-1e2e-4c52-9656-c5c66af49cc3-assemblages-3",
      "relation": "are",
      "object_id": "1dffa5b8-1e2e-4c52-9656-c5c66af49cc3-presented-5"
    },
    {
      "subject_id": "1dffa5b8-1e2e-4c52-9656-c5c66af49cc3-presented-5",
      "relation": "at",
      "object_id": "1dffa5b8-1e2e-4c52-9656-c5c66af49cc3-Here-1"
    },
    {
      "subject_id": "1dffa5b8-1e2e-4c52-9656-c5c66af49cc3-information-45",
      "relation": "is",
      "object_id": "1dffa5b8-1e2e-4c52-9656-c5c66af49cc3-relevant-46"
    },
    {
      "subject_id": "1dffa5b8-1e2e-4c52-9656-c5c66af49cc3-data-2",
      "relation": "suggesting",
      "object_id": "1dffa5b8-1e2e-4c52-9656-c5c66af49cc3-transport-31"
    },
    {
      "subject_id": "1dffa5b8-1e2e-4c52-9656-c5c66af49cc3-transport-31",
      "relation": "is",
      "object_id": "1dffa5b8-1e2e-4c52-9656-c5c66af49cc3-distant-26"
    },
    {
      "subject_id": "1dffa5b8-1e2e-4c52-9656-c5c66af49cc3-predominance-5",
      "relation": "is in",
      "object_id": "1dffa5b8-1e2e-4c52-9656-c5c66af49cc3-samples-15"
    },
    {
      "subject_id": "1dffa5b8-1e2e-4c52-9656-c5c66af49cc3-transport-31",
      "relation": "is",
      "object_id": "1dffa5b8-1e2e-4c52-9656-c5c66af49cc3-fluvial-30"
    },
    {
      "subject_id": "1dffa5b8-1e2e-4c52-9656-c5c66af49cc3-data-2",
      "relation": "indicate",
      "object_id": "1dffa5b8-1e2e-4c52-9656-c5c66af49cc3-predominance-5"
    },
    {
      "subject_id": "1dffa5b8-1e2e-4c52-9656-c5c66af49cc3-transport-31",
      "relation": "is",
      "object_id": "1dffa5b8-1e2e-4c52-9656-c5c66af49cc3-regional-28"
    },
    {
      "subject_id": "1dffa5b8-1e2e-4c52-9656-c5c66af49cc3-predominance-5",
      "relation": "of",
      "object_id": "NE-LOCATION-Atlantic-Forest"
    },
    {
      "subject_id": "1dffa5b8-1e2e-4c52-9656-c5c66af49cc3-predominance-5",
      "relation": "of",
      "object_id": "1dffa5b8-1e2e-4c52-9656-c5c66af49cc3-samples-15"
    },
    {
      "subject_id": "1dffa5b8-1e2e-4c52-9656-c5c66af49cc3-predominance-5",
      "relation": "of",
      "object_id": "1dffa5b8-1e2e-4c52-9656-c5c66af49cc3-pollen-7-types-8"
    },
    {
      "subject_id": "1dffa5b8-1e2e-4c52-9656-c5c66af49cc3-Avicennia-1",
      "relation": "were",
      "object_id": "1dffa5b8-1e2e-4c52-9656-c5c66af49cc3-represented-5"
    },
    {
      "subject_id": "1dffa5b8-1e2e-4c52-9656-c5c66af49cc3-represented-5",
      "relation": "at",
      "object_id": "1dffa5b8-1e2e-4c52-9656-c5c66af49cc3-zone-13"
    },
    {
      "subject_id": "1dffa5b8-1e2e-4c52-9656-c5c66af49cc3-represented-5",
      "relation": "is",
      "object_id": "1dffa5b8-1e2e-4c52-9656-c5c66af49cc3-closer-9"
    },
    {
      "subject_id": "1dffa5b8-1e2e-4c52-9656-c5c66af49cc3-represented-5",
      "relation": "is",
      "object_id": "1dffa5b8-1e2e-4c52-9656-c5c66af49cc3-intertidal-12"
    },
    {
      "subject_id": "NE-PERSON-Rhizophora",
      "relation": "being",
      "object_id": "1dffa5b8-1e2e-4c52-9656-c5c66af49cc3-important-19"
    },
    {
      "subject_id": "1dffa5b8-1e2e-4c52-9656-c5c66af49cc3-represented-5",
      "relation": "at",
      "object_id": "1dffa5b8-1e2e-4c52-9656-c5c66af49cc3-samples-8"
    },
    {
      "subject_id": "1dffa5b8-1e2e-4c52-9656-c5c66af49cc3-important-19",
      "relation": "at",
      "object_id": "1dffa5b8-1e2e-4c52-9656-c5c66af49cc3-most-18"
    },
    {
      "subject_id": "1dffa5b8-1e2e-4c52-9656-c5c66af49cc3-Avicennia-1",
      "relation": "was",
      "object_id": "1dffa5b8-1e2e-4c52-9656-c5c66af49cc3-possible-3"
    },
    {
      "subject_id": "1dffa5b8-1e2e-4c52-9656-c5c66af49cc3-difference-8",
      "relation": "probably related to",
      "object_id": "1dffa5b8-1e2e-4c52-9656-c5c66af49cc3-pattern-25"
    },
    {
      "subject_id": "1dffa5b8-1e2e-4c52-9656-c5c66af49cc3-difference-8",
      "relation": "is",
      "object_id": "1dffa5b8-1e2e-4c52-9656-c5c66af49cc3-marked-7"
    },
    {
      "subject_id": "1dffa5b8-1e2e-4c52-9656-c5c66af49cc3-pattern-25",
      "relation": "of",
      "object_id": "NE-TITLE-river"
    },
    {
      "subject_id": "1dffa5b8-1e2e-4c52-9656-c5c66af49cc3-difference-8",
      "relation": "related to",
      "object_id": "1dffa5b8-1e2e-4c52-9656-c5c66af49cc3-pattern-25"
    },
    {
      "subject_id": "1dffa5b8-1e2e-4c52-9656-c5c66af49cc3-pattern-25",
      "relation": "is",
      "object_id": "1dffa5b8-1e2e-4c52-9656-c5c66af49cc3-different-23"
    },
    {
      "subject_id": "1dffa5b8-1e2e-4c52-9656-c5c66af49cc3-pattern-25",
      "relation": "is",
      "object_id": "1dffa5b8-1e2e-4c52-9656-c5c66af49cc3-hydrodynamic-24"
    },
    {
      "subject_id": "1dffa5b8-1e2e-4c52-9656-c5c66af49cc3-difference-8",
      "relation": "is in",
      "object_id": "1dffa5b8-1e2e-4c52-9656-c5c66af49cc3-pollen-10-concentration-11-deposition-13"
    },
    {
      "subject_id": "1dffa5b8-1e2e-4c52-9656-c5c66af49cc3-Avicennia-1",
      "relation": "verify",
      "object_id": "1dffa5b8-1e2e-4c52-9656-c5c66af49cc3-difference-8"
    },
    {
      "subject_id": "1dffa5b8-1e2e-4c52-9656-c5c66af49cc3-Avicennia-1",
      "relation": "verify difference among",
      "object_id": "1dffa5b8-1e2e-4c52-9656-c5c66af49cc3-three-16-rivers-17"
    },
    {
      "subject_id": "1dffa5b8-1e2e-4c52-9656-c5c66af49cc3-difference-8",
      "relation": "of",
      "object_id": "1dffa5b8-1e2e-4c52-9656-c5c66af49cc3-pollen-10-concentration-11-deposition-13"
    },
    {
      "subject_id": "1dffa5b8-1e2e-4c52-9656-c5c66af49cc3-concentration-3",
      "relation": "resulting from",
      "object_id": "1dffa5b8-1e2e-4c52-9656-c5c66af49cc3-its-16-flow-18"
    },
    {
      "subject_id": "1dffa5b8-1e2e-4c52-9656-c5c66af49cc3-deposition-25",
      "relation": "was in",
      "object_id": "1dffa5b8-1e2e-4c52-9656-c5c66af49cc3-response-36"
    },
    {
      "subject_id": "1dffa5b8-1e2e-4c52-9656-c5c66af49cc3-response-36",
      "relation": "of",
      "object_id": "NE-LOCATION-basin"
    },
    {
      "subject_id": "1dffa5b8-1e2e-4c52-9656-c5c66af49cc3-response-36",
      "relation": "of",
      "object_id": "NE-LOCATION-Guanabara"
    },
    {
      "subject_id": "1dffa5b8-1e2e-4c52-9656-c5c66af49cc3-response-36",
      "relation": "of",
      "object_id": "NE-CITY-Bay"
    },
    {
      "subject_id": "1dffa5b8-1e2e-4c52-9656-c5c66af49cc3-deposition-25",
      "relation": "was in",
      "object_id": "1dffa5b8-1e2e-4c52-9656-c5c66af49cc3-sediments-30"
    },
    {
      "subject_id": "1dffa5b8-1e2e-4c52-9656-c5c66af49cc3-deposition-25",
      "relation": "is",
      "object_id": "1dffa5b8-1e2e-4c52-9656-c5c66af49cc3-high-24"
    },
    {
      "subject_id": "1dffa5b8-1e2e-4c52-9656-c5c66af49cc3-sediments-30",
      "relation": "of",
      "object_id": "NE-LOCATION-Guaraí"
    },
    {
      "subject_id": "1dffa5b8-1e2e-4c52-9656-c5c66af49cc3-sediments-30",
      "relation": "of",
      "object_id": "NE-TITLE-River"
    },
    {
      "subject_id": "1dffa5b8-1e2e-4c52-9656-c5c66af49cc3-its-16-flow-18",
      "relation": "is",
      "object_id": "1dffa5b8-1e2e-4c52-9656-c5c66af49cc3-higher-17"
    },
    {
      "subject_id": "1dffa5b8-1e2e-4c52-9656-c5c66af49cc3-concentration-3",
      "relation": "is",
      "object_id": "1dffa5b8-1e2e-4c52-9656-c5c66af49cc3-low-2"
    },
    {
      "subject_id": "1dffa5b8-1e2e-4c52-9656-c5c66af49cc3-concentration-3",
      "relation": "occurred in",
      "object_id": "NE-TITLE-River"
    },
    {
      "subject_id": "NE-TITLE-River",
      "relation": "of",
      "object_id": "1dffa5b8-1e2e-4c52-9656-c5c66af49cc3-Macacú-9-Guapimirim-11"
    },
    {
      "subject_id": "1dffa5b8-1e2e-4c52-9656-c5c66af49cc3-response-36",
      "relation": "of",
      "object_id": "1dffa5b8-1e2e-4c52-9656-c5c66af49cc3-its-16-isolation-39"
    },
    {
      "subject_id": "NE-LOCATION-basin",
      "relation": "is Bay of",
      "object_id": "NE-LOCATION-Guanabara"
    },
    {
      "subject_id": "NE-LOCATION-basin",
      "relation": "is from",
      "object_id": "NE-CITY-Bay"
    },
    {
      "subject_id": "1dffa5b8-1e2e-4c52-9656-c5c66af49cc3-It-1",
      "relation": "verify",
      "object_id": "1dffa5b8-1e2e-4c52-9656-c5c66af49cc3-data-8"
    },
    {
      "subject_id": "1dffa5b8-1e2e-4c52-9656-c5c66af49cc3-data-8",
      "relation": "is",
      "object_id": "1dffa5b8-1e2e-4c52-9656-c5c66af49cc3-interesting-7"
    },
    {
      "subject_id": "1dffa5b8-1e2e-4c52-9656-c5c66af49cc3-data-8",
      "relation": "is",
      "object_id": "1dffa5b8-1e2e-4c52-9656-c5c66af49cc3-other-6"
    },
    {
      "subject_id": "1dffa5b8-1e2e-4c52-9656-c5c66af49cc3-low-12-palynomorph-13-concentration-14",
      "relation": "is in",
      "object_id": "1dffa5b8-1e2e-4c52-9656-c5c66af49cc3-samples-16-from-17-near-18-mouth-20"
    },
    {
      "subject_id": "1dffa5b8-1e2e-4c52-9656-c5c66af49cc3-increase-23",
      "relation": "is in",
      "object_id": "1dffa5b8-1e2e-4c52-9656-c5c66af49cc3-upstream-28-samples-29"
    },
    {
      "subject_id": "1dffa5b8-1e2e-4c52-9656-c5c66af49cc3-It-1",
      "relation": "was",
      "object_id": "1dffa5b8-1e2e-4c52-9656-c5c66af49cc3-possible-3"
    },
    {
      "subject_id": "1dffa5b8-1e2e-4c52-9656-c5c66af49cc3-increase-4",
      "relation": "coincides with",
      "object_id": "1dffa5b8-1e2e-4c52-9656-c5c66af49cc3-reach-20"
    },
    {
      "subject_id": "1dffa5b8-1e2e-4c52-9656-c5c66af49cc3-reach-20",
      "relation": "of",
      "object_id": "1dffa5b8-1e2e-4c52-9656-c5c66af49cc3-saline-23-waters-24"
    },
    {
      "subject_id": "1dffa5b8-1e2e-4c52-9656-c5c66af49cc3-their-26-meeting-27",
      "relation": "is with",
      "object_id": "1dffa5b8-1e2e-4c52-9656-c5c66af49cc3-internal-30-flow-31-of-32-rivers-34"
    },
    {
      "subject_id": "1dffa5b8-1e2e-4c52-9656-c5c66af49cc3-increase-4",
      "relation": "is in",
      "object_id": "1dffa5b8-1e2e-4c52-9656-c5c66af49cc3-total-7-concentration-8"
    },
    {
      "subject_id": "1dffa5b8-1e2e-4c52-9656-c5c66af49cc3-total-7-concentration-8",
      "relation": "of",
      "object_id": "1dffa5b8-1e2e-4c52-9656-c5c66af49cc3-palynomorphs-11"
    },
    {
      "subject_id": "1dffa5b8-1e2e-4c52-9656-c5c66af49cc3-palynomorphs-11",
      "relation": "is in",
      "object_id": "1dffa5b8-1e2e-4c52-9656-c5c66af49cc3-upstream-14-samples-15"
    },
    {
      "subject_id": "1dffa5b8-1e2e-4c52-9656-c5c66af49cc3-increase-4",
      "relation": "Meanwhile coincides with",
      "object_id": "1dffa5b8-1e2e-4c52-9656-c5c66af49cc3-reach-20"
    },
    {
      "subject_id": "1dffa5b8-1e2e-4c52-9656-c5c66af49cc3-reach-20",
      "relation": "is",
      "object_id": "1dffa5b8-1e2e-4c52-9656-c5c66af49cc3-maximum-19"
    }
  ],
  "links": {
    "1dffa5b8-1e2e-4c52-9656-c5c66af49cc3-assemblages-3": [],
    "1dffa5b8-1e2e-4c52-9656-c5c66af49cc3-information-45": [],
    "1dffa5b8-1e2e-4c52-9656-c5c66af49cc3-palynological-2": [],
    "1dffa5b8-1e2e-4c52-9656-c5c66af49cc3-palaeoecological-51": [],
    "NE-CITY-Bay": [],
    "NE-CITY-Rio-de-Janeiro": [],
    "1dffa5b8-1e2e-4c52-9656-c5c66af49cc3-channel-7-surface-8-sediment-9-samples-10": [],
    "NE-LOCATION-Caceribu": [],
    "1dffa5b8-1e2e-4c52-9656-c5c66af49cc3-records-52": [],
    "1dffa5b8-1e2e-4c52-9656-c5c66af49cc3-interpretation-49": [],
    "1dffa5b8-1e2e-4c52-9656-c5c66af49cc3-presented-5": [],
    "1dffa5b8-1e2e-4c52-9656-c5c66af49cc3-Here-1": [],
    "1dffa5b8-1e2e-4c52-9656-c5c66af49cc3-relevant-46": [],
    "1dffa5b8-1e2e-4c52-9656-c5c66af49cc3-data-2": [],
    "1dffa5b8-1e2e-4c52-9656-c5c66af49cc3-transport-31": [],
    "1dffa5b8-1e2e-4c52-9656-c5c66af49cc3-distant-26": [],
    "1dffa5b8-1e2e-4c52-9656-c5c66af49cc3-predominance-5": [],
    "1dffa5b8-1e2e-4c52-9656-c5c66af49cc3-samples-15": [],
    "1dffa5b8-1e2e-4c52-9656-c5c66af49cc3-fluvial-30": [],
    "1dffa5b8-1e2e-4c52-9656-c5c66af49cc3-regional-28": [],
    "NE-LOCATION-Atlantic-Forest": [],
    "1dffa5b8-1e2e-4c52-9656-c5c66af49cc3-pollen-7-types-8": [],
    "1dffa5b8-1e2e-4c52-9656-c5c66af49cc3-Avicennia-1": [],
    "1dffa5b8-1e2e-4c52-9656-c5c66af49cc3-represented-5": [],
    "1dffa5b8-1e2e-4c52-9656-c5c66af49cc3-zone-13": [],
    "1dffa5b8-1e2e-4c52-9656-c5c66af49cc3-closer-9": [],
    "1dffa5b8-1e2e-4c52-9656-c5c66af49cc3-intertidal-12": [],
    "NE-PERSON-Rhizophora": [],
    "1dffa5b8-1e2e-4c52-9656-c5c66af49cc3-important-19": [],
    "1dffa5b8-1e2e-4c52-9656-c5c66af49cc3-samples-8": [],
    "1dffa5b8-1e2e-4c52-9656-c5c66af49cc3-most-18": [],
    "1dffa5b8-1e2e-4c52-9656-c5c66af49cc3-possible-3": [],
    "1dffa5b8-1e2e-4c52-9656-c5c66af49cc3-difference-8": [],
    "1dffa5b8-1e2e-4c52-9656-c5c66af49cc3-pattern-25": [],
    "1dffa5b8-1e2e-4c52-9656-c5c66af49cc3-marked-7": [],
    "NE-TITLE-river": [],
    "1dffa5b8-1e2e-4c52-9656-c5c66af49cc3-different-23": [],
    "1dffa5b8-1e2e-4c52-9656-c5c66af49cc3-hydrodynamic-24": [],
    "1dffa5b8-1e2e-4c52-9656-c5c66af49cc3-pollen-10-concentration-11-deposition-13": [],
    "1dffa5b8-1e2e-4c52-9656-c5c66af49cc3-three-16-rivers-17": [],
    "1dffa5b8-1e2e-4c52-9656-c5c66af49cc3-concentration-3": [],
    "1dffa5b8-1e2e-4c52-9656-c5c66af49cc3-its-16-flow-18": [],
    "1dffa5b8-1e2e-4c52-9656-c5c66af49cc3-deposition-25": [],
    "1dffa5b8-1e2e-4c52-9656-c5c66af49cc3-response-36": [],
    "NE-LOCATION-basin": [],
    "NE-LOCATION-Guanabara": [],
    "1dffa5b8-1e2e-4c52-9656-c5c66af49cc3-sediments-30": [],
    "1dffa5b8-1e2e-4c52-9656-c5c66af49cc3-high-24": [],
    "NE-LOCATION-Guaraí": [],
    "NE-TITLE-River": [],
    "1dffa5b8-1e2e-4c52-9656-c5c66af49cc3-higher-17": [],
    "1dffa5b8-1e2e-4c52-9656-c5c66af49cc3-low-2": [],
    "1dffa5b8-1e2e-4c52-9656-c5c66af49cc3-Macacú-9-Guapimirim-11": [],
    "1dffa5b8-1e2e-4c52-9656-c5c66af49cc3-its-16-isolation-39": [],
    "1dffa5b8-1e2e-4c52-9656-c5c66af49cc3-It-1": [],
    "1dffa5b8-1e2e-4c52-9656-c5c66af49cc3-data-8": [],
    "1dffa5b8-1e2e-4c52-9656-c5c66af49cc3-interesting-7": [],
    "1dffa5b8-1e2e-4c52-9656-c5c66af49cc3-other-6": [],
    "1dffa5b8-1e2e-4c52-9656-c5c66af49cc3-low-12-palynomorph-13-concentration-14": [
      "1dffa5b8-1e2e-4c52-9656-c5c66af49cc3-palynomorphs-11"
    ],
    "1dffa5b8-1e2e-4c52-9656-c5c66af49cc3-samples-16-from-17-near-18-mouth-20": [],
    "1dffa5b8-1e2e-4c52-9656-c5c66af49cc3-increase-23": [],
    "1dffa5b8-1e2e-4c52-9656-c5c66af49cc3-upstream-28-samples-29": [],
    "1dffa5b8-1e2e-4c52-9656-c5c66af49cc3-increase-4": [],
    "1dffa5b8-1e2e-4c52-9656-c5c66af49cc3-reach-20": [],
    "1dffa5b8-1e2e-4c52-9656-c5c66af49cc3-saline-23-waters-24": [],
    "1dffa5b8-1e2e-4c52-9656-c5c66af49cc3-their-26-meeting-27": [],
    "1dffa5b8-1e2e-4c52-9656-c5c66af49cc3-internal-30-flow-31-of-32-rivers-34": [],
    "1dffa5b8-1e2e-4c52-9656-c5c66af49cc3-total-7-concentration-8": [],
    "1dffa5b8-1e2e-4c52-9656-c5c66af49cc3-palynomorphs-11": [
      "1dffa5b8-1e2e-4c52-9656-c5c66af49cc3-low-12-palynomorph-13-concentration-14"
    ],
    "1dffa5b8-1e2e-4c52-9656-c5c66af49cc3-upstream-14-samples-15": [],
    "1dffa5b8-1e2e-4c52-9656-c5c66af49cc3-maximum-19": []
  }
}