{
  "document": "D:/Projetos/PIRA_KG/documents/onu_85012910163.txt",
  "entities": {
    "be4b33fc-ea24-431e-800e-9069afec7afe-Passive-1-margins-2-underlain-3": "Passive margins underlain",
    "be4b33fc-ea24-431e-800e-9069afec7afe-zones-14": "zones",
    "be4b33fc-ea24-431e-800e-9069afec7afe-kinematically-12": "kinematically",
    "be4b33fc-ea24-431e-800e-9069afec7afe-linked-13": "linked",
    "be4b33fc-ea24-431e-800e-9069afec7afe-interpreted-10": "interpreted",
    "be4b33fc-ea24-431e-800e-9069afec7afe-updip-16": "updip",
    "be4b33fc-ea24-431e-800e-9069afec7afe-typically-9": "typically",
    "be4b33fc-ea24-431e-800e-9069afec7afe-extension-17": "extension",
    "be4b33fc-ea24-431e-800e-9069afec7afe-salt-3-flow-4": "salt flow",
    "be4b33fc-ea24-431e-800e-9069afec7afe-base-9-geometry-14": "base geometry",
    "be4b33fc-ea24-431e-800e-9069afec7afe-salt-13": "salt",
    "be4b33fc-ea24-431e-800e-9069afec7afe-stage-23-gravity-24": "stage gravity",
    "be4b33fc-ea24-431e-800e-9069afec7afe-basin-28-tilt-29": "basin tilt",
    "be4b33fc-ea24-431e-800e-9069afec7afe-early-21": "early",
    "be4b33fc-ea24-431e-800e-9069afec7afe-We-1": "We",
    "be4b33fc-ea24-431e-800e-9069afec7afe-effects-4": "effects",
    "be4b33fc-ea24-431e-800e-9069afec7afe-steps-4": "steps",
    "be4b33fc-ea24-431e-800e-9069afec7afe-strike-6-slip-8-fault-9-zones-10": "strike slip fault zones",
    "be4b33fc-ea24-431e-800e-9069afec7afe-overburden-3": "overburden",
    "be4b33fc-ea24-431e-800e-9069afec7afe-thicker-5": "thicker",
    "be4b33fc-ea24-431e-800e-9069afec7afe-transtensional-10": "transtensional",
    "be4b33fc-ea24-431e-800e-9069afec7afe-obliquity-4": "obliquity",
    "be4b33fc-ea24-431e-800e-9069afec7afe-faults-13": "faults",
    "be4b33fc-ea24-431e-800e-9069afec7afe-transpressional-12": "transpressional",
    "be4b33fc-ea24-431e-800e-9069afec7afe-Steps-1": "Steps",
    "be4b33fc-ea24-431e-800e-9069afec7afe-mild-3": "mild",
    "be4b33fc-ea24-431e-800e-9069afec7afe-domains-19": "domains",
    "be4b33fc-ea24-431e-800e-9069afec7afe-structural-18": "structural",
    "be4b33fc-ea24-431e-800e-9069afec7afe-dip-7-direction-8": "dip direction",
    "be4b33fc-ea24-431e-800e-9069afec7afe-cover-16": "cover",
    "be4b33fc-ea24-431e-800e-9069afec7afe-it-22": "it",
    "be4b33fc-ea24-431e-800e-9069afec7afe-step-43": "step",
    "be4b33fc-ea24-431e-800e-9069afec7afe-base-46": "base",
    "be4b33fc-ea24-431e-800e-9069afec7afe-salt-48": "salt",
    "be4b33fc-ea24-431e-800e-9069afec7afe-dependent-25": "dependent",
    "be4b33fc-ea24-431e-800e-9069afec7afe-ratio-28": "ratio",
    "be4b33fc-ea24-431e-800e-9069afec7afe-thick-31": "thick",
    "be4b33fc-ea24-431e-800e-9069afec7afe-salt-40": "salt",
    "be4b33fc-ea24-431e-800e-9069afec7afe-base-8-salt-10-steps-11": "base salt steps",
    "be4b33fc-ea24-431e-800e-9069afec7afe-angle-16": "angle",
    "be4b33fc-ea24-431e-800e-9069afec7afe-high-15": "high",
    "be4b33fc-ea24-431e-800e-9069afec7afe-especially-24": "especially",
    "be4b33fc-ea24-431e-800e-9069afec7afe-Deformation-1-complexity-2": "Deformation complexity",
    "be4b33fc-ea24-431e-800e-9069afec7afe-overburden-5-increases-6": "overburden increases",
    "be4b33fc-ea24-431e-800e-9069afec7afe-salt-18-flow-19": "salt flow",
    "be4b33fc-ea24-431e-800e-9069afec7afe-drag-16": "drag",
    "be4b33fc-ea24-431e-800e-9069afec7afe-flux-19-mismatches-20": "flux mismatches",
    "be4b33fc-ea24-431e-800e-9069afec7afe-basal-15": "basal",
    "be4b33fc-ea24-431e-800e-9069afec7afe-contractional-25": "contractional",
    "be4b33fc-ea24-431e-800e-9069afec7afe-salt-3-thickness-5-ratio-6": "salt thickness ratio",
    "be4b33fc-ea24-431e-800e-9069afec7afe-high-13": "high",
    "be4b33fc-ea24-431e-800e-9069afec7afe-Where-1": "Where",
    "be4b33fc-ea24-431e-800e-9069afec7afe-shortening-33": "shortening",
    "be4b33fc-ea24-431e-800e-9069afec7afe-major-18": "major",
    "be4b33fc-ea24-431e-800e-9069afec7afe-resulting-22": "resulting",
    "be4b33fc-ea24-431e-800e-9069afec7afe-thin-35-salt-36": "thin salt",
    "be4b33fc-ea24-431e-800e-9069afec7afe-associated-31-overburden-32": "associated overburden",
    "be4b33fc-ea24-431e-800e-9069afec7afe-thickening-26": "thickening",
    "be4b33fc-ea24-431e-800e-9069afec7afe-salt-29": "salt",
    "be4b33fc-ea24-431e-800e-9069afec7afe-Shortening-1": "Shortening",
    "be4b33fc-ea24-431e-800e-9069afec7afe-transient-3": "transient",
    "be4b33fc-ea24-431e-800e-9069afec7afe-monocline-25": "monocline",
    "be4b33fc-ea24-431e-800e-9069afec7afe-extensional-27-hinges-30": "extensional hinges",
    "be4b33fc-ea24-431e-800e-9069afec7afe-thick-20-salt-21-results-22": "thick salt results",
    "be4b33fc-ea24-431e-800e-9069afec7afe-Structures-1": "Structures",
    "be4b33fc-ea24-431e-800e-9069afec7afe-zones-11": "zones",
    "be4b33fc-ea24-431e-800e-9069afec7afe-deformed-4": "deformed",
    "be4b33fc-ea24-431e-800e-9069afec7afe-further-3": "further",
    "be4b33fc-ea24-431e-800e-9069afec7afe-hinge-10": "hinge",
    "be4b33fc-ea24-431e-800e-9069afec7afe-diapirs-7": "diapirs",
    "be4b33fc-ea24-431e-800e-9069afec7afe-initiated-14": "initiated",
    "be4b33fc-ea24-431e-800e-9069afec7afe-extensional-6": "extensional",
    "be4b33fc-ea24-431e-800e-9069afec7afe-anywhere-15": "anywhere",
    "be4b33fc-ea24-431e-800e-9069afec7afe-salt-21": "salt",
    "be4b33fc-ea24-431e-800e-9069afec7afe-base-26-salt-28-relief-29": "base salt relief",
    "be4b33fc-ea24-431e-800e-9069afec7afe-slope-18": "slope",
    "be4b33fc-ea24-431e-800e-9069afec7afe-belt-3": "belt",
    "be4b33fc-ea24-431e-800e-9069afec7afe-used-13": "used",
    "NE-COUNTRY-fold": "fold",
    "be4b33fc-ea24-431e-800e-9069afec7afe-processes-17": "processes",
    "NE-LOCATION-Basin": "Basin",
    "NE-COUNTRY-Brazil": "Brazil",
    "NE-CITY-Campos": "Campos"
  },
  "graph": [
    {
      "subject_id": "be4b33fc-ea24-431e-800e-9069afec7afe-Passive-1-margins-2-underlain-3",
      "relation": "are typically interpreted as",
      "object_id": "be4b33fc-ea24-431e-800e-9069afec7afe-zones-14"
    },
    {
      "subject_id": "be4b33fc-ea24-431e-800e-9069afec7afe-Passive-1-margins-2-underlain-3",
      "relation": "are interpreted as",
      "object_id": "be4b33fc-ea24-431e-800e-9069afec7afe-zones-14"
    },
    {
      "subject_id": "be4b33fc-ea24-431e-800e-9069afec7afe-zones-14",
      "relation": "at",
      "object_id": "be4b33fc-ea24-431e-800e-9069afec7afe-kinematically-12"
    },
    {
      "subject_id": "be4b33fc-ea24-431e-800e-9069afec7afe-zones-14",
      "relation": "is",
      "object_id": "be4b33fc-ea24-431e-800e-9069afec7afe-linked-13"
    },
    {
      "subject_id": "be4b33fc-ea24-431e-800e-9069afec7afe-Passive-1-margins-2-underlain-3",
      "relation": "are",
      "object_id": "be4b33fc-ea24-431e-800e-9069afec7afe-interpreted-10"
    },
    {
      "subject_id": "be4b33fc-ea24-431e-800e-9069afec7afe-zones-14",
      "relation": "is",
      "object_id": "be4b33fc-ea24-431e-800e-9069afec7afe-updip-16"
    },
    {
      "subject_id": "be4b33fc-ea24-431e-800e-9069afec7afe-interpreted-10",
      "relation": "at",
      "object_id": "be4b33fc-ea24-431e-800e-9069afec7afe-typically-9"
    },
    {
      "subject_id": "be4b33fc-ea24-431e-800e-9069afec7afe-zones-14",
      "relation": "of",
      "object_id": "be4b33fc-ea24-431e-800e-9069afec7afe-extension-17"
    },
    {
      "subject_id": "be4b33fc-ea24-431e-800e-9069afec7afe-salt-3-flow-4",
      "relation": "is affected by",
      "object_id": "be4b33fc-ea24-431e-800e-9069afec7afe-base-9-geometry-14"
    },
    {
      "subject_id": "be4b33fc-ea24-431e-800e-9069afec7afe-base-9-geometry-14",
      "relation": "of",
      "object_id": "be4b33fc-ea24-431e-800e-9069afec7afe-salt-13"
    },
    {
      "subject_id": "be4b33fc-ea24-431e-800e-9069afec7afe-salt-3-flow-4",
      "relation": "However is affected by",
      "object_id": "be4b33fc-ea24-431e-800e-9069afec7afe-base-9-geometry-14"
    },
    {
      "subject_id": "be4b33fc-ea24-431e-800e-9069afec7afe-stage-23-gravity-24",
      "relation": "gliding induced by",
      "object_id": "be4b33fc-ea24-431e-800e-9069afec7afe-basin-28-tilt-29"
    },
    {
      "subject_id": "be4b33fc-ea24-431e-800e-9069afec7afe-stage-23-gravity-24",
      "relation": "is",
      "object_id": "be4b33fc-ea24-431e-800e-9069afec7afe-early-21"
    },
    {
      "subject_id": "be4b33fc-ea24-431e-800e-9069afec7afe-We-1",
      "relation": "investigate",
      "object_id": "be4b33fc-ea24-431e-800e-9069afec7afe-effects-4"
    },
    {
      "subject_id": "be4b33fc-ea24-431e-800e-9069afec7afe-steps-4",
      "relation": "generate",
      "object_id": "be4b33fc-ea24-431e-800e-9069afec7afe-strike-6-slip-8-fault-9-zones-10"
    },
    {
      "subject_id": "be4b33fc-ea24-431e-800e-9069afec7afe-overburden-3",
      "relation": "is",
      "object_id": "be4b33fc-ea24-431e-800e-9069afec7afe-thicker-5"
    },
    {
      "subject_id": "be4b33fc-ea24-431e-800e-9069afec7afe-transtensional-10",
      "relation": "Steps with",
      "object_id": "be4b33fc-ea24-431e-800e-9069afec7afe-obliquity-4"
    },
    {
      "subject_id": "be4b33fc-ea24-431e-800e-9069afec7afe-transtensional-10",
      "relation": "cover",
      "object_id": "be4b33fc-ea24-431e-800e-9069afec7afe-faults-13"
    },
    {
      "subject_id": "be4b33fc-ea24-431e-800e-9069afec7afe-faults-13",
      "relation": "is",
      "object_id": "be4b33fc-ea24-431e-800e-9069afec7afe-transpressional-12"
    },
    {
      "subject_id": "be4b33fc-ea24-431e-800e-9069afec7afe-Steps-1",
      "relation": "produce",
      "object_id": "be4b33fc-ea24-431e-800e-9069afec7afe-transtensional-10"
    },
    {
      "subject_id": "be4b33fc-ea24-431e-800e-9069afec7afe-transtensional-10",
      "relation": "Steps",
      "object_id": "be4b33fc-ea24-431e-800e-9069afec7afe-faults-13"
    },
    {
      "subject_id": "be4b33fc-ea24-431e-800e-9069afec7afe-obliquity-4",
      "relation": "is",
      "object_id": "be4b33fc-ea24-431e-800e-9069afec7afe-mild-3"
    },
    {
      "subject_id": "be4b33fc-ea24-431e-800e-9069afec7afe-transtensional-10",
      "relation": "separating",
      "object_id": "be4b33fc-ea24-431e-800e-9069afec7afe-domains-19"
    },
    {
      "subject_id": "be4b33fc-ea24-431e-800e-9069afec7afe-domains-19",
      "relation": "is",
      "object_id": "be4b33fc-ea24-431e-800e-9069afec7afe-structural-18"
    },
    {
      "subject_id": "be4b33fc-ea24-431e-800e-9069afec7afe-Steps-1",
      "relation": "is with",
      "object_id": "be4b33fc-ea24-431e-800e-9069afec7afe-obliquity-4"
    },
    {
      "subject_id": "be4b33fc-ea24-431e-800e-9069afec7afe-obliquity-4",
      "relation": "of",
      "object_id": "be4b33fc-ea24-431e-800e-9069afec7afe-dip-7-direction-8"
    },
    {
      "subject_id": "be4b33fc-ea24-431e-800e-9069afec7afe-Steps-1",
      "relation": "produce transtensional in",
      "object_id": "be4b33fc-ea24-431e-800e-9069afec7afe-cover-16"
    },
    {
      "subject_id": "be4b33fc-ea24-431e-800e-9069afec7afe-it-22",
      "relation": "is dependent across",
      "object_id": "be4b33fc-ea24-431e-800e-9069afec7afe-step-43"
    },
    {
      "subject_id": "be4b33fc-ea24-431e-800e-9069afec7afe-step-43",
      "relation": "of",
      "object_id": "be4b33fc-ea24-431e-800e-9069afec7afe-base-46"
    },
    {
      "subject_id": "be4b33fc-ea24-431e-800e-9069afec7afe-step-43",
      "relation": "of",
      "object_id": "be4b33fc-ea24-431e-800e-9069afec7afe-salt-48"
    },
    {
      "subject_id": "be4b33fc-ea24-431e-800e-9069afec7afe-it-22",
      "relation": "is",
      "object_id": "be4b33fc-ea24-431e-800e-9069afec7afe-dependent-25"
    },
    {
      "subject_id": "be4b33fc-ea24-431e-800e-9069afec7afe-it-22",
      "relation": "is dependent on",
      "object_id": "be4b33fc-ea24-431e-800e-9069afec7afe-ratio-28"
    },
    {
      "subject_id": "be4b33fc-ea24-431e-800e-9069afec7afe-ratio-28",
      "relation": "is",
      "object_id": "be4b33fc-ea24-431e-800e-9069afec7afe-thick-31"
    },
    {
      "subject_id": "be4b33fc-ea24-431e-800e-9069afec7afe-ratio-28",
      "relation": "of",
      "object_id": "be4b33fc-ea24-431e-800e-9069afec7afe-salt-40"
    },
    {
      "subject_id": "be4b33fc-ea24-431e-800e-9069afec7afe-base-8-salt-10-steps-11",
      "relation": "strike at",
      "object_id": "be4b33fc-ea24-431e-800e-9069afec7afe-angle-16"
    },
    {
      "subject_id": "be4b33fc-ea24-431e-800e-9069afec7afe-angle-16",
      "relation": "is",
      "object_id": "be4b33fc-ea24-431e-800e-9069afec7afe-high-15"
    },
    {
      "subject_id": "be4b33fc-ea24-431e-800e-9069afec7afe-it-22",
      "relation": "is especially dependent across",
      "object_id": "be4b33fc-ea24-431e-800e-9069afec7afe-step-43"
    },
    {
      "subject_id": "be4b33fc-ea24-431e-800e-9069afec7afe-dependent-25",
      "relation": "at",
      "object_id": "be4b33fc-ea24-431e-800e-9069afec7afe-ratio-28"
    },
    {
      "subject_id": "be4b33fc-ea24-431e-800e-9069afec7afe-dependent-25",
      "relation": "at",
      "object_id": "be4b33fc-ea24-431e-800e-9069afec7afe-step-43"
    },
    {
      "subject_id": "be4b33fc-ea24-431e-800e-9069afec7afe-it-22",
      "relation": "is especially dependent on",
      "object_id": "be4b33fc-ea24-431e-800e-9069afec7afe-ratio-28"
    },
    {
      "subject_id": "be4b33fc-ea24-431e-800e-9069afec7afe-dependent-25",
      "relation": "at",
      "object_id": "be4b33fc-ea24-431e-800e-9069afec7afe-especially-24"
    },
    {
      "subject_id": "be4b33fc-ea24-431e-800e-9069afec7afe-Deformation-1-complexity-2",
      "relation": "is in",
      "object_id": "be4b33fc-ea24-431e-800e-9069afec7afe-overburden-5-increases-6"
    },
    {
      "subject_id": "be4b33fc-ea24-431e-800e-9069afec7afe-angle-16",
      "relation": "of",
      "object_id": "be4b33fc-ea24-431e-800e-9069afec7afe-salt-18-flow-19"
    },
    {
      "subject_id": "be4b33fc-ea24-431e-800e-9069afec7afe-drag-16",
      "relation": "generates",
      "object_id": "be4b33fc-ea24-431e-800e-9069afec7afe-flux-19-mismatches-20"
    },
    {
      "subject_id": "be4b33fc-ea24-431e-800e-9069afec7afe-drag-16",
      "relation": "is",
      "object_id": "be4b33fc-ea24-431e-800e-9069afec7afe-basal-15"
    },
    {
      "subject_id": "be4b33fc-ea24-431e-800e-9069afec7afe-flux-19-mismatches-20",
      "relation": "is",
      "object_id": "be4b33fc-ea24-431e-800e-9069afec7afe-contractional-25"
    },
    {
      "subject_id": "be4b33fc-ea24-431e-800e-9069afec7afe-salt-3-thickness-5-ratio-6",
      "relation": "is",
      "object_id": "be4b33fc-ea24-431e-800e-9069afec7afe-high-13"
    },
    {
      "subject_id": "be4b33fc-ea24-431e-800e-9069afec7afe-high-13",
      "relation": "at",
      "object_id": "be4b33fc-ea24-431e-800e-9069afec7afe-Where-1"
    },
    {
      "subject_id": "be4b33fc-ea24-431e-800e-9069afec7afe-flux-19-mismatches-20",
      "relation": "basal drag",
      "object_id": "be4b33fc-ea24-431e-800e-9069afec7afe-shortening-33"
    },
    {
      "subject_id": "be4b33fc-ea24-431e-800e-9069afec7afe-flux-19-mismatches-20",
      "relation": "is",
      "object_id": "be4b33fc-ea24-431e-800e-9069afec7afe-major-18"
    },
    {
      "subject_id": "be4b33fc-ea24-431e-800e-9069afec7afe-flux-19-mismatches-20",
      "relation": "is",
      "object_id": "be4b33fc-ea24-431e-800e-9069afec7afe-resulting-22"
    },
    {
      "subject_id": "be4b33fc-ea24-431e-800e-9069afec7afe-shortening-33",
      "relation": "is in",
      "object_id": "be4b33fc-ea24-431e-800e-9069afec7afe-thin-35-salt-36"
    },
    {
      "subject_id": "be4b33fc-ea24-431e-800e-9069afec7afe-shortening-33",
      "relation": "is",
      "object_id": "be4b33fc-ea24-431e-800e-9069afec7afe-associated-31-overburden-32"
    },
    {
      "subject_id": "be4b33fc-ea24-431e-800e-9069afec7afe-flux-19-mismatches-20",
      "relation": "at",
      "object_id": "be4b33fc-ea24-431e-800e-9069afec7afe-thickening-26"
    },
    {
      "subject_id": "be4b33fc-ea24-431e-800e-9069afec7afe-flux-19-mismatches-20",
      "relation": "drag",
      "object_id": "be4b33fc-ea24-431e-800e-9069afec7afe-shortening-33"
    },
    {
      "subject_id": "be4b33fc-ea24-431e-800e-9069afec7afe-flux-19-mismatches-20",
      "relation": "of",
      "object_id": "be4b33fc-ea24-431e-800e-9069afec7afe-salt-29"
    },
    {
      "subject_id": "be4b33fc-ea24-431e-800e-9069afec7afe-Shortening-1",
      "relation": "is",
      "object_id": "be4b33fc-ea24-431e-800e-9069afec7afe-transient-3"
    },
    {
      "subject_id": "be4b33fc-ea24-431e-800e-9069afec7afe-monocline-25",
      "relation": "is with",
      "object_id": "be4b33fc-ea24-431e-800e-9069afec7afe-extensional-27-hinges-30"
    },
    {
      "subject_id": "be4b33fc-ea24-431e-800e-9069afec7afe-thick-20-salt-21-results-22",
      "relation": "is in",
      "object_id": "be4b33fc-ea24-431e-800e-9069afec7afe-monocline-25"
    },
    {
      "subject_id": "be4b33fc-ea24-431e-800e-9069afec7afe-monocline-25",
      "relation": "of",
      "object_id": "be4b33fc-ea24-431e-800e-9069afec7afe-extensional-27-hinges-30"
    },
    {
      "subject_id": "be4b33fc-ea24-431e-800e-9069afec7afe-Structures-1",
      "relation": "are deformed",
      "object_id": "be4b33fc-ea24-431e-800e-9069afec7afe-Structures-1"
    },
    {
      "subject_id": "be4b33fc-ea24-431e-800e-9069afec7afe-Structures-1",
      "relation": "are further deformed",
      "object_id": "be4b33fc-ea24-431e-800e-9069afec7afe-Structures-1"
    },
    {
      "subject_id": "be4b33fc-ea24-431e-800e-9069afec7afe-Structures-1",
      "relation": "translate through",
      "object_id": "be4b33fc-ea24-431e-800e-9069afec7afe-zones-11"
    },
    {
      "subject_id": "be4b33fc-ea24-431e-800e-9069afec7afe-Structures-1",
      "relation": "at",
      "object_id": "be4b33fc-ea24-431e-800e-9069afec7afe-zones-11"
    },
    {
      "subject_id": "be4b33fc-ea24-431e-800e-9069afec7afe-Structures-1",
      "relation": "are",
      "object_id": "be4b33fc-ea24-431e-800e-9069afec7afe-deformed-4"
    },
    {
      "subject_id": "be4b33fc-ea24-431e-800e-9069afec7afe-deformed-4",
      "relation": "at",
      "object_id": "be4b33fc-ea24-431e-800e-9069afec7afe-further-3"
    },
    {
      "subject_id": "be4b33fc-ea24-431e-800e-9069afec7afe-zones-11",
      "relation": "is",
      "object_id": "be4b33fc-ea24-431e-800e-9069afec7afe-hinge-10"
    },
    {
      "subject_id": "be4b33fc-ea24-431e-800e-9069afec7afe-diapirs-7",
      "relation": "be",
      "object_id": "be4b33fc-ea24-431e-800e-9069afec7afe-initiated-14"
    },
    {
      "subject_id": "be4b33fc-ea24-431e-800e-9069afec7afe-diapirs-7",
      "relation": "is",
      "object_id": "be4b33fc-ea24-431e-800e-9069afec7afe-extensional-6"
    },
    {
      "subject_id": "be4b33fc-ea24-431e-800e-9069afec7afe-initiated-14",
      "relation": "at",
      "object_id": "be4b33fc-ea24-431e-800e-9069afec7afe-anywhere-15"
    },
    {
      "subject_id": "be4b33fc-ea24-431e-800e-9069afec7afe-salt-21",
      "relation": "decelerates across",
      "object_id": "be4b33fc-ea24-431e-800e-9069afec7afe-base-26-salt-28-relief-29"
    },
    {
      "subject_id": "be4b33fc-ea24-431e-800e-9069afec7afe-initiated-14",
      "relation": "at",
      "object_id": "be4b33fc-ea24-431e-800e-9069afec7afe-slope-18"
    },
    {
      "subject_id": "be4b33fc-ea24-431e-800e-9069afec7afe-belt-3",
      "relation": "is",
      "object_id": "be4b33fc-ea24-431e-800e-9069afec7afe-used-13"
    },
    {
      "subject_id": "be4b33fc-ea24-431e-800e-9069afec7afe-belt-3",
      "relation": "is",
      "object_id": "NE-COUNTRY-fold"
    },
    {
      "subject_id": "be4b33fc-ea24-431e-800e-9069afec7afe-belt-3",
      "relation": "illustrate",
      "object_id": "be4b33fc-ea24-431e-800e-9069afec7afe-processes-17"
    },
    {
      "subject_id": "NE-LOCATION-Basin",
      "relation": "from belt is",
      "object_id": "NE-COUNTRY-Brazil"
    },
    {
      "subject_id": "NE-LOCATION-Basin",
      "relation": "is from",
      "object_id": "NE-CITY-Campos"
    }
  ],
  "links": {
    "be4b33fc-ea24-431e-800e-9069afec7afe-Passive-1-margins-2-underlain-3": [],
    "be4b33fc-ea24-431e-800e-9069afec7afe-zones-14": [],
    "be4b33fc-ea24-431e-800e-9069afec7afe-kinematically-12": [],
    "be4b33fc-ea24-431e-800e-9069afec7afe-linked-13": [],
    "be4b33fc-ea24-431e-800e-9069afec7afe-interpreted-10": [],
    "be4b33fc-ea24-431e-800e-9069afec7afe-updip-16": [],
    "be4b33fc-ea24-431e-800e-9069afec7afe-typically-9": [],
    "be4b33fc-ea24-431e-800e-9069afec7afe-extension-17": [],
    "be4b33fc-ea24-431e-800e-9069afec7afe-salt-3-flow-4": [],
    "be4b33fc-ea24-431e-800e-9069afec7afe-base-9-geometry-14": [],
    "be4b33fc-ea24-431e-800e-9069afec7afe-salt-13": [],
    "be4b33fc-ea24-431e-800e-9069afec7afe-stage-23-gravity-24": [],
    "be4b33fc-ea24-431e-800e-9069afec7afe-basin-28-tilt-29": [],
    "be4b33fc-ea24-431e-800e-9069afec7afe-early-21": [],
    "be4b33fc-ea24-431e-800e-9069afec7afe-We-1": [],
    "be4b33fc-ea24-431e-800e-9069afec7afe-effects-4": [],
    "be4b33fc-ea24-431e-800e-9069afec7afe-steps-4": [],
    "be4b33fc-ea24-431e-800e-9069afec7afe-strike-6-slip-8-fault-9-zones-10": [],
    "be4b33fc-ea24-431e-800e-9069afec7afe-overburden-3": [],
    "be4b33fc-ea24-431e-800e-9069afec7afe-thicker-5": [],
    "be4b33fc-ea24-431e-800e-9069afec7afe-transtensional-10": [],
    "be4b33fc-ea24-431e-800e-9069afec7afe-obliquity-4": [],
    "be4b33fc-ea24-431e-800e-9069afec7afe-faults-13": [],
    "be4b33fc-ea24-431e-800e-9069afec7afe-transpressional-12": [],
    "be4b33fc-ea24-431e-800e-9069afec7afe-Steps-1": [],
    "be4b33fc-ea24-431e-800e-9069afec7afe-mild-3": [],
    "be4b33fc-ea24-431e-800e-9069afec7afe-domains-19": [],
    "be4b33fc-ea24-431e-800e-9069afec7afe-structural-18": [],
    "be4b33fc-ea24-431e-800e-9069afec7afe-dip-7-direction-8": [],
    "be4b33fc-ea24-431e-800e-9069afec7afe-cover-16": [],
    "be4b33fc-ea24-431e-800e-9069afec7afe-it-22": [],
    "be4b33fc-ea24-431e-800e-9069afec7afe-step-43": [],
    "be4b33fc-ea24-431e-800e-9069afec7afe-base-46": [],
    "be4b33fc-ea24-431e-800e-9069afec7afe-salt-48": [],
    "be4b33fc-ea24-431e-800e-9069afec7afe-dependent-25": [],
    "be4b33fc-ea24-431e-800e-9069afec7afe-ratio-28": [],
    "be4b33fc-ea24-431e-800e-9069afec7afe-thick-31": [],
    "be4b33fc-ea24-431e-800e-9069afec7afe-salt-40": [],
    "be4b33fc-ea24-431e-800e-9069afec7afe-base-8-salt-10-steps-11": [],
    "be4b33fc-ea24-431e-800e-9069afec7afe-angle-16": [],
    "be4b33fc-ea24-431e-800e-9069afec7afe-high-15": [],
    "be4b33fc-ea24-431e-800e-9069afec7afe-especially-24": [],
    "be4b33fc-ea24-431e-800e-9069afec7afe-Deformation-1-complexity-2": [],
    "be4b33fc-ea24-431e-800e-9069afec7afe-overburden-5-increases-6": [],
    "be4b33fc-ea24-431e-800e-9069afec7afe-salt-18-flow-19": [],
    "be4b33fc-ea24-431e-800e-9069afec7afe-drag-16": [],
    "be4b33fc-ea24-431e-800e-9069afec7afe-flux-19-mismatches-20": [],
    "be4b33fc-ea24-431e-800e-9069afec7afe-basal-15": [],
    "be4b33fc-ea24-431e-800e-9069afec7afe-contractional-25": [],
    "be4b33fc-ea24-431e-800e-9069afec7afe-salt-3-thickness-5-ratio-6": [],
    "be4b33fc-ea24-431e-800e-9069afec7afe-high-13": [],
    "be4b33fc-ea24-431e-800e-9069afec7afe-Where-1": [],
    "be4b33fc-ea24-431e-800e-9069afec7afe-shortening-33": [
      "be4b33fc-ea24-431e-800e-9069afec7afe-Shortening-1"
    ],
    "be4b33fc-ea24-431e-800e-9069afec7afe-major-18": [],
    "be4b33fc-ea24-431e-800e-9069afec7afe-resulting-22": [],
    "be4b33fc-ea24-431e-800e-9069afec7afe-thin-35-salt-36": [],
    "be4b33fc-ea24-431e-800e-9069afec7afe-associated-31-overburden-32": [],
    "be4b33fc-ea24-431e-800e-9069afec7afe-thickening-26": [],
    "be4b33fc-ea24-431e-800e-9069afec7afe-salt-29": [],
    "be4b33fc-ea24-431e-800e-9069afec7afe-Shortening-1": [
      "be4b33fc-ea24-431e-800e-9069afec7afe-shortening-33"
    ],
    "be4b33fc-ea24-431e-800e-9069afec7afe-transient-3": [],
    "be4b33fc-ea24-431e-800e-9069afec7afe-monocline-25": [],
    "be4b33fc-ea24-431e-800e-9069afec7afe-extensional-27-hinges-30": [],
    "be4b33fc-ea24-431e-800e-9069afec7afe-thick-20-salt-21-results-22": [],
    "be4b33fc-ea24-431e-800e-9069afec7afe-Structures-1": [],
    "be4b33fc-ea24-431e-800e-9069afec7afe-zones-11": [],
    "be4b33fc-ea24-431e-800e-9069afec7afe-deformed-4": [],
    "be4b33fc-ea24-431e-800e-9069afec7afe-further-3": [],
    "be4b33fc-ea24-431e-800e-9069afec7afe-hinge-10": [],
    "be4b33fc-ea24-431e-800e-9069afec7afe-diapirs-7": [],
    "be4b33fc-ea24-431e-800e-9069afec7afe-initiated-14": [],
    "be4b33fc-ea24-431e-800e-9069afec7afe-extensional-6": [],
    "be4b33fc-ea24-431e-800e-9069afec7afe-anywhere-15": [],
    "be4b33fc-ea24-431e-800e-9069afec7afe-salt-21": [],
    "be4b33fc-ea24-431e-800e-9069afec7afe-base-26-salt-28-relief-29": [],
    "be4b33fc-ea24-431e-800e-9069afec7afe-slope-18": [],
    "be4b33fc-ea24-431e-800e-9069afec7afe-belt-3": [],
    "be4b33fc-ea24-431e-800e-9069afec7afe-used-13": [],
    "NE-COUNTRY-fold": [],
    "be4b33fc-ea24-431e-800e-9069afec7afe-processes-17": [],
    "NE-LOCATION-Basin": [],
    "NE-COUNTRY-Brazil": [],
    "NE-CITY-Campos": []
  }
}