{
  "document": "D:/Projetos/PIRA_KG/documents/onu_85051649253.txt",
  "entities": {
    "676e7e95-336a-48ca-8815-930a8e2851b0-pre-salt-9-areas-10": "pre-salt areas",
    "NE-COUNTRY-Brazil": "Brazil",
    "676e7e95-336a-48ca-8815-930a8e2851b0-hydrocarbon-19-province-20": "hydrocarbon province",
    "676e7e95-336a-48ca-8815-930a8e2851b0-importance-27": "importance",
    "676e7e95-336a-48ca-8815-930a8e2851b0-global-26": "global",
    "676e7e95-336a-48ca-8815-930a8e2851b0-to-23": "to",
    "676e7e95-336a-48ca-8815-930a8e2851b0-recent-5-discoveries-6": "recent discoveries",
    "676e7e95-336a-48ca-8815-930a8e2851b0-reservoirs-3": "reservoirs",
    "676e7e95-336a-48ca-8815-930a8e2851b0-exploration-11": "exploration",
    "676e7e95-336a-48ca-8815-930a8e2851b0-pre-salt-2": "pre-salt",
    "676e7e95-336a-48ca-8815-930a8e2851b0-we-5": "we",
    "676e7e95-336a-48ca-8815-930a8e2851b0-acquisition-8": "acquisition",
    "676e7e95-336a-48ca-8815-930a8e2851b0-designed-21": "designed",
    "676e7e95-336a-48ca-8815-930a8e2851b0-paper-3": "paper",
    "676e7e95-336a-48ca-8815-930a8e2851b0-processing-10": "processing",
    "676e7e95-336a-48ca-8815-930a8e2851b0-full-13": "full",
    "676e7e95-336a-48ca-8815-930a8e2851b0-towed-16": "towed",
    "676e7e95-336a-48ca-8815-930a8e2851b0-azimuth-15-streamer-18-survey-20": "azimuth streamer survey",
    "676e7e95-336a-48ca-8815-930a8e2851b0-seismic-19": "seismic"
  },
  "graph": [
    {
      "subject_id": "676e7e95-336a-48ca-8815-930a8e2851b0-pre-salt-9-areas-10",
      "relation": "is in",
      "object_id": "NE-COUNTRY-Brazil"
    },
    {
      "subject_id": "676e7e95-336a-48ca-8815-930a8e2851b0-hydrocarbon-19-province-20",
      "relation": "be of",
      "object_id": "676e7e95-336a-48ca-8815-930a8e2851b0-importance-27"
    },
    {
      "subject_id": "676e7e95-336a-48ca-8815-930a8e2851b0-importance-27",
      "relation": "is",
      "object_id": "676e7e95-336a-48ca-8815-930a8e2851b0-global-26"
    },
    {
      "subject_id": "676e7e95-336a-48ca-8815-930a8e2851b0-hydrocarbon-19-province-20",
      "relation": "has proven",
      "object_id": "676e7e95-336a-48ca-8815-930a8e2851b0-importance-27"
    },
    {
      "subject_id": "676e7e95-336a-48ca-8815-930a8e2851b0-importance-27",
      "relation": "mark",
      "object_id": "676e7e95-336a-48ca-8815-930a8e2851b0-to-23"
    },
    {
      "subject_id": "676e7e95-336a-48ca-8815-930a8e2851b0-recent-5-discoveries-6",
      "relation": "is in",
      "object_id": "676e7e95-336a-48ca-8815-930a8e2851b0-pre-salt-9-areas-10"
    },
    {
      "subject_id": "676e7e95-336a-48ca-8815-930a8e2851b0-reservoirs-3",
      "relation": "however many challenges for",
      "object_id": "676e7e95-336a-48ca-8815-930a8e2851b0-exploration-11"
    },
    {
      "subject_id": "676e7e95-336a-48ca-8815-930a8e2851b0-reservoirs-3",
      "relation": "present many challenges for",
      "object_id": "676e7e95-336a-48ca-8815-930a8e2851b0-exploration-11"
    },
    {
      "subject_id": "676e7e95-336a-48ca-8815-930a8e2851b0-reservoirs-3",
      "relation": "many challenges for",
      "object_id": "676e7e95-336a-48ca-8815-930a8e2851b0-exploration-11"
    },
    {
      "subject_id": "676e7e95-336a-48ca-8815-930a8e2851b0-reservoirs-3",
      "relation": "is",
      "object_id": "676e7e95-336a-48ca-8815-930a8e2851b0-pre-salt-2"
    },
    {
      "subject_id": "676e7e95-336a-48ca-8815-930a8e2851b0-reservoirs-3",
      "relation": "however present challenges for",
      "object_id": "676e7e95-336a-48ca-8815-930a8e2851b0-exploration-11"
    },
    {
      "subject_id": "676e7e95-336a-48ca-8815-930a8e2851b0-reservoirs-3",
      "relation": "however challenges for",
      "object_id": "676e7e95-336a-48ca-8815-930a8e2851b0-exploration-11"
    },
    {
      "subject_id": "676e7e95-336a-48ca-8815-930a8e2851b0-reservoirs-3",
      "relation": "challenges for",
      "object_id": "676e7e95-336a-48ca-8815-930a8e2851b0-exploration-11"
    },
    {
      "subject_id": "676e7e95-336a-48ca-8815-930a8e2851b0-reservoirs-3",
      "relation": "present challenges for",
      "object_id": "676e7e95-336a-48ca-8815-930a8e2851b0-exploration-11"
    },
    {
      "subject_id": "676e7e95-336a-48ca-8815-930a8e2851b0-reservoirs-3",
      "relation": "however present many challenges for",
      "object_id": "676e7e95-336a-48ca-8815-930a8e2851b0-exploration-11"
    },
    {
      "subject_id": "676e7e95-336a-48ca-8815-930a8e2851b0-we-5",
      "relation": "describe",
      "object_id": "676e7e95-336a-48ca-8815-930a8e2851b0-acquisition-8"
    },
    {
      "subject_id": "676e7e95-336a-48ca-8815-930a8e2851b0-acquisition-8",
      "relation": "is",
      "object_id": "676e7e95-336a-48ca-8815-930a8e2851b0-designed-21"
    },
    {
      "subject_id": "676e7e95-336a-48ca-8815-930a8e2851b0-we-5",
      "relation": "describe acquisition In",
      "object_id": "676e7e95-336a-48ca-8815-930a8e2851b0-paper-3"
    },
    {
      "subject_id": "676e7e95-336a-48ca-8815-930a8e2851b0-acquisition-8",
      "relation": "paper",
      "object_id": "676e7e95-336a-48ca-8815-930a8e2851b0-processing-10"
    },
    {
      "subject_id": "676e7e95-336a-48ca-8815-930a8e2851b0-acquisition-8",
      "relation": "is",
      "object_id": "676e7e95-336a-48ca-8815-930a8e2851b0-full-13"
    },
    {
      "subject_id": "676e7e95-336a-48ca-8815-930a8e2851b0-acquisition-8",
      "relation": "is",
      "object_id": "676e7e95-336a-48ca-8815-930a8e2851b0-towed-16"
    },
    {
      "subject_id": "676e7e95-336a-48ca-8815-930a8e2851b0-acquisition-8",
      "relation": "of",
      "object_id": "676e7e95-336a-48ca-8815-930a8e2851b0-azimuth-15-streamer-18-survey-20"
    },
    {
      "subject_id": "676e7e95-336a-48ca-8815-930a8e2851b0-acquisition-8",
      "relation": "is",
      "object_id": "676e7e95-336a-48ca-8815-930a8e2851b0-seismic-19"
    }
  ],
  "links": {
    "676e7e95-336a-48ca-8815-930a8e2851b0-pre-salt-9-areas-10": [],
    "NE-COUNTRY-Brazil": [],
    "676e7e95-336a-48ca-8815-930a8e2851b0-hydrocarbon-19-province-20": [],
    "676e7e95-336a-48ca-8815-930a8e2851b0-importance-27": [],
    "676e7e95-336a-48ca-8815-930a8e2851b0-global-26": [],
    "676e7e95-336a-48ca-8815-930a8e2851b0-to-23": [],
    "676e7e95-336a-48ca-8815-930a8e2851b0-recent-5-discoveries-6": [],
    "676e7e95-336a-48ca-8815-930a8e2851b0-reservoirs-3": [],
    "676e7e95-336a-48ca-8815-930a8e2851b0-exploration-11": [],
    "676e7e95-336a-48ca-8815-930a8e2851b0-pre-salt-2": [],
    "676e7e95-336a-48ca-8815-930a8e2851b0-we-5": [],
    "676e7e95-336a-48ca-8815-930a8e2851b0-acquisition-8": [],
    "676e7e95-336a-48ca-8815-930a8e2851b0-designed-21": [],
    "676e7e95-336a-48ca-8815-930a8e2851b0-paper-3": [],
    "676e7e95-336a-48ca-8815-930a8e2851b0-processing-10": [],
    "676e7e95-336a-48ca-8815-930a8e2851b0-full-13": [],
    "676e7e95-336a-48ca-8815-930a8e2851b0-towed-16": [],
    "676e7e95-336a-48ca-8815-930a8e2851b0-azimuth-15-streamer-18-survey-20": [],
    "676e7e95-336a-48ca-8815-930a8e2851b0-seismic-19": []
  }
}