{
  "document": "D:/Projetos/PIRA_KG/documents/onu_85075831363.txt",
  "entities": {
    "c6187c05-69fa-4993-ac86-f7154dd67053-age-3": "age",
    "c6187c05-69fa-4993-ac86-f7154dd67053-is-9-driven-11-by-12-solutions-15": "is driven by solutions",
    "c6187c05-69fa-4993-ac86-f7154dd67053-cost-13-effective-14": "cost effective",
    "c6187c05-69fa-4993-ac86-f7154dd67053-new-2": "new",
    "c6187c05-69fa-4993-ac86-f7154dd67053-aiming-17": "aiming",
    "c6187c05-69fa-4993-ac86-f7154dd67053-opportunity-6": "opportunity",
    "c6187c05-69fa-4993-ac86-f7154dd67053-systems-9": "systems",
    "c6187c05-69fa-4993-ac86-f7154dd67053-industry-2": "industry",
    "c6187c05-69fa-4993-ac86-f7154dd67053-processes-11": "processes",
    "c6187c05-69fa-4993-ac86-f7154dd67053-digitalization-20": "digitalization",
    "c6187c05-69fa-4993-ac86-f7154dd67053-4.0-3": "4.0",
    "NE-TITLE-layer": "layer",
    "c6187c05-69fa-4993-ac86-f7154dd67053-fatigue-33-failure-34-mode-35": "fatigue failure mode",
    "c6187c05-69fa-4993-ac86-f7154dd67053-operating-7-conditions-8": "operating conditions",
    "c6187c05-69fa-4993-ac86-f7154dd67053-fields-4": "fields",
    "c6187c05-69fa-4993-ac86-f7154dd67053-offshore-3": "offshore",
    "c6187c05-69fa-4993-ac86-f7154dd67053-its-41-design-42": "its design",
    "c6187c05-69fa-4993-ac86-f7154dd67053-metallic-30": "metallic",
    "NE-NATIONALITY-Brazilian": "Brazilian",
    "c6187c05-69fa-4993-ac86-f7154dd67053-element-9-analysis-10": "element analysis",
    "c6187c05-69fa-4993-ac86-f7154dd67053-wave-13-scatter-14-diagrams-15": "wave scatter diagrams",
    "c6187c05-69fa-4993-ac86-f7154dd67053-finite-8": "finite",
    "c6187c05-69fa-4993-ac86-f7154dd67053-nonlinear-6": "nonlinear",
    "c6187c05-69fa-4993-ac86-f7154dd67053-regular-12": "regular",
    "c6187c05-69fa-4993-ac86-f7154dd67053-basis-4": "basis",
    "NE-SET-daily": "daily",
    "c6187c05-69fa-4993-ac86-f7154dd67053-dynamic-7": "dynamic",
    "c6187c05-69fa-4993-ac86-f7154dd67053-analysis-2": "analysis",
    "c6187c05-69fa-4993-ac86-f7154dd67053-waves-6": "waves",
    "c6187c05-69fa-4993-ac86-f7154dd67053-regular-5": "regular",
    "c6187c05-69fa-4993-ac86-f7154dd67053-conservatisms-11": "conservatisms",
    "c6187c05-69fa-4993-ac86-f7154dd67053-can-19-refined-21": "can refined",
    "c6187c05-69fa-4993-ac86-f7154dd67053-increase-33": "increase",
    "c6187c05-69fa-4993-ac86-f7154dd67053-wave-9-height-10": "wave height",
    "c6187c05-69fa-4993-ac86-f7154dd67053-wave-16-scatter-17-diagram-18": "wave scatter diagram",
    "c6187c05-69fa-4993-ac86-f7154dd67053-period-12": "period",
    "c6187c05-69fa-4993-ac86-f7154dd67053-ranges-13": "ranges",
    "c6187c05-69fa-4993-ac86-f7154dd67053-water-5-scenario-6": "water scenario",
    "c6187c05-69fa-4993-ac86-f7154dd67053-deep-3": "deep",
    "c6187c05-69fa-4993-ac86-f7154dd67053-total-36": "total",
    "c6187c05-69fa-4993-ac86-f7154dd67053-amount-37": "amount",
    "c6187c05-69fa-4993-ac86-f7154dd67053-considerable-32": "considerable",
    "c6187c05-69fa-4993-ac86-f7154dd67053-total-36-amount-37-of-38-wave-39-classes-40": "total amount of wave classes",
    "c6187c05-69fa-4993-ac86-f7154dd67053-wave-39-classes-40": "wave classes",
    "c6187c05-69fa-4993-ac86-f7154dd67053-participation-11": "participation",
    "c6187c05-69fa-4993-ac86-f7154dd67053-total-14-fatigue-15-damage-16": "total fatigue damage",
    "c6187c05-69fa-4993-ac86-f7154dd67053-low-10": "low",
    "c6187c05-69fa-4993-ac86-f7154dd67053-wave-5-classes-6": "wave classes",
    "c6187c05-69fa-4993-ac86-f7154dd67053-time-21": "time",
    "c6187c05-69fa-4993-ac86-f7154dd67053-unnecessary-20": "unnecessary",
    "c6187c05-69fa-4993-ac86-f7154dd67053-regressors-15": "regressors",
    "c6187c05-69fa-4993-ac86-f7154dd67053-design-5-can-25-done-27": "design can done",
    "c6187c05-69fa-4993-ac86-f7154dd67053-simulation-7-experiment-8": "simulation experiment",
    "c6187c05-69fa-4993-ac86-f7154dd67053-regular-22-wave-23-scatter-24": "regular wave scatter",
    "c6187c05-69fa-4993-ac86-f7154dd67053-robust-4": "robust",
    "c6187c05-69fa-4993-ac86-f7154dd67053-Helped-1": "Helped",
    "c6187c05-69fa-4993-ac86-f7154dd67053-rest-37": "rest",
    "c6187c05-69fa-4993-ac86-f7154dd67053-can-41-predicted-44": "can predicted",
    "c6187c05-69fa-4993-ac86-f7154dd67053-accurately-43": "accurately",
    "c6187c05-69fa-4993-ac86-f7154dd67053-paper-2": "paper",
    "c6187c05-69fa-4993-ac86-f7154dd67053-application-5": "application",
    "c6187c05-69fa-4993-ac86-f7154dd67053-supervised-7": "supervised",
    "c6187c05-69fa-4993-ac86-f7154dd67053-learners-8": "learners",
    "c6187c05-69fa-4993-ac86-f7154dd67053-strategy-5": "strategy",
    "c6187c05-69fa-4993-ac86-f7154dd67053-amount-10": "amount",
    "c6187c05-69fa-4993-ac86-f7154dd67053-project-17-design-18-phase-19": "project design phase",
    "c6187c05-69fa-4993-ac86-f7154dd67053-techniques-2": "techniques",
    "c6187c05-69fa-4993-ac86-f7154dd67053-total-9": "total",
    "c6187c05-69fa-4993-ac86-f7154dd67053-fatigue-12-analysis-13": "fatigue analysis",
    "c6187c05-69fa-4993-ac86-f7154dd67053-required-14": "required",
    "c6187c05-69fa-4993-ac86-f7154dd67053-focus-2": "focus",
    "c6187c05-69fa-4993-ac86-f7154dd67053-two-14-regions-17": "two regions",
    "c6187c05-69fa-4993-ac86-f7154dd67053-critical-16": "critical",
    "c6187c05-69fa-4993-ac86-f7154dd67053-evaluation-6": "evaluation",
    "c6187c05-69fa-4993-ac86-f7154dd67053-fatigue-9": "fatigue",
    "NE-TITLE-stiffener": "stiffener",
    "c6187c05-69fa-4993-ac86-f7154dd67053-bend-19": "bend",
    "c6187c05-69fa-4993-ac86-f7154dd67053-metallic-11": "metallic",
    "c6187c05-69fa-4993-ac86-f7154dd67053-zone-24": "zone",
    "c6187c05-69fa-4993-ac86-f7154dd67053-main-15": "main",
    "c6187c05-69fa-4993-ac86-f7154dd67053-layers-12": "layers"
  },
  "graph": [
    {
      "subject_id": "c6187c05-69fa-4993-ac86-f7154dd67053-age-3",
      "relation": "is",
      "object_id": "c6187c05-69fa-4993-ac86-f7154dd67053-is-9-driven-11-by-12-solutions-15"
    },
    {
      "subject_id": "c6187c05-69fa-4993-ac86-f7154dd67053-is-9-driven-11-by-12-solutions-15",
      "relation": "is",
      "object_id": "c6187c05-69fa-4993-ac86-f7154dd67053-cost-13-effective-14"
    },
    {
      "subject_id": "c6187c05-69fa-4993-ac86-f7154dd67053-age-3",
      "relation": "is",
      "object_id": "c6187c05-69fa-4993-ac86-f7154dd67053-new-2"
    },
    {
      "subject_id": "c6187c05-69fa-4993-ac86-f7154dd67053-is-9-driven-11-by-12-solutions-15",
      "relation": "is",
      "object_id": "c6187c05-69fa-4993-ac86-f7154dd67053-aiming-17"
    },
    {
      "subject_id": "c6187c05-69fa-4993-ac86-f7154dd67053-opportunity-6",
      "relation": "transform",
      "object_id": "c6187c05-69fa-4993-ac86-f7154dd67053-systems-9"
    },
    {
      "subject_id": "c6187c05-69fa-4993-ac86-f7154dd67053-industry-2",
      "relation": "brings",
      "object_id": "c6187c05-69fa-4993-ac86-f7154dd67053-opportunity-6"
    },
    {
      "subject_id": "c6187c05-69fa-4993-ac86-f7154dd67053-processes-11",
      "relation": "making use of",
      "object_id": "c6187c05-69fa-4993-ac86-f7154dd67053-digitalization-20"
    },
    {
      "subject_id": "c6187c05-69fa-4993-ac86-f7154dd67053-industry-2",
      "relation": "amount to",
      "object_id": "c6187c05-69fa-4993-ac86-f7154dd67053-4.0-3"
    },
    {
      "subject_id": "c6187c05-69fa-4993-ac86-f7154dd67053-processes-11",
      "relation": "use of",
      "object_id": "c6187c05-69fa-4993-ac86-f7154dd67053-digitalization-20"
    },
    {
      "subject_id": "NE-TITLE-layer",
      "relation": "’s",
      "object_id": "c6187c05-69fa-4993-ac86-f7154dd67053-fatigue-33-failure-34-mode-35"
    },
    {
      "subject_id": "c6187c05-69fa-4993-ac86-f7154dd67053-operating-7-conditions-8",
      "relation": "make In",
      "object_id": "c6187c05-69fa-4993-ac86-f7154dd67053-fields-4"
    },
    {
      "subject_id": "c6187c05-69fa-4993-ac86-f7154dd67053-fields-4",
      "relation": "is",
      "object_id": "c6187c05-69fa-4993-ac86-f7154dd67053-offshore-3"
    },
    {
      "subject_id": "c6187c05-69fa-4993-ac86-f7154dd67053-fatigue-33-failure-34-mode-35",
      "relation": "is in",
      "object_id": "c6187c05-69fa-4993-ac86-f7154dd67053-its-41-design-42"
    },
    {
      "subject_id": "NE-TITLE-layer",
      "relation": "has",
      "object_id": "c6187c05-69fa-4993-ac86-f7154dd67053-fatigue-33-failure-34-mode-35"
    },
    {
      "subject_id": "c6187c05-69fa-4993-ac86-f7154dd67053-fatigue-33-failure-34-mode-35",
      "relation": "is",
      "object_id": "c6187c05-69fa-4993-ac86-f7154dd67053-metallic-30"
    },
    {
      "subject_id": "c6187c05-69fa-4993-ac86-f7154dd67053-fields-4",
      "relation": "is",
      "object_id": "NE-NATIONALITY-Brazilian"
    },
    {
      "subject_id": "c6187c05-69fa-4993-ac86-f7154dd67053-element-9-analysis-10",
      "relation": "uses",
      "object_id": "c6187c05-69fa-4993-ac86-f7154dd67053-wave-13-scatter-14-diagrams-15"
    },
    {
      "subject_id": "c6187c05-69fa-4993-ac86-f7154dd67053-element-9-analysis-10",
      "relation": "is",
      "object_id": "c6187c05-69fa-4993-ac86-f7154dd67053-finite-8"
    },
    {
      "subject_id": "c6187c05-69fa-4993-ac86-f7154dd67053-element-9-analysis-10",
      "relation": "is",
      "object_id": "c6187c05-69fa-4993-ac86-f7154dd67053-nonlinear-6"
    },
    {
      "subject_id": "c6187c05-69fa-4993-ac86-f7154dd67053-wave-13-scatter-14-diagrams-15",
      "relation": "is",
      "object_id": "c6187c05-69fa-4993-ac86-f7154dd67053-regular-12"
    },
    {
      "subject_id": "c6187c05-69fa-4993-ac86-f7154dd67053-element-9-analysis-10",
      "relation": "uses wave scatter diagrams In",
      "object_id": "c6187c05-69fa-4993-ac86-f7154dd67053-basis-4"
    },
    {
      "subject_id": "c6187c05-69fa-4993-ac86-f7154dd67053-basis-4",
      "relation": "is",
      "object_id": "NE-SET-daily"
    },
    {
      "subject_id": "c6187c05-69fa-4993-ac86-f7154dd67053-element-9-analysis-10",
      "relation": "is",
      "object_id": "c6187c05-69fa-4993-ac86-f7154dd67053-dynamic-7"
    },
    {
      "subject_id": "c6187c05-69fa-4993-ac86-f7154dd67053-analysis-2",
      "relation": "performed with",
      "object_id": "c6187c05-69fa-4993-ac86-f7154dd67053-waves-6"
    },
    {
      "subject_id": "c6187c05-69fa-4993-ac86-f7154dd67053-waves-6",
      "relation": "is",
      "object_id": "c6187c05-69fa-4993-ac86-f7154dd67053-regular-5"
    },
    {
      "subject_id": "c6187c05-69fa-4993-ac86-f7154dd67053-analysis-2",
      "relation": "carries",
      "object_id": "c6187c05-69fa-4993-ac86-f7154dd67053-conservatisms-11"
    },
    {
      "subject_id": "c6187c05-69fa-4993-ac86-f7154dd67053-can-19-refined-21",
      "relation": "leading to",
      "object_id": "c6187c05-69fa-4993-ac86-f7154dd67053-increase-33"
    },
    {
      "subject_id": "c6187c05-69fa-4993-ac86-f7154dd67053-wave-9-height-10",
      "relation": "ranges of",
      "object_id": "c6187c05-69fa-4993-ac86-f7154dd67053-wave-16-scatter-17-diagram-18"
    },
    {
      "subject_id": "c6187c05-69fa-4993-ac86-f7154dd67053-period-12",
      "relation": "ranges of",
      "object_id": "c6187c05-69fa-4993-ac86-f7154dd67053-wave-16-scatter-17-diagram-18"
    },
    {
      "subject_id": "c6187c05-69fa-4993-ac86-f7154dd67053-ranges-13",
      "relation": "is In",
      "object_id": "c6187c05-69fa-4993-ac86-f7154dd67053-water-5-scenario-6"
    },
    {
      "subject_id": "c6187c05-69fa-4993-ac86-f7154dd67053-water-5-scenario-6",
      "relation": "is",
      "object_id": "c6187c05-69fa-4993-ac86-f7154dd67053-deep-3"
    },
    {
      "subject_id": "c6187c05-69fa-4993-ac86-f7154dd67053-period-12",
      "relation": "ranges In",
      "object_id": "c6187c05-69fa-4993-ac86-f7154dd67053-water-5-scenario-6"
    },
    {
      "subject_id": "c6187c05-69fa-4993-ac86-f7154dd67053-increase-33",
      "relation": "is",
      "object_id": "c6187c05-69fa-4993-ac86-f7154dd67053-total-36"
    },
    {
      "subject_id": "c6187c05-69fa-4993-ac86-f7154dd67053-increase-33",
      "relation": "of",
      "object_id": "c6187c05-69fa-4993-ac86-f7154dd67053-amount-37"
    },
    {
      "subject_id": "c6187c05-69fa-4993-ac86-f7154dd67053-wave-9-height-10",
      "relation": "ranges In",
      "object_id": "c6187c05-69fa-4993-ac86-f7154dd67053-water-5-scenario-6"
    },
    {
      "subject_id": "c6187c05-69fa-4993-ac86-f7154dd67053-increase-33",
      "relation": "is",
      "object_id": "c6187c05-69fa-4993-ac86-f7154dd67053-considerable-32"
    },
    {
      "subject_id": "c6187c05-69fa-4993-ac86-f7154dd67053-increase-33",
      "relation": "is in",
      "object_id": "c6187c05-69fa-4993-ac86-f7154dd67053-total-36-amount-37-of-38-wave-39-classes-40"
    },
    {
      "subject_id": "c6187c05-69fa-4993-ac86-f7154dd67053-increase-33",
      "relation": "of",
      "object_id": "c6187c05-69fa-4993-ac86-f7154dd67053-total-36-amount-37-of-38-wave-39-classes-40"
    },
    {
      "subject_id": "c6187c05-69fa-4993-ac86-f7154dd67053-increase-33",
      "relation": "of",
      "object_id": "c6187c05-69fa-4993-ac86-f7154dd67053-wave-39-classes-40"
    },
    {
      "subject_id": "c6187c05-69fa-4993-ac86-f7154dd67053-participation-11",
      "relation": "is in",
      "object_id": "c6187c05-69fa-4993-ac86-f7154dd67053-total-14-fatigue-15-damage-16"
    },
    {
      "subject_id": "c6187c05-69fa-4993-ac86-f7154dd67053-participation-11",
      "relation": "is",
      "object_id": "c6187c05-69fa-4993-ac86-f7154dd67053-low-10"
    },
    {
      "subject_id": "c6187c05-69fa-4993-ac86-f7154dd67053-participation-11",
      "relation": "Great part of",
      "object_id": "c6187c05-69fa-4993-ac86-f7154dd67053-wave-5-classes-6"
    },
    {
      "subject_id": "c6187c05-69fa-4993-ac86-f7154dd67053-participation-11",
      "relation": "spending",
      "object_id": "c6187c05-69fa-4993-ac86-f7154dd67053-time-21"
    },
    {
      "subject_id": "c6187c05-69fa-4993-ac86-f7154dd67053-time-21",
      "relation": "is",
      "object_id": "c6187c05-69fa-4993-ac86-f7154dd67053-unnecessary-20"
    },
    {
      "subject_id": "c6187c05-69fa-4993-ac86-f7154dd67053-participation-11",
      "relation": "part of",
      "object_id": "c6187c05-69fa-4993-ac86-f7154dd67053-wave-5-classes-6"
    },
    {
      "subject_id": "c6187c05-69fa-4993-ac86-f7154dd67053-time-21",
      "relation": "analyze",
      "object_id": "c6187c05-69fa-4993-ac86-f7154dd67053-wave-5-classes-6"
    },
    {
      "subject_id": "c6187c05-69fa-4993-ac86-f7154dd67053-regressors-15",
      "relation": "can",
      "object_id": "c6187c05-69fa-4993-ac86-f7154dd67053-design-5-can-25-done-27"
    },
    {
      "subject_id": "c6187c05-69fa-4993-ac86-f7154dd67053-design-5-can-25-done-27",
      "relation": "of",
      "object_id": "c6187c05-69fa-4993-ac86-f7154dd67053-simulation-7-experiment-8"
    },
    {
      "subject_id": "c6187c05-69fa-4993-ac86-f7154dd67053-regressors-15",
      "relation": "representation of",
      "object_id": "c6187c05-69fa-4993-ac86-f7154dd67053-regular-22-wave-23-scatter-24"
    },
    {
      "subject_id": "c6187c05-69fa-4993-ac86-f7154dd67053-design-5-can-25-done-27",
      "relation": "is",
      "object_id": "c6187c05-69fa-4993-ac86-f7154dd67053-robust-4"
    },
    {
      "subject_id": "c6187c05-69fa-4993-ac86-f7154dd67053-design-5-can-25-done-27",
      "relation": "mark",
      "object_id": "c6187c05-69fa-4993-ac86-f7154dd67053-Helped-1"
    },
    {
      "subject_id": "c6187c05-69fa-4993-ac86-f7154dd67053-rest-37",
      "relation": "can",
      "object_id": "c6187c05-69fa-4993-ac86-f7154dd67053-can-41-predicted-44"
    },
    {
      "subject_id": "c6187c05-69fa-4993-ac86-f7154dd67053-can-41-predicted-44",
      "relation": "at",
      "object_id": "c6187c05-69fa-4993-ac86-f7154dd67053-accurately-43"
    },
    {
      "subject_id": "c6187c05-69fa-4993-ac86-f7154dd67053-paper-2",
      "relation": "presents",
      "object_id": "c6187c05-69fa-4993-ac86-f7154dd67053-application-5"
    },
    {
      "subject_id": "c6187c05-69fa-4993-ac86-f7154dd67053-application-5",
      "relation": "is",
      "object_id": "c6187c05-69fa-4993-ac86-f7154dd67053-supervised-7"
    },
    {
      "subject_id": "c6187c05-69fa-4993-ac86-f7154dd67053-application-5",
      "relation": "of",
      "object_id": "c6187c05-69fa-4993-ac86-f7154dd67053-learners-8"
    },
    {
      "subject_id": "c6187c05-69fa-4993-ac86-f7154dd67053-strategy-5",
      "relation": "reduce",
      "object_id": "c6187c05-69fa-4993-ac86-f7154dd67053-amount-10"
    },
    {
      "subject_id": "c6187c05-69fa-4993-ac86-f7154dd67053-amount-10",
      "relation": "at",
      "object_id": "c6187c05-69fa-4993-ac86-f7154dd67053-project-17-design-18-phase-19"
    },
    {
      "subject_id": "c6187c05-69fa-4993-ac86-f7154dd67053-techniques-2",
      "relation": "support",
      "object_id": "c6187c05-69fa-4993-ac86-f7154dd67053-strategy-5"
    },
    {
      "subject_id": "c6187c05-69fa-4993-ac86-f7154dd67053-amount-10",
      "relation": "is",
      "object_id": "c6187c05-69fa-4993-ac86-f7154dd67053-total-9"
    },
    {
      "subject_id": "c6187c05-69fa-4993-ac86-f7154dd67053-amount-10",
      "relation": "of",
      "object_id": "c6187c05-69fa-4993-ac86-f7154dd67053-fatigue-12-analysis-13"
    },
    {
      "subject_id": "c6187c05-69fa-4993-ac86-f7154dd67053-amount-10",
      "relation": "is",
      "object_id": "c6187c05-69fa-4993-ac86-f7154dd67053-required-14"
    },
    {
      "subject_id": "c6187c05-69fa-4993-ac86-f7154dd67053-focus-2",
      "relation": "stays bend stiffener at",
      "object_id": "c6187c05-69fa-4993-ac86-f7154dd67053-two-14-regions-17"
    },
    {
      "subject_id": "c6187c05-69fa-4993-ac86-f7154dd67053-two-14-regions-17",
      "relation": "is",
      "object_id": "c6187c05-69fa-4993-ac86-f7154dd67053-critical-16"
    },
    {
      "subject_id": "c6187c05-69fa-4993-ac86-f7154dd67053-focus-2",
      "relation": "stays bend stiffener on",
      "object_id": "c6187c05-69fa-4993-ac86-f7154dd67053-evaluation-6"
    },
    {
      "subject_id": "c6187c05-69fa-4993-ac86-f7154dd67053-evaluation-6",
      "relation": "of",
      "object_id": "c6187c05-69fa-4993-ac86-f7154dd67053-fatigue-9"
    },
    {
      "subject_id": "c6187c05-69fa-4993-ac86-f7154dd67053-focus-2",
      "relation": "stays",
      "object_id": "NE-TITLE-stiffener"
    },
    {
      "subject_id": "NE-TITLE-stiffener",
      "relation": "of",
      "object_id": "c6187c05-69fa-4993-ac86-f7154dd67053-bend-19"
    },
    {
      "subject_id": "c6187c05-69fa-4993-ac86-f7154dd67053-evaluation-6",
      "relation": "is",
      "object_id": "c6187c05-69fa-4993-ac86-f7154dd67053-metallic-11"
    },
    {
      "subject_id": "c6187c05-69fa-4993-ac86-f7154dd67053-focus-2",
      "relation": "touch down",
      "object_id": "c6187c05-69fa-4993-ac86-f7154dd67053-zone-24"
    },
    {
      "subject_id": "c6187c05-69fa-4993-ac86-f7154dd67053-two-14-regions-17",
      "relation": "is",
      "object_id": "c6187c05-69fa-4993-ac86-f7154dd67053-main-15"
    },
    {
      "subject_id": "c6187c05-69fa-4993-ac86-f7154dd67053-evaluation-6",
      "relation": "of",
      "object_id": "c6187c05-69fa-4993-ac86-f7154dd67053-layers-12"
    }
  ],
  "links": {
    "c6187c05-69fa-4993-ac86-f7154dd67053-age-3": [],
    "c6187c05-69fa-4993-ac86-f7154dd67053-is-9-driven-11-by-12-solutions-15": [],
    "c6187c05-69fa-4993-ac86-f7154dd67053-cost-13-effective-14": [],
    "c6187c05-69fa-4993-ac86-f7154dd67053-new-2": [],
    "c6187c05-69fa-4993-ac86-f7154dd67053-aiming-17": [],
    "c6187c05-69fa-4993-ac86-f7154dd67053-opportunity-6": [],
    "c6187c05-69fa-4993-ac86-f7154dd67053-systems-9": [],
    "c6187c05-69fa-4993-ac86-f7154dd67053-industry-2": [],
    "c6187c05-69fa-4993-ac86-f7154dd67053-processes-11": [],
    "c6187c05-69fa-4993-ac86-f7154dd67053-digitalization-20": [],
    "c6187c05-69fa-4993-ac86-f7154dd67053-4.0-3": [],
    "NE-TITLE-layer": [],
    "c6187c05-69fa-4993-ac86-f7154dd67053-fatigue-33-failure-34-mode-35": [],
    "c6187c05-69fa-4993-ac86-f7154dd67053-operating-7-conditions-8": [],
    "c6187c05-69fa-4993-ac86-f7154dd67053-fields-4": [],
    "c6187c05-69fa-4993-ac86-f7154dd67053-offshore-3": [],
    "c6187c05-69fa-4993-ac86-f7154dd67053-its-41-design-42": [],
    "c6187c05-69fa-4993-ac86-f7154dd67053-metallic-30": [],
    "NE-NATIONALITY-Brazilian": [],
    "c6187c05-69fa-4993-ac86-f7154dd67053-element-9-analysis-10": [],
    "c6187c05-69fa-4993-ac86-f7154dd67053-wave-13-scatter-14-diagrams-15": [],
    "c6187c05-69fa-4993-ac86-f7154dd67053-finite-8": [],
    "c6187c05-69fa-4993-ac86-f7154dd67053-nonlinear-6": [],
    "c6187c05-69fa-4993-ac86-f7154dd67053-regular-12": [],
    "c6187c05-69fa-4993-ac86-f7154dd67053-basis-4": [],
    "NE-SET-daily": [],
    "c6187c05-69fa-4993-ac86-f7154dd67053-dynamic-7": [],
    "c6187c05-69fa-4993-ac86-f7154dd67053-analysis-2": [],
    "c6187c05-69fa-4993-ac86-f7154dd67053-waves-6": [],
    "c6187c05-69fa-4993-ac86-f7154dd67053-regular-5": [],
    "c6187c05-69fa-4993-ac86-f7154dd67053-conservatisms-11": [],
    "c6187c05-69fa-4993-ac86-f7154dd67053-can-19-refined-21": [],
    "c6187c05-69fa-4993-ac86-f7154dd67053-increase-33": [],
    "c6187c05-69fa-4993-ac86-f7154dd67053-wave-9-height-10": [],
    "c6187c05-69fa-4993-ac86-f7154dd67053-wave-16-scatter-17-diagram-18": [],
    "c6187c05-69fa-4993-ac86-f7154dd67053-period-12": [],
    "c6187c05-69fa-4993-ac86-f7154dd67053-ranges-13": [],
    "c6187c05-69fa-4993-ac86-f7154dd67053-water-5-scenario-6": [],
    "c6187c05-69fa-4993-ac86-f7154dd67053-deep-3": [],
    "c6187c05-69fa-4993-ac86-f7154dd67053-total-36": [
      "c6187c05-69fa-4993-ac86-f7154dd67053-total-9"
    ],
    "c6187c05-69fa-4993-ac86-f7154dd67053-amount-37": [],
    "c6187c05-69fa-4993-ac86-f7154dd67053-considerable-32": [],
    "c6187c05-69fa-4993-ac86-f7154dd67053-total-36-amount-37-of-38-wave-39-classes-40": [],
    "c6187c05-69fa-4993-ac86-f7154dd67053-wave-39-classes-40": [],
    "c6187c05-69fa-4993-ac86-f7154dd67053-participation-11": [],
    "c6187c05-69fa-4993-ac86-f7154dd67053-total-14-fatigue-15-damage-16": [],
    "c6187c05-69fa-4993-ac86-f7154dd67053-low-10": [],
    "c6187c05-69fa-4993-ac86-f7154dd67053-wave-5-classes-6": [],
    "c6187c05-69fa-4993-ac86-f7154dd67053-time-21": [],
    "c6187c05-69fa-4993-ac86-f7154dd67053-unnecessary-20": [],
    "c6187c05-69fa-4993-ac86-f7154dd67053-regressors-15": [],
    "c6187c05-69fa-4993-ac86-f7154dd67053-design-5-can-25-done-27": [],
    "c6187c05-69fa-4993-ac86-f7154dd67053-simulation-7-experiment-8": [],
    "c6187c05-69fa-4993-ac86-f7154dd67053-regular-22-wave-23-scatter-24": [],
    "c6187c05-69fa-4993-ac86-f7154dd67053-robust-4": [],
    "c6187c05-69fa-4993-ac86-f7154dd67053-Helped-1": [],
    "c6187c05-69fa-4993-ac86-f7154dd67053-rest-37": [],
    "c6187c05-69fa-4993-ac86-f7154dd67053-can-41-predicted-44": [],
    "c6187c05-69fa-4993-ac86-f7154dd67053-accurately-43": [],
    "c6187c05-69fa-4993-ac86-f7154dd67053-paper-2": [],
    "c6187c05-69fa-4993-ac86-f7154dd67053-application-5": [],
    "c6187c05-69fa-4993-ac86-f7154dd67053-supervised-7": [],
    "c6187c05-69fa-4993-ac86-f7154dd67053-learners-8": [],
    "c6187c05-69fa-4993-ac86-f7154dd67053-strategy-5": [],
    "c6187c05-69fa-4993-ac86-f7154dd67053-amount-10": [],
    "c6187c05-69fa-4993-ac86-f7154dd67053-project-17-design-18-phase-19": [],
    "c6187c05-69fa-4993-ac86-f7154dd67053-techniques-2": [],
    "c6187c05-69fa-4993-ac86-f7154dd67053-total-9": [
      "c6187c05-69fa-4993-ac86-f7154dd67053-total-36"
    ],
    "c6187c05-69fa-4993-ac86-f7154dd67053-fatigue-12-analysis-13": [],
    "c6187c05-69fa-4993-ac86-f7154dd67053-required-14": [],
    "c6187c05-69fa-4993-ac86-f7154dd67053-focus-2": [],
    "c6187c05-69fa-4993-ac86-f7154dd67053-two-14-regions-17": [],
    "c6187c05-69fa-4993-ac86-f7154dd67053-critical-16": [],
    "c6187c05-69fa-4993-ac86-f7154dd67053-evaluation-6": [],
    "c6187c05-69fa-4993-ac86-f7154dd67053-fatigue-9": [],
    "NE-TITLE-stiffener": [],
    "c6187c05-69fa-4993-ac86-f7154dd67053-bend-19": [],
    "c6187c05-69fa-4993-ac86-f7154dd67053-metallic-11": [],
    "c6187c05-69fa-4993-ac86-f7154dd67053-zone-24": [],
    "c6187c05-69fa-4993-ac86-f7154dd67053-main-15": [],
    "c6187c05-69fa-4993-ac86-f7154dd67053-layers-12": []
  }
}