{
  "document": "D:/Projetos/PIRA_KG/documents/onu_85050643252.txt",
  "entities": {
    "16159eb1-d977-41b1-977d-b5a0d90c3d46-many-16-presalt-17-oil-18-discoveries-19": "many presalt oil discoveries",
    "NE-LOCATION-Basin": "Basin",
    "NE-CITY-Santos": "Santos",
    "NE-TITLE-operator": "operator",
    "16159eb1-d977-41b1-977d-b5a0d90c3d46-ultradeep-9-waters-10": "ultradeep waters",
    "16159eb1-d977-41b1-977d-b5a0d90c3d46-partnership-2": "partnership",
    "NE-ORGANIZATION-ANP": "ANP",
    "NE-ORGANIZATION-Biofuels-Agency": "Biofuels Agency",
    "NE-ORGANIZATION-Petrobras": "Petrobras",
    "16159eb1-d977-41b1-977d-b5a0d90c3d46-2-20-ANP-22-2A-24": "2 ANP 2A",
    "16159eb1-d977-41b1-977d-b5a0d90c3d46-well-19": "well",
    "NE-PERSON-Libra": "Libra",
    "16159eb1-d977-41b1-977d-b5a0d90c3d46-offered-6": "offered",
    "16159eb1-d977-41b1-977d-b5a0d90c3d46-bidding-10-round-11": "bidding round",
    "NE-ORDINAL-first": "first",
    "16159eb1-d977-41b1-977d-b5a0d90c3d46-Sharing-21": "Sharing",
    "16159eb1-d977-41b1-977d-b5a0d90c3d46-executed-12": "executed",
    "16159eb1-d977-41b1-977d-b5a0d90c3d46-Production-20-Contract-22": "Production Contract",
    "16159eb1-d977-41b1-977d-b5a0d90c3d46-areas-25": "areas",
    "16159eb1-d977-41b1-977d-b5a0d90c3d46-government-16": "government",
    "16159eb1-d977-41b1-977d-b5a0d90c3d46-presalt-24": "presalt",
    "16159eb1-d977-41b1-977d-b5a0d90c3d46-new-19": "new",
    "NE-DATE-2013": "2013",
    "NE-NATIONALITY-Brazilian": "Brazilian",
    "NE-ORGANIZATION-Shell": "Shell",
    "NE-ORGANIZATION-CNPC": "CNPC",
    "16159eb1-d977-41b1-977d-b5a0d90c3d46-PPSA-34": "PPSA",
    "16159eb1-d977-41b1-977d-b5a0d90c3d46-consortium-3": "consortium",
    "NE-ORGANIZATION-CNOOC": "CNOOC",
    "NE-ORGANIZATION-China-National-Offshore-Oil-Corporation": "China National Offshore Oil Corporation",
    "16159eb1-d977-41b1-977d-b5a0d90c3d46-winning-2": "winning",
    "16159eb1-d977-41b1-977d-b5a0d90c3d46-Total-14": "Total",
    "NE-ORGANIZATION-China-National-Petroleum-Corporation": "China National Petroleum Corporation",
    "16159eb1-d977-41b1-977d-b5a0d90c3d46-Libra-2-discovery-3": "Libra discovery",
    "16159eb1-d977-41b1-977d-b5a0d90c3d46-trap-9": "trap",
    "16159eb1-d977-41b1-977d-b5a0d90c3d46-about-11-550-12-km2-13": "about 550 km2",
    "16159eb1-d977-41b1-977d-b5a0d90c3d46-structural-8": "structural",
    "16159eb1-d977-41b1-977d-b5a0d90c3d46-reservoirs-3": "reservoirs",
    "16159eb1-d977-41b1-977d-b5a0d90c3d46-carbonates-6": "carbonates",
    "16159eb1-d977-41b1-977d-b5a0d90c3d46-main-2": "main",
    "16159eb1-d977-41b1-977d-b5a0d90c3d46-deposited-8": "deposited",
    "NE-MISC-Neobarremian": "Neobarremian",
    "NE-MISC-Aptian": "Aptian",
    "16159eb1-d977-41b1-977d-b5a0d90c3d46-lacustrine-5": "lacustrine",
    "16159eb1-d977-41b1-977d-b5a0d90c3d46-estimates-2": "estimates",
    "16159eb1-d977-41b1-977d-b5a0d90c3d46-volume-5": "volume",
    "16159eb1-d977-41b1-977d-b5a0d90c3d46-Preliminary-1": "Preliminary",
    "16159eb1-d977-41b1-977d-b5a0d90c3d46-place-9": "place",
    "16159eb1-d977-41b1-977d-b5a0d90c3d46-oil-7": "oil",
    "16159eb1-d977-41b1-977d-b5a0d90c3d46-place-9-between-10-8-11-BOE-15": "place between 8 BOE",
    "16159eb1-d977-41b1-977d-b5a0d90c3d46-development-2": "development",
    "16159eb1-d977-41b1-977d-b5a0d90c3d46-Phase-1": "Phase",
    "16159eb1-d977-41b1-977d-b5a0d90c3d46-production-6-systems-7": "production systems",
    "16159eb1-d977-41b1-977d-b5a0d90c3d46-start-12": "start",
    "16159eb1-d977-41b1-977d-b5a0d90c3d46-1-2": "1",
    "16159eb1-d977-41b1-977d-b5a0d90c3d46-to-11": "to",
    "16159eb1-d977-41b1-977d-b5a0d90c3d46-definitive-5": "definitive",
    "16159eb1-d977-41b1-977d-b5a0d90c3d46-2022-14": "2022",
    "16159eb1-d977-41b1-977d-b5a0d90c3d46-expected-10": "expected"
  },
  "graph": [
    {
      "subject_id": "16159eb1-d977-41b1-977d-b5a0d90c3d46-many-16-presalt-17-oil-18-discoveries-19",
      "relation": "is in",
      "object_id": "NE-LOCATION-Basin"
    },
    {
      "subject_id": "NE-LOCATION-Basin",
      "relation": "is in",
      "object_id": "NE-CITY-Santos"
    },
    {
      "subject_id": "NE-TITLE-operator",
      "relation": "is in",
      "object_id": "16159eb1-d977-41b1-977d-b5a0d90c3d46-ultradeep-9-waters-10"
    },
    {
      "subject_id": "16159eb1-d977-41b1-977d-b5a0d90c3d46-partnership-2",
      "relation": "is with",
      "object_id": "NE-ORGANIZATION-ANP"
    },
    {
      "subject_id": "NE-ORGANIZATION-Biofuels-Agency",
      "relation": "is",
      "object_id": "NE-ORGANIZATION-ANP"
    },
    {
      "subject_id": "NE-ORGANIZATION-Petrobras",
      "relation": "drilled",
      "object_id": "16159eb1-d977-41b1-977d-b5a0d90c3d46-2-20-ANP-22-2A-24"
    },
    {
      "subject_id": "16159eb1-d977-41b1-977d-b5a0d90c3d46-2-20-ANP-22-2A-24",
      "relation": "at",
      "object_id": "16159eb1-d977-41b1-977d-b5a0d90c3d46-well-19"
    },
    {
      "subject_id": "NE-PERSON-Libra",
      "relation": "was",
      "object_id": "16159eb1-d977-41b1-977d-b5a0d90c3d46-offered-6"
    },
    {
      "subject_id": "16159eb1-d977-41b1-977d-b5a0d90c3d46-offered-6",
      "relation": "at",
      "object_id": "16159eb1-d977-41b1-977d-b5a0d90c3d46-bidding-10-round-11"
    },
    {
      "subject_id": "NE-PERSON-Libra",
      "relation": "was offered in",
      "object_id": "16159eb1-d977-41b1-977d-b5a0d90c3d46-bidding-10-round-11"
    },
    {
      "subject_id": "16159eb1-d977-41b1-977d-b5a0d90c3d46-bidding-10-round-11",
      "relation": "is",
      "object_id": "NE-ORDINAL-first"
    },
    {
      "subject_id": "16159eb1-d977-41b1-977d-b5a0d90c3d46-bidding-10-round-11",
      "relation": "is",
      "object_id": "16159eb1-d977-41b1-977d-b5a0d90c3d46-Sharing-21"
    },
    {
      "subject_id": "16159eb1-d977-41b1-977d-b5a0d90c3d46-bidding-10-round-11",
      "relation": "is",
      "object_id": "16159eb1-d977-41b1-977d-b5a0d90c3d46-executed-12"
    },
    {
      "subject_id": "16159eb1-d977-41b1-977d-b5a0d90c3d46-bidding-10-round-11",
      "relation": "at",
      "object_id": "16159eb1-d977-41b1-977d-b5a0d90c3d46-Production-20-Contract-22"
    },
    {
      "subject_id": "16159eb1-d977-41b1-977d-b5a0d90c3d46-bidding-10-round-11",
      "relation": "of",
      "object_id": "16159eb1-d977-41b1-977d-b5a0d90c3d46-areas-25"
    },
    {
      "subject_id": "16159eb1-d977-41b1-977d-b5a0d90c3d46-bidding-10-round-11",
      "relation": "at",
      "object_id": "16159eb1-d977-41b1-977d-b5a0d90c3d46-government-16"
    },
    {
      "subject_id": "16159eb1-d977-41b1-977d-b5a0d90c3d46-offered-6",
      "relation": "is",
      "object_id": "16159eb1-d977-41b1-977d-b5a0d90c3d46-presalt-24"
    },
    {
      "subject_id": "16159eb1-d977-41b1-977d-b5a0d90c3d46-bidding-10-round-11",
      "relation": "is",
      "object_id": "16159eb1-d977-41b1-977d-b5a0d90c3d46-new-19"
    },
    {
      "subject_id": "NE-PERSON-Libra",
      "relation": "was offered In",
      "object_id": "NE-DATE-2013"
    },
    {
      "subject_id": "16159eb1-d977-41b1-977d-b5a0d90c3d46-bidding-10-round-11",
      "relation": "is",
      "object_id": "NE-NATIONALITY-Brazilian"
    },
    {
      "subject_id": "16159eb1-d977-41b1-977d-b5a0d90c3d46-offered-6",
      "relation": "at",
      "object_id": "NE-DATE-2013"
    },
    {
      "subject_id": "NE-ORGANIZATION-Shell",
      "relation": "winning consortium",
      "object_id": "NE-ORGANIZATION-CNPC"
    },
    {
      "subject_id": "NE-ORGANIZATION-Shell",
      "relation": "consortium",
      "object_id": "16159eb1-d977-41b1-977d-b5a0d90c3d46-PPSA-34"
    },
    {
      "subject_id": "16159eb1-d977-41b1-977d-b5a0d90c3d46-consortium-3",
      "relation": "is comprised",
      "object_id": "NE-ORGANIZATION-Shell"
    },
    {
      "subject_id": "NE-ORGANIZATION-CNOOC",
      "relation": "is",
      "object_id": "NE-ORGANIZATION-China-National-Offshore-Oil-Corporation"
    },
    {
      "subject_id": "16159eb1-d977-41b1-977d-b5a0d90c3d46-consortium-3",
      "relation": "is comprised Shell of",
      "object_id": "NE-TITLE-operator"
    },
    {
      "subject_id": "NE-TITLE-operator",
      "relation": "of",
      "object_id": "NE-ORGANIZATION-Petrobras"
    },
    {
      "subject_id": "16159eb1-d977-41b1-977d-b5a0d90c3d46-consortium-3",
      "relation": "is",
      "object_id": "16159eb1-d977-41b1-977d-b5a0d90c3d46-winning-2"
    },
    {
      "subject_id": "NE-ORGANIZATION-Shell",
      "relation": "is",
      "object_id": "NE-ORGANIZATION-China-National-Offshore-Oil-Corporation"
    },
    {
      "subject_id": "NE-ORGANIZATION-China-National-Offshore-Oil-Corporation",
      "relation": "of",
      "object_id": "NE-ORGANIZATION-CNOOC"
    },
    {
      "subject_id": "NE-ORGANIZATION-Shell",
      "relation": "is",
      "object_id": "16159eb1-d977-41b1-977d-b5a0d90c3d46-PPSA-34"
    },
    {
      "subject_id": "NE-ORGANIZATION-Shell",
      "relation": "consortium",
      "object_id": "NE-ORGANIZATION-China-National-Offshore-Oil-Corporation"
    },
    {
      "subject_id": "NE-ORGANIZATION-Shell",
      "relation": "consortium",
      "object_id": "16159eb1-d977-41b1-977d-b5a0d90c3d46-Total-14"
    },
    {
      "subject_id": "NE-ORGANIZATION-Shell",
      "relation": "is",
      "object_id": "16159eb1-d977-41b1-977d-b5a0d90c3d46-Total-14"
    },
    {
      "subject_id": "NE-ORGANIZATION-Shell",
      "relation": "winning consortium",
      "object_id": "16159eb1-d977-41b1-977d-b5a0d90c3d46-PPSA-34"
    },
    {
      "subject_id": "NE-ORGANIZATION-Shell",
      "relation": "consortium",
      "object_id": "NE-ORGANIZATION-CNPC"
    },
    {
      "subject_id": "NE-ORGANIZATION-Shell",
      "relation": "winning consortium",
      "object_id": "16159eb1-d977-41b1-977d-b5a0d90c3d46-Total-14"
    },
    {
      "subject_id": "NE-ORGANIZATION-Shell",
      "relation": "winning consortium",
      "object_id": "NE-ORGANIZATION-China-National-Offshore-Oil-Corporation"
    },
    {
      "subject_id": "NE-ORGANIZATION-CNPC",
      "relation": "is",
      "object_id": "NE-ORGANIZATION-China-National-Petroleum-Corporation"
    },
    {
      "subject_id": "NE-ORGANIZATION-Shell",
      "relation": "is",
      "object_id": "NE-ORGANIZATION-CNPC"
    },
    {
      "subject_id": "16159eb1-d977-41b1-977d-b5a0d90c3d46-Libra-2-discovery-3",
      "relation": "is sitting over",
      "object_id": "16159eb1-d977-41b1-977d-b5a0d90c3d46-trap-9"
    },
    {
      "subject_id": "16159eb1-d977-41b1-977d-b5a0d90c3d46-trap-9",
      "relation": "of",
      "object_id": "16159eb1-d977-41b1-977d-b5a0d90c3d46-about-11-550-12-km2-13"
    },
    {
      "subject_id": "16159eb1-d977-41b1-977d-b5a0d90c3d46-trap-9",
      "relation": "is",
      "object_id": "16159eb1-d977-41b1-977d-b5a0d90c3d46-structural-8"
    },
    {
      "subject_id": "16159eb1-d977-41b1-977d-b5a0d90c3d46-reservoirs-3",
      "relation": "are",
      "object_id": "16159eb1-d977-41b1-977d-b5a0d90c3d46-carbonates-6"
    },
    {
      "subject_id": "16159eb1-d977-41b1-977d-b5a0d90c3d46-reservoirs-3",
      "relation": "is",
      "object_id": "16159eb1-d977-41b1-977d-b5a0d90c3d46-main-2"
    },
    {
      "subject_id": "16159eb1-d977-41b1-977d-b5a0d90c3d46-carbonates-6",
      "relation": "is",
      "object_id": "16159eb1-d977-41b1-977d-b5a0d90c3d46-deposited-8"
    },
    {
      "subject_id": "16159eb1-d977-41b1-977d-b5a0d90c3d46-carbonates-6",
      "relation": "at",
      "object_id": "NE-MISC-Neobarremian"
    },
    {
      "subject_id": "16159eb1-d977-41b1-977d-b5a0d90c3d46-carbonates-6",
      "relation": "at",
      "object_id": "NE-MISC-Aptian"
    },
    {
      "subject_id": "16159eb1-d977-41b1-977d-b5a0d90c3d46-carbonates-6",
      "relation": "is",
      "object_id": "16159eb1-d977-41b1-977d-b5a0d90c3d46-lacustrine-5"
    },
    {
      "subject_id": "16159eb1-d977-41b1-977d-b5a0d90c3d46-estimates-2",
      "relation": "indicate",
      "object_id": "16159eb1-d977-41b1-977d-b5a0d90c3d46-volume-5"
    },
    {
      "subject_id": "16159eb1-d977-41b1-977d-b5a0d90c3d46-estimates-2",
      "relation": "is",
      "object_id": "16159eb1-d977-41b1-977d-b5a0d90c3d46-Preliminary-1"
    },
    {
      "subject_id": "16159eb1-d977-41b1-977d-b5a0d90c3d46-volume-5",
      "relation": "of",
      "object_id": "16159eb1-d977-41b1-977d-b5a0d90c3d46-place-9"
    },
    {
      "subject_id": "16159eb1-d977-41b1-977d-b5a0d90c3d46-volume-5",
      "relation": "of",
      "object_id": "16159eb1-d977-41b1-977d-b5a0d90c3d46-oil-7"
    },
    {
      "subject_id": "16159eb1-d977-41b1-977d-b5a0d90c3d46-volume-5",
      "relation": "is in",
      "object_id": "16159eb1-d977-41b1-977d-b5a0d90c3d46-place-9-between-10-8-11-BOE-15"
    },
    {
      "subject_id": "16159eb1-d977-41b1-977d-b5a0d90c3d46-development-2",
      "relation": "proposed for",
      "object_id": "NE-PERSON-Libra"
    },
    {
      "subject_id": "16159eb1-d977-41b1-977d-b5a0d90c3d46-Phase-1",
      "relation": "encompasses",
      "object_id": "16159eb1-d977-41b1-977d-b5a0d90c3d46-production-6-systems-7"
    },
    {
      "subject_id": "16159eb1-d977-41b1-977d-b5a0d90c3d46-Phase-1",
      "relation": "is expected",
      "object_id": "16159eb1-d977-41b1-977d-b5a0d90c3d46-start-12"
    },
    {
      "subject_id": "16159eb1-d977-41b1-977d-b5a0d90c3d46-Phase-1",
      "relation": "amount to",
      "object_id": "16159eb1-d977-41b1-977d-b5a0d90c3d46-1-2"
    },
    {
      "subject_id": "16159eb1-d977-41b1-977d-b5a0d90c3d46-start-12",
      "relation": "mark",
      "object_id": "16159eb1-d977-41b1-977d-b5a0d90c3d46-to-11"
    },
    {
      "subject_id": "16159eb1-d977-41b1-977d-b5a0d90c3d46-production-6-systems-7",
      "relation": "is",
      "object_id": "16159eb1-d977-41b1-977d-b5a0d90c3d46-definitive-5"
    },
    {
      "subject_id": "16159eb1-d977-41b1-977d-b5a0d90c3d46-start-12",
      "relation": "at",
      "object_id": "16159eb1-d977-41b1-977d-b5a0d90c3d46-2022-14"
    },
    {
      "subject_id": "16159eb1-d977-41b1-977d-b5a0d90c3d46-Phase-1",
      "relation": "is",
      "object_id": "16159eb1-d977-41b1-977d-b5a0d90c3d46-expected-10"
    }
  ],
  "links": {
    "16159eb1-d977-41b1-977d-b5a0d90c3d46-many-16-presalt-17-oil-18-discoveries-19": [],
    "NE-LOCATION-Basin": [],
    "NE-CITY-Santos": [],
    "NE-TITLE-operator": [],
    "16159eb1-d977-41b1-977d-b5a0d90c3d46-ultradeep-9-waters-10": [],
    "16159eb1-d977-41b1-977d-b5a0d90c3d46-partnership-2": [],
    "NE-ORGANIZATION-ANP": [],
    "NE-ORGANIZATION-Biofuels-Agency": [],
    "NE-ORGANIZATION-Petrobras": [],
    "16159eb1-d977-41b1-977d-b5a0d90c3d46-2-20-ANP-22-2A-24": [],
    "16159eb1-d977-41b1-977d-b5a0d90c3d46-well-19": [],
    "NE-PERSON-Libra": [],
    "16159eb1-d977-41b1-977d-b5a0d90c3d46-offered-6": [],
    "16159eb1-d977-41b1-977d-b5a0d90c3d46-bidding-10-round-11": [],
    "NE-ORDINAL-first": [],
    "16159eb1-d977-41b1-977d-b5a0d90c3d46-Sharing-21": [],
    "16159eb1-d977-41b1-977d-b5a0d90c3d46-executed-12": [],
    "16159eb1-d977-41b1-977d-b5a0d90c3d46-Production-20-Contract-22": [],
    "16159eb1-d977-41b1-977d-b5a0d90c3d46-areas-25": [],
    "16159eb1-d977-41b1-977d-b5a0d90c3d46-government-16": [],
    "16159eb1-d977-41b1-977d-b5a0d90c3d46-presalt-24": [],
    "16159eb1-d977-41b1-977d-b5a0d90c3d46-new-19": [],
    "NE-DATE-2013": [],
    "NE-NATIONALITY-Brazilian": [],
    "NE-ORGANIZATION-Shell": [],
    "NE-ORGANIZATION-CNPC": [],
    "16159eb1-d977-41b1-977d-b5a0d90c3d46-PPSA-34": [],
    "16159eb1-d977-41b1-977d-b5a0d90c3d46-consortium-3": [],
    "NE-ORGANIZATION-CNOOC": [],
    "NE-ORGANIZATION-China-National-Offshore-Oil-Corporation": [
      "NE-ORGANIZATION-China-National-Petroleum-Corporation"
    ],
    "16159eb1-d977-41b1-977d-b5a0d90c3d46-winning-2": [],
    "16159eb1-d977-41b1-977d-b5a0d90c3d46-Total-14": [],
    "NE-ORGANIZATION-China-National-Petroleum-Corporation": [
      "NE-ORGANIZATION-China-National-Offshore-Oil-Corporation"
    ],
    "16159eb1-d977-41b1-977d-b5a0d90c3d46-Libra-2-discovery-3": [],
    "16159eb1-d977-41b1-977d-b5a0d90c3d46-trap-9": [],
    "16159eb1-d977-41b1-977d-b5a0d90c3d46-about-11-550-12-km2-13": [],
    "16159eb1-d977-41b1-977d-b5a0d90c3d46-structural-8": [],
    "16159eb1-d977-41b1-977d-b5a0d90c3d46-reservoirs-3": [],
    "16159eb1-d977-41b1-977d-b5a0d90c3d46-carbonates-6": [],
    "16159eb1-d977-41b1-977d-b5a0d90c3d46-main-2": [],
    "16159eb1-d977-41b1-977d-b5a0d90c3d46-deposited-8": [],
    "NE-MISC-Neobarremian": [],
    "NE-MISC-Aptian": [],
    "16159eb1-d977-41b1-977d-b5a0d90c3d46-lacustrine-5": [],
    "16159eb1-d977-41b1-977d-b5a0d90c3d46-estimates-2": [],
    "16159eb1-d977-41b1-977d-b5a0d90c3d46-volume-5": [],
    "16159eb1-d977-41b1-977d-b5a0d90c3d46-Preliminary-1": [],
    "16159eb1-d977-41b1-977d-b5a0d90c3d46-place-9": [],
    "16159eb1-d977-41b1-977d-b5a0d90c3d46-oil-7": [],
    "16159eb1-d977-41b1-977d-b5a0d90c3d46-place-9-between-10-8-11-BOE-15": [],
    "16159eb1-d977-41b1-977d-b5a0d90c3d46-development-2": [],
    "16159eb1-d977-41b1-977d-b5a0d90c3d46-Phase-1": [],
    "16159eb1-d977-41b1-977d-b5a0d90c3d46-production-6-systems-7": [],
    "16159eb1-d977-41b1-977d-b5a0d90c3d46-start-12": [],
    "16159eb1-d977-41b1-977d-b5a0d90c3d46-1-2": [],
    "16159eb1-d977-41b1-977d-b5a0d90c3d46-to-11": [],
    "16159eb1-d977-41b1-977d-b5a0d90c3d46-definitive-5": [],
    "16159eb1-d977-41b1-977d-b5a0d90c3d46-2022-14": [],
    "16159eb1-d977-41b1-977d-b5a0d90c3d46-expected-10": []
  }
}