{
  "document": "D:/Projetos/PIRA_KG/documents/onu_85055036761.txt",
  "entities": {
    "NE-LOCATION-Basin": "Basin",
    "NE-CITY-Campos": "Campos",
    "e4070cc6-2e30-4f1c-8fad-1f83ee7d5d90-Albacora-2-field-3": "Albacora field",
    "e4070cc6-2e30-4f1c-8fad-1f83ee7d5d90-discovered-14": "discovered",
    "NE-ORGANIZATION-PETROBRÁS": "PETROBRÁS",
    "NE-DATE-1984": "1984",
    "e4070cc6-2e30-4f1c-8fad-1f83ee7d5d90-7000Km-6-D-9-survey-10": "7000Km D survey",
    "e4070cc6-2e30-4f1c-8fad-1f83ee7d5d90-recorded-12": "recorded",
    "e4070cc6-2e30-4f1c-8fad-1f83ee7d5d90-3-7": "3",
    "e4070cc6-2e30-4f1c-8fad-1f83ee7d5d90-search-16": "search",
    "e4070cc6-2e30-4f1c-8fad-1f83ee7d5d90-discovery-3": "discovery",
    "e4070cc6-2e30-4f1c-8fad-1f83ee7d5d90-Following-1": "Following",
    "e4070cc6-2e30-4f1c-8fad-1f83ee7d5d90-understanding-20": "understanding",
    "e4070cc6-2e30-4f1c-8fad-1f83ee7d5d90-field-23": "field",
    "e4070cc6-2e30-4f1c-8fad-1f83ee7d5d90-better-19": "better",
    "e4070cc6-2e30-4f1c-8fad-1f83ee7d5d90-families-5": "families",
    "e4070cc6-2e30-4f1c-8fad-1f83ee7d5d90-area-12": "area",
    "e4070cc6-2e30-4f1c-8fad-1f83ee7d5d90-distinct-4": "distinct",
    "e4070cc6-2e30-4f1c-8fad-1f83ee7d5d90-identified-9": "identified",
    "e4070cc6-2e30-4f1c-8fad-1f83ee7d5d90-reservoirs-2": "reservoirs",
    "e4070cc6-2e30-4f1c-8fad-1f83ee7d5d90-distribution-31": "distribution",
    "e4070cc6-2e30-4f1c-8fad-1f83ee7d5d90-loose-10-sands-11": "loose sands",
    "e4070cc6-2e30-4f1c-8fad-1f83ee7d5d90-complex-14-areal-15-distribution-16": "complex areal distribution",
    "e4070cc6-2e30-4f1c-8fad-1f83ee7d5d90-two-6-types-8": "two types",
    "e4070cc6-2e30-4f1c-8fad-1f83ee7d5d90-Tertiary-20-accumulations-21": "Tertiary accumulations",
    "e4070cc6-2e30-4f1c-8fad-1f83ee7d5d90-simpler-30": "simpler",
    "e4070cc6-2e30-4f1c-8fad-1f83ee7d5d90-turbidites-4": "turbidites",
    "e4070cc6-2e30-4f1c-8fad-1f83ee7d5d90-accumulation-36": "accumulation",
    "e4070cc6-2e30-4f1c-8fad-1f83ee7d5d90-basic-7": "basic",
    "NE-MISC-Cretaceous": "Cretaceous",
    "e4070cc6-2e30-4f1c-8fad-1f83ee7d5d90-cemented-25-sandstones-26": "cemented sandstones",
    "e4070cc6-2e30-4f1c-8fad-1f83ee7d5d90-accumulations-21": "accumulations",
    "e4070cc6-2e30-4f1c-8fad-1f83ee7d5d90-reservoirs-10": "reservoirs",
    "e4070cc6-2e30-4f1c-8fad-1f83ee7d5d90-interbedded-12": "interbedded",
    "e4070cc6-2e30-4f1c-8fad-1f83ee7d5d90-part-4": "part",
    "e4070cc6-2e30-4f1c-8fad-1f83ee7d5d90-impedance-16-rocks-17": "impedance rocks",
    "e4070cc6-2e30-4f1c-8fad-1f83ee7d5d90-higher-14": "higher",
    "e4070cc6-2e30-4f1c-8fad-1f83ee7d5d90-acoustic-15": "acoustic",
    "e4070cc6-2e30-4f1c-8fad-1f83ee7d5d90-area-7": "area",
    "e4070cc6-2e30-4f1c-8fad-1f83ee7d5d90-great-3": "great",
    "e4070cc6-2e30-4f1c-8fad-1f83ee7d5d90-amplitude-9-mapping-10": "amplitude mapping",
    "e4070cc6-2e30-4f1c-8fad-1f83ee7d5d90-picture-23": "picture",
    "e4070cc6-2e30-4f1c-8fad-1f83ee7d5d90-seismic-8": "seismic",
    "e4070cc6-2e30-4f1c-8fad-1f83ee7d5d90-good-22": "good",
    "e4070cc6-2e30-4f1c-8fad-1f83ee7d5d90-Most-1-locations-3": "Most locations",
    "e4070cc6-2e30-4f1c-8fad-1f83ee7d5d90-field-6": "field",
    "e4070cc6-2e30-4f1c-8fad-1f83ee7d5d90-features-3": "features",
    "e4070cc6-2e30-4f1c-8fad-1f83ee7d5d90-identified-16": "identified",
    "e4070cc6-2e30-4f1c-8fad-1f83ee7d5d90-Special-1": "Special",
    "e4070cc6-2e30-4f1c-8fad-1f83ee7d5d90-amplitude-19": "amplitude",
    "e4070cc6-2e30-4f1c-8fad-1f83ee7d5d90-geologic-2": "geologic"
  },
  "graph": [
    {
      "subject_id": "NE-LOCATION-Basin",
      "relation": "is in",
      "object_id": "NE-CITY-Campos"
    },
    {
      "subject_id": "e4070cc6-2e30-4f1c-8fad-1f83ee7d5d90-Albacora-2-field-3",
      "relation": "was",
      "object_id": "e4070cc6-2e30-4f1c-8fad-1f83ee7d5d90-discovered-14"
    },
    {
      "subject_id": "e4070cc6-2e30-4f1c-8fad-1f83ee7d5d90-discovered-14",
      "relation": "by",
      "object_id": "NE-ORGANIZATION-PETROBRÁS"
    },
    {
      "subject_id": "e4070cc6-2e30-4f1c-8fad-1f83ee7d5d90-discovered-14",
      "relation": "at",
      "object_id": "NE-DATE-1984"
    },
    {
      "subject_id": "e4070cc6-2e30-4f1c-8fad-1f83ee7d5d90-Albacora-2-field-3",
      "relation": "was discovered by",
      "object_id": "NE-ORGANIZATION-PETROBRÁS"
    },
    {
      "subject_id": "e4070cc6-2e30-4f1c-8fad-1f83ee7d5d90-7000Km-6-D-9-survey-10",
      "relation": "was",
      "object_id": "e4070cc6-2e30-4f1c-8fad-1f83ee7d5d90-recorded-12"
    },
    {
      "subject_id": "e4070cc6-2e30-4f1c-8fad-1f83ee7d5d90-7000Km-6-D-9-survey-10",
      "relation": "amount to",
      "object_id": "e4070cc6-2e30-4f1c-8fad-1f83ee7d5d90-3-7"
    },
    {
      "subject_id": "e4070cc6-2e30-4f1c-8fad-1f83ee7d5d90-7000Km-6-D-9-survey-10",
      "relation": "was recorded in",
      "object_id": "e4070cc6-2e30-4f1c-8fad-1f83ee7d5d90-search-16"
    },
    {
      "subject_id": "e4070cc6-2e30-4f1c-8fad-1f83ee7d5d90-recorded-12",
      "relation": "at",
      "object_id": "e4070cc6-2e30-4f1c-8fad-1f83ee7d5d90-search-16"
    },
    {
      "subject_id": "e4070cc6-2e30-4f1c-8fad-1f83ee7d5d90-recorded-12",
      "relation": "at",
      "object_id": "e4070cc6-2e30-4f1c-8fad-1f83ee7d5d90-discovery-3"
    },
    {
      "subject_id": "e4070cc6-2e30-4f1c-8fad-1f83ee7d5d90-recorded-12",
      "relation": "case",
      "object_id": "e4070cc6-2e30-4f1c-8fad-1f83ee7d5d90-Following-1"
    },
    {
      "subject_id": "e4070cc6-2e30-4f1c-8fad-1f83ee7d5d90-7000Km-6-D-9-survey-10",
      "relation": "was recorded Following",
      "object_id": "e4070cc6-2e30-4f1c-8fad-1f83ee7d5d90-discovery-3"
    },
    {
      "subject_id": "e4070cc6-2e30-4f1c-8fad-1f83ee7d5d90-search-16",
      "relation": "of",
      "object_id": "e4070cc6-2e30-4f1c-8fad-1f83ee7d5d90-understanding-20"
    },
    {
      "subject_id": "e4070cc6-2e30-4f1c-8fad-1f83ee7d5d90-search-16",
      "relation": "of",
      "object_id": "e4070cc6-2e30-4f1c-8fad-1f83ee7d5d90-field-23"
    },
    {
      "subject_id": "e4070cc6-2e30-4f1c-8fad-1f83ee7d5d90-search-16",
      "relation": "is",
      "object_id": "e4070cc6-2e30-4f1c-8fad-1f83ee7d5d90-better-19"
    },
    {
      "subject_id": "e4070cc6-2e30-4f1c-8fad-1f83ee7d5d90-families-5",
      "relation": "were identified in",
      "object_id": "e4070cc6-2e30-4f1c-8fad-1f83ee7d5d90-area-12"
    },
    {
      "subject_id": "e4070cc6-2e30-4f1c-8fad-1f83ee7d5d90-families-5",
      "relation": "is",
      "object_id": "e4070cc6-2e30-4f1c-8fad-1f83ee7d5d90-distinct-4"
    },
    {
      "subject_id": "e4070cc6-2e30-4f1c-8fad-1f83ee7d5d90-families-5",
      "relation": "were",
      "object_id": "e4070cc6-2e30-4f1c-8fad-1f83ee7d5d90-identified-9"
    },
    {
      "subject_id": "e4070cc6-2e30-4f1c-8fad-1f83ee7d5d90-reservoirs-2",
      "relation": "cemented sandstones with",
      "object_id": "e4070cc6-2e30-4f1c-8fad-1f83ee7d5d90-distribution-31"
    },
    {
      "subject_id": "e4070cc6-2e30-4f1c-8fad-1f83ee7d5d90-loose-10-sands-11",
      "relation": "is with",
      "object_id": "e4070cc6-2e30-4f1c-8fad-1f83ee7d5d90-complex-14-areal-15-distribution-16"
    },
    {
      "subject_id": "e4070cc6-2e30-4f1c-8fad-1f83ee7d5d90-reservoirs-2",
      "relation": "are turbidites of",
      "object_id": "e4070cc6-2e30-4f1c-8fad-1f83ee7d5d90-two-6-types-8"
    },
    {
      "subject_id": "e4070cc6-2e30-4f1c-8fad-1f83ee7d5d90-two-6-types-8",
      "relation": "of",
      "object_id": "e4070cc6-2e30-4f1c-8fad-1f83ee7d5d90-Tertiary-20-accumulations-21"
    },
    {
      "subject_id": "e4070cc6-2e30-4f1c-8fad-1f83ee7d5d90-reservoirs-2",
      "relation": "sandstones with",
      "object_id": "e4070cc6-2e30-4f1c-8fad-1f83ee7d5d90-distribution-31"
    },
    {
      "subject_id": "e4070cc6-2e30-4f1c-8fad-1f83ee7d5d90-reservoirs-2",
      "relation": "more cemented sandstones with",
      "object_id": "e4070cc6-2e30-4f1c-8fad-1f83ee7d5d90-distribution-31"
    },
    {
      "subject_id": "e4070cc6-2e30-4f1c-8fad-1f83ee7d5d90-distribution-31",
      "relation": "is",
      "object_id": "e4070cc6-2e30-4f1c-8fad-1f83ee7d5d90-simpler-30"
    },
    {
      "subject_id": "e4070cc6-2e30-4f1c-8fad-1f83ee7d5d90-reservoirs-2",
      "relation": "are",
      "object_id": "e4070cc6-2e30-4f1c-8fad-1f83ee7d5d90-turbidites-4"
    },
    {
      "subject_id": "e4070cc6-2e30-4f1c-8fad-1f83ee7d5d90-reservoirs-2",
      "relation": "cemented sandstones in",
      "object_id": "e4070cc6-2e30-4f1c-8fad-1f83ee7d5d90-accumulation-36"
    },
    {
      "subject_id": "e4070cc6-2e30-4f1c-8fad-1f83ee7d5d90-two-6-types-8",
      "relation": "is",
      "object_id": "e4070cc6-2e30-4f1c-8fad-1f83ee7d5d90-basic-7"
    },
    {
      "subject_id": "e4070cc6-2e30-4f1c-8fad-1f83ee7d5d90-reservoirs-2",
      "relation": "more cemented sandstones in",
      "object_id": "e4070cc6-2e30-4f1c-8fad-1f83ee7d5d90-accumulation-36"
    },
    {
      "subject_id": "e4070cc6-2e30-4f1c-8fad-1f83ee7d5d90-accumulation-36",
      "relation": "is",
      "object_id": "NE-MISC-Cretaceous"
    },
    {
      "subject_id": "e4070cc6-2e30-4f1c-8fad-1f83ee7d5d90-reservoirs-2",
      "relation": "sandstones in",
      "object_id": "e4070cc6-2e30-4f1c-8fad-1f83ee7d5d90-accumulation-36"
    },
    {
      "subject_id": "e4070cc6-2e30-4f1c-8fad-1f83ee7d5d90-cemented-25-sandstones-26",
      "relation": "is in",
      "object_id": "e4070cc6-2e30-4f1c-8fad-1f83ee7d5d90-accumulation-36"
    },
    {
      "subject_id": "e4070cc6-2e30-4f1c-8fad-1f83ee7d5d90-two-6-types-8",
      "relation": "of",
      "object_id": "e4070cc6-2e30-4f1c-8fad-1f83ee7d5d90-accumulations-21"
    },
    {
      "subject_id": "e4070cc6-2e30-4f1c-8fad-1f83ee7d5d90-two-6-types-8",
      "relation": "is in",
      "object_id": "e4070cc6-2e30-4f1c-8fad-1f83ee7d5d90-Tertiary-20-accumulations-21"
    },
    {
      "subject_id": "e4070cc6-2e30-4f1c-8fad-1f83ee7d5d90-cemented-25-sandstones-26",
      "relation": "is with",
      "object_id": "e4070cc6-2e30-4f1c-8fad-1f83ee7d5d90-distribution-31"
    },
    {
      "subject_id": "e4070cc6-2e30-4f1c-8fad-1f83ee7d5d90-reservoirs-10",
      "relation": "are",
      "object_id": "e4070cc6-2e30-4f1c-8fad-1f83ee7d5d90-interbedded-12"
    },
    {
      "subject_id": "e4070cc6-2e30-4f1c-8fad-1f83ee7d5d90-interbedded-12",
      "relation": "is",
      "object_id": "e4070cc6-2e30-4f1c-8fad-1f83ee7d5d90-part-4"
    },
    {
      "subject_id": "e4070cc6-2e30-4f1c-8fad-1f83ee7d5d90-interbedded-12",
      "relation": "at",
      "object_id": "e4070cc6-2e30-4f1c-8fad-1f83ee7d5d90-impedance-16-rocks-17"
    },
    {
      "subject_id": "e4070cc6-2e30-4f1c-8fad-1f83ee7d5d90-reservoirs-10",
      "relation": "are interbedded with",
      "object_id": "e4070cc6-2e30-4f1c-8fad-1f83ee7d5d90-impedance-16-rocks-17"
    },
    {
      "subject_id": "e4070cc6-2e30-4f1c-8fad-1f83ee7d5d90-impedance-16-rocks-17",
      "relation": "is",
      "object_id": "e4070cc6-2e30-4f1c-8fad-1f83ee7d5d90-higher-14"
    },
    {
      "subject_id": "e4070cc6-2e30-4f1c-8fad-1f83ee7d5d90-impedance-16-rocks-17",
      "relation": "is",
      "object_id": "e4070cc6-2e30-4f1c-8fad-1f83ee7d5d90-acoustic-15"
    },
    {
      "subject_id": "e4070cc6-2e30-4f1c-8fad-1f83ee7d5d90-interbedded-12",
      "relation": "of",
      "object_id": "e4070cc6-2e30-4f1c-8fad-1f83ee7d5d90-part-4"
    },
    {
      "subject_id": "e4070cc6-2e30-4f1c-8fad-1f83ee7d5d90-reservoirs-10",
      "relation": "are interbedded In",
      "object_id": "e4070cc6-2e30-4f1c-8fad-1f83ee7d5d90-part-4"
    },
    {
      "subject_id": "e4070cc6-2e30-4f1c-8fad-1f83ee7d5d90-part-4",
      "relation": "of",
      "object_id": "e4070cc6-2e30-4f1c-8fad-1f83ee7d5d90-area-7"
    },
    {
      "subject_id": "e4070cc6-2e30-4f1c-8fad-1f83ee7d5d90-interbedded-12",
      "relation": "at",
      "object_id": "e4070cc6-2e30-4f1c-8fad-1f83ee7d5d90-part-4"
    },
    {
      "subject_id": "e4070cc6-2e30-4f1c-8fad-1f83ee7d5d90-part-4",
      "relation": "is",
      "object_id": "e4070cc6-2e30-4f1c-8fad-1f83ee7d5d90-great-3"
    },
    {
      "subject_id": "e4070cc6-2e30-4f1c-8fad-1f83ee7d5d90-amplitude-9-mapping-10",
      "relation": "provided",
      "object_id": "e4070cc6-2e30-4f1c-8fad-1f83ee7d5d90-picture-23"
    },
    {
      "subject_id": "e4070cc6-2e30-4f1c-8fad-1f83ee7d5d90-amplitude-9-mapping-10",
      "relation": "is",
      "object_id": "e4070cc6-2e30-4f1c-8fad-1f83ee7d5d90-seismic-8"
    },
    {
      "subject_id": "e4070cc6-2e30-4f1c-8fad-1f83ee7d5d90-picture-23",
      "relation": "is",
      "object_id": "e4070cc6-2e30-4f1c-8fad-1f83ee7d5d90-good-22"
    },
    {
      "subject_id": "e4070cc6-2e30-4f1c-8fad-1f83ee7d5d90-Most-1-locations-3",
      "relation": "is in",
      "object_id": "e4070cc6-2e30-4f1c-8fad-1f83ee7d5d90-field-6"
    },
    {
      "subject_id": "e4070cc6-2e30-4f1c-8fad-1f83ee7d5d90-features-3",
      "relation": "were",
      "object_id": "e4070cc6-2e30-4f1c-8fad-1f83ee7d5d90-identified-16"
    },
    {
      "subject_id": "e4070cc6-2e30-4f1c-8fad-1f83ee7d5d90-features-3",
      "relation": "is",
      "object_id": "e4070cc6-2e30-4f1c-8fad-1f83ee7d5d90-Special-1"
    },
    {
      "subject_id": "e4070cc6-2e30-4f1c-8fad-1f83ee7d5d90-features-3",
      "relation": "were identified on",
      "object_id": "e4070cc6-2e30-4f1c-8fad-1f83ee7d5d90-amplitude-19"
    },
    {
      "subject_id": "e4070cc6-2e30-4f1c-8fad-1f83ee7d5d90-features-3",
      "relation": "is",
      "object_id": "e4070cc6-2e30-4f1c-8fad-1f83ee7d5d90-geologic-2"
    }
  ],
  "links": {
    "NE-LOCATION-Basin": [],
    "NE-CITY-Campos": [],
    "e4070cc6-2e30-4f1c-8fad-1f83ee7d5d90-Albacora-2-field-3": [],
    "e4070cc6-2e30-4f1c-8fad-1f83ee7d5d90-discovered-14": [],
    "NE-ORGANIZATION-PETROBRÁS": [],
    "NE-DATE-1984": [],
    "e4070cc6-2e30-4f1c-8fad-1f83ee7d5d90-7000Km-6-D-9-survey-10": [],
    "e4070cc6-2e30-4f1c-8fad-1f83ee7d5d90-recorded-12": [],
    "e4070cc6-2e30-4f1c-8fad-1f83ee7d5d90-3-7": [],
    "e4070cc6-2e30-4f1c-8fad-1f83ee7d5d90-search-16": [],
    "e4070cc6-2e30-4f1c-8fad-1f83ee7d5d90-discovery-3": [],
    "e4070cc6-2e30-4f1c-8fad-1f83ee7d5d90-Following-1": [],
    "e4070cc6-2e30-4f1c-8fad-1f83ee7d5d90-understanding-20": [],
    "e4070cc6-2e30-4f1c-8fad-1f83ee7d5d90-field-23": [],
    "e4070cc6-2e30-4f1c-8fad-1f83ee7d5d90-better-19": [],
    "e4070cc6-2e30-4f1c-8fad-1f83ee7d5d90-families-5": [],
    "e4070cc6-2e30-4f1c-8fad-1f83ee7d5d90-area-12": [],
    "e4070cc6-2e30-4f1c-8fad-1f83ee7d5d90-distinct-4": [],
    "e4070cc6-2e30-4f1c-8fad-1f83ee7d5d90-identified-9": [],
    "e4070cc6-2e30-4f1c-8fad-1f83ee7d5d90-reservoirs-2": [],
    "e4070cc6-2e30-4f1c-8fad-1f83ee7d5d90-distribution-31": [],
    "e4070cc6-2e30-4f1c-8fad-1f83ee7d5d90-loose-10-sands-11": [],
    "e4070cc6-2e30-4f1c-8fad-1f83ee7d5d90-complex-14-areal-15-distribution-16": [],
    "e4070cc6-2e30-4f1c-8fad-1f83ee7d5d90-two-6-types-8": [],
    "e4070cc6-2e30-4f1c-8fad-1f83ee7d5d90-Tertiary-20-accumulations-21": [],
    "e4070cc6-2e30-4f1c-8fad-1f83ee7d5d90-simpler-30": [],
    "e4070cc6-2e30-4f1c-8fad-1f83ee7d5d90-turbidites-4": [],
    "e4070cc6-2e30-4f1c-8fad-1f83ee7d5d90-accumulation-36": [],
    "e4070cc6-2e30-4f1c-8fad-1f83ee7d5d90-basic-7": [],
    "NE-MISC-Cretaceous": [],
    "e4070cc6-2e30-4f1c-8fad-1f83ee7d5d90-cemented-25-sandstones-26": [],
    "e4070cc6-2e30-4f1c-8fad-1f83ee7d5d90-accumulations-21": [],
    "e4070cc6-2e30-4f1c-8fad-1f83ee7d5d90-reservoirs-10": [],
    "e4070cc6-2e30-4f1c-8fad-1f83ee7d5d90-interbedded-12": [],
    "e4070cc6-2e30-4f1c-8fad-1f83ee7d5d90-part-4": [],
    "e4070cc6-2e30-4f1c-8fad-1f83ee7d5d90-impedance-16-rocks-17": [],
    "e4070cc6-2e30-4f1c-8fad-1f83ee7d5d90-higher-14": [],
    "e4070cc6-2e30-4f1c-8fad-1f83ee7d5d90-acoustic-15": [],
    "e4070cc6-2e30-4f1c-8fad-1f83ee7d5d90-area-7": [],
    "e4070cc6-2e30-4f1c-8fad-1f83ee7d5d90-great-3": [],
    "e4070cc6-2e30-4f1c-8fad-1f83ee7d5d90-amplitude-9-mapping-10": [],
    "e4070cc6-2e30-4f1c-8fad-1f83ee7d5d90-picture-23": [],
    "e4070cc6-2e30-4f1c-8fad-1f83ee7d5d90-seismic-8": [],
    "e4070cc6-2e30-4f1c-8fad-1f83ee7d5d90-good-22": [],
    "e4070cc6-2e30-4f1c-8fad-1f83ee7d5d90-Most-1-locations-3": [],
    "e4070cc6-2e30-4f1c-8fad-1f83ee7d5d90-field-6": [],
    "e4070cc6-2e30-4f1c-8fad-1f83ee7d5d90-features-3": [],
    "e4070cc6-2e30-4f1c-8fad-1f83ee7d5d90-identified-16": [],
    "e4070cc6-2e30-4f1c-8fad-1f83ee7d5d90-Special-1": [],
    "e4070cc6-2e30-4f1c-8fad-1f83ee7d5d90-amplitude-19": [],
    "e4070cc6-2e30-4f1c-8fad-1f83ee7d5d90-geologic-2": []
  }
}