{
  "document": "D:/Projetos/PIRA_KG/documents/onu_85028950368.txt",
  "entities": {
    "e4dae957-4d94-4311-82ad-250e750ae287-power-23-supply-24": "power supply",
    "e4dae957-4d94-4311-82ad-250e750ae287-demand-29": "demand",
    "e4dae957-4d94-4311-82ad-250e750ae287-growing-28": "growing",
    "e4dae957-4d94-4311-82ad-250e750ae287-electricity-31": "electricity",
    "e4dae957-4d94-4311-82ad-250e750ae287-example-8": "example",
    "e4dae957-4d94-4311-82ad-250e750ae287-energy-13": "energy",
    "e4dae957-4d94-4311-82ad-250e750ae287-tidal-12": "tidal",
    "e4dae957-4d94-4311-82ad-250e750ae287-context-3": "context",
    "NE-COUNTRY-Brazil": "Brazil",
    "e4dae957-4d94-4311-82ad-250e750ae287-studies-6": "studies",
    "e4dae957-4d94-4311-82ad-250e750ae287-have-7-conducted-9": "have conducted",
    "e4dae957-4d94-4311-82ad-250e750ae287-However-1": "However",
    "e4dae957-4d94-4311-82ad-250e750ae287-few-5": "few",
    "e4dae957-4d94-4311-82ad-250e750ae287-advantage-14": "advantage",
    "e4dae957-4d94-4311-82ad-250e750ae287-energy-17-source-18": "energy source",
    "e4dae957-4d94-4311-82ad-250e750ae287-works-4": "works",
    "e4dae957-4d94-4311-82ad-250e750ae287-progress-6": "progress",
    "e4dae957-4d94-4311-82ad-250e750ae287-paper-2": "paper",
    "e4dae957-4d94-4311-82ad-250e750ae287-configuration-7-management-8": "configuration management",
    "e4dae957-4d94-4311-82ad-250e750ae287-power-12-plant-13": "power plant",
    "e4dae957-4d94-4311-82ad-250e750ae287-tidal-11": "tidal",
    "e4dae957-4d94-4311-82ad-250e750ae287-study-6": "study",
    "e4dae957-4d94-4311-82ad-250e750ae287-terms-3": "terms",
    "e4dae957-4d94-4311-82ad-250e750ae287-specific-2": "specific",
    "e4dae957-4d94-4311-82ad-250e750ae287-bathymetry-10-scanning-21": "bathymetry scanning",
    "e4dae957-4d94-4311-82ad-250e750ae287-potential-25-value-26": "potential value",
    "e4dae957-4d94-4311-82ad-250e750ae287-reservoir-29": "reservoir",
    "e4dae957-4d94-4311-82ad-250e750ae287-studies-2": "studies",
    "e4dae957-4d94-4311-82ad-250e750ae287-benefits-20": "benefits",
    "NE-SET-Annual": "Annual",
    "e4dae957-4d94-4311-82ad-250e750ae287-technical-17": "technical",
    "e4dae957-4d94-4311-82ad-250e750ae287-reported-7": "reported",
    "e4dae957-4d94-4311-82ad-250e750ae287-plant-25": "plant"
  },
  "graph": [
    {
      "subject_id": "e4dae957-4d94-4311-82ad-250e750ae287-power-23-supply-24",
      "relation": "meet",
      "object_id": "e4dae957-4d94-4311-82ad-250e750ae287-demand-29"
    },
    {
      "subject_id": "e4dae957-4d94-4311-82ad-250e750ae287-demand-29",
      "relation": "is",
      "object_id": "e4dae957-4d94-4311-82ad-250e750ae287-growing-28"
    },
    {
      "subject_id": "e4dae957-4d94-4311-82ad-250e750ae287-demand-29",
      "relation": "of",
      "object_id": "e4dae957-4d94-4311-82ad-250e750ae287-electricity-31"
    },
    {
      "subject_id": "e4dae957-4d94-4311-82ad-250e750ae287-example-8",
      "relation": "is",
      "object_id": "e4dae957-4d94-4311-82ad-250e750ae287-energy-13"
    },
    {
      "subject_id": "e4dae957-4d94-4311-82ad-250e750ae287-energy-13",
      "relation": "is",
      "object_id": "e4dae957-4d94-4311-82ad-250e750ae287-tidal-12"
    },
    {
      "subject_id": "e4dae957-4d94-4311-82ad-250e750ae287-example-8",
      "relation": "is energy In",
      "object_id": "e4dae957-4d94-4311-82ad-250e750ae287-context-3"
    },
    {
      "subject_id": "e4dae957-4d94-4311-82ad-250e750ae287-context-3",
      "relation": "of",
      "object_id": "NE-COUNTRY-Brazil"
    },
    {
      "subject_id": "e4dae957-4d94-4311-82ad-250e750ae287-example-8",
      "relation": "is tidal energy In",
      "object_id": "e4dae957-4d94-4311-82ad-250e750ae287-context-3"
    },
    {
      "subject_id": "e4dae957-4d94-4311-82ad-250e750ae287-energy-13",
      "relation": "is In",
      "object_id": "e4dae957-4d94-4311-82ad-250e750ae287-context-3"
    },
    {
      "subject_id": "e4dae957-4d94-4311-82ad-250e750ae287-studies-6",
      "relation": "have",
      "object_id": "e4dae957-4d94-4311-82ad-250e750ae287-have-7-conducted-9"
    },
    {
      "subject_id": "e4dae957-4d94-4311-82ad-250e750ae287-have-7-conducted-9",
      "relation": "at",
      "object_id": "e4dae957-4d94-4311-82ad-250e750ae287-However-1"
    },
    {
      "subject_id": "e4dae957-4d94-4311-82ad-250e750ae287-studies-6",
      "relation": "amount to",
      "object_id": "e4dae957-4d94-4311-82ad-250e750ae287-few-5"
    },
    {
      "subject_id": "e4dae957-4d94-4311-82ad-250e750ae287-studies-6",
      "relation": "evaluate",
      "object_id": "e4dae957-4d94-4311-82ad-250e750ae287-advantage-14"
    },
    {
      "subject_id": "e4dae957-4d94-4311-82ad-250e750ae287-advantage-14",
      "relation": "of",
      "object_id": "e4dae957-4d94-4311-82ad-250e750ae287-energy-17-source-18"
    },
    {
      "subject_id": "e4dae957-4d94-4311-82ad-250e750ae287-works-4",
      "relation": "is in",
      "object_id": "e4dae957-4d94-4311-82ad-250e750ae287-progress-6"
    },
    {
      "subject_id": "e4dae957-4d94-4311-82ad-250e750ae287-paper-2",
      "relation": "outlines",
      "object_id": "e4dae957-4d94-4311-82ad-250e750ae287-configuration-7-management-8"
    },
    {
      "subject_id": "e4dae957-4d94-4311-82ad-250e750ae287-configuration-7-management-8",
      "relation": "of",
      "object_id": "e4dae957-4d94-4311-82ad-250e750ae287-power-12-plant-13"
    },
    {
      "subject_id": "e4dae957-4d94-4311-82ad-250e750ae287-configuration-7-management-8",
      "relation": "is",
      "object_id": "e4dae957-4d94-4311-82ad-250e750ae287-tidal-11"
    },
    {
      "subject_id": "e4dae957-4d94-4311-82ad-250e750ae287-study-6",
      "relation": "takes In",
      "object_id": "e4dae957-4d94-4311-82ad-250e750ae287-terms-3"
    },
    {
      "subject_id": "e4dae957-4d94-4311-82ad-250e750ae287-terms-3",
      "relation": "is",
      "object_id": "e4dae957-4d94-4311-82ad-250e750ae287-specific-2"
    },
    {
      "subject_id": "e4dae957-4d94-4311-82ad-250e750ae287-bathymetry-10-scanning-21",
      "relation": "evaluate",
      "object_id": "e4dae957-4d94-4311-82ad-250e750ae287-potential-25-value-26"
    },
    {
      "subject_id": "e4dae957-4d94-4311-82ad-250e750ae287-potential-25-value-26",
      "relation": "of",
      "object_id": "e4dae957-4d94-4311-82ad-250e750ae287-reservoir-29"
    },
    {
      "subject_id": "e4dae957-4d94-4311-82ad-250e750ae287-studies-2",
      "relation": "factors such",
      "object_id": "e4dae957-4d94-4311-82ad-250e750ae287-benefits-20"
    },
    {
      "subject_id": "e4dae957-4d94-4311-82ad-250e750ae287-studies-2",
      "relation": "is",
      "object_id": "NE-SET-Annual"
    },
    {
      "subject_id": "e4dae957-4d94-4311-82ad-250e750ae287-benefits-20",
      "relation": "is",
      "object_id": "e4dae957-4d94-4311-82ad-250e750ae287-technical-17"
    },
    {
      "subject_id": "e4dae957-4d94-4311-82ad-250e750ae287-studies-2",
      "relation": "are",
      "object_id": "e4dae957-4d94-4311-82ad-250e750ae287-reported-7"
    },
    {
      "subject_id": "e4dae957-4d94-4311-82ad-250e750ae287-benefits-20",
      "relation": "of",
      "object_id": "e4dae957-4d94-4311-82ad-250e750ae287-plant-25"
    }
  ],
  "links": {
    "e4dae957-4d94-4311-82ad-250e750ae287-power-23-supply-24": [],
    "e4dae957-4d94-4311-82ad-250e750ae287-demand-29": [],
    "e4dae957-4d94-4311-82ad-250e750ae287-growing-28": [],
    "e4dae957-4d94-4311-82ad-250e750ae287-electricity-31": [],
    "e4dae957-4d94-4311-82ad-250e750ae287-example-8": [],
    "e4dae957-4d94-4311-82ad-250e750ae287-energy-13": [],
    "e4dae957-4d94-4311-82ad-250e750ae287-tidal-12": [],
    "e4dae957-4d94-4311-82ad-250e750ae287-context-3": [],
    "NE-COUNTRY-Brazil": [],
    "e4dae957-4d94-4311-82ad-250e750ae287-studies-6": [],
    "e4dae957-4d94-4311-82ad-250e750ae287-have-7-conducted-9": [],
    "e4dae957-4d94-4311-82ad-250e750ae287-However-1": [],
    "e4dae957-4d94-4311-82ad-250e750ae287-few-5": [],
    "e4dae957-4d94-4311-82ad-250e750ae287-advantage-14": [],
    "e4dae957-4d94-4311-82ad-250e750ae287-energy-17-source-18": [],
    "e4dae957-4d94-4311-82ad-250e750ae287-works-4": [],
    "e4dae957-4d94-4311-82ad-250e750ae287-progress-6": [],
    "e4dae957-4d94-4311-82ad-250e750ae287-paper-2": [],
    "e4dae957-4d94-4311-82ad-250e750ae287-configuration-7-management-8": [],
    "e4dae957-4d94-4311-82ad-250e750ae287-power-12-plant-13": [],
    "e4dae957-4d94-4311-82ad-250e750ae287-tidal-11": [],
    "e4dae957-4d94-4311-82ad-250e750ae287-study-6": [],
    "e4dae957-4d94-4311-82ad-250e750ae287-terms-3": [],
    "e4dae957-4d94-4311-82ad-250e750ae287-specific-2": [],
    "e4dae957-4d94-4311-82ad-250e750ae287-bathymetry-10-scanning-21": [],
    "e4dae957-4d94-4311-82ad-250e750ae287-potential-25-value-26": [],
    "e4dae957-4d94-4311-82ad-250e750ae287-reservoir-29": [],
    "e4dae957-4d94-4311-82ad-250e750ae287-studies-2": [],
    "e4dae957-4d94-4311-82ad-250e750ae287-benefits-20": [],
    "NE-SET-Annual": [],
    "e4dae957-4d94-4311-82ad-250e750ae287-technical-17": [],
    "e4dae957-4d94-4311-82ad-250e750ae287-reported-7": [],
    "e4dae957-4d94-4311-82ad-250e750ae287-plant-25": []
  }
}