{
  "document": "D:/Projetos/PIRA_KG/documents/onu_32444448833.txt",
  "entities": {
    "NE-COUNTRY-Brazil": "Brazil",
    "5988fd69-592d-47e1-9aa6-df9d282706cb-should-26-self-31-sufficiency-33": "should self sufficiency",
    "NE-ORGANIZATION-Petrobras": "Petrobras",
    "5988fd69-592d-47e1-9aa6-df9d282706cb-prospect-3": "prospect",
    "5988fd69-592d-47e1-9aa6-df9d282706cb-crude-9": "crude",
    "5988fd69-592d-47e1-9aa6-df9d282706cb-fields-14": "fields",
    "5988fd69-592d-47e1-9aa6-df9d282706cb-offshore-13": "offshore",
    "NE-DATE-2005": "2005",
    "5988fd69-592d-47e1-9aa6-df9d282706cb-output-21": "output",
    "5988fd69-592d-47e1-9aa6-df9d282706cb-year-39": "year",
    "5988fd69-592d-47e1-9aa6-df9d282706cb-end-36": "end",
    "5988fd69-592d-47e1-9aa6-df9d282706cb-operated-15": "operated",
    "5988fd69-592d-47e1-9aa6-df9d282706cb-prospect-3-of-4-about-5-200,000-6-bpd-7-of-8-crude-9-oil-10-productions-11-from-12-offshore-13-fields-14-operated-15": "prospect of about 200,000 bpd of crude oil productions from offshore fields operated",
    "5988fd69-592d-47e1-9aa6-df9d282706cb-very-28": "very",
    "5988fd69-592d-47e1-9aa6-df9d282706cb-added-19": "added",
    "5988fd69-592d-47e1-9aa6-df9d282706cb-added-19-to-20-output-21": "added to output",
    "5988fd69-592d-47e1-9aa6-df9d282706cb-about-5-200,000-6-bpd-7": "about 200,000 bpd",
    "5988fd69-592d-47e1-9aa6-df9d282706cb-oil-10-productions-11": "oil productions",
    "5988fd69-592d-47e1-9aa6-df9d282706cb-demand-16": "demand",
    "5988fd69-592d-47e1-9aa6-df9d282706cb-static-11": "static",
    "5988fd69-592d-47e1-9aa6-df9d282706cb-1.76-23-million-24-bpd-25": "1.76 million bpd",
    "5988fd69-592d-47e1-9aa6-df9d282706cb-average-22": "average",
    "NE-PERCENT-3.5%": "3.5 %",
    "NE-DATE-2004": "2004",
    "5988fd69-592d-47e1-9aa6-df9d282706cb-remaining-10": "remaining",
    "NE-DURATION-3-yr": "3 yr",
    "5988fd69-592d-47e1-9aa6-df9d282706cb-reduction-2": "reduction",
    "5988fd69-592d-47e1-9aa6-df9d282706cb-year-6": "year",
    "5988fd69-592d-47e1-9aa6-df9d282706cb-company-6": "company",
    "5988fd69-592d-47e1-9aa6-df9d282706cb-173-10-million-11-bbl-12": "173 million bbl",
    "5988fd69-592d-47e1-9aa6-df9d282706cb-crude-14": "crude",
    "5988fd69-592d-47e1-9aa6-df9d282706cb-products-3": "products",
    "5988fd69-592d-47e1-9aa6-df9d282706cb-more-17": "more",
    "5988fd69-592d-47e1-9aa6-df9d282706cb-imported-2": "imported",
    "5988fd69-592d-47e1-9aa6-df9d282706cb-barrel-19": "barrel",
    "NE-MONEY-$10": "$ 10",
    "5988fd69-592d-47e1-9aa6-df9d282706cb-about-14": "about",
    "5988fd69-592d-47e1-9aa6-df9d282706cb-they-23": "they",
    "NE-DATE-2003": "2003",
    "5988fd69-592d-47e1-9aa6-df9d282706cb-discussion-2": "discussion",
    "5988fd69-592d-47e1-9aa6-df9d282706cb-impact-4": "impact",
    "5988fd69-592d-47e1-9aa6-df9d282706cb-product-6-prices-7": "product prices"
  },
  "graph": [
    {
      "subject_id": "NE-COUNTRY-Brazil",
      "relation": "should close",
      "object_id": "5988fd69-592d-47e1-9aa6-df9d282706cb-should-26-self-31-sufficiency-33"
    },
    {
      "subject_id": "5988fd69-592d-47e1-9aa6-df9d282706cb-should-26-self-31-sufficiency-33",
      "relation": "at",
      "object_id": "NE-ORGANIZATION-Petrobras"
    },
    {
      "subject_id": "5988fd69-592d-47e1-9aa6-df9d282706cb-should-26-self-31-sufficiency-33",
      "relation": "case",
      "object_id": "5988fd69-592d-47e1-9aa6-df9d282706cb-prospect-3"
    },
    {
      "subject_id": "5988fd69-592d-47e1-9aa6-df9d282706cb-should-26-self-31-sufficiency-33",
      "relation": "is",
      "object_id": "5988fd69-592d-47e1-9aa6-df9d282706cb-crude-9"
    },
    {
      "subject_id": "5988fd69-592d-47e1-9aa6-df9d282706cb-should-26-self-31-sufficiency-33",
      "relation": "of",
      "object_id": "5988fd69-592d-47e1-9aa6-df9d282706cb-fields-14"
    },
    {
      "subject_id": "5988fd69-592d-47e1-9aa6-df9d282706cb-should-26-self-31-sufficiency-33",
      "relation": "is",
      "object_id": "5988fd69-592d-47e1-9aa6-df9d282706cb-offshore-13"
    },
    {
      "subject_id": "5988fd69-592d-47e1-9aa6-df9d282706cb-should-26-self-31-sufficiency-33",
      "relation": "at",
      "object_id": "NE-DATE-2005"
    },
    {
      "subject_id": "5988fd69-592d-47e1-9aa6-df9d282706cb-should-26-self-31-sufficiency-33",
      "relation": "at",
      "object_id": "5988fd69-592d-47e1-9aa6-df9d282706cb-output-21"
    },
    {
      "subject_id": "5988fd69-592d-47e1-9aa6-df9d282706cb-should-26-self-31-sufficiency-33",
      "relation": "of",
      "object_id": "5988fd69-592d-47e1-9aa6-df9d282706cb-year-39"
    },
    {
      "subject_id": "5988fd69-592d-47e1-9aa6-df9d282706cb-should-26-self-31-sufficiency-33",
      "relation": "at",
      "object_id": "5988fd69-592d-47e1-9aa6-df9d282706cb-end-36"
    },
    {
      "subject_id": "5988fd69-592d-47e1-9aa6-df9d282706cb-should-26-self-31-sufficiency-33",
      "relation": "is",
      "object_id": "5988fd69-592d-47e1-9aa6-df9d282706cb-operated-15"
    },
    {
      "subject_id": "5988fd69-592d-47e1-9aa6-df9d282706cb-should-26-self-31-sufficiency-33",
      "relation": "of",
      "object_id": "5988fd69-592d-47e1-9aa6-df9d282706cb-prospect-3-of-4-about-5-200,000-6-bpd-7-of-8-crude-9-oil-10-productions-11-from-12-offshore-13-fields-14-operated-15"
    },
    {
      "subject_id": "5988fd69-592d-47e1-9aa6-df9d282706cb-should-26-self-31-sufficiency-33",
      "relation": "at",
      "object_id": "5988fd69-592d-47e1-9aa6-df9d282706cb-very-28"
    },
    {
      "subject_id": "5988fd69-592d-47e1-9aa6-df9d282706cb-should-26-self-31-sufficiency-33",
      "relation": "is",
      "object_id": "5988fd69-592d-47e1-9aa6-df9d282706cb-added-19"
    },
    {
      "subject_id": "5988fd69-592d-47e1-9aa6-df9d282706cb-should-26-self-31-sufficiency-33",
      "relation": "is With",
      "object_id": "5988fd69-592d-47e1-9aa6-df9d282706cb-prospect-3-of-4-about-5-200,000-6-bpd-7-of-8-crude-9-oil-10-productions-11-from-12-offshore-13-fields-14-operated-15"
    },
    {
      "subject_id": "5988fd69-592d-47e1-9aa6-df9d282706cb-prospect-3-of-4-about-5-200,000-6-bpd-7-of-8-crude-9-oil-10-productions-11-from-12-offshore-13-fields-14-operated-15",
      "relation": "at",
      "object_id": "NE-ORGANIZATION-Petrobras"
    },
    {
      "subject_id": "5988fd69-592d-47e1-9aa6-df9d282706cb-prospect-3-of-4-about-5-200,000-6-bpd-7-of-8-crude-9-oil-10-productions-11-from-12-offshore-13-fields-14-operated-15",
      "relation": "at",
      "object_id": "NE-DATE-2005"
    },
    {
      "subject_id": "5988fd69-592d-47e1-9aa6-df9d282706cb-prospect-3-of-4-about-5-200,000-6-bpd-7-of-8-crude-9-oil-10-productions-11-from-12-offshore-13-fields-14-operated-15",
      "relation": "is",
      "object_id": "5988fd69-592d-47e1-9aa6-df9d282706cb-added-19-to-20-output-21"
    },
    {
      "subject_id": "5988fd69-592d-47e1-9aa6-df9d282706cb-should-26-self-31-sufficiency-33",
      "relation": "of",
      "object_id": "5988fd69-592d-47e1-9aa6-df9d282706cb-about-5-200,000-6-bpd-7"
    },
    {
      "subject_id": "5988fd69-592d-47e1-9aa6-df9d282706cb-should-26-self-31-sufficiency-33",
      "relation": "of",
      "object_id": "5988fd69-592d-47e1-9aa6-df9d282706cb-oil-10-productions-11"
    },
    {
      "subject_id": "5988fd69-592d-47e1-9aa6-df9d282706cb-demand-16",
      "relation": "increased after",
      "object_id": "5988fd69-592d-47e1-9aa6-df9d282706cb-static-11"
    },
    {
      "subject_id": "5988fd69-592d-47e1-9aa6-df9d282706cb-demand-16",
      "relation": "increased to",
      "object_id": "5988fd69-592d-47e1-9aa6-df9d282706cb-1.76-23-million-24-bpd-25"
    },
    {
      "subject_id": "5988fd69-592d-47e1-9aa6-df9d282706cb-1.76-23-million-24-bpd-25",
      "relation": "is",
      "object_id": "5988fd69-592d-47e1-9aa6-df9d282706cb-average-22"
    },
    {
      "subject_id": "5988fd69-592d-47e1-9aa6-df9d282706cb-demand-16",
      "relation": "increased by",
      "object_id": "NE-PERCENT-3.5%"
    },
    {
      "subject_id": "5988fd69-592d-47e1-9aa6-df9d282706cb-1.76-23-million-24-bpd-25",
      "relation": "is in",
      "object_id": "NE-DATE-2004"
    },
    {
      "subject_id": "5988fd69-592d-47e1-9aa6-df9d282706cb-static-11",
      "relation": "is",
      "object_id": "5988fd69-592d-47e1-9aa6-df9d282706cb-remaining-10"
    },
    {
      "subject_id": "5988fd69-592d-47e1-9aa6-df9d282706cb-static-11",
      "relation": "of",
      "object_id": "NE-DURATION-3-yr"
    },
    {
      "subject_id": "5988fd69-592d-47e1-9aa6-df9d282706cb-1.76-23-million-24-bpd-25",
      "relation": "of",
      "object_id": "NE-DATE-2004"
    },
    {
      "subject_id": "5988fd69-592d-47e1-9aa6-df9d282706cb-reduction-2",
      "relation": "occurred during",
      "object_id": "5988fd69-592d-47e1-9aa6-df9d282706cb-year-6"
    },
    {
      "subject_id": "5988fd69-592d-47e1-9aa6-df9d282706cb-company-6",
      "relation": "had import",
      "object_id": "5988fd69-592d-47e1-9aa6-df9d282706cb-173-10-million-11-bbl-12"
    },
    {
      "subject_id": "5988fd69-592d-47e1-9aa6-df9d282706cb-173-10-million-11-bbl-12",
      "relation": "of",
      "object_id": "5988fd69-592d-47e1-9aa6-df9d282706cb-crude-14"
    },
    {
      "subject_id": "5988fd69-592d-47e1-9aa6-df9d282706cb-products-3",
      "relation": "cost",
      "object_id": "5988fd69-592d-47e1-9aa6-df9d282706cb-more-17"
    },
    {
      "subject_id": "5988fd69-592d-47e1-9aa6-df9d282706cb-products-3",
      "relation": "is",
      "object_id": "5988fd69-592d-47e1-9aa6-df9d282706cb-imported-2"
    },
    {
      "subject_id": "5988fd69-592d-47e1-9aa6-df9d282706cb-more-17",
      "relation": "of",
      "object_id": "5988fd69-592d-47e1-9aa6-df9d282706cb-barrel-19"
    },
    {
      "subject_id": "5988fd69-592d-47e1-9aa6-df9d282706cb-more-17",
      "relation": "amount to",
      "object_id": "NE-MONEY-$10"
    },
    {
      "subject_id": "5988fd69-592d-47e1-9aa6-df9d282706cb-more-17",
      "relation": "at",
      "object_id": "5988fd69-592d-47e1-9aa6-df9d282706cb-about-14"
    },
    {
      "subject_id": "5988fd69-592d-47e1-9aa6-df9d282706cb-they-23",
      "relation": "had in",
      "object_id": "NE-DATE-2003"
    },
    {
      "subject_id": "5988fd69-592d-47e1-9aa6-df9d282706cb-discussion-2",
      "relation": "covers",
      "object_id": "5988fd69-592d-47e1-9aa6-df9d282706cb-impact-4"
    },
    {
      "subject_id": "5988fd69-592d-47e1-9aa6-df9d282706cb-impact-4",
      "relation": "of",
      "object_id": "5988fd69-592d-47e1-9aa6-df9d282706cb-product-6-prices-7"
    }
  ],
  "links": {
    "NE-COUNTRY-Brazil": [],
    "5988fd69-592d-47e1-9aa6-df9d282706cb-should-26-self-31-sufficiency-33": [],
    "NE-ORGANIZATION-Petrobras": [],
    "5988fd69-592d-47e1-9aa6-df9d282706cb-prospect-3": [],
    "5988fd69-592d-47e1-9aa6-df9d282706cb-crude-9": [],
    "5988fd69-592d-47e1-9aa6-df9d282706cb-fields-14": [],
    "5988fd69-592d-47e1-9aa6-df9d282706cb-offshore-13": [],
    "NE-DATE-2005": [],
    "5988fd69-592d-47e1-9aa6-df9d282706cb-output-21": [],
    "5988fd69-592d-47e1-9aa6-df9d282706cb-year-39": [],
    "5988fd69-592d-47e1-9aa6-df9d282706cb-end-36": [],
    "5988fd69-592d-47e1-9aa6-df9d282706cb-operated-15": [],
    "5988fd69-592d-47e1-9aa6-df9d282706cb-prospect-3-of-4-about-5-200,000-6-bpd-7-of-8-crude-9-oil-10-productions-11-from-12-offshore-13-fields-14-operated-15": [],
    "5988fd69-592d-47e1-9aa6-df9d282706cb-very-28": [],
    "5988fd69-592d-47e1-9aa6-df9d282706cb-added-19": [],
    "5988fd69-592d-47e1-9aa6-df9d282706cb-added-19-to-20-output-21": [],
    "5988fd69-592d-47e1-9aa6-df9d282706cb-about-5-200,000-6-bpd-7": [],
    "5988fd69-592d-47e1-9aa6-df9d282706cb-oil-10-productions-11": [],
    "5988fd69-592d-47e1-9aa6-df9d282706cb-demand-16": [],
    "5988fd69-592d-47e1-9aa6-df9d282706cb-static-11": [],
    "5988fd69-592d-47e1-9aa6-df9d282706cb-1.76-23-million-24-bpd-25": [],
    "5988fd69-592d-47e1-9aa6-df9d282706cb-average-22": [],
    "NE-PERCENT-3.5%": [],
    "NE-DATE-2004": [],
    "5988fd69-592d-47e1-9aa6-df9d282706cb-remaining-10": [],
    "NE-DURATION-3-yr": [],
    "5988fd69-592d-47e1-9aa6-df9d282706cb-reduction-2": [],
    "5988fd69-592d-47e1-9aa6-df9d282706cb-year-6": [],
    "5988fd69-592d-47e1-9aa6-df9d282706cb-company-6": [],
    "5988fd69-592d-47e1-9aa6-df9d282706cb-173-10-million-11-bbl-12": [],
    "5988fd69-592d-47e1-9aa6-df9d282706cb-crude-14": [],
    "5988fd69-592d-47e1-9aa6-df9d282706cb-products-3": [],
    "5988fd69-592d-47e1-9aa6-df9d282706cb-more-17": [],
    "5988fd69-592d-47e1-9aa6-df9d282706cb-imported-2": [],
    "5988fd69-592d-47e1-9aa6-df9d282706cb-barrel-19": [],
    "NE-MONEY-$10": [],
    "5988fd69-592d-47e1-9aa6-df9d282706cb-about-14": [],
    "5988fd69-592d-47e1-9aa6-df9d282706cb-they-23": [],
    "NE-DATE-2003": [],
    "5988fd69-592d-47e1-9aa6-df9d282706cb-discussion-2": [],
    "5988fd69-592d-47e1-9aa6-df9d282706cb-impact-4": [],
    "5988fd69-592d-47e1-9aa6-df9d282706cb-product-6-prices-7": []
  }
}