{
  "document": "D:/Projetos/PIRA_KG/documents/onu_84974574825.txt",
  "entities": {
    "bd331931-0124-4a50-84bf-199162a52f3f-Pleistocene-3-Holocene-4-architecture-6": "Pleistocene Holocene architecture",
    "bd331931-0124-4a50-84bf-199162a52f3f-has-17-explored-19-by-20-resolution-23-profiles-25": "has explored by resolution profiles",
    "bd331931-0124-4a50-84bf-199162a52f3f-stratigraphic-5": "stratigraphic",
    "bd331931-0124-4a50-84bf-199162a52f3f-high-21": "high",
    "bd331931-0124-4a50-84bf-199162a52f3f-late-2": "late",
    "bd331931-0124-4a50-84bf-199162a52f3f-surveys-3": "surveys",
    "bd331931-0124-4a50-84bf-199162a52f3f-distribution-7": "distribution",
    "bd331931-0124-4a50-84bf-199162a52f3f-seismic-2": "seismic",
    "bd331931-0124-4a50-84bf-199162a52f3f-offshore-15-continuation-16-of-17-present-19-day-21": "offshore continuation of present day",
    "bd331931-0124-4a50-84bf-199162a52f3f-different-12": "different",
    "bd331931-0124-4a50-84bf-199162a52f3f-continuation-16": "continuation",
    "bd331931-0124-4a50-84bf-199162a52f3f-valleys-10": "valleys",
    "NE-CITY-Parnaiba": "Parnaiba",
    "bd331931-0124-4a50-84bf-199162a52f3f-day-21": "day",
    "bd331931-0124-4a50-84bf-199162a52f3f-delta-23": "delta",
    "bd331931-0124-4a50-84bf-199162a52f3f-size-13": "size",
    "bd331931-0124-4a50-84bf-199162a52f3f-incised-9": "incised",
    "bd331931-0124-4a50-84bf-199162a52f3f-widespread-6": "widespread",
    "bd331931-0124-4a50-84bf-199162a52f3f-offshore-15": "offshore",
    "bd331931-0124-4a50-84bf-199162a52f3f-U-shaped-11-channels-12": "U-shaped channels",
    "bd331931-0124-4a50-84bf-199162a52f3f-eastern-15-part-16": "eastern part",
    "bd331931-0124-4a50-84bf-199162a52f3f-western-24-part-25": "western part",
    "bd331931-0124-4a50-84bf-199162a52f3f-successions-3": "successions",
    "bd331931-0124-4a50-84bf-199162a52f3f-four-7-units-9": "four units",
    "bd331931-0124-4a50-84bf-199162a52f3f-stratigraphic-2": "stratigraphic",
    "bd331931-0124-4a50-84bf-199162a52f3f-seismic-8": "seismic",
    "bd331931-0124-4a50-84bf-199162a52f3f-boundaries-14": "boundaries",
    "bd331931-0124-4a50-84bf-199162a52f3f-separated-10": "separated",
    "bd331931-0124-4a50-84bf-199162a52f3f-grouped-5": "grouped",
    "bd331931-0124-4a50-84bf-199162a52f3f-seismic-13": "seismic",
    "bd331931-0124-4a50-84bf-199162a52f3f-characteristics-2": "characteristics",
    "bd331931-0124-4a50-84bf-199162a52f3f-deposits-22": "deposits",
    "NE-TITLE-marine": "marine",
    "bd331931-0124-4a50-84bf-199162a52f3f-used-15": "used",
    "bd331931-0124-4a50-84bf-199162a52f3f-distinguish-17": "distinguish",
    "bd331931-0124-4a50-84bf-199162a52f3f-to-16": "to",
    "bd331931-0124-4a50-84bf-199162a52f3f-valleys-4-elements-6": "valleys elements",
    "bd331931-0124-4a50-84bf-199162a52f3f-used-8": "used",
    "bd331931-0124-4a50-84bf-199162a52f3f-channel-21-avulsion-22": "channel avulsion",
    "bd331931-0124-4a50-84bf-199162a52f3f-course-29": "course",
    "bd331931-0124-4a50-84bf-199162a52f3f-architectural-5": "architectural",
    "bd331931-0124-4a50-84bf-199162a52f3f-late-19": "late",
    "bd331931-0124-4a50-84bf-199162a52f3f-base-16-level-17": "base level",
    "bd331931-0124-4a50-84bf-199162a52f3f-sedimentation-11-processes-12": "sedimentation processes",
    "bd331931-0124-4a50-84bf-199162a52f3f-lowermost-28-course-29-of-30-paleo-32-Parnaíba-34": "lowermost course of paleo Parnaíba",
    "NE-TITLE-River": "River",
    "bd331931-0124-4a50-84bf-199162a52f3f-Pleistocene-20": "Pleistocene",
    "bd331931-0124-4a50-84bf-199162a52f3f-incised-2": "incised",
    "NE-CITY-Asia": "Asia",
    "bd331931-0124-4a50-84bf-199162a52f3f-change-2": "change",
    "bd331931-0124-4a50-84bf-199162a52f3f-valley-19-infills-20": "valley infills",
    "NE-LOCATION-Mekong": "Mekong",
    "bd331931-0124-4a50-84bf-199162a52f3f-relation-8-to-9-deglacial-10-sea-11-level-13-rise-14": "relation to deglacial sea level rise",
    "bd331931-0124-4a50-84bf-199162a52f3f-compared-16": "compared",
    "bd331931-0124-4a50-84bf-199162a52f3f-incised-18": "incised"
  },
  "graph": [
    {
      "subject_id": "bd331931-0124-4a50-84bf-199162a52f3f-Pleistocene-3-Holocene-4-architecture-6",
      "relation": "has",
      "object_id": "bd331931-0124-4a50-84bf-199162a52f3f-has-17-explored-19-by-20-resolution-23-profiles-25"
    },
    {
      "subject_id": "bd331931-0124-4a50-84bf-199162a52f3f-Pleistocene-3-Holocene-4-architecture-6",
      "relation": "is",
      "object_id": "bd331931-0124-4a50-84bf-199162a52f3f-stratigraphic-5"
    },
    {
      "subject_id": "bd331931-0124-4a50-84bf-199162a52f3f-has-17-explored-19-by-20-resolution-23-profiles-25",
      "relation": "is",
      "object_id": "bd331931-0124-4a50-84bf-199162a52f3f-high-21"
    },
    {
      "subject_id": "bd331931-0124-4a50-84bf-199162a52f3f-Pleistocene-3-Holocene-4-architecture-6",
      "relation": "is",
      "object_id": "bd331931-0124-4a50-84bf-199162a52f3f-late-2"
    },
    {
      "subject_id": "bd331931-0124-4a50-84bf-199162a52f3f-surveys-3",
      "relation": "reveal",
      "object_id": "bd331931-0124-4a50-84bf-199162a52f3f-distribution-7"
    },
    {
      "subject_id": "bd331931-0124-4a50-84bf-199162a52f3f-surveys-3",
      "relation": "is",
      "object_id": "bd331931-0124-4a50-84bf-199162a52f3f-seismic-2"
    },
    {
      "subject_id": "bd331931-0124-4a50-84bf-199162a52f3f-distribution-7",
      "relation": "of",
      "object_id": "bd331931-0124-4a50-84bf-199162a52f3f-offshore-15-continuation-16-of-17-present-19-day-21"
    },
    {
      "subject_id": "bd331931-0124-4a50-84bf-199162a52f3f-distribution-7",
      "relation": "is",
      "object_id": "bd331931-0124-4a50-84bf-199162a52f3f-different-12"
    },
    {
      "subject_id": "bd331931-0124-4a50-84bf-199162a52f3f-distribution-7",
      "relation": "of",
      "object_id": "bd331931-0124-4a50-84bf-199162a52f3f-continuation-16"
    },
    {
      "subject_id": "bd331931-0124-4a50-84bf-199162a52f3f-distribution-7",
      "relation": "of",
      "object_id": "bd331931-0124-4a50-84bf-199162a52f3f-valleys-10"
    },
    {
      "subject_id": "bd331931-0124-4a50-84bf-199162a52f3f-distribution-7",
      "relation": "of",
      "object_id": "NE-CITY-Parnaiba"
    },
    {
      "subject_id": "bd331931-0124-4a50-84bf-199162a52f3f-distribution-7",
      "relation": "case",
      "object_id": "bd331931-0124-4a50-84bf-199162a52f3f-day-21"
    },
    {
      "subject_id": "bd331931-0124-4a50-84bf-199162a52f3f-distribution-7",
      "relation": "of",
      "object_id": "bd331931-0124-4a50-84bf-199162a52f3f-delta-23"
    },
    {
      "subject_id": "bd331931-0124-4a50-84bf-199162a52f3f-distribution-7",
      "relation": "of",
      "object_id": "bd331931-0124-4a50-84bf-199162a52f3f-size-13"
    },
    {
      "subject_id": "bd331931-0124-4a50-84bf-199162a52f3f-distribution-7",
      "relation": "is",
      "object_id": "bd331931-0124-4a50-84bf-199162a52f3f-incised-9"
    },
    {
      "subject_id": "bd331931-0124-4a50-84bf-199162a52f3f-distribution-7",
      "relation": "is",
      "object_id": "bd331931-0124-4a50-84bf-199162a52f3f-widespread-6"
    },
    {
      "subject_id": "bd331931-0124-4a50-84bf-199162a52f3f-distribution-7",
      "relation": "is",
      "object_id": "bd331931-0124-4a50-84bf-199162a52f3f-offshore-15"
    },
    {
      "subject_id": "bd331931-0124-4a50-84bf-199162a52f3f-distribution-7",
      "relation": "is in",
      "object_id": "bd331931-0124-4a50-84bf-199162a52f3f-offshore-15-continuation-16-of-17-present-19-day-21"
    },
    {
      "subject_id": "bd331931-0124-4a50-84bf-199162a52f3f-offshore-15-continuation-16-of-17-present-19-day-21",
      "relation": "of",
      "object_id": "NE-CITY-Parnaiba"
    },
    {
      "subject_id": "bd331931-0124-4a50-84bf-199162a52f3f-offshore-15-continuation-16-of-17-present-19-day-21",
      "relation": "of",
      "object_id": "bd331931-0124-4a50-84bf-199162a52f3f-delta-23"
    },
    {
      "subject_id": "bd331931-0124-4a50-84bf-199162a52f3f-U-shaped-11-channels-12",
      "relation": "is in",
      "object_id": "bd331931-0124-4a50-84bf-199162a52f3f-eastern-15-part-16"
    },
    {
      "subject_id": "bd331931-0124-4a50-84bf-199162a52f3f-U-shaped-11-channels-12",
      "relation": "is in",
      "object_id": "bd331931-0124-4a50-84bf-199162a52f3f-western-24-part-25"
    },
    {
      "subject_id": "bd331931-0124-4a50-84bf-199162a52f3f-successions-3",
      "relation": "were grouped into",
      "object_id": "bd331931-0124-4a50-84bf-199162a52f3f-four-7-units-9"
    },
    {
      "subject_id": "bd331931-0124-4a50-84bf-199162a52f3f-successions-3",
      "relation": "is",
      "object_id": "bd331931-0124-4a50-84bf-199162a52f3f-stratigraphic-2"
    },
    {
      "subject_id": "bd331931-0124-4a50-84bf-199162a52f3f-four-7-units-9",
      "relation": "is",
      "object_id": "bd331931-0124-4a50-84bf-199162a52f3f-different-12"
    },
    {
      "subject_id": "bd331931-0124-4a50-84bf-199162a52f3f-four-7-units-9",
      "relation": "is",
      "object_id": "bd331931-0124-4a50-84bf-199162a52f3f-seismic-8"
    },
    {
      "subject_id": "bd331931-0124-4a50-84bf-199162a52f3f-four-7-units-9",
      "relation": "at",
      "object_id": "bd331931-0124-4a50-84bf-199162a52f3f-boundaries-14"
    },
    {
      "subject_id": "bd331931-0124-4a50-84bf-199162a52f3f-four-7-units-9",
      "relation": "is",
      "object_id": "bd331931-0124-4a50-84bf-199162a52f3f-separated-10"
    },
    {
      "subject_id": "bd331931-0124-4a50-84bf-199162a52f3f-successions-3",
      "relation": "were",
      "object_id": "bd331931-0124-4a50-84bf-199162a52f3f-grouped-5"
    },
    {
      "subject_id": "bd331931-0124-4a50-84bf-199162a52f3f-four-7-units-9",
      "relation": "is",
      "object_id": "bd331931-0124-4a50-84bf-199162a52f3f-seismic-13"
    },
    {
      "subject_id": "bd331931-0124-4a50-84bf-199162a52f3f-characteristics-2",
      "relation": "distinguish between",
      "object_id": "bd331931-0124-4a50-84bf-199162a52f3f-deposits-22"
    },
    {
      "subject_id": "bd331931-0124-4a50-84bf-199162a52f3f-deposits-22",
      "relation": "is",
      "object_id": "NE-TITLE-marine"
    },
    {
      "subject_id": "bd331931-0124-4a50-84bf-199162a52f3f-characteristics-2",
      "relation": "were used",
      "object_id": "bd331931-0124-4a50-84bf-199162a52f3f-deposits-22"
    },
    {
      "subject_id": "bd331931-0124-4a50-84bf-199162a52f3f-characteristics-2",
      "relation": "were",
      "object_id": "bd331931-0124-4a50-84bf-199162a52f3f-used-15"
    },
    {
      "subject_id": "bd331931-0124-4a50-84bf-199162a52f3f-characteristics-2",
      "relation": "were used",
      "object_id": "bd331931-0124-4a50-84bf-199162a52f3f-distinguish-17"
    },
    {
      "subject_id": "bd331931-0124-4a50-84bf-199162a52f3f-distinguish-17",
      "relation": "mark",
      "object_id": "bd331931-0124-4a50-84bf-199162a52f3f-to-16"
    },
    {
      "subject_id": "bd331931-0124-4a50-84bf-199162a52f3f-valleys-4-elements-6",
      "relation": "were",
      "object_id": "bd331931-0124-4a50-84bf-199162a52f3f-used-8"
    },
    {
      "subject_id": "bd331931-0124-4a50-84bf-199162a52f3f-valleys-4-elements-6",
      "relation": "link sedimentation processes from",
      "object_id": "bd331931-0124-4a50-84bf-199162a52f3f-channel-21-avulsion-22"
    },
    {
      "subject_id": "bd331931-0124-4a50-84bf-199162a52f3f-channel-21-avulsion-22",
      "relation": "of",
      "object_id": "bd331931-0124-4a50-84bf-199162a52f3f-course-29"
    },
    {
      "subject_id": "bd331931-0124-4a50-84bf-199162a52f3f-valleys-4-elements-6",
      "relation": "is",
      "object_id": "bd331931-0124-4a50-84bf-199162a52f3f-architectural-5"
    },
    {
      "subject_id": "bd331931-0124-4a50-84bf-199162a52f3f-channel-21-avulsion-22",
      "relation": "is",
      "object_id": "bd331931-0124-4a50-84bf-199162a52f3f-late-19"
    },
    {
      "subject_id": "bd331931-0124-4a50-84bf-199162a52f3f-valleys-4-elements-6",
      "relation": "link sedimentation processes in",
      "object_id": "bd331931-0124-4a50-84bf-199162a52f3f-base-16-level-17"
    },
    {
      "subject_id": "bd331931-0124-4a50-84bf-199162a52f3f-valleys-4-elements-6",
      "relation": "link",
      "object_id": "bd331931-0124-4a50-84bf-199162a52f3f-sedimentation-11-processes-12"
    },
    {
      "subject_id": "bd331931-0124-4a50-84bf-199162a52f3f-channel-21-avulsion-22",
      "relation": "is in",
      "object_id": "bd331931-0124-4a50-84bf-199162a52f3f-lowermost-28-course-29-of-30-paleo-32-Parnaíba-34"
    },
    {
      "subject_id": "bd331931-0124-4a50-84bf-199162a52f3f-lowermost-28-course-29-of-30-paleo-32-Parnaíba-34",
      "relation": "of",
      "object_id": "NE-TITLE-River"
    },
    {
      "subject_id": "bd331931-0124-4a50-84bf-199162a52f3f-channel-21-avulsion-22",
      "relation": "is",
      "object_id": "bd331931-0124-4a50-84bf-199162a52f3f-Pleistocene-20"
    },
    {
      "subject_id": "bd331931-0124-4a50-84bf-199162a52f3f-valleys-4-elements-6",
      "relation": "is",
      "object_id": "bd331931-0124-4a50-84bf-199162a52f3f-incised-2"
    },
    {
      "subject_id": "NE-TITLE-River",
      "relation": "is in",
      "object_id": "NE-CITY-Asia"
    },
    {
      "subject_id": "bd331931-0124-4a50-84bf-199162a52f3f-change-2",
      "relation": "is compared to",
      "object_id": "bd331931-0124-4a50-84bf-199162a52f3f-valley-19-infills-20"
    },
    {
      "subject_id": "bd331931-0124-4a50-84bf-199162a52f3f-valley-19-infills-20",
      "relation": "of",
      "object_id": "NE-TITLE-River"
    },
    {
      "subject_id": "bd331931-0124-4a50-84bf-199162a52f3f-valley-19-infills-20",
      "relation": "of",
      "object_id": "NE-LOCATION-Mekong"
    },
    {
      "subject_id": "bd331931-0124-4a50-84bf-199162a52f3f-change-2",
      "relation": "is in",
      "object_id": "bd331931-0124-4a50-84bf-199162a52f3f-relation-8-to-9-deglacial-10-sea-11-level-13-rise-14"
    },
    {
      "subject_id": "bd331931-0124-4a50-84bf-199162a52f3f-change-2",
      "relation": "is",
      "object_id": "bd331931-0124-4a50-84bf-199162a52f3f-compared-16"
    },
    {
      "subject_id": "bd331931-0124-4a50-84bf-199162a52f3f-valley-19-infills-20",
      "relation": "is",
      "object_id": "bd331931-0124-4a50-84bf-199162a52f3f-incised-18"
    }
  ],
  "links": {
    "bd331931-0124-4a50-84bf-199162a52f3f-Pleistocene-3-Holocene-4-architecture-6": [],
    "bd331931-0124-4a50-84bf-199162a52f3f-has-17-explored-19-by-20-resolution-23-profiles-25": [],
    "bd331931-0124-4a50-84bf-199162a52f3f-stratigraphic-5": [
      "bd331931-0124-4a50-84bf-199162a52f3f-stratigraphic-2"
    ],
    "bd331931-0124-4a50-84bf-199162a52f3f-high-21": [],
    "bd331931-0124-4a50-84bf-199162a52f3f-late-2": [],
    "bd331931-0124-4a50-84bf-199162a52f3f-surveys-3": [],
    "bd331931-0124-4a50-84bf-199162a52f3f-distribution-7": [],
    "bd331931-0124-4a50-84bf-199162a52f3f-seismic-2": [],
    "bd331931-0124-4a50-84bf-199162a52f3f-offshore-15-continuation-16-of-17-present-19-day-21": [],
    "bd331931-0124-4a50-84bf-199162a52f3f-different-12": [],
    "bd331931-0124-4a50-84bf-199162a52f3f-continuation-16": [],
    "bd331931-0124-4a50-84bf-199162a52f3f-valleys-10": [],
    "NE-CITY-Parnaiba": [],
    "bd331931-0124-4a50-84bf-199162a52f3f-day-21": [],
    "bd331931-0124-4a50-84bf-199162a52f3f-delta-23": [],
    "bd331931-0124-4a50-84bf-199162a52f3f-size-13": [],
    "bd331931-0124-4a50-84bf-199162a52f3f-incised-9": [],
    "bd331931-0124-4a50-84bf-199162a52f3f-widespread-6": [],
    "bd331931-0124-4a50-84bf-199162a52f3f-offshore-15": [],
    "bd331931-0124-4a50-84bf-199162a52f3f-U-shaped-11-channels-12": [],
    "bd331931-0124-4a50-84bf-199162a52f3f-eastern-15-part-16": [
      "bd331931-0124-4a50-84bf-199162a52f3f-western-24-part-25"
    ],
    "bd331931-0124-4a50-84bf-199162a52f3f-western-24-part-25": [
      "bd331931-0124-4a50-84bf-199162a52f3f-eastern-15-part-16"
    ],
    "bd331931-0124-4a50-84bf-199162a52f3f-successions-3": [],
    "bd331931-0124-4a50-84bf-199162a52f3f-four-7-units-9": [],
    "bd331931-0124-4a50-84bf-199162a52f3f-stratigraphic-2": [
      "bd331931-0124-4a50-84bf-199162a52f3f-stratigraphic-5"
    ],
    "bd331931-0124-4a50-84bf-199162a52f3f-seismic-8": [
      "bd331931-0124-4a50-84bf-199162a52f3f-seismic-13"
    ],
    "bd331931-0124-4a50-84bf-199162a52f3f-boundaries-14": [],
    "bd331931-0124-4a50-84bf-199162a52f3f-separated-10": [],
    "bd331931-0124-4a50-84bf-199162a52f3f-grouped-5": [],
    "bd331931-0124-4a50-84bf-199162a52f3f-seismic-13": [
      "bd331931-0124-4a50-84bf-199162a52f3f-seismic-8"
    ],
    "bd331931-0124-4a50-84bf-199162a52f3f-characteristics-2": [],
    "bd331931-0124-4a50-84bf-199162a52f3f-deposits-22": [],
    "NE-TITLE-marine": [],
    "bd331931-0124-4a50-84bf-199162a52f3f-used-15": [],
    "bd331931-0124-4a50-84bf-199162a52f3f-distinguish-17": [],
    "bd331931-0124-4a50-84bf-199162a52f3f-to-16": [],
    "bd331931-0124-4a50-84bf-199162a52f3f-valleys-4-elements-6": [],
    "bd331931-0124-4a50-84bf-199162a52f3f-used-8": [],
    "bd331931-0124-4a50-84bf-199162a52f3f-channel-21-avulsion-22": [],
    "bd331931-0124-4a50-84bf-199162a52f3f-course-29": [],
    "bd331931-0124-4a50-84bf-199162a52f3f-architectural-5": [],
    "bd331931-0124-4a50-84bf-199162a52f3f-late-19": [],
    "bd331931-0124-4a50-84bf-199162a52f3f-base-16-level-17": [],
    "bd331931-0124-4a50-84bf-199162a52f3f-sedimentation-11-processes-12": [],
    "bd331931-0124-4a50-84bf-199162a52f3f-lowermost-28-course-29-of-30-paleo-32-Parnaíba-34": [],
    "NE-TITLE-River": [],
    "bd331931-0124-4a50-84bf-199162a52f3f-Pleistocene-20": [],
    "bd331931-0124-4a50-84bf-199162a52f3f-incised-2": [
      "bd331931-0124-4a50-84bf-199162a52f3f-incised-18"
    ],
    "NE-CITY-Asia": [],
    "bd331931-0124-4a50-84bf-199162a52f3f-change-2": [],
    "bd331931-0124-4a50-84bf-199162a52f3f-valley-19-infills-20": [],
    "NE-LOCATION-Mekong": [],
    "bd331931-0124-4a50-84bf-199162a52f3f-relation-8-to-9-deglacial-10-sea-11-level-13-rise-14": [],
    "bd331931-0124-4a50-84bf-199162a52f3f-compared-16": [],
    "bd331931-0124-4a50-84bf-199162a52f3f-incised-18": [
      "bd331931-0124-4a50-84bf-199162a52f3f-incised-2"
    ]
  }
}