{
  "document": "D:/Projetos/PIRA_KG/documents/onu_85055025955.txt",
  "entities": {
    "6bb8a4f9-6b1c-4ed2-896e-13fd8f3d1045-oilfields-3": "oilfields",
    "6bb8a4f9-6b1c-4ed2-896e-13fd8f3d1045-had-4-discovered-6": "had discovered",
    "6bb8a4f9-6b1c-4ed2-896e-13fd8f3d1045-deepwater-2": "deepwater",
    "6bb8a4f9-6b1c-4ed2-896e-13fd8f3d1045-eighties-16": "eighties",
    "6bb8a4f9-6b1c-4ed2-896e-13fd8f3d1045-Giant-1": "Giant",
    "NE-LOCATION-Basin": "Basin",
    "NE-CITY-Campos": "Campos",
    "6bb8a4f9-6b1c-4ed2-896e-13fd8f3d1045-appraisal-11-wells-12": "appraisal wells",
    "6bb8a4f9-6b1c-4ed2-896e-13fd8f3d1045-water-23-data-25": "water data",
    "6bb8a4f9-6b1c-4ed2-896e-13fd8f3d1045-shallow-22": "shallow",
    "6bb8a4f9-6b1c-4ed2-896e-13fd8f3d1045-previous-24": "previous",
    "6bb8a4f9-6b1c-4ed2-896e-13fd8f3d1045-wells-9": "wells",
    "6bb8a4f9-6b1c-4ed2-896e-13fd8f3d1045-exploratory-8": "exploratory",
    "6bb8a4f9-6b1c-4ed2-896e-13fd8f3d1045-Albacora-5-development-9-plans-10": "Albacora development plans",
    "6bb8a4f9-6b1c-4ed2-896e-13fd8f3d1045-time-3": "time",
    "6bb8a4f9-6b1c-4ed2-896e-13fd8f3d1045-performances-14": "performances",
    "6bb8a4f9-6b1c-4ed2-896e-13fd8f3d1045-learning-21-effects-22": "learning effects",
    "6bb8a4f9-6b1c-4ed2-896e-13fd8f3d1045-expected-20": "expected",
    "6bb8a4f9-6b1c-4ed2-896e-13fd8f3d1045-improved-13": "improved",
    "6bb8a4f9-6b1c-4ed2-896e-13fd8f3d1045-simultaneous-5-use-6": "simultaneous use",
    "6bb8a4f9-6b1c-4ed2-896e-13fd8f3d1045-technical-16-improvements-17": "technical improvements",
    "6bb8a4f9-6b1c-4ed2-896e-13fd8f3d1045-well-19-operations-20": "well operations",
    "6bb8a4f9-6b1c-4ed2-896e-13fd8f3d1045-in-18": "in",
    "6bb8a4f9-6b1c-4ed2-896e-13fd8f3d1045-drilling-2-program-3": "drilling program",
    "6bb8a4f9-6b1c-4ed2-896e-13fd8f3d1045-guidelines-12": "guidelines",
    "NE-DATE-future": "future",
    "6bb8a4f9-6b1c-4ed2-896e-13fd8f3d1045-field-16-exploitation-17": "field exploitation",
    "6bb8a4f9-6b1c-4ed2-896e-13fd8f3d1045-establishing-11": "establishing",
    "6bb8a4f9-6b1c-4ed2-896e-13fd8f3d1045-deepwater-15": "deepwater",
    "6bb8a4f9-6b1c-4ed2-896e-13fd8f3d1045-experience-5": "experience",
    "6bb8a4f9-6b1c-4ed2-896e-13fd8f3d1045-development-11-wells-12": "development wells",
    "NE-ORGANIZATION-Petrobras": "Petrobras",
    "6bb8a4f9-6b1c-4ed2-896e-13fd8f3d1045-drilling-9": "drilling",
    "6bb8a4f9-6b1c-4ed2-896e-13fd8f3d1045-factors-19": "factors",
    "6bb8a4f9-6b1c-4ed2-896e-13fd8f3d1045-update-24": "update",
    "6bb8a4f9-6b1c-4ed2-896e-13fd8f3d1045-operational-27": "operational",
    "6bb8a4f9-6b1c-4ed2-896e-13fd8f3d1045-deepwater-10": "deepwater",
    "6bb8a4f9-6b1c-4ed2-896e-13fd8f3d1045-standards-28": "standards",
    "6bb8a4f9-6b1c-4ed2-896e-13fd8f3d1045-paper-2": "paper",
    "6bb8a4f9-6b1c-4ed2-896e-13fd8f3d1045-planning-7": "planning",
    "6bb8a4f9-6b1c-4ed2-896e-13fd8f3d1045-m-37": "m",
    "6bb8a4f9-6b1c-4ed2-896e-13fd8f3d1045-considered-39": "considered",
    "6bb8a4f9-6b1c-4ed2-896e-13fd8f3d1045-ultra-4-deepwater-5-drilling-6-R&D-7-projects-8": "ultra deepwater drilling R&D projects",
    "6bb8a4f9-6b1c-4ed2-896e-13fd8f3d1045-moment-13": "moment",
    "6bb8a4f9-6b1c-4ed2-896e-13fd8f3d1045-performance-27-records-30": "performance records",
    "NE-COUNTRY-Brazil": "Brazil",
    "NE-DATE-the-future": "the future",
    "6bb8a4f9-6b1c-4ed2-896e-13fd8f3d1045-developments-42": "developments",
    "6bb8a4f9-6b1c-4ed2-896e-13fd8f3d1045-oifield-41": "oifield"
  },
  "graph": [
    {
      "subject_id": "6bb8a4f9-6b1c-4ed2-896e-13fd8f3d1045-oilfields-3",
      "relation": "had",
      "object_id": "6bb8a4f9-6b1c-4ed2-896e-13fd8f3d1045-had-4-discovered-6"
    },
    {
      "subject_id": "6bb8a4f9-6b1c-4ed2-896e-13fd8f3d1045-oilfields-3",
      "relation": "is",
      "object_id": "6bb8a4f9-6b1c-4ed2-896e-13fd8f3d1045-deepwater-2"
    },
    {
      "subject_id": "6bb8a4f9-6b1c-4ed2-896e-13fd8f3d1045-had-4-discovered-6",
      "relation": "at",
      "object_id": "6bb8a4f9-6b1c-4ed2-896e-13fd8f3d1045-eighties-16"
    },
    {
      "subject_id": "6bb8a4f9-6b1c-4ed2-896e-13fd8f3d1045-oilfields-3",
      "relation": "is",
      "object_id": "6bb8a4f9-6b1c-4ed2-896e-13fd8f3d1045-Giant-1"
    },
    {
      "subject_id": "6bb8a4f9-6b1c-4ed2-896e-13fd8f3d1045-had-4-discovered-6",
      "relation": "at",
      "object_id": "NE-LOCATION-Basin"
    },
    {
      "subject_id": "6bb8a4f9-6b1c-4ed2-896e-13fd8f3d1045-had-4-discovered-6",
      "relation": "of",
      "object_id": "NE-CITY-Campos"
    },
    {
      "subject_id": "NE-LOCATION-Basin",
      "relation": "is in",
      "object_id": "NE-CITY-Campos"
    },
    {
      "subject_id": "6bb8a4f9-6b1c-4ed2-896e-13fd8f3d1045-appraisal-11-wells-12",
      "relation": "comparing to",
      "object_id": "6bb8a4f9-6b1c-4ed2-896e-13fd8f3d1045-water-23-data-25"
    },
    {
      "subject_id": "6bb8a4f9-6b1c-4ed2-896e-13fd8f3d1045-water-23-data-25",
      "relation": "is",
      "object_id": "6bb8a4f9-6b1c-4ed2-896e-13fd8f3d1045-shallow-22"
    },
    {
      "subject_id": "6bb8a4f9-6b1c-4ed2-896e-13fd8f3d1045-water-23-data-25",
      "relation": "is",
      "object_id": "6bb8a4f9-6b1c-4ed2-896e-13fd8f3d1045-previous-24"
    },
    {
      "subject_id": "6bb8a4f9-6b1c-4ed2-896e-13fd8f3d1045-appraisal-11-wells-12",
      "relation": "drilling",
      "object_id": "6bb8a4f9-6b1c-4ed2-896e-13fd8f3d1045-wells-9"
    },
    {
      "subject_id": "6bb8a4f9-6b1c-4ed2-896e-13fd8f3d1045-wells-9",
      "relation": "is",
      "object_id": "6bb8a4f9-6b1c-4ed2-896e-13fd8f3d1045-exploratory-8"
    },
    {
      "subject_id": "6bb8a4f9-6b1c-4ed2-896e-13fd8f3d1045-Albacora-5-development-9-plans-10",
      "relation": "were considering performances At",
      "object_id": "6bb8a4f9-6b1c-4ed2-896e-13fd8f3d1045-time-3"
    },
    {
      "subject_id": "6bb8a4f9-6b1c-4ed2-896e-13fd8f3d1045-performances-14",
      "relation": "occur due",
      "object_id": "6bb8a4f9-6b1c-4ed2-896e-13fd8f3d1045-learning-21-effects-22"
    },
    {
      "subject_id": "6bb8a4f9-6b1c-4ed2-896e-13fd8f3d1045-learning-21-effects-22",
      "relation": "is",
      "object_id": "6bb8a4f9-6b1c-4ed2-896e-13fd8f3d1045-expected-20"
    },
    {
      "subject_id": "6bb8a4f9-6b1c-4ed2-896e-13fd8f3d1045-performances-14",
      "relation": "is",
      "object_id": "6bb8a4f9-6b1c-4ed2-896e-13fd8f3d1045-improved-13"
    },
    {
      "subject_id": "6bb8a4f9-6b1c-4ed2-896e-13fd8f3d1045-Albacora-5-development-9-plans-10",
      "relation": "were considering",
      "object_id": "6bb8a4f9-6b1c-4ed2-896e-13fd8f3d1045-performances-14"
    },
    {
      "subject_id": "6bb8a4f9-6b1c-4ed2-896e-13fd8f3d1045-simultaneous-5-use-6",
      "relation": "is with",
      "object_id": "6bb8a4f9-6b1c-4ed2-896e-13fd8f3d1045-technical-16-improvements-17"
    },
    {
      "subject_id": "6bb8a4f9-6b1c-4ed2-896e-13fd8f3d1045-technical-16-improvements-17",
      "relation": "of",
      "object_id": "6bb8a4f9-6b1c-4ed2-896e-13fd8f3d1045-well-19-operations-20"
    },
    {
      "subject_id": "6bb8a4f9-6b1c-4ed2-896e-13fd8f3d1045-technical-16-improvements-17",
      "relation": "case",
      "object_id": "6bb8a4f9-6b1c-4ed2-896e-13fd8f3d1045-in-18"
    },
    {
      "subject_id": "6bb8a4f9-6b1c-4ed2-896e-13fd8f3d1045-technical-16-improvements-17",
      "relation": "is in",
      "object_id": "6bb8a4f9-6b1c-4ed2-896e-13fd8f3d1045-well-19-operations-20"
    },
    {
      "subject_id": "6bb8a4f9-6b1c-4ed2-896e-13fd8f3d1045-drilling-2-program-3",
      "relation": "was concluded well ahead",
      "object_id": "6bb8a4f9-6b1c-4ed2-896e-13fd8f3d1045-guidelines-12"
    },
    {
      "subject_id": "6bb8a4f9-6b1c-4ed2-896e-13fd8f3d1045-drilling-2-program-3",
      "relation": "was concluded",
      "object_id": "6bb8a4f9-6b1c-4ed2-896e-13fd8f3d1045-guidelines-12"
    },
    {
      "subject_id": "6bb8a4f9-6b1c-4ed2-896e-13fd8f3d1045-guidelines-12",
      "relation": "is",
      "object_id": "NE-DATE-future"
    },
    {
      "subject_id": "6bb8a4f9-6b1c-4ed2-896e-13fd8f3d1045-guidelines-12",
      "relation": "of",
      "object_id": "6bb8a4f9-6b1c-4ed2-896e-13fd8f3d1045-field-16-exploitation-17"
    },
    {
      "subject_id": "6bb8a4f9-6b1c-4ed2-896e-13fd8f3d1045-guidelines-12",
      "relation": "is",
      "object_id": "6bb8a4f9-6b1c-4ed2-896e-13fd8f3d1045-establishing-11"
    },
    {
      "subject_id": "6bb8a4f9-6b1c-4ed2-896e-13fd8f3d1045-drilling-2-program-3",
      "relation": "was concluded ahead",
      "object_id": "6bb8a4f9-6b1c-4ed2-896e-13fd8f3d1045-guidelines-12"
    },
    {
      "subject_id": "6bb8a4f9-6b1c-4ed2-896e-13fd8f3d1045-guidelines-12",
      "relation": "is",
      "object_id": "6bb8a4f9-6b1c-4ed2-896e-13fd8f3d1045-deepwater-15"
    },
    {
      "subject_id": "6bb8a4f9-6b1c-4ed2-896e-13fd8f3d1045-experience-5",
      "relation": "paper",
      "object_id": "6bb8a4f9-6b1c-4ed2-896e-13fd8f3d1045-development-11-wells-12"
    },
    {
      "subject_id": "6bb8a4f9-6b1c-4ed2-896e-13fd8f3d1045-experience-5",
      "relation": "of",
      "object_id": "NE-ORGANIZATION-Petrobras"
    },
    {
      "subject_id": "6bb8a4f9-6b1c-4ed2-896e-13fd8f3d1045-development-11-wells-12",
      "relation": "is",
      "object_id": "6bb8a4f9-6b1c-4ed2-896e-13fd8f3d1045-drilling-9"
    },
    {
      "subject_id": "6bb8a4f9-6b1c-4ed2-896e-13fd8f3d1045-factors-19",
      "relation": "led to",
      "object_id": "6bb8a4f9-6b1c-4ed2-896e-13fd8f3d1045-update-24"
    },
    {
      "subject_id": "6bb8a4f9-6b1c-4ed2-896e-13fd8f3d1045-update-24",
      "relation": "is",
      "object_id": "6bb8a4f9-6b1c-4ed2-896e-13fd8f3d1045-operational-27"
    },
    {
      "subject_id": "6bb8a4f9-6b1c-4ed2-896e-13fd8f3d1045-development-11-wells-12",
      "relation": "is",
      "object_id": "6bb8a4f9-6b1c-4ed2-896e-13fd8f3d1045-deepwater-10"
    },
    {
      "subject_id": "NE-ORGANIZATION-Petrobras",
      "relation": "has",
      "object_id": "6bb8a4f9-6b1c-4ed2-896e-13fd8f3d1045-update-24"
    },
    {
      "subject_id": "6bb8a4f9-6b1c-4ed2-896e-13fd8f3d1045-update-24",
      "relation": "of",
      "object_id": "6bb8a4f9-6b1c-4ed2-896e-13fd8f3d1045-standards-28"
    },
    {
      "subject_id": "6bb8a4f9-6b1c-4ed2-896e-13fd8f3d1045-paper-2",
      "relation": "describes",
      "object_id": "6bb8a4f9-6b1c-4ed2-896e-13fd8f3d1045-experience-5"
    },
    {
      "subject_id": "6bb8a4f9-6b1c-4ed2-896e-13fd8f3d1045-experience-5",
      "relation": "of",
      "object_id": "6bb8a4f9-6b1c-4ed2-896e-13fd8f3d1045-planning-7"
    },
    {
      "subject_id": "6bb8a4f9-6b1c-4ed2-896e-13fd8f3d1045-m-37",
      "relation": "are",
      "object_id": "6bb8a4f9-6b1c-4ed2-896e-13fd8f3d1045-considered-39"
    },
    {
      "subject_id": "6bb8a4f9-6b1c-4ed2-896e-13fd8f3d1045-ultra-4-deepwater-5-drilling-6-R&D-7-projects-8",
      "relation": "carried out at",
      "object_id": "6bb8a4f9-6b1c-4ed2-896e-13fd8f3d1045-moment-13"
    },
    {
      "subject_id": "6bb8a4f9-6b1c-4ed2-896e-13fd8f3d1045-ultra-4-deepwater-5-drilling-6-R&D-7-projects-8",
      "relation": "keep",
      "object_id": "6bb8a4f9-6b1c-4ed2-896e-13fd8f3d1045-performance-27-records-30"
    },
    {
      "subject_id": "NE-ORGANIZATION-Petrobras",
      "relation": "has",
      "object_id": "6bb8a4f9-6b1c-4ed2-896e-13fd8f3d1045-performance-27-records-30"
    },
    {
      "subject_id": "NE-COUNTRY-Brazil",
      "relation": "is in",
      "object_id": "NE-DATE-the-future"
    },
    {
      "subject_id": "6bb8a4f9-6b1c-4ed2-896e-13fd8f3d1045-m-37",
      "relation": "are considered for",
      "object_id": "6bb8a4f9-6b1c-4ed2-896e-13fd8f3d1045-developments-42"
    },
    {
      "subject_id": "6bb8a4f9-6b1c-4ed2-896e-13fd8f3d1045-developments-42",
      "relation": "is",
      "object_id": "6bb8a4f9-6b1c-4ed2-896e-13fd8f3d1045-oifield-41"
    },
    {
      "subject_id": "6bb8a4f9-6b1c-4ed2-896e-13fd8f3d1045-ultra-4-deepwater-5-drilling-6-R&D-7-projects-8",
      "relation": "Also carried out at",
      "object_id": "6bb8a4f9-6b1c-4ed2-896e-13fd8f3d1045-moment-13"
    },
    {
      "subject_id": "6bb8a4f9-6b1c-4ed2-896e-13fd8f3d1045-performance-27-records-30",
      "relation": "being",
      "object_id": "6bb8a4f9-6b1c-4ed2-896e-13fd8f3d1045-ultra-4-deepwater-5-drilling-6-R&D-7-projects-8"
    }
  ],
  "links": {
    "6bb8a4f9-6b1c-4ed2-896e-13fd8f3d1045-oilfields-3": [],
    "6bb8a4f9-6b1c-4ed2-896e-13fd8f3d1045-had-4-discovered-6": [],
    "6bb8a4f9-6b1c-4ed2-896e-13fd8f3d1045-deepwater-2": [
      "6bb8a4f9-6b1c-4ed2-896e-13fd8f3d1045-deepwater-10"
    ],
    "6bb8a4f9-6b1c-4ed2-896e-13fd8f3d1045-eighties-16": [],
    "6bb8a4f9-6b1c-4ed2-896e-13fd8f3d1045-Giant-1": [],
    "NE-LOCATION-Basin": [],
    "NE-CITY-Campos": [],
    "6bb8a4f9-6b1c-4ed2-896e-13fd8f3d1045-appraisal-11-wells-12": [],
    "6bb8a4f9-6b1c-4ed2-896e-13fd8f3d1045-water-23-data-25": [],
    "6bb8a4f9-6b1c-4ed2-896e-13fd8f3d1045-shallow-22": [],
    "6bb8a4f9-6b1c-4ed2-896e-13fd8f3d1045-previous-24": [],
    "6bb8a4f9-6b1c-4ed2-896e-13fd8f3d1045-wells-9": [],
    "6bb8a4f9-6b1c-4ed2-896e-13fd8f3d1045-exploratory-8": [],
    "6bb8a4f9-6b1c-4ed2-896e-13fd8f3d1045-Albacora-5-development-9-plans-10": [],
    "6bb8a4f9-6b1c-4ed2-896e-13fd8f3d1045-time-3": [],
    "6bb8a4f9-6b1c-4ed2-896e-13fd8f3d1045-performances-14": [],
    "6bb8a4f9-6b1c-4ed2-896e-13fd8f3d1045-learning-21-effects-22": [],
    "6bb8a4f9-6b1c-4ed2-896e-13fd8f3d1045-expected-20": [],
    "6bb8a4f9-6b1c-4ed2-896e-13fd8f3d1045-improved-13": [],
    "6bb8a4f9-6b1c-4ed2-896e-13fd8f3d1045-simultaneous-5-use-6": [],
    "6bb8a4f9-6b1c-4ed2-896e-13fd8f3d1045-technical-16-improvements-17": [],
    "6bb8a4f9-6b1c-4ed2-896e-13fd8f3d1045-well-19-operations-20": [],
    "6bb8a4f9-6b1c-4ed2-896e-13fd8f3d1045-in-18": [],
    "6bb8a4f9-6b1c-4ed2-896e-13fd8f3d1045-drilling-2-program-3": [],
    "6bb8a4f9-6b1c-4ed2-896e-13fd8f3d1045-guidelines-12": [],
    "NE-DATE-future": [],
    "6bb8a4f9-6b1c-4ed2-896e-13fd8f3d1045-field-16-exploitation-17": [],
    "6bb8a4f9-6b1c-4ed2-896e-13fd8f3d1045-establishing-11": [],
    "6bb8a4f9-6b1c-4ed2-896e-13fd8f3d1045-deepwater-15": [],
    "6bb8a4f9-6b1c-4ed2-896e-13fd8f3d1045-experience-5": [],
    "6bb8a4f9-6b1c-4ed2-896e-13fd8f3d1045-development-11-wells-12": [],
    "NE-ORGANIZATION-Petrobras": [],
    "6bb8a4f9-6b1c-4ed2-896e-13fd8f3d1045-drilling-9": [],
    "6bb8a4f9-6b1c-4ed2-896e-13fd8f3d1045-factors-19": [],
    "6bb8a4f9-6b1c-4ed2-896e-13fd8f3d1045-update-24": [],
    "6bb8a4f9-6b1c-4ed2-896e-13fd8f3d1045-operational-27": [],
    "6bb8a4f9-6b1c-4ed2-896e-13fd8f3d1045-deepwater-10": [
      "6bb8a4f9-6b1c-4ed2-896e-13fd8f3d1045-deepwater-2"
    ],
    "6bb8a4f9-6b1c-4ed2-896e-13fd8f3d1045-standards-28": [],
    "6bb8a4f9-6b1c-4ed2-896e-13fd8f3d1045-paper-2": [],
    "6bb8a4f9-6b1c-4ed2-896e-13fd8f3d1045-planning-7": [],
    "6bb8a4f9-6b1c-4ed2-896e-13fd8f3d1045-m-37": [],
    "6bb8a4f9-6b1c-4ed2-896e-13fd8f3d1045-considered-39": [],
    "6bb8a4f9-6b1c-4ed2-896e-13fd8f3d1045-ultra-4-deepwater-5-drilling-6-R&D-7-projects-8": [],
    "6bb8a4f9-6b1c-4ed2-896e-13fd8f3d1045-moment-13": [],
    "6bb8a4f9-6b1c-4ed2-896e-13fd8f3d1045-performance-27-records-30": [],
    "NE-COUNTRY-Brazil": [],
    "NE-DATE-the-future": [],
    "6bb8a4f9-6b1c-4ed2-896e-13fd8f3d1045-developments-42": [],
    "6bb8a4f9-6b1c-4ed2-896e-13fd8f3d1045-oifield-41": []
  }
}