{
  "document": "D:/Projetos/PIRA_KG/documents/onu_84947757002.txt",
  "entities": {
    "e4f3700a-2016-4bba-b2a4-c67750ed33d4-floating-8-production-9-units-10": "floating production units",
    "e4f3700a-2016-4bba-b2a4-c67750ed33d4-total-18-weight-19": "total weight",
    "e4f3700a-2016-4bba-b2a4-c67750ed33d4-paper-28": "paper",
    "e4f3700a-2016-4bba-b2a4-c67750ed33d4-influence-33": "influence",
    "e4f3700a-2016-4bba-b2a4-c67750ed33d4-systems-38": "systems",
    "e4f3700a-2016-4bba-b2a4-c67750ed33d4-uncertain-12-weight-13-items-14": "uncertain weight items",
    "e4f3700a-2016-4bba-b2a4-c67750ed33d4-loading-16-conditions-17": "loading conditions",
    "e4f3700a-2016-4bba-b2a4-c67750ed33d4-Analyses-1": "Analyses",
    "e4f3700a-2016-4bba-b2a4-c67750ed33d4-semi-submersibles-5": "semi-submersibles",
    "e4f3700a-2016-4bba-b2a4-c67750ed33d4-performed-3": "performed",
    "e4f3700a-2016-4bba-b2a4-c67750ed33d4-trim-19-change-22": "trim change",
    "e4f3700a-2016-4bba-b2a4-c67750ed33d4-conditions-32": "conditions",
    "e4f3700a-2016-4bba-b2a4-c67750ed33d4-environmental-31": "environmental",
    "e4f3700a-2016-4bba-b2a4-c67750ed33d4-effect-2": "effect",
    "e4f3700a-2016-4bba-b2a4-c67750ed33d4-case-18-studies-19": "case studies",
    "e4f3700a-2016-4bba-b2a4-c67750ed33d4-lines-2-properties-3": "lines properties",
    "e4f3700a-2016-4bba-b2a4-c67750ed33d4-have-16-taken-18": "have taken",
    "e4f3700a-2016-4bba-b2a4-c67750ed33d4-Actual-1": "Actual",
    "e4f3700a-2016-4bba-b2a4-c67750ed33d4-reference-20": "reference",
    "e4f3700a-2016-4bba-b2a4-c67750ed33d4-mooring-5-lines-6": "mooring lines",
    "e4f3700a-2016-4bba-b2a4-c67750ed33d4-will-10-calculated-12": "will calculated",
    "e4f3700a-2016-4bba-b2a4-c67750ed33d4-different-14": "different",
    "e4f3700a-2016-4bba-b2a4-c67750ed33d4-risers-8-loads-9": "risers loads",
    "e4f3700a-2016-4bba-b2a4-c67750ed33d4-their-31-influence-32": "their influence",
    "e4f3700a-2016-4bba-b2a4-c67750ed33d4-production-18-units-19": "production units",
    "e4f3700a-2016-4bba-b2a4-c67750ed33d4-floating-17": "floating",
    "e4f3700a-2016-4bba-b2a4-c67750ed33d4-types-15": "types"
  },
  "graph": [
    {
      "subject_id": "e4f3700a-2016-4bba-b2a4-c67750ed33d4-floating-8-production-9-units-10",
      "relation": "sum of",
      "object_id": "e4f3700a-2016-4bba-b2a4-c67750ed33d4-total-18-weight-19"
    },
    {
      "subject_id": "e4f3700a-2016-4bba-b2a4-c67750ed33d4-paper-28",
      "relation": "assess",
      "object_id": "e4f3700a-2016-4bba-b2a4-c67750ed33d4-influence-33"
    },
    {
      "subject_id": "e4f3700a-2016-4bba-b2a4-c67750ed33d4-influence-33",
      "relation": "of",
      "object_id": "e4f3700a-2016-4bba-b2a4-c67750ed33d4-systems-38"
    },
    {
      "subject_id": "e4f3700a-2016-4bba-b2a4-c67750ed33d4-uncertain-12-weight-13-items-14",
      "relation": "is in",
      "object_id": "e4f3700a-2016-4bba-b2a4-c67750ed33d4-loading-16-conditions-17"
    },
    {
      "subject_id": "e4f3700a-2016-4bba-b2a4-c67750ed33d4-Analyses-1",
      "relation": "were performed for",
      "object_id": "e4f3700a-2016-4bba-b2a4-c67750ed33d4-semi-submersibles-5"
    },
    {
      "subject_id": "e4f3700a-2016-4bba-b2a4-c67750ed33d4-Analyses-1",
      "relation": "were",
      "object_id": "e4f3700a-2016-4bba-b2a4-c67750ed33d4-performed-3"
    },
    {
      "subject_id": "e4f3700a-2016-4bba-b2a4-c67750ed33d4-trim-19-change-22",
      "relation": "caused by",
      "object_id": "e4f3700a-2016-4bba-b2a4-c67750ed33d4-conditions-32"
    },
    {
      "subject_id": "e4f3700a-2016-4bba-b2a4-c67750ed33d4-conditions-32",
      "relation": "is",
      "object_id": "e4f3700a-2016-4bba-b2a4-c67750ed33d4-environmental-31"
    },
    {
      "subject_id": "e4f3700a-2016-4bba-b2a4-c67750ed33d4-trim-19-change-22",
      "relation": "hence caused by",
      "object_id": "e4f3700a-2016-4bba-b2a4-c67750ed33d4-conditions-32"
    },
    {
      "subject_id": "e4f3700a-2016-4bba-b2a4-c67750ed33d4-effect-2",
      "relation": "is also discussed by",
      "object_id": "e4f3700a-2016-4bba-b2a4-c67750ed33d4-case-18-studies-19"
    },
    {
      "subject_id": "e4f3700a-2016-4bba-b2a4-c67750ed33d4-effect-2",
      "relation": "is discussed by",
      "object_id": "e4f3700a-2016-4bba-b2a4-c67750ed33d4-case-18-studies-19"
    },
    {
      "subject_id": "e4f3700a-2016-4bba-b2a4-c67750ed33d4-lines-2-properties-3",
      "relation": "have",
      "object_id": "e4f3700a-2016-4bba-b2a4-c67750ed33d4-have-16-taken-18"
    },
    {
      "subject_id": "e4f3700a-2016-4bba-b2a4-c67750ed33d4-lines-2-properties-3",
      "relation": "is",
      "object_id": "e4f3700a-2016-4bba-b2a4-c67750ed33d4-Actual-1"
    },
    {
      "subject_id": "e4f3700a-2016-4bba-b2a4-c67750ed33d4-have-16-taken-18",
      "relation": "at",
      "object_id": "e4f3700a-2016-4bba-b2a4-c67750ed33d4-reference-20"
    },
    {
      "subject_id": "e4f3700a-2016-4bba-b2a4-c67750ed33d4-mooring-5-lines-6",
      "relation": "will",
      "object_id": "e4f3700a-2016-4bba-b2a4-c67750ed33d4-will-10-calculated-12"
    },
    {
      "subject_id": "e4f3700a-2016-4bba-b2a4-c67750ed33d4-will-10-calculated-12",
      "relation": "is",
      "object_id": "e4f3700a-2016-4bba-b2a4-c67750ed33d4-different-14"
    },
    {
      "subject_id": "e4f3700a-2016-4bba-b2a4-c67750ed33d4-risers-8-loads-9",
      "relation": "evaluate",
      "object_id": "e4f3700a-2016-4bba-b2a4-c67750ed33d4-their-31-influence-32"
    },
    {
      "subject_id": "e4f3700a-2016-4bba-b2a4-c67750ed33d4-will-10-calculated-12",
      "relation": "of",
      "object_id": "e4f3700a-2016-4bba-b2a4-c67750ed33d4-production-18-units-19"
    },
    {
      "subject_id": "e4f3700a-2016-4bba-b2a4-c67750ed33d4-will-10-calculated-12",
      "relation": "is",
      "object_id": "e4f3700a-2016-4bba-b2a4-c67750ed33d4-floating-17"
    },
    {
      "subject_id": "e4f3700a-2016-4bba-b2a4-c67750ed33d4-will-10-calculated-12",
      "relation": "at",
      "object_id": "e4f3700a-2016-4bba-b2a4-c67750ed33d4-types-15"
    }
  ],
  "links": {
    "e4f3700a-2016-4bba-b2a4-c67750ed33d4-floating-8-production-9-units-10": [],
    "e4f3700a-2016-4bba-b2a4-c67750ed33d4-total-18-weight-19": [],
    "e4f3700a-2016-4bba-b2a4-c67750ed33d4-paper-28": [],
    "e4f3700a-2016-4bba-b2a4-c67750ed33d4-influence-33": [],
    "e4f3700a-2016-4bba-b2a4-c67750ed33d4-systems-38": [],
    "e4f3700a-2016-4bba-b2a4-c67750ed33d4-uncertain-12-weight-13-items-14": [],
    "e4f3700a-2016-4bba-b2a4-c67750ed33d4-loading-16-conditions-17": [],
    "e4f3700a-2016-4bba-b2a4-c67750ed33d4-Analyses-1": [],
    "e4f3700a-2016-4bba-b2a4-c67750ed33d4-semi-submersibles-5": [],
    "e4f3700a-2016-4bba-b2a4-c67750ed33d4-performed-3": [],
    "e4f3700a-2016-4bba-b2a4-c67750ed33d4-trim-19-change-22": [],
    "e4f3700a-2016-4bba-b2a4-c67750ed33d4-conditions-32": [],
    "e4f3700a-2016-4bba-b2a4-c67750ed33d4-environmental-31": [],
    "e4f3700a-2016-4bba-b2a4-c67750ed33d4-effect-2": [],
    "e4f3700a-2016-4bba-b2a4-c67750ed33d4-case-18-studies-19": [],
    "e4f3700a-2016-4bba-b2a4-c67750ed33d4-lines-2-properties-3": [],
    "e4f3700a-2016-4bba-b2a4-c67750ed33d4-have-16-taken-18": [],
    "e4f3700a-2016-4bba-b2a4-c67750ed33d4-Actual-1": [],
    "e4f3700a-2016-4bba-b2a4-c67750ed33d4-reference-20": [],
    "e4f3700a-2016-4bba-b2a4-c67750ed33d4-mooring-5-lines-6": [],
    "e4f3700a-2016-4bba-b2a4-c67750ed33d4-will-10-calculated-12": [],
    "e4f3700a-2016-4bba-b2a4-c67750ed33d4-different-14": [],
    "e4f3700a-2016-4bba-b2a4-c67750ed33d4-risers-8-loads-9": [],
    "e4f3700a-2016-4bba-b2a4-c67750ed33d4-their-31-influence-32": [],
    "e4f3700a-2016-4bba-b2a4-c67750ed33d4-production-18-units-19": [],
    "e4f3700a-2016-4bba-b2a4-c67750ed33d4-floating-17": [],
    "e4f3700a-2016-4bba-b2a4-c67750ed33d4-types-15": []
  }
}