{
  "document": "D:/Projetos/PIRA_KG/documents/onu_85057560805.txt",
  "entities": {
    "bb2572d0-017a-4510-9d70-32e7ab55c722-work-2": "work",
    "bb2572d0-017a-4510-9d70-32e7ab55c722-datasets-9": "datasets",
    "NE-MISC-Continental-Margin": "Continental Margin",
    "bb2572d0-017a-4510-9d70-32e7ab55c722-geological-6": "geological",
    "bb2572d0-017a-4510-9d70-32e7ab55c722-potential-11-field-12-data-13": "potential field data",
    "bb2572d0-017a-4510-9d70-32e7ab55c722-lines-17": "lines",
    "bb2572d0-017a-4510-9d70-32e7ab55c722-available-19": "available",
    "bb2572d0-017a-4510-9d70-32e7ab55c722-seismic-16": "seismic",
    "bb2572d0-017a-4510-9d70-32e7ab55c722-regional-5": "regional",
    "NE-LOCATION-Island": "Island",
    "NE-CITY-Trindade": "Trindade",
    "bb2572d0-017a-4510-9d70-32e7ab55c722-data-3": "data",
    "bb2572d0-017a-4510-9d70-32e7ab55c722-New-1": "New",
    "bb2572d0-017a-4510-9d70-32e7ab55c722-stratigraphic-21-column-22": "stratigraphic column",
    "bb2572d0-017a-4510-9d70-32e7ab55c722-radiometric-24-control-25-for-26-volcanic-28-sequences-29": "radiometric control for volcanic sequences",
    "bb2572d0-017a-4510-9d70-32e7ab55c722-magnetic-2": "magnetic",
    "bb2572d0-017a-4510-9d70-32e7ab55c722-profiles-12": "profiles",
    "bb2572d0-017a-4510-9d70-32e7ab55c722-crust-21": "crust",
    "bb2572d0-017a-4510-9d70-32e7ab55c722-seismic-11": "seismic",
    "bb2572d0-017a-4510-9d70-32e7ab55c722-geomorphology-25": "geomorphology",
    "NE-ORGANIZATION-Abrolhos-Volcanic-Complex": "Abrolhos Volcanic Complex",
    "bb2572d0-017a-4510-9d70-32e7ab55c722-oceanic-20": "oceanic",
    "bb2572d0-017a-4510-9d70-32e7ab55c722-platform-17": "platform",
    "bb2572d0-017a-4510-9d70-32e7ab55c722-regional-10": "regional",
    "bb2572d0-017a-4510-9d70-32e7ab55c722-gravity-2": "gravity",
    "bb2572d0-017a-4510-9d70-32e7ab55c722-integrated-8": "integrated",
    "bb2572d0-017a-4510-9d70-32e7ab55c722-continental-16": "continental",
    "NE-ORGANIZATION-AVC": "AVC",
    "bb2572d0-017a-4510-9d70-32e7ab55c722-mapping-4": "mapping",
    "bb2572d0-017a-4510-9d70-32e7ab55c722-profiles-13": "profiles",
    "bb2572d0-017a-4510-9d70-32e7ab55c722-detailed-2": "detailed",
    "bb2572d0-017a-4510-9d70-32e7ab55c722-geological-3": "geological",
    "bb2572d0-017a-4510-9d70-32e7ab55c722-acquired-14": "acquired",
    "bb2572d0-017a-4510-9d70-32e7ab55c722-island-17": "island",
    "bb2572d0-017a-4510-9d70-32e7ab55c722-magnetometric-12": "magnetometric",
    "bb2572d0-017a-4510-9d70-32e7ab55c722-episodes-3": "episodes",
    "bb2572d0-017a-4510-9d70-32e7ab55c722-magmatic-2": "magmatic",
    "bb2572d0-017a-4510-9d70-32e7ab55c722-sequences-14": "sequences",
    "bb2572d0-017a-4510-9d70-32e7ab55c722-different-10": "different",
    "bb2572d0-017a-4510-9d70-32e7ab55c722-volcano-11-stratigraphic-13": "volcano stratigraphic",
    "bb2572d0-017a-4510-9d70-32e7ab55c722-hotspots-15-fracture-18-zones-19": "hotspots fracture zones",
    "bb2572d0-017a-4510-9d70-32e7ab55c722-emplacement-4": "emplacement",
    "bb2572d0-017a-4510-9d70-32e7ab55c722-Models-1": "Models",
    "bb2572d0-017a-4510-9d70-32e7ab55c722-older-11": "older",
    "bb2572d0-017a-4510-9d70-32e7ab55c722-oceanic-12": "oceanic",
    "bb2572d0-017a-4510-9d70-32e7ab55c722-volcanic-7": "volcanic",
    "bb2572d0-017a-4510-9d70-32e7ab55c722-rocks-8": "rocks",
    "bb2572d0-017a-4510-9d70-32e7ab55c722-crust-13": "crust",
    "bb2572d0-017a-4510-9d70-32e7ab55c722-much-10": "much",
    "bb2572d0-017a-4510-9d70-32e7ab55c722-abrasion-22": "abrasion",
    "bb2572d0-017a-4510-9d70-32e7ab55c722-observed-7": "observed",
    "bb2572d0-017a-4510-9d70-32e7ab55c722-Vitória-16-Trindade-18-chain-20": "Vitória Trindade chain",
    "bb2572d0-017a-4510-9d70-32e7ab55c722-banks-11": "banks",
    "bb2572d0-017a-4510-9d70-32e7ab55c722-volcanic-10": "volcanic",
    "bb2572d0-017a-4510-9d70-32e7ab55c722-isolated-32-islands-33": "isolated islands",
    "NE-LOCATION-Trindade-Martin-Vaz-Archipelago": "Trindade - Martin Vaz Archipelago",
    "bb2572d0-017a-4510-9d70-32e7ab55c722-volcanic-19": "volcanic",
    "bb2572d0-017a-4510-9d70-32e7ab55c722-surveys-6": "surveys",
    "bb2572d0-017a-4510-9d70-32e7ab55c722-rock-9-properties-10": "rock properties",
    "bb2572d0-017a-4510-9d70-32e7ab55c722-episodes-14": "episodes",
    "bb2572d0-017a-4510-9d70-32e7ab55c722-mapping-2": "mapping",
    "bb2572d0-017a-4510-9d70-32e7ab55c722-Geological-1": "Geological",
    "bb2572d0-017a-4510-9d70-32e7ab55c722-different-8": "different",
    "bb2572d0-017a-4510-9d70-32e7ab55c722-magnetometric-5": "magnetometric",
    "bb2572d0-017a-4510-9d70-32e7ab55c722-detailed-4": "detailed",
    "bb2572d0-017a-4510-9d70-32e7ab55c722-remarkable-2-pattern-3": "remarkable pattern",
    "bb2572d0-017a-4510-9d70-32e7ab55c722-chain-32": "chain",
    "bb2572d0-017a-4510-9d70-32e7ab55c722-mantle-43-anomalies-44": "mantle anomalies",
    "bb2572d0-017a-4510-9d70-32e7ab55c722-linear-31": "linear",
    "bb2572d0-017a-4510-9d70-32e7ab55c722-hotspot-48": "hotspot",
    "bb2572d0-017a-4510-9d70-32e7ab55c722-associated-41": "associated",
    "bb2572d0-017a-4510-9d70-32e7ab55c722-magnetic-5-anomalies-6": "magnetic anomalies",
    "bb2572d0-017a-4510-9d70-32e7ab55c722-eastwards-23": "eastwards",
    "NE-ORGANIZATION-VTC": "VTC",
    "bb2572d0-017a-4510-9d70-32e7ab55c722-caused-45": "caused"
  },
  "graph": [
    {
      "subject_id": "bb2572d0-017a-4510-9d70-32e7ab55c722-work-2",
      "relation": "discusses",
      "object_id": "bb2572d0-017a-4510-9d70-32e7ab55c722-datasets-9"
    },
    {
      "subject_id": "bb2572d0-017a-4510-9d70-32e7ab55c722-datasets-9",
      "relation": "at",
      "object_id": "NE-MISC-Continental-Margin"
    },
    {
      "subject_id": "bb2572d0-017a-4510-9d70-32e7ab55c722-datasets-9",
      "relation": "is",
      "object_id": "bb2572d0-017a-4510-9d70-32e7ab55c722-geological-6"
    },
    {
      "subject_id": "bb2572d0-017a-4510-9d70-32e7ab55c722-potential-11-field-12-data-13",
      "relation": "coupled with",
      "object_id": "bb2572d0-017a-4510-9d70-32e7ab55c722-lines-17"
    },
    {
      "subject_id": "bb2572d0-017a-4510-9d70-32e7ab55c722-datasets-9",
      "relation": "is",
      "object_id": "bb2572d0-017a-4510-9d70-32e7ab55c722-available-19"
    },
    {
      "subject_id": "bb2572d0-017a-4510-9d70-32e7ab55c722-lines-17",
      "relation": "is",
      "object_id": "bb2572d0-017a-4510-9d70-32e7ab55c722-seismic-16"
    },
    {
      "subject_id": "bb2572d0-017a-4510-9d70-32e7ab55c722-datasets-9",
      "relation": "is",
      "object_id": "bb2572d0-017a-4510-9d70-32e7ab55c722-regional-5"
    },
    {
      "subject_id": "NE-LOCATION-Island",
      "relation": "is in",
      "object_id": "NE-CITY-Trindade"
    },
    {
      "subject_id": "bb2572d0-017a-4510-9d70-32e7ab55c722-data-3",
      "relation": "acquired in",
      "object_id": "NE-LOCATION-Island"
    },
    {
      "subject_id": "bb2572d0-017a-4510-9d70-32e7ab55c722-data-3",
      "relation": "is",
      "object_id": "bb2572d0-017a-4510-9d70-32e7ab55c722-New-1"
    },
    {
      "subject_id": "NE-LOCATION-Island",
      "relation": "of",
      "object_id": "NE-CITY-Trindade"
    },
    {
      "subject_id": "bb2572d0-017a-4510-9d70-32e7ab55c722-stratigraphic-21-column-22",
      "relation": "is with",
      "object_id": "bb2572d0-017a-4510-9d70-32e7ab55c722-radiometric-24-control-25-for-26-volcanic-28-sequences-29"
    },
    {
      "subject_id": "bb2572d0-017a-4510-9d70-32e7ab55c722-data-3",
      "relation": "is",
      "object_id": "bb2572d0-017a-4510-9d70-32e7ab55c722-magnetic-2"
    },
    {
      "subject_id": "bb2572d0-017a-4510-9d70-32e7ab55c722-profiles-12",
      "relation": "extending towards",
      "object_id": "bb2572d0-017a-4510-9d70-32e7ab55c722-crust-21"
    },
    {
      "subject_id": "bb2572d0-017a-4510-9d70-32e7ab55c722-profiles-12",
      "relation": "is",
      "object_id": "bb2572d0-017a-4510-9d70-32e7ab55c722-seismic-11"
    },
    {
      "subject_id": "bb2572d0-017a-4510-9d70-32e7ab55c722-profiles-12",
      "relation": "showing",
      "object_id": "bb2572d0-017a-4510-9d70-32e7ab55c722-geomorphology-25"
    },
    {
      "subject_id": "bb2572d0-017a-4510-9d70-32e7ab55c722-geomorphology-25",
      "relation": "of",
      "object_id": "NE-ORGANIZATION-Abrolhos-Volcanic-Complex"
    },
    {
      "subject_id": "bb2572d0-017a-4510-9d70-32e7ab55c722-crust-21",
      "relation": "is",
      "object_id": "bb2572d0-017a-4510-9d70-32e7ab55c722-oceanic-20"
    },
    {
      "subject_id": "bb2572d0-017a-4510-9d70-32e7ab55c722-profiles-12",
      "relation": "extending from",
      "object_id": "bb2572d0-017a-4510-9d70-32e7ab55c722-platform-17"
    },
    {
      "subject_id": "bb2572d0-017a-4510-9d70-32e7ab55c722-profiles-12",
      "relation": "is",
      "object_id": "bb2572d0-017a-4510-9d70-32e7ab55c722-regional-10"
    },
    {
      "subject_id": "bb2572d0-017a-4510-9d70-32e7ab55c722-gravity-2",
      "relation": "were",
      "object_id": "bb2572d0-017a-4510-9d70-32e7ab55c722-integrated-8"
    },
    {
      "subject_id": "bb2572d0-017a-4510-9d70-32e7ab55c722-platform-17",
      "relation": "is",
      "object_id": "bb2572d0-017a-4510-9d70-32e7ab55c722-continental-16"
    },
    {
      "subject_id": "NE-ORGANIZATION-Abrolhos-Volcanic-Complex",
      "relation": "is",
      "object_id": "NE-ORGANIZATION-AVC"
    },
    {
      "subject_id": "NE-LOCATION-Island",
      "relation": "is of",
      "object_id": "NE-CITY-Trindade"
    },
    {
      "subject_id": "bb2572d0-017a-4510-9d70-32e7ab55c722-mapping-4",
      "relation": "was complemented by",
      "object_id": "bb2572d0-017a-4510-9d70-32e7ab55c722-profiles-13"
    },
    {
      "subject_id": "bb2572d0-017a-4510-9d70-32e7ab55c722-mapping-4",
      "relation": "is",
      "object_id": "bb2572d0-017a-4510-9d70-32e7ab55c722-detailed-2"
    },
    {
      "subject_id": "bb2572d0-017a-4510-9d70-32e7ab55c722-mapping-4",
      "relation": "is",
      "object_id": "bb2572d0-017a-4510-9d70-32e7ab55c722-geological-3"
    },
    {
      "subject_id": "bb2572d0-017a-4510-9d70-32e7ab55c722-profiles-13",
      "relation": "is",
      "object_id": "bb2572d0-017a-4510-9d70-32e7ab55c722-acquired-14"
    },
    {
      "subject_id": "bb2572d0-017a-4510-9d70-32e7ab55c722-profiles-13",
      "relation": "at",
      "object_id": "bb2572d0-017a-4510-9d70-32e7ab55c722-island-17"
    },
    {
      "subject_id": "bb2572d0-017a-4510-9d70-32e7ab55c722-profiles-13",
      "relation": "is",
      "object_id": "bb2572d0-017a-4510-9d70-32e7ab55c722-magnetometric-12"
    },
    {
      "subject_id": "bb2572d0-017a-4510-9d70-32e7ab55c722-episodes-3",
      "relation": "identified in",
      "object_id": "NE-LOCATION-Island"
    },
    {
      "subject_id": "bb2572d0-017a-4510-9d70-32e7ab55c722-episodes-3",
      "relation": "is",
      "object_id": "bb2572d0-017a-4510-9d70-32e7ab55c722-magmatic-2"
    },
    {
      "subject_id": "bb2572d0-017a-4510-9d70-32e7ab55c722-episodes-3",
      "relation": "identified within",
      "object_id": "bb2572d0-017a-4510-9d70-32e7ab55c722-sequences-14"
    },
    {
      "subject_id": "bb2572d0-017a-4510-9d70-32e7ab55c722-sequences-14",
      "relation": "is",
      "object_id": "bb2572d0-017a-4510-9d70-32e7ab55c722-different-10"
    },
    {
      "subject_id": "bb2572d0-017a-4510-9d70-32e7ab55c722-sequences-14",
      "relation": "is",
      "object_id": "bb2572d0-017a-4510-9d70-32e7ab55c722-volcano-11-stratigraphic-13"
    },
    {
      "subject_id": "bb2572d0-017a-4510-9d70-32e7ab55c722-hotspots-15-fracture-18-zones-19",
      "relation": "Models for",
      "object_id": "bb2572d0-017a-4510-9d70-32e7ab55c722-emplacement-4"
    },
    {
      "subject_id": "bb2572d0-017a-4510-9d70-32e7ab55c722-Models-1",
      "relation": "include",
      "object_id": "bb2572d0-017a-4510-9d70-32e7ab55c722-hotspots-15-fracture-18-zones-19"
    },
    {
      "subject_id": "bb2572d0-017a-4510-9d70-32e7ab55c722-emplacement-4",
      "relation": "is",
      "object_id": "bb2572d0-017a-4510-9d70-32e7ab55c722-older-11"
    },
    {
      "subject_id": "bb2572d0-017a-4510-9d70-32e7ab55c722-emplacement-4",
      "relation": "is",
      "object_id": "bb2572d0-017a-4510-9d70-32e7ab55c722-oceanic-12"
    },
    {
      "subject_id": "bb2572d0-017a-4510-9d70-32e7ab55c722-emplacement-4",
      "relation": "is",
      "object_id": "bb2572d0-017a-4510-9d70-32e7ab55c722-volcanic-7"
    },
    {
      "subject_id": "bb2572d0-017a-4510-9d70-32e7ab55c722-emplacement-4",
      "relation": "of",
      "object_id": "bb2572d0-017a-4510-9d70-32e7ab55c722-rocks-8"
    },
    {
      "subject_id": "bb2572d0-017a-4510-9d70-32e7ab55c722-emplacement-4",
      "relation": "of",
      "object_id": "bb2572d0-017a-4510-9d70-32e7ab55c722-crust-13"
    },
    {
      "subject_id": "bb2572d0-017a-4510-9d70-32e7ab55c722-emplacement-4",
      "relation": "is",
      "object_id": "bb2572d0-017a-4510-9d70-32e7ab55c722-much-10"
    },
    {
      "subject_id": "bb2572d0-017a-4510-9d70-32e7ab55c722-abrasion-22",
      "relation": "presence as",
      "object_id": "bb2572d0-017a-4510-9d70-32e7ab55c722-observed-7"
    },
    {
      "subject_id": "bb2572d0-017a-4510-9d70-32e7ab55c722-observed-7",
      "relation": "of",
      "object_id": "bb2572d0-017a-4510-9d70-32e7ab55c722-Vitória-16-Trindade-18-chain-20"
    },
    {
      "subject_id": "bb2572d0-017a-4510-9d70-32e7ab55c722-observed-7",
      "relation": "at",
      "object_id": "bb2572d0-017a-4510-9d70-32e7ab55c722-banks-11"
    },
    {
      "subject_id": "bb2572d0-017a-4510-9d70-32e7ab55c722-observed-7",
      "relation": "is",
      "object_id": "bb2572d0-017a-4510-9d70-32e7ab55c722-volcanic-10"
    },
    {
      "subject_id": "bb2572d0-017a-4510-9d70-32e7ab55c722-isolated-32-islands-33",
      "relation": "is in",
      "object_id": "NE-LOCATION-Trindade-Martin-Vaz-Archipelago"
    },
    {
      "subject_id": "bb2572d0-017a-4510-9d70-32e7ab55c722-observed-7",
      "relation": "is",
      "object_id": "bb2572d0-017a-4510-9d70-32e7ab55c722-volcanic-19"
    },
    {
      "subject_id": "bb2572d0-017a-4510-9d70-32e7ab55c722-surveys-6",
      "relation": "suggest",
      "object_id": "bb2572d0-017a-4510-9d70-32e7ab55c722-rock-9-properties-10"
    },
    {
      "subject_id": "bb2572d0-017a-4510-9d70-32e7ab55c722-rock-9-properties-10",
      "relation": "of",
      "object_id": "bb2572d0-017a-4510-9d70-32e7ab55c722-episodes-14"
    },
    {
      "subject_id": "bb2572d0-017a-4510-9d70-32e7ab55c722-mapping-2",
      "relation": "suggest",
      "object_id": "bb2572d0-017a-4510-9d70-32e7ab55c722-rock-9-properties-10"
    },
    {
      "subject_id": "bb2572d0-017a-4510-9d70-32e7ab55c722-mapping-2",
      "relation": "is",
      "object_id": "bb2572d0-017a-4510-9d70-32e7ab55c722-Geological-1"
    },
    {
      "subject_id": "bb2572d0-017a-4510-9d70-32e7ab55c722-rock-9-properties-10",
      "relation": "is",
      "object_id": "bb2572d0-017a-4510-9d70-32e7ab55c722-different-8"
    },
    {
      "subject_id": "bb2572d0-017a-4510-9d70-32e7ab55c722-surveys-6",
      "relation": "is",
      "object_id": "bb2572d0-017a-4510-9d70-32e7ab55c722-magnetometric-5"
    },
    {
      "subject_id": "bb2572d0-017a-4510-9d70-32e7ab55c722-surveys-6",
      "relation": "is",
      "object_id": "bb2572d0-017a-4510-9d70-32e7ab55c722-detailed-4"
    },
    {
      "subject_id": "NE-LOCATION-Island",
      "relation": "is",
      "object_id": "NE-CITY-Trindade"
    },
    {
      "subject_id": "bb2572d0-017a-4510-9d70-32e7ab55c722-remarkable-2-pattern-3",
      "relation": "eastwards of",
      "object_id": "NE-ORGANIZATION-AVC"
    },
    {
      "subject_id": "bb2572d0-017a-4510-9d70-32e7ab55c722-chain-32",
      "relation": "be associated with",
      "object_id": "bb2572d0-017a-4510-9d70-32e7ab55c722-mantle-43-anomalies-44"
    },
    {
      "subject_id": "bb2572d0-017a-4510-9d70-32e7ab55c722-chain-32",
      "relation": "is",
      "object_id": "bb2572d0-017a-4510-9d70-32e7ab55c722-linear-31"
    },
    {
      "subject_id": "bb2572d0-017a-4510-9d70-32e7ab55c722-mantle-43-anomalies-44",
      "relation": "at",
      "object_id": "bb2572d0-017a-4510-9d70-32e7ab55c722-hotspot-48"
    },
    {
      "subject_id": "bb2572d0-017a-4510-9d70-32e7ab55c722-chain-32",
      "relation": "be",
      "object_id": "bb2572d0-017a-4510-9d70-32e7ab55c722-associated-41"
    },
    {
      "subject_id": "bb2572d0-017a-4510-9d70-32e7ab55c722-magnetic-5-anomalies-6",
      "relation": "of pattern is",
      "object_id": "bb2572d0-017a-4510-9d70-32e7ab55c722-eastwards-23"
    },
    {
      "subject_id": "bb2572d0-017a-4510-9d70-32e7ab55c722-chain-32",
      "relation": "is in",
      "object_id": "NE-ORGANIZATION-VTC"
    },
    {
      "subject_id": "bb2572d0-017a-4510-9d70-32e7ab55c722-mantle-43-anomalies-44",
      "relation": "is",
      "object_id": "bb2572d0-017a-4510-9d70-32e7ab55c722-caused-45"
    }
  ],
  "links": {
    "bb2572d0-017a-4510-9d70-32e7ab55c722-work-2": [],
    "bb2572d0-017a-4510-9d70-32e7ab55c722-datasets-9": [],
    "NE-MISC-Continental-Margin": [],
    "bb2572d0-017a-4510-9d70-32e7ab55c722-geological-6": [],
    "bb2572d0-017a-4510-9d70-32e7ab55c722-potential-11-field-12-data-13": [],
    "bb2572d0-017a-4510-9d70-32e7ab55c722-lines-17": [],
    "bb2572d0-017a-4510-9d70-32e7ab55c722-available-19": [],
    "bb2572d0-017a-4510-9d70-32e7ab55c722-seismic-16": [],
    "bb2572d0-017a-4510-9d70-32e7ab55c722-regional-5": [
      "bb2572d0-017a-4510-9d70-32e7ab55c722-regional-10"
    ],
    "NE-LOCATION-Island": [],
    "NE-CITY-Trindade": [],
    "bb2572d0-017a-4510-9d70-32e7ab55c722-data-3": [],
    "bb2572d0-017a-4510-9d70-32e7ab55c722-New-1": [],
    "bb2572d0-017a-4510-9d70-32e7ab55c722-stratigraphic-21-column-22": [],
    "bb2572d0-017a-4510-9d70-32e7ab55c722-radiometric-24-control-25-for-26-volcanic-28-sequences-29": [],
    "bb2572d0-017a-4510-9d70-32e7ab55c722-magnetic-2": [],
    "bb2572d0-017a-4510-9d70-32e7ab55c722-profiles-12": [
      "bb2572d0-017a-4510-9d70-32e7ab55c722-profiles-13"
    ],
    "bb2572d0-017a-4510-9d70-32e7ab55c722-crust-21": [],
    "bb2572d0-017a-4510-9d70-32e7ab55c722-seismic-11": [],
    "bb2572d0-017a-4510-9d70-32e7ab55c722-geomorphology-25": [],
    "NE-ORGANIZATION-Abrolhos-Volcanic-Complex": [],
    "bb2572d0-017a-4510-9d70-32e7ab55c722-oceanic-20": [],
    "bb2572d0-017a-4510-9d70-32e7ab55c722-platform-17": [],
    "bb2572d0-017a-4510-9d70-32e7ab55c722-regional-10": [
      "bb2572d0-017a-4510-9d70-32e7ab55c722-regional-5"
    ],
    "bb2572d0-017a-4510-9d70-32e7ab55c722-gravity-2": [],
    "bb2572d0-017a-4510-9d70-32e7ab55c722-integrated-8": [],
    "bb2572d0-017a-4510-9d70-32e7ab55c722-continental-16": [],
    "NE-ORGANIZATION-AVC": [],
    "bb2572d0-017a-4510-9d70-32e7ab55c722-mapping-4": [],
    "bb2572d0-017a-4510-9d70-32e7ab55c722-profiles-13": [
      "bb2572d0-017a-4510-9d70-32e7ab55c722-profiles-12"
    ],
    "bb2572d0-017a-4510-9d70-32e7ab55c722-detailed-2": [
      "bb2572d0-017a-4510-9d70-32e7ab55c722-detailed-4"
    ],
    "bb2572d0-017a-4510-9d70-32e7ab55c722-geological-3": [
      "bb2572d0-017a-4510-9d70-32e7ab55c722-Geological-1"
    ],
    "bb2572d0-017a-4510-9d70-32e7ab55c722-acquired-14": [],
    "bb2572d0-017a-4510-9d70-32e7ab55c722-island-17": [],
    "bb2572d0-017a-4510-9d70-32e7ab55c722-magnetometric-12": [],
    "bb2572d0-017a-4510-9d70-32e7ab55c722-episodes-3": [],
    "bb2572d0-017a-4510-9d70-32e7ab55c722-magmatic-2": [],
    "bb2572d0-017a-4510-9d70-32e7ab55c722-sequences-14": [],
    "bb2572d0-017a-4510-9d70-32e7ab55c722-different-10": [
      "bb2572d0-017a-4510-9d70-32e7ab55c722-different-8"
    ],
    "bb2572d0-017a-4510-9d70-32e7ab55c722-volcano-11-stratigraphic-13": [],
    "bb2572d0-017a-4510-9d70-32e7ab55c722-hotspots-15-fracture-18-zones-19": [],
    "bb2572d0-017a-4510-9d70-32e7ab55c722-emplacement-4": [],
    "bb2572d0-017a-4510-9d70-32e7ab55c722-Models-1": [],
    "bb2572d0-017a-4510-9d70-32e7ab55c722-older-11": [],
    "bb2572d0-017a-4510-9d70-32e7ab55c722-oceanic-12": [],
    "bb2572d0-017a-4510-9d70-32e7ab55c722-volcanic-7": [],
    "bb2572d0-017a-4510-9d70-32e7ab55c722-rocks-8": [],
    "bb2572d0-017a-4510-9d70-32e7ab55c722-crust-13": [],
    "bb2572d0-017a-4510-9d70-32e7ab55c722-much-10": [],
    "bb2572d0-017a-4510-9d70-32e7ab55c722-abrasion-22": [],
    "bb2572d0-017a-4510-9d70-32e7ab55c722-observed-7": [],
    "bb2572d0-017a-4510-9d70-32e7ab55c722-Vitória-16-Trindade-18-chain-20": [],
    "bb2572d0-017a-4510-9d70-32e7ab55c722-banks-11": [],
    "bb2572d0-017a-4510-9d70-32e7ab55c722-volcanic-10": [
      "bb2572d0-017a-4510-9d70-32e7ab55c722-volcanic-19"
    ],
    "bb2572d0-017a-4510-9d70-32e7ab55c722-isolated-32-islands-33": [],
    "NE-LOCATION-Trindade-Martin-Vaz-Archipelago": [],
    "bb2572d0-017a-4510-9d70-32e7ab55c722-volcanic-19": [
      "bb2572d0-017a-4510-9d70-32e7ab55c722-volcanic-10"
    ],
    "bb2572d0-017a-4510-9d70-32e7ab55c722-surveys-6": [],
    "bb2572d0-017a-4510-9d70-32e7ab55c722-rock-9-properties-10": [],
    "bb2572d0-017a-4510-9d70-32e7ab55c722-episodes-14": [],
    "bb2572d0-017a-4510-9d70-32e7ab55c722-mapping-2": [],
    "bb2572d0-017a-4510-9d70-32e7ab55c722-Geological-1": [
      "bb2572d0-017a-4510-9d70-32e7ab55c722-geological-3"
    ],
    "bb2572d0-017a-4510-9d70-32e7ab55c722-different-8": [
      "bb2572d0-017a-4510-9d70-32e7ab55c722-different-10"
    ],
    "bb2572d0-017a-4510-9d70-32e7ab55c722-magnetometric-5": [],
    "bb2572d0-017a-4510-9d70-32e7ab55c722-detailed-4": [
      "bb2572d0-017a-4510-9d70-32e7ab55c722-detailed-2"
    ],
    "bb2572d0-017a-4510-9d70-32e7ab55c722-remarkable-2-pattern-3": [],
    "bb2572d0-017a-4510-9d70-32e7ab55c722-chain-32": [],
    "bb2572d0-017a-4510-9d70-32e7ab55c722-mantle-43-anomalies-44": [],
    "bb2572d0-017a-4510-9d70-32e7ab55c722-linear-31": [],
    "bb2572d0-017a-4510-9d70-32e7ab55c722-hotspot-48": [],
    "bb2572d0-017a-4510-9d70-32e7ab55c722-associated-41": [],
    "bb2572d0-017a-4510-9d70-32e7ab55c722-magnetic-5-anomalies-6": [],
    "bb2572d0-017a-4510-9d70-32e7ab55c722-eastwards-23": [],
    "NE-ORGANIZATION-VTC": [],
    "bb2572d0-017a-4510-9d70-32e7ab55c722-caused-45": []
  }
}