{
  "document": "D:/Projetos/PIRA_KG/documents/onu_40349089123.txt",
  "entities": {
    "50180d4d-99ad-4416-b364-8467ab844fae-decision-17": "decision",
    "50180d4d-99ad-4416-b364-8467ab844fae-three-31-water-34-fields-35": "three water fields",
    "50180d4d-99ad-4416-b364-8467ab844fae-deep-32": "deep",
    "50180d4d-99ad-4416-b364-8467ab844fae-market-6": "market",
    "50180d4d-99ad-4416-b364-8467ab844fae-part-22": "part",
    "NE-NATIONALITY-Brazilian": "Brazilian",
    "50180d4d-99ad-4416-b364-8467ab844fae-crude-27": "crude",
    "50180d4d-99ad-4416-b364-8467ab844fae-significantly-21": "significantly",
    "50180d4d-99ad-4416-b364-8467ab844fae-future-25": "future",
    "NE-LOCATION-Basin": "Basin",
    "50180d4d-99ad-4416-b364-8467ab844fae-one-54-off-55-shore-57-terminal-58": "one off shore terminal",
    "50180d4d-99ad-4416-b364-8467ab844fae-internal-4": "internal",
    "50180d4d-99ad-4416-b364-8467ab844fae-oil-28-production-29": "oil production",
    "NE-CITY-Campos": "Campos",
    "NE-ORGANIZATION-PETROBRAS": "PETROBRAS",
    "50180d4d-99ad-4416-b364-8467ab844fae-demands-2": "demands",
    "50180d4d-99ad-4416-b364-8467ab844fae-Considering-1": "Considering",
    "50180d4d-99ad-4416-b364-8467ab844fae-project-5": "project",
    "50180d4d-99ad-4416-b364-8467ab844fae-PDET-7": "PDET",
    "50180d4d-99ad-4416-b364-8467ab844fae-name-2": "name",
    "50180d4d-99ad-4416-b364-8467ab844fae-project-2": "project",
    "50180d4d-99ad-4416-b364-8467ab844fae-pumping-8-station-9": "pumping station",
    "50180d4d-99ad-4416-b364-8467ab844fae-depth-34": "depth",
    "50180d4d-99ad-4416-b364-8467ab844fae-PRA-11-1-13": "PRA 1",
    "50180d4d-99ad-4416-b364-8467ab844fae-central-7": "central",
    "50180d4d-99ad-4416-b364-8467ab844fae-fixed-6": "fixed",
    "50180d4d-99ad-4416-b364-8467ab844fae-P-25-53-27": "P 53",
    "50180d4d-99ad-4416-b364-8467ab844fae-construction-35": "construction",
    "50180d4d-99ad-4416-b364-8467ab844fae-P-21-51-23": "P 51",
    "50180d4d-99ad-4416-b364-8467ab844fae-start-2-up-4": "start up",
    "50180d4d-99ad-4416-b364-8467ab844fae-three-13-platform-15": "three platform",
    "50180d4d-99ad-4416-b364-8467ab844fae-producing-14": "producing",
    "50180d4d-99ad-4416-b364-8467ab844fae-oil-11": "oil",
    "50180d4d-99ad-4416-b364-8467ab844fae-advanced-34": "advanced",
    "50180d4d-99ad-4416-b364-8467ab844fae-crude-10": "crude",
    "NE-DATE-currently": "currently",
    "NE-ORGANIZATION-PDET": "PDET",
    "NE-DATE-the-future": "the future",
    "50180d4d-99ad-4416-b364-8467ab844fae-producing-2-platform-3": "producing platform",
    "50180d4d-99ad-4416-b364-8467ab844fae-own-7": "own",
    "50180d4d-99ad-4416-b364-8467ab844fae-direct-11": "direct",
    "50180d4d-99ad-4416-b364-8467ab844fae-PRA-13-1-15": "PRA 1",
    "50180d4d-99ad-4416-b364-8467ab844fae-Each-1": "Each",
    "50180d4d-99ad-4416-b364-8467ab844fae-export-8-pipeline-9": "export pipeline",
    "50180d4d-99ad-4416-b364-8467ab844fae-peak-2-production-3": "peak production",
    "NE-DURATION-day": "day",
    "50180d4d-99ad-4416-b364-8467ab844fae-600,000-9-bbl-10": "600,000 bbl",
    "50180d4d-99ad-4416-b364-8467ab844fae-PRA-1-1-3": "PRA 1",
    "50180d4d-99ad-4416-b364-8467ab844fae-requirements-7": "requirements",
    "50180d4d-99ad-4416-b364-8467ab844fae-special-6": "special",
    "NE-ORGANIZATION-FSO": "FSO",
    "50180d4d-99ad-4416-b364-8467ab844fae-specifications-5": "specifications",
    "50180d4d-99ad-4416-b364-8467ab844fae-special-4": "special",
    "50180d4d-99ad-4416-b364-8467ab844fae-system-3": "system",
    "50180d4d-99ad-4416-b364-8467ab844fae-targeted-5-reliability-6-extensive-7-studies-8": "targeted reliability extensive studies",
    "50180d4d-99ad-4416-b364-8467ab844fae-Integrity-1-protection-2-system-3": "Integrity protection system",
    "50180d4d-99ad-4416-b364-8467ab844fae-consideration-20": "consideration",
    "50180d4d-99ad-4416-b364-8467ab844fae-taken-18": "taken",
    "50180d4d-99ad-4416-b364-8467ab844fae-risks-2": "risks",
    "50180d4d-99ad-4416-b364-8467ab844fae-mitigated-5": "mitigated",
    "50180d4d-99ad-4416-b364-8467ab844fae-Environmental-1": "Environmental",
    "50180d4d-99ad-4416-b364-8467ab844fae-fully-4": "fully",
    "50180d4d-99ad-4416-b364-8467ab844fae-configuration-3": "configuration",
    "50180d4d-99ad-4416-b364-8467ab844fae-project-15": "project",
    "50180d4d-99ad-4416-b364-8467ab844fae-final-2": "final",
    "50180d4d-99ad-4416-b364-8467ab844fae-valuable-14": "valuable",
    "50180d4d-99ad-4416-b364-8467ab844fae-paper-2": "paper",
    "50180d4d-99ad-4416-b364-8467ab844fae-logistics-5": "logistics",
    "50180d4d-99ad-4416-b364-8467ab844fae-project-8": "project",
    "50180d4d-99ad-4416-b364-8467ab844fae-infrastructure-11-facility-13": "infrastructure facility",
    "50180d4d-99ad-4416-b364-8467ab844fae-oil-17": "oil",
    "50180d4d-99ad-4416-b364-8467ab844fae-important-10": "important",
    "50180d4d-99ad-4416-b364-8467ab844fae-crude-16": "crude",
    "50180d4d-99ad-4416-b364-8467ab844fae-offshore-12": "offshore",
    "50180d4d-99ad-4416-b364-8467ab844fae-challenges-5": "challenges",
    "50180d4d-99ad-4416-b364-8467ab844fae-introduction-9": "introduction",
    "50180d4d-99ad-4416-b364-8467ab844fae-technical-2": "technical",
    "50180d4d-99ad-4416-b364-8467ab844fae-Several-1": "Several",
    "50180d4d-99ad-4416-b364-8467ab844fae-technologies-12": "technologies",
    "50180d4d-99ad-4416-b364-8467ab844fae-surpassed-7": "surpassed",
    "50180d4d-99ad-4416-b364-8467ab844fae-new-11": "new",
    "50180d4d-99ad-4416-b364-8467ab844fae-Copyright-1": "Copyright",
    "NE-ORGANIZATION-Society-of-Petroleum-Engineers": "Society of Petroleum Engineers"
  },
  "graph": [
    {
      "subject_id": "50180d4d-99ad-4416-b364-8467ab844fae-decision-17",
      "relation": "concentrate part from",
      "object_id": "50180d4d-99ad-4416-b364-8467ab844fae-three-31-water-34-fields-35"
    },
    {
      "subject_id": "50180d4d-99ad-4416-b364-8467ab844fae-three-31-water-34-fields-35",
      "relation": "is",
      "object_id": "50180d4d-99ad-4416-b364-8467ab844fae-deep-32"
    },
    {
      "subject_id": "50180d4d-99ad-4416-b364-8467ab844fae-decision-17",
      "relation": "demands for",
      "object_id": "50180d4d-99ad-4416-b364-8467ab844fae-market-6"
    },
    {
      "subject_id": "50180d4d-99ad-4416-b364-8467ab844fae-decision-17",
      "relation": "concentrate",
      "object_id": "50180d4d-99ad-4416-b364-8467ab844fae-part-22"
    },
    {
      "subject_id": "50180d4d-99ad-4416-b364-8467ab844fae-market-6",
      "relation": "is",
      "object_id": "NE-NATIONALITY-Brazilian"
    },
    {
      "subject_id": "50180d4d-99ad-4416-b364-8467ab844fae-decision-17",
      "relation": "Considering demands for",
      "object_id": "50180d4d-99ad-4416-b364-8467ab844fae-market-6"
    },
    {
      "subject_id": "50180d4d-99ad-4416-b364-8467ab844fae-part-22",
      "relation": "is",
      "object_id": "50180d4d-99ad-4416-b364-8467ab844fae-crude-27"
    },
    {
      "subject_id": "50180d4d-99ad-4416-b364-8467ab844fae-part-22",
      "relation": "at",
      "object_id": "50180d4d-99ad-4416-b364-8467ab844fae-significantly-21"
    },
    {
      "subject_id": "50180d4d-99ad-4416-b364-8467ab844fae-part-22",
      "relation": "of",
      "object_id": "50180d4d-99ad-4416-b364-8467ab844fae-future-25"
    },
    {
      "subject_id": "NE-LOCATION-Basin",
      "relation": "is with",
      "object_id": "50180d4d-99ad-4416-b364-8467ab844fae-one-54-off-55-shore-57-terminal-58"
    },
    {
      "subject_id": "50180d4d-99ad-4416-b364-8467ab844fae-market-6",
      "relation": "is",
      "object_id": "50180d4d-99ad-4416-b364-8467ab844fae-internal-4"
    },
    {
      "subject_id": "50180d4d-99ad-4416-b364-8467ab844fae-part-22",
      "relation": "of",
      "object_id": "50180d4d-99ad-4416-b364-8467ab844fae-oil-28-production-29"
    },
    {
      "subject_id": "NE-LOCATION-Basin",
      "relation": "is in",
      "object_id": "NE-CITY-Campos"
    },
    {
      "subject_id": "NE-ORGANIZATION-PETROBRAS",
      "relation": "has taken",
      "object_id": "50180d4d-99ad-4416-b364-8467ab844fae-decision-17"
    },
    {
      "subject_id": "50180d4d-99ad-4416-b364-8467ab844fae-demands-2",
      "relation": "has taken",
      "object_id": "50180d4d-99ad-4416-b364-8467ab844fae-decision-17"
    },
    {
      "subject_id": "50180d4d-99ad-4416-b364-8467ab844fae-demands-2",
      "relation": "is",
      "object_id": "50180d4d-99ad-4416-b364-8467ab844fae-Considering-1"
    },
    {
      "subject_id": "50180d4d-99ad-4416-b364-8467ab844fae-project-5",
      "relation": "name of is",
      "object_id": "50180d4d-99ad-4416-b364-8467ab844fae-PDET-7"
    },
    {
      "subject_id": "50180d4d-99ad-4416-b364-8467ab844fae-name-2",
      "relation": "is",
      "object_id": "50180d4d-99ad-4416-b364-8467ab844fae-PDET-7"
    },
    {
      "subject_id": "50180d4d-99ad-4416-b364-8467ab844fae-project-2",
      "relation": "comprises of",
      "object_id": "50180d4d-99ad-4416-b364-8467ab844fae-pumping-8-station-9"
    },
    {
      "subject_id": "50180d4d-99ad-4416-b364-8467ab844fae-depth-34",
      "relation": "at station is",
      "object_id": "50180d4d-99ad-4416-b364-8467ab844fae-PRA-11-1-13"
    },
    {
      "subject_id": "50180d4d-99ad-4416-b364-8467ab844fae-pumping-8-station-9",
      "relation": "is",
      "object_id": "50180d4d-99ad-4416-b364-8467ab844fae-central-7"
    },
    {
      "subject_id": "50180d4d-99ad-4416-b364-8467ab844fae-project-2",
      "relation": "comprises of",
      "object_id": "50180d4d-99ad-4416-b364-8467ab844fae-PRA-11-1-13"
    },
    {
      "subject_id": "50180d4d-99ad-4416-b364-8467ab844fae-pumping-8-station-9",
      "relation": "is",
      "object_id": "50180d4d-99ad-4416-b364-8467ab844fae-fixed-6"
    },
    {
      "subject_id": "50180d4d-99ad-4416-b364-8467ab844fae-P-25-53-27",
      "relation": "are under",
      "object_id": "50180d4d-99ad-4416-b364-8467ab844fae-construction-35"
    },
    {
      "subject_id": "50180d4d-99ad-4416-b364-8467ab844fae-P-21-51-23",
      "relation": "are under",
      "object_id": "50180d4d-99ad-4416-b364-8467ab844fae-construction-35"
    },
    {
      "subject_id": "50180d4d-99ad-4416-b364-8467ab844fae-start-2-up-4",
      "relation": "involves oil from",
      "object_id": "50180d4d-99ad-4416-b364-8467ab844fae-three-13-platform-15"
    },
    {
      "subject_id": "50180d4d-99ad-4416-b364-8467ab844fae-three-13-platform-15",
      "relation": "is",
      "object_id": "50180d4d-99ad-4416-b364-8467ab844fae-producing-14"
    },
    {
      "subject_id": "50180d4d-99ad-4416-b364-8467ab844fae-start-2-up-4",
      "relation": "involves",
      "object_id": "50180d4d-99ad-4416-b364-8467ab844fae-oil-11"
    },
    {
      "subject_id": "50180d4d-99ad-4416-b364-8467ab844fae-construction-35",
      "relation": "is",
      "object_id": "50180d4d-99ad-4416-b364-8467ab844fae-advanced-34"
    },
    {
      "subject_id": "50180d4d-99ad-4416-b364-8467ab844fae-oil-11",
      "relation": "is",
      "object_id": "50180d4d-99ad-4416-b364-8467ab844fae-crude-10"
    },
    {
      "subject_id": "50180d4d-99ad-4416-b364-8467ab844fae-construction-35",
      "relation": "at",
      "object_id": "NE-DATE-currently"
    },
    {
      "subject_id": "NE-ORGANIZATION-PDET",
      "relation": "is In",
      "object_id": "NE-DATE-the-future"
    },
    {
      "subject_id": "50180d4d-99ad-4416-b364-8467ab844fae-producing-2-platform-3",
      "relation": "will have",
      "object_id": "50180d4d-99ad-4416-b364-8467ab844fae-producing-2-platform-3"
    },
    {
      "subject_id": "50180d4d-99ad-4416-b364-8467ab844fae-producing-2-platform-3",
      "relation": "is",
      "object_id": "50180d4d-99ad-4416-b364-8467ab844fae-own-7"
    },
    {
      "subject_id": "50180d4d-99ad-4416-b364-8467ab844fae-producing-2-platform-3",
      "relation": "is",
      "object_id": "50180d4d-99ad-4416-b364-8467ab844fae-direct-11"
    },
    {
      "subject_id": "50180d4d-99ad-4416-b364-8467ab844fae-producing-2-platform-3",
      "relation": "at",
      "object_id": "50180d4d-99ad-4416-b364-8467ab844fae-PRA-13-1-15"
    },
    {
      "subject_id": "50180d4d-99ad-4416-b364-8467ab844fae-producing-2-platform-3",
      "relation": "of",
      "object_id": "50180d4d-99ad-4416-b364-8467ab844fae-Each-1"
    },
    {
      "subject_id": "50180d4d-99ad-4416-b364-8467ab844fae-producing-2-platform-3",
      "relation": "of",
      "object_id": "50180d4d-99ad-4416-b364-8467ab844fae-export-8-pipeline-9"
    },
    {
      "subject_id": "50180d4d-99ad-4416-b364-8467ab844fae-peak-2-production-3",
      "relation": "will achieve at_time",
      "object_id": "NE-DURATION-day"
    },
    {
      "subject_id": "NE-DURATION-day",
      "relation": "amount to",
      "object_id": "50180d4d-99ad-4416-b364-8467ab844fae-600,000-9-bbl-10"
    },
    {
      "subject_id": "50180d4d-99ad-4416-b364-8467ab844fae-PRA-1-1-3",
      "relation": "will have",
      "object_id": "50180d4d-99ad-4416-b364-8467ab844fae-requirements-7"
    },
    {
      "subject_id": "50180d4d-99ad-4416-b364-8467ab844fae-requirements-7",
      "relation": "is",
      "object_id": "50180d4d-99ad-4416-b364-8467ab844fae-special-6"
    },
    {
      "subject_id": "NE-ORGANIZATION-FSO",
      "relation": "has",
      "object_id": "50180d4d-99ad-4416-b364-8467ab844fae-specifications-5"
    },
    {
      "subject_id": "50180d4d-99ad-4416-b364-8467ab844fae-specifications-5",
      "relation": "is",
      "object_id": "50180d4d-99ad-4416-b364-8467ab844fae-special-4"
    },
    {
      "subject_id": "50180d4d-99ad-4416-b364-8467ab844fae-system-3",
      "relation": "has",
      "object_id": "50180d4d-99ad-4416-b364-8467ab844fae-targeted-5-reliability-6-extensive-7-studies-8"
    },
    {
      "subject_id": "50180d4d-99ad-4416-b364-8467ab844fae-Integrity-1-protection-2-system-3",
      "relation": "were taken into",
      "object_id": "50180d4d-99ad-4416-b364-8467ab844fae-consideration-20"
    },
    {
      "subject_id": "50180d4d-99ad-4416-b364-8467ab844fae-Integrity-1-protection-2-system-3",
      "relation": "were",
      "object_id": "50180d4d-99ad-4416-b364-8467ab844fae-taken-18"
    },
    {
      "subject_id": "50180d4d-99ad-4416-b364-8467ab844fae-risks-2",
      "relation": "were",
      "object_id": "50180d4d-99ad-4416-b364-8467ab844fae-mitigated-5"
    },
    {
      "subject_id": "50180d4d-99ad-4416-b364-8467ab844fae-risks-2",
      "relation": "is",
      "object_id": "50180d4d-99ad-4416-b364-8467ab844fae-Environmental-1"
    },
    {
      "subject_id": "50180d4d-99ad-4416-b364-8467ab844fae-mitigated-5",
      "relation": "at",
      "object_id": "50180d4d-99ad-4416-b364-8467ab844fae-fully-4"
    },
    {
      "subject_id": "50180d4d-99ad-4416-b364-8467ab844fae-configuration-3",
      "relation": "produced",
      "object_id": "50180d4d-99ad-4416-b364-8467ab844fae-project-15"
    },
    {
      "subject_id": "50180d4d-99ad-4416-b364-8467ab844fae-configuration-3",
      "relation": "is",
      "object_id": "50180d4d-99ad-4416-b364-8467ab844fae-final-2"
    },
    {
      "subject_id": "50180d4d-99ad-4416-b364-8467ab844fae-project-15",
      "relation": "is",
      "object_id": "50180d4d-99ad-4416-b364-8467ab844fae-valuable-14"
    },
    {
      "subject_id": "50180d4d-99ad-4416-b364-8467ab844fae-paper-2",
      "relation": "describes",
      "object_id": "50180d4d-99ad-4416-b364-8467ab844fae-logistics-5"
    },
    {
      "subject_id": "50180d4d-99ad-4416-b364-8467ab844fae-logistics-5",
      "relation": "of",
      "object_id": "50180d4d-99ad-4416-b364-8467ab844fae-project-8"
    },
    {
      "subject_id": "50180d4d-99ad-4416-b364-8467ab844fae-infrastructure-11-facility-13",
      "relation": "transport",
      "object_id": "50180d4d-99ad-4416-b364-8467ab844fae-oil-17"
    },
    {
      "subject_id": "50180d4d-99ad-4416-b364-8467ab844fae-infrastructure-11-facility-13",
      "relation": "is",
      "object_id": "50180d4d-99ad-4416-b364-8467ab844fae-important-10"
    },
    {
      "subject_id": "50180d4d-99ad-4416-b364-8467ab844fae-oil-17",
      "relation": "is",
      "object_id": "50180d4d-99ad-4416-b364-8467ab844fae-crude-16"
    },
    {
      "subject_id": "50180d4d-99ad-4416-b364-8467ab844fae-infrastructure-11-facility-13",
      "relation": "is",
      "object_id": "50180d4d-99ad-4416-b364-8467ab844fae-offshore-12"
    },
    {
      "subject_id": "50180d4d-99ad-4416-b364-8467ab844fae-challenges-5",
      "relation": "were surpassed through",
      "object_id": "50180d4d-99ad-4416-b364-8467ab844fae-introduction-9"
    },
    {
      "subject_id": "50180d4d-99ad-4416-b364-8467ab844fae-challenges-5",
      "relation": "is",
      "object_id": "50180d4d-99ad-4416-b364-8467ab844fae-technical-2"
    },
    {
      "subject_id": "50180d4d-99ad-4416-b364-8467ab844fae-challenges-5",
      "relation": "is",
      "object_id": "50180d4d-99ad-4416-b364-8467ab844fae-Several-1"
    },
    {
      "subject_id": "50180d4d-99ad-4416-b364-8467ab844fae-introduction-9",
      "relation": "of",
      "object_id": "50180d4d-99ad-4416-b364-8467ab844fae-technologies-12"
    },
    {
      "subject_id": "50180d4d-99ad-4416-b364-8467ab844fae-challenges-5",
      "relation": "were",
      "object_id": "50180d4d-99ad-4416-b364-8467ab844fae-surpassed-7"
    },
    {
      "subject_id": "50180d4d-99ad-4416-b364-8467ab844fae-introduction-9",
      "relation": "is",
      "object_id": "50180d4d-99ad-4416-b364-8467ab844fae-new-11"
    },
    {
      "subject_id": "50180d4d-99ad-4416-b364-8467ab844fae-Copyright-1",
      "relation": "Society of",
      "object_id": "NE-ORGANIZATION-Society-of-Petroleum-Engineers"
    }
  ],
  "links": {
    "50180d4d-99ad-4416-b364-8467ab844fae-decision-17": [],
    "50180d4d-99ad-4416-b364-8467ab844fae-three-31-water-34-fields-35": [],
    "50180d4d-99ad-4416-b364-8467ab844fae-deep-32": [],
    "50180d4d-99ad-4416-b364-8467ab844fae-market-6": [],
    "50180d4d-99ad-4416-b364-8467ab844fae-part-22": [],
    "NE-NATIONALITY-Brazilian": [],
    "50180d4d-99ad-4416-b364-8467ab844fae-crude-27": [],
    "50180d4d-99ad-4416-b364-8467ab844fae-significantly-21": [],
    "50180d4d-99ad-4416-b364-8467ab844fae-future-25": [],
    "NE-LOCATION-Basin": [],
    "50180d4d-99ad-4416-b364-8467ab844fae-one-54-off-55-shore-57-terminal-58": [],
    "50180d4d-99ad-4416-b364-8467ab844fae-internal-4": [],
    "50180d4d-99ad-4416-b364-8467ab844fae-oil-28-production-29": [],
    "NE-CITY-Campos": [],
    "NE-ORGANIZATION-PETROBRAS": [],
    "50180d4d-99ad-4416-b364-8467ab844fae-demands-2": [],
    "50180d4d-99ad-4416-b364-8467ab844fae-Considering-1": [],
    "50180d4d-99ad-4416-b364-8467ab844fae-project-5": [],
    "50180d4d-99ad-4416-b364-8467ab844fae-PDET-7": [],
    "50180d4d-99ad-4416-b364-8467ab844fae-name-2": [],
    "50180d4d-99ad-4416-b364-8467ab844fae-project-2": [],
    "50180d4d-99ad-4416-b364-8467ab844fae-pumping-8-station-9": [],
    "50180d4d-99ad-4416-b364-8467ab844fae-depth-34": [],
    "50180d4d-99ad-4416-b364-8467ab844fae-PRA-11-1-13": [
      "50180d4d-99ad-4416-b364-8467ab844fae-PRA-13-1-15"
    ],
    "50180d4d-99ad-4416-b364-8467ab844fae-central-7": [],
    "50180d4d-99ad-4416-b364-8467ab844fae-fixed-6": [],
    "50180d4d-99ad-4416-b364-8467ab844fae-P-25-53-27": [
      "50180d4d-99ad-4416-b364-8467ab844fae-P-21-51-23"
    ],
    "50180d4d-99ad-4416-b364-8467ab844fae-construction-35": [],
    "50180d4d-99ad-4416-b364-8467ab844fae-P-21-51-23": [
      "50180d4d-99ad-4416-b364-8467ab844fae-P-25-53-27"
    ],
    "50180d4d-99ad-4416-b364-8467ab844fae-start-2-up-4": [],
    "50180d4d-99ad-4416-b364-8467ab844fae-three-13-platform-15": [],
    "50180d4d-99ad-4416-b364-8467ab844fae-producing-14": [],
    "50180d4d-99ad-4416-b364-8467ab844fae-oil-11": [
      "50180d4d-99ad-4416-b364-8467ab844fae-oil-17"
    ],
    "50180d4d-99ad-4416-b364-8467ab844fae-advanced-34": [],
    "50180d4d-99ad-4416-b364-8467ab844fae-crude-10": [
      "50180d4d-99ad-4416-b364-8467ab844fae-crude-16"
    ],
    "NE-DATE-currently": [],
    "NE-ORGANIZATION-PDET": [],
    "NE-DATE-the-future": [],
    "50180d4d-99ad-4416-b364-8467ab844fae-producing-2-platform-3": [],
    "50180d4d-99ad-4416-b364-8467ab844fae-own-7": [],
    "50180d4d-99ad-4416-b364-8467ab844fae-direct-11": [],
    "50180d4d-99ad-4416-b364-8467ab844fae-PRA-13-1-15": [
      "50180d4d-99ad-4416-b364-8467ab844fae-PRA-11-1-13"
    ],
    "50180d4d-99ad-4416-b364-8467ab844fae-Each-1": [],
    "50180d4d-99ad-4416-b364-8467ab844fae-export-8-pipeline-9": [],
    "50180d4d-99ad-4416-b364-8467ab844fae-peak-2-production-3": [],
    "NE-DURATION-day": [],
    "50180d4d-99ad-4416-b364-8467ab844fae-600,000-9-bbl-10": [],
    "50180d4d-99ad-4416-b364-8467ab844fae-PRA-1-1-3": [],
    "50180d4d-99ad-4416-b364-8467ab844fae-requirements-7": [],
    "50180d4d-99ad-4416-b364-8467ab844fae-special-6": [],
    "NE-ORGANIZATION-FSO": [],
    "50180d4d-99ad-4416-b364-8467ab844fae-specifications-5": [],
    "50180d4d-99ad-4416-b364-8467ab844fae-special-4": [],
    "50180d4d-99ad-4416-b364-8467ab844fae-system-3": [],
    "50180d4d-99ad-4416-b364-8467ab844fae-targeted-5-reliability-6-extensive-7-studies-8": [],
    "50180d4d-99ad-4416-b364-8467ab844fae-Integrity-1-protection-2-system-3": [],
    "50180d4d-99ad-4416-b364-8467ab844fae-consideration-20": [],
    "50180d4d-99ad-4416-b364-8467ab844fae-taken-18": [],
    "50180d4d-99ad-4416-b364-8467ab844fae-risks-2": [],
    "50180d4d-99ad-4416-b364-8467ab844fae-mitigated-5": [],
    "50180d4d-99ad-4416-b364-8467ab844fae-Environmental-1": [],
    "50180d4d-99ad-4416-b364-8467ab844fae-fully-4": [],
    "50180d4d-99ad-4416-b364-8467ab844fae-configuration-3": [],
    "50180d4d-99ad-4416-b364-8467ab844fae-project-15": [],
    "50180d4d-99ad-4416-b364-8467ab844fae-final-2": [],
    "50180d4d-99ad-4416-b364-8467ab844fae-valuable-14": [],
    "50180d4d-99ad-4416-b364-8467ab844fae-paper-2": [],
    "50180d4d-99ad-4416-b364-8467ab844fae-logistics-5": [],
    "50180d4d-99ad-4416-b364-8467ab844fae-project-8": [],
    "50180d4d-99ad-4416-b364-8467ab844fae-infrastructure-11-facility-13": [],
    "50180d4d-99ad-4416-b364-8467ab844fae-oil-17": [
      "50180d4d-99ad-4416-b364-8467ab844fae-oil-11"
    ],
    "50180d4d-99ad-4416-b364-8467ab844fae-important-10": [],
    "50180d4d-99ad-4416-b364-8467ab844fae-crude-16": [
      "50180d4d-99ad-4416-b364-8467ab844fae-crude-10"
    ],
    "50180d4d-99ad-4416-b364-8467ab844fae-offshore-12": [],
    "50180d4d-99ad-4416-b364-8467ab844fae-challenges-5": [],
    "50180d4d-99ad-4416-b364-8467ab844fae-introduction-9": [],
    "50180d4d-99ad-4416-b364-8467ab844fae-technical-2": [],
    "50180d4d-99ad-4416-b364-8467ab844fae-Several-1": [],
    "50180d4d-99ad-4416-b364-8467ab844fae-technologies-12": [],
    "50180d4d-99ad-4416-b364-8467ab844fae-surpassed-7": [],
    "50180d4d-99ad-4416-b364-8467ab844fae-new-11": [],
    "50180d4d-99ad-4416-b364-8467ab844fae-Copyright-1": [],
    "NE-ORGANIZATION-Society-of-Petroleum-Engineers": []
  }
}