{
  "document": "D:/Projetos/PIRA_KG/documents/onu_85055263465.txt",
  "entities": {
    "b7c3b9c4-3527-4339-b669-999094175621-organic-38-matter-39-influx-40": "organic matter influx",
    "b7c3b9c4-3527-4339-b669-999094175621-benthic-43-foraminiferal-44-assemblage-45-composition-46": "benthic foraminiferal assemblage composition",
    "b7c3b9c4-3527-4339-b669-999094175621-correlation-2": "correlation",
    "b7c3b9c4-3527-4339-b669-999094175621-discussed-11": "discussed",
    "b7c3b9c4-3527-4339-b669-999094175621-also-10": "also",
    "b7c3b9c4-3527-4339-b669-999094175621-mud-14-content-15": "mud content",
    "b7c3b9c4-3527-4339-b669-999094175621-stable-25-isotope-26": "stable isotope",
    "NE-LOCATION-Uvigerina-peregrina": "Uvigerina peregrina",
    "b7c3b9c4-3527-4339-b669-999094175621-abiotic-7-data-8": "abiotic data",
    "b7c3b9c4-3527-4339-b669-999094175621-record-24": "record",
    "b7c3b9c4-3527-4339-b669-999094175621-112,500-28-yr-29": "112,500 yr",
    "b7c3b9c4-3527-4339-b669-999094175621-5-39-to-40-3-41": "5 to 3",
    "b7c3b9c4-3527-4339-b669-999094175621-last-27": "last",
    "b7c3b9c4-3527-4339-b669-999094175621-Isotope-34-Stages-35": "Isotope Stages",
    "NE-TITLE-Marine": "Marine",
    "b7c3b9c4-3527-4339-b669-999094175621-MIS-37": "MIS",
    "b7c3b9c4-3527-4339-b669-999094175621-dominance-2": "dominance",
    "b7c3b9c4-3527-4339-b669-999094175621-entire-16-core-17": "entire core",
    "b7c3b9c4-3527-4339-b669-999094175621-eutrophic-34-conditions-35": "eutrophic conditions",
    "b7c3b9c4-3527-4339-b669-999094175621-study-38-area-39": "study area",
    "b7c3b9c4-3527-4339-b669-999094175621-interpreted-19": "interpreted",
    "b7c3b9c4-3527-4339-b669-999094175621-variations-2": "variations",
    "b7c3b9c4-3527-4339-b669-999094175621-proportion-6": "proportion",
    "b7c3b9c4-3527-4339-b669-999094175621-epifaunal-9": "epifaunal",
    "b7c3b9c4-3527-4339-b669-999094175621-species-12": "species",
    "b7c3b9c4-3527-4339-b669-999094175621-to-33-evidence-35": "to evidence",
    "b7c3b9c4-3527-4339-b669-999094175621-sector-47": "sector",
    "NE-LOCATION-South-Atlantic": "South Atlantic"
  },
  "graph": [
    {
      "subject_id": "b7c3b9c4-3527-4339-b669-999094175621-organic-38-matter-39-influx-40",
      "relation": "is in",
      "object_id": "b7c3b9c4-3527-4339-b669-999094175621-benthic-43-foraminiferal-44-assemblage-45-composition-46"
    },
    {
      "subject_id": "b7c3b9c4-3527-4339-b669-999094175621-correlation-2",
      "relation": "is",
      "object_id": "b7c3b9c4-3527-4339-b669-999094175621-discussed-11"
    },
    {
      "subject_id": "b7c3b9c4-3527-4339-b669-999094175621-discussed-11",
      "relation": "at",
      "object_id": "b7c3b9c4-3527-4339-b669-999094175621-also-10"
    },
    {
      "subject_id": "b7c3b9c4-3527-4339-b669-999094175621-correlation-2",
      "relation": "is discussed including",
      "object_id": "b7c3b9c4-3527-4339-b669-999094175621-mud-14-content-15"
    },
    {
      "subject_id": "b7c3b9c4-3527-4339-b669-999094175621-stable-25-isotope-26",
      "relation": "is in",
      "object_id": "NE-LOCATION-Uvigerina-peregrina"
    },
    {
      "subject_id": "b7c3b9c4-3527-4339-b669-999094175621-correlation-2",
      "relation": "is with",
      "object_id": "b7c3b9c4-3527-4339-b669-999094175621-abiotic-7-data-8"
    },
    {
      "subject_id": "b7c3b9c4-3527-4339-b669-999094175621-correlation-2",
      "relation": "is also discussed including",
      "object_id": "b7c3b9c4-3527-4339-b669-999094175621-mud-14-content-15"
    },
    {
      "subject_id": "b7c3b9c4-3527-4339-b669-999094175621-record-24",
      "relation": "spans",
      "object_id": "b7c3b9c4-3527-4339-b669-999094175621-112,500-28-yr-29"
    },
    {
      "subject_id": "b7c3b9c4-3527-4339-b669-999094175621-112,500-28-yr-29",
      "relation": "covering",
      "object_id": "b7c3b9c4-3527-4339-b669-999094175621-5-39-to-40-3-41"
    },
    {
      "subject_id": "b7c3b9c4-3527-4339-b669-999094175621-112,500-28-yr-29",
      "relation": "is",
      "object_id": "b7c3b9c4-3527-4339-b669-999094175621-last-27"
    },
    {
      "subject_id": "b7c3b9c4-3527-4339-b669-999094175621-112,500-28-yr-29",
      "relation": "covering",
      "object_id": "b7c3b9c4-3527-4339-b669-999094175621-Isotope-34-Stages-35"
    },
    {
      "subject_id": "b7c3b9c4-3527-4339-b669-999094175621-Isotope-34-Stages-35",
      "relation": "of",
      "object_id": "NE-TITLE-Marine"
    },
    {
      "subject_id": "b7c3b9c4-3527-4339-b669-999094175621-112,500-28-yr-29",
      "relation": "covering",
      "object_id": "b7c3b9c4-3527-4339-b669-999094175621-MIS-37"
    },
    {
      "subject_id": "b7c3b9c4-3527-4339-b669-999094175621-dominance-2",
      "relation": "subglobosa throughout",
      "object_id": "b7c3b9c4-3527-4339-b669-999094175621-entire-16-core-17"
    },
    {
      "subject_id": "b7c3b9c4-3527-4339-b669-999094175621-eutrophic-34-conditions-35",
      "relation": "is in",
      "object_id": "b7c3b9c4-3527-4339-b669-999094175621-study-38-area-39"
    },
    {
      "subject_id": "b7c3b9c4-3527-4339-b669-999094175621-dominance-2",
      "relation": "is",
      "object_id": "b7c3b9c4-3527-4339-b669-999094175621-interpreted-19"
    },
    {
      "subject_id": "b7c3b9c4-3527-4339-b669-999094175621-variations-2",
      "relation": "found in",
      "object_id": "b7c3b9c4-3527-4339-b669-999094175621-proportion-6"
    },
    {
      "subject_id": "b7c3b9c4-3527-4339-b669-999094175621-proportion-6",
      "relation": "is",
      "object_id": "b7c3b9c4-3527-4339-b669-999094175621-epifaunal-9"
    },
    {
      "subject_id": "b7c3b9c4-3527-4339-b669-999094175621-proportion-6",
      "relation": "of",
      "object_id": "b7c3b9c4-3527-4339-b669-999094175621-species-12"
    },
    {
      "subject_id": "b7c3b9c4-3527-4339-b669-999094175621-to-33-evidence-35",
      "relation": "is in",
      "object_id": "b7c3b9c4-3527-4339-b669-999094175621-sector-47"
    },
    {
      "subject_id": "b7c3b9c4-3527-4339-b669-999094175621-sector-47",
      "relation": "of",
      "object_id": "NE-LOCATION-South-Atlantic"
    }
  ],
  "links": {
    "b7c3b9c4-3527-4339-b669-999094175621-organic-38-matter-39-influx-40": [],
    "b7c3b9c4-3527-4339-b669-999094175621-benthic-43-foraminiferal-44-assemblage-45-composition-46": [],
    "b7c3b9c4-3527-4339-b669-999094175621-correlation-2": [],
    "b7c3b9c4-3527-4339-b669-999094175621-discussed-11": [],
    "b7c3b9c4-3527-4339-b669-999094175621-also-10": [],
    "b7c3b9c4-3527-4339-b669-999094175621-mud-14-content-15": [],
    "b7c3b9c4-3527-4339-b669-999094175621-stable-25-isotope-26": [],
    "NE-LOCATION-Uvigerina-peregrina": [],
    "b7c3b9c4-3527-4339-b669-999094175621-abiotic-7-data-8": [],
    "b7c3b9c4-3527-4339-b669-999094175621-record-24": [],
    "b7c3b9c4-3527-4339-b669-999094175621-112,500-28-yr-29": [],
    "b7c3b9c4-3527-4339-b669-999094175621-5-39-to-40-3-41": [],
    "b7c3b9c4-3527-4339-b669-999094175621-last-27": [],
    "b7c3b9c4-3527-4339-b669-999094175621-Isotope-34-Stages-35": [],
    "NE-TITLE-Marine": [],
    "b7c3b9c4-3527-4339-b669-999094175621-MIS-37": [],
    "b7c3b9c4-3527-4339-b669-999094175621-dominance-2": [],
    "b7c3b9c4-3527-4339-b669-999094175621-entire-16-core-17": [],
    "b7c3b9c4-3527-4339-b669-999094175621-eutrophic-34-conditions-35": [],
    "b7c3b9c4-3527-4339-b669-999094175621-study-38-area-39": [],
    "b7c3b9c4-3527-4339-b669-999094175621-interpreted-19": [],
    "b7c3b9c4-3527-4339-b669-999094175621-variations-2": [],
    "b7c3b9c4-3527-4339-b669-999094175621-proportion-6": [],
    "b7c3b9c4-3527-4339-b669-999094175621-epifaunal-9": [],
    "b7c3b9c4-3527-4339-b669-999094175621-species-12": [],
    "b7c3b9c4-3527-4339-b669-999094175621-to-33-evidence-35": [],
    "b7c3b9c4-3527-4339-b669-999094175621-sector-47": [],
    "NE-LOCATION-South-Atlantic": []
  }
}