{
  "document": "D:/Projetos/PIRA_KG/documents/onu_85086809805.txt",
  "entities": {
    "6af17be2-6207-49d6-b833-4d7a7d7f3202-systems-2": "systems",
    "6af17be2-6207-49d6-b833-4d7a7d7f3202-can-11-challenging-14-considering-16-loads-19": "can challenging considering loads",
    "6af17be2-6207-49d6-b833-4d7a7d7f3202-Anchoring-1": "Anchoring",
    "6af17be2-6207-49d6-b833-4d7a7d7f3202-very-13": "very",
    "6af17be2-6207-49d6-b833-4d7a7d7f3202-high-18": "high",
    "6af17be2-6207-49d6-b833-4d7a7d7f3202-deep-4-water-6-Oil-7-operations-10": "deep water Oil operations",
    "6af17be2-6207-49d6-b833-4d7a7d7f3202-soil-25": "soil",
    "6af17be2-6207-49d6-b833-4d7a7d7f3202-anchor-29": "anchor",
    "6af17be2-6207-49d6-b833-4d7a7d7f3202-soft-24": "soft",
    "6af17be2-6207-49d6-b833-4d7a7d7f3202-anchoring-5-systems-6": "anchoring systems",
    "6af17be2-6207-49d6-b833-4d7a7d7f3202-application-13": "application",
    "6af17be2-6207-49d6-b833-4d7a7d7f3202-offshore-4": "offshore",
    "6af17be2-6207-49d6-b833-4d7a7d7f3202-technological-12": "technological",
    "6af17be2-6207-49d6-b833-4d7a7d7f3202-development-2": "development",
    "6af17be2-6207-49d6-b833-4d7a7d7f3202-save-16": "save",
    "6af17be2-6207-49d6-b833-4d7a7d7f3202-Torpedo-8-Pile-9": "Torpedo Pile",
    "6af17be2-6207-49d6-b833-4d7a7d7f3202-technology-21": "technology",
    "NE-ORGANIZATION-Petrobras": "Petrobras",
    "6af17be2-6207-49d6-b833-4d7a7d7f3202-used-24": "used",
    "NE-COUNTRY-Brazil": "Brazil",
    "6af17be2-6207-49d6-b833-4d7a7d7f3202-widely-23": "widely",
    "6af17be2-6207-49d6-b833-4d7a7d7f3202-estimated-3": "estimated",
    "6af17be2-6207-49d6-b833-4d7a7d7f3202-shore-16": "shore",
    "6af17be2-6207-49d6-b833-4d7a7d7f3202-anchor-23-process-24": "anchor process",
    "6af17be2-6207-49d6-b833-4d7a7d7f3202-Anchor-4": "Anchor",
    "6af17be2-6207-49d6-b833-4d7a7d7f3202-applied-9": "applied",
    "6af17be2-6207-49d6-b833-4d7a7d7f3202-Kind-2": "Kind",
    "6af17be2-6207-49d6-b833-4d7a7d7f3202-FPSOs-11": "FPSOs",
    "6af17be2-6207-49d6-b833-4d7a7d7f3202-technology-9": "technology",
    "6af17be2-6207-49d6-b833-4d7a7d7f3202-applications-21": "applications",
    "6af17be2-6207-49d6-b833-4d7a7d7f3202-torpedo-23-piles-24": "torpedo piles",
    "6af17be2-6207-49d6-b833-4d7a7d7f3202-mooring-14-installation-15-process-16": "mooring installation process",
    "6af17be2-6207-49d6-b833-4d7a7d7f3202-overall-13": "overall",
    "6af17be2-6207-49d6-b833-4d7a7d7f3202-paper-2": "paper",
    "6af17be2-6207-49d6-b833-4d7a7d7f3202-advantages-5": "advantages",
    "6af17be2-6207-49d6-b833-4d7a7d7f3202-different-20": "different",
    "6af17be2-6207-49d6-b833-4d7a7d7f3202-proposal-24": "proposal",
    "6af17be2-6207-49d6-b833-4d7a7d7f3202-mooring-33-design-34": "mooring design",
    "6af17be2-6207-49d6-b833-4d7a7d7f3202-work-21": "work",
    "6af17be2-6207-49d6-b833-4d7a7d7f3202-requirement-5": "requirement",
    "6af17be2-6207-49d6-b833-4d7a7d7f3202-nowadays-3": "nowadays",
    "6af17be2-6207-49d6-b833-4d7a7d7f3202-torpedo-28-pile-29-technology-30": "torpedo pile technology",
    "6af17be2-6207-49d6-b833-4d7a7d7f3202-renewable-7": "renewable",
    "6af17be2-6207-49d6-b833-4d7a7d7f3202-floating-37": "floating",
    "6af17be2-6207-49d6-b833-4d7a7d7f3202-wind-38-turbines-39": "wind turbines",
    "6af17be2-6207-49d6-b833-4d7a7d7f3202-increasing-4": "increasing",
    "6af17be2-6207-49d6-b833-4d7a7d7f3202-energy-8": "energy",
    "6af17be2-6207-49d6-b833-4d7a7d7f3202-torpedo-14-pile-15": "torpedo pile",
    "6af17be2-6207-49d6-b833-4d7a7d7f3202-installation-11-time-12": "installation time",
    "6af17be2-6207-49d6-b833-4d7a7d7f3202-efficiency-4": "efficiency",
    "6af17be2-6207-49d6-b833-4d7a7d7f3202-anchoring-3": "anchoring",
    "6af17be2-6207-49d6-b833-4d7a7d7f3202-competitiveness-18": "competitiveness",
    "6af17be2-6207-49d6-b833-4d7a7d7f3202-reduced-10": "reduced"
  },
  "graph": [
    {
      "subject_id": "6af17be2-6207-49d6-b833-4d7a7d7f3202-systems-2",
      "relation": "can",
      "object_id": "6af17be2-6207-49d6-b833-4d7a7d7f3202-can-11-challenging-14-considering-16-loads-19"
    },
    {
      "subject_id": "6af17be2-6207-49d6-b833-4d7a7d7f3202-systems-2",
      "relation": "is",
      "object_id": "6af17be2-6207-49d6-b833-4d7a7d7f3202-Anchoring-1"
    },
    {
      "subject_id": "6af17be2-6207-49d6-b833-4d7a7d7f3202-can-11-challenging-14-considering-16-loads-19",
      "relation": "at",
      "object_id": "6af17be2-6207-49d6-b833-4d7a7d7f3202-very-13"
    },
    {
      "subject_id": "6af17be2-6207-49d6-b833-4d7a7d7f3202-can-11-challenging-14-considering-16-loads-19",
      "relation": "is",
      "object_id": "6af17be2-6207-49d6-b833-4d7a7d7f3202-high-18"
    },
    {
      "subject_id": "6af17be2-6207-49d6-b833-4d7a7d7f3202-systems-2",
      "relation": "is in",
      "object_id": "6af17be2-6207-49d6-b833-4d7a7d7f3202-deep-4-water-6-Oil-7-operations-10"
    },
    {
      "subject_id": "6af17be2-6207-49d6-b833-4d7a7d7f3202-soil-25",
      "relation": "hold",
      "object_id": "6af17be2-6207-49d6-b833-4d7a7d7f3202-anchor-29"
    },
    {
      "subject_id": "6af17be2-6207-49d6-b833-4d7a7d7f3202-soil-25",
      "relation": "is",
      "object_id": "6af17be2-6207-49d6-b833-4d7a7d7f3202-soft-24"
    },
    {
      "subject_id": "6af17be2-6207-49d6-b833-4d7a7d7f3202-anchoring-5-systems-6",
      "relation": "development of is",
      "object_id": "6af17be2-6207-49d6-b833-4d7a7d7f3202-application-13"
    },
    {
      "subject_id": "6af17be2-6207-49d6-b833-4d7a7d7f3202-anchoring-5-systems-6",
      "relation": "is",
      "object_id": "6af17be2-6207-49d6-b833-4d7a7d7f3202-offshore-4"
    },
    {
      "subject_id": "6af17be2-6207-49d6-b833-4d7a7d7f3202-application-13",
      "relation": "is",
      "object_id": "6af17be2-6207-49d6-b833-4d7a7d7f3202-technological-12"
    },
    {
      "subject_id": "6af17be2-6207-49d6-b833-4d7a7d7f3202-development-2",
      "relation": "is",
      "object_id": "6af17be2-6207-49d6-b833-4d7a7d7f3202-application-13"
    },
    {
      "subject_id": "6af17be2-6207-49d6-b833-4d7a7d7f3202-development-2",
      "relation": "is technological",
      "object_id": "6af17be2-6207-49d6-b833-4d7a7d7f3202-save-16"
    },
    {
      "subject_id": "6af17be2-6207-49d6-b833-4d7a7d7f3202-anchoring-5-systems-6",
      "relation": "is with",
      "object_id": "6af17be2-6207-49d6-b833-4d7a7d7f3202-Torpedo-8-Pile-9"
    },
    {
      "subject_id": "6af17be2-6207-49d6-b833-4d7a7d7f3202-technology-21",
      "relation": "is widely used by",
      "object_id": "NE-ORGANIZATION-Petrobras"
    },
    {
      "subject_id": "6af17be2-6207-49d6-b833-4d7a7d7f3202-technology-21",
      "relation": "is used by",
      "object_id": "NE-ORGANIZATION-Petrobras"
    },
    {
      "subject_id": "6af17be2-6207-49d6-b833-4d7a7d7f3202-technology-21",
      "relation": "is",
      "object_id": "6af17be2-6207-49d6-b833-4d7a7d7f3202-used-24"
    },
    {
      "subject_id": "6af17be2-6207-49d6-b833-4d7a7d7f3202-used-24",
      "relation": "by",
      "object_id": "NE-ORGANIZATION-Petrobras"
    },
    {
      "subject_id": "6af17be2-6207-49d6-b833-4d7a7d7f3202-used-24",
      "relation": "at",
      "object_id": "NE-COUNTRY-Brazil"
    },
    {
      "subject_id": "6af17be2-6207-49d6-b833-4d7a7d7f3202-used-24",
      "relation": "at",
      "object_id": "6af17be2-6207-49d6-b833-4d7a7d7f3202-widely-23"
    },
    {
      "subject_id": "6af17be2-6207-49d6-b833-4d7a7d7f3202-Torpedo-8-Pile-9",
      "relation": "is",
      "object_id": "6af17be2-6207-49d6-b833-4d7a7d7f3202-estimated-3"
    },
    {
      "subject_id": "NE-COUNTRY-Brazil",
      "relation": "in",
      "object_id": "6af17be2-6207-49d6-b833-4d7a7d7f3202-shore-16"
    },
    {
      "subject_id": "6af17be2-6207-49d6-b833-4d7a7d7f3202-anchor-23-process-24",
      "relation": "Kind of",
      "object_id": "6af17be2-6207-49d6-b833-4d7a7d7f3202-Anchor-4"
    },
    {
      "subject_id": "6af17be2-6207-49d6-b833-4d7a7d7f3202-anchor-23-process-24",
      "relation": "is",
      "object_id": "6af17be2-6207-49d6-b833-4d7a7d7f3202-applied-9"
    },
    {
      "subject_id": "6af17be2-6207-49d6-b833-4d7a7d7f3202-Kind-2",
      "relation": "is proven",
      "object_id": "6af17be2-6207-49d6-b833-4d7a7d7f3202-anchor-23-process-24"
    },
    {
      "subject_id": "6af17be2-6207-49d6-b833-4d7a7d7f3202-anchor-23-process-24",
      "relation": "at",
      "object_id": "6af17be2-6207-49d6-b833-4d7a7d7f3202-FPSOs-11"
    },
    {
      "subject_id": "6af17be2-6207-49d6-b833-4d7a7d7f3202-technology-9",
      "relation": "suggest",
      "object_id": "6af17be2-6207-49d6-b833-4d7a7d7f3202-applications-21"
    },
    {
      "subject_id": "6af17be2-6207-49d6-b833-4d7a7d7f3202-applications-21",
      "relation": "of",
      "object_id": "6af17be2-6207-49d6-b833-4d7a7d7f3202-torpedo-23-piles-24"
    },
    {
      "subject_id": "6af17be2-6207-49d6-b833-4d7a7d7f3202-technology-9",
      "relation": "considering",
      "object_id": "6af17be2-6207-49d6-b833-4d7a7d7f3202-mooring-14-installation-15-process-16"
    },
    {
      "subject_id": "6af17be2-6207-49d6-b833-4d7a7d7f3202-mooring-14-installation-15-process-16",
      "relation": "is",
      "object_id": "6af17be2-6207-49d6-b833-4d7a7d7f3202-overall-13"
    },
    {
      "subject_id": "6af17be2-6207-49d6-b833-4d7a7d7f3202-paper-2",
      "relation": "presents",
      "object_id": "6af17be2-6207-49d6-b833-4d7a7d7f3202-advantages-5"
    },
    {
      "subject_id": "6af17be2-6207-49d6-b833-4d7a7d7f3202-advantages-5",
      "relation": "use",
      "object_id": "6af17be2-6207-49d6-b833-4d7a7d7f3202-technology-9"
    },
    {
      "subject_id": "6af17be2-6207-49d6-b833-4d7a7d7f3202-applications-21",
      "relation": "is",
      "object_id": "6af17be2-6207-49d6-b833-4d7a7d7f3202-different-20"
    },
    {
      "subject_id": "6af17be2-6207-49d6-b833-4d7a7d7f3202-proposal-24",
      "relation": "use torpedo pile technology in",
      "object_id": "6af17be2-6207-49d6-b833-4d7a7d7f3202-mooring-33-design-34"
    },
    {
      "subject_id": "6af17be2-6207-49d6-b833-4d7a7d7f3202-work-21",
      "relation": "brings proposal Considering",
      "object_id": "6af17be2-6207-49d6-b833-4d7a7d7f3202-requirement-5"
    },
    {
      "subject_id": "6af17be2-6207-49d6-b833-4d7a7d7f3202-requirement-5",
      "relation": "at",
      "object_id": "6af17be2-6207-49d6-b833-4d7a7d7f3202-nowadays-3"
    },
    {
      "subject_id": "6af17be2-6207-49d6-b833-4d7a7d7f3202-proposal-24",
      "relation": "use",
      "object_id": "6af17be2-6207-49d6-b833-4d7a7d7f3202-torpedo-28-pile-29-technology-30"
    },
    {
      "subject_id": "6af17be2-6207-49d6-b833-4d7a7d7f3202-requirement-5",
      "relation": "is",
      "object_id": "6af17be2-6207-49d6-b833-4d7a7d7f3202-renewable-7"
    },
    {
      "subject_id": "6af17be2-6207-49d6-b833-4d7a7d7f3202-mooring-33-design-34",
      "relation": "is",
      "object_id": "6af17be2-6207-49d6-b833-4d7a7d7f3202-floating-37"
    },
    {
      "subject_id": "6af17be2-6207-49d6-b833-4d7a7d7f3202-mooring-33-design-34",
      "relation": "of",
      "object_id": "6af17be2-6207-49d6-b833-4d7a7d7f3202-wind-38-turbines-39"
    },
    {
      "subject_id": "6af17be2-6207-49d6-b833-4d7a7d7f3202-requirement-5",
      "relation": "is",
      "object_id": "6af17be2-6207-49d6-b833-4d7a7d7f3202-increasing-4"
    },
    {
      "subject_id": "6af17be2-6207-49d6-b833-4d7a7d7f3202-requirement-5",
      "relation": "of",
      "object_id": "6af17be2-6207-49d6-b833-4d7a7d7f3202-energy-8"
    },
    {
      "subject_id": "6af17be2-6207-49d6-b833-4d7a7d7f3202-torpedo-14-pile-15",
      "relation": "can improve competitiveness in",
      "object_id": "6af17be2-6207-49d6-b833-4d7a7d7f3202-installation-11-time-12"
    },
    {
      "subject_id": "6af17be2-6207-49d6-b833-4d7a7d7f3202-torpedo-14-pile-15",
      "relation": "can improve competitiveness With",
      "object_id": "6af17be2-6207-49d6-b833-4d7a7d7f3202-efficiency-4"
    },
    {
      "subject_id": "6af17be2-6207-49d6-b833-4d7a7d7f3202-efficiency-4",
      "relation": "is",
      "object_id": "6af17be2-6207-49d6-b833-4d7a7d7f3202-anchoring-3"
    },
    {
      "subject_id": "6af17be2-6207-49d6-b833-4d7a7d7f3202-torpedo-14-pile-15",
      "relation": "can improve",
      "object_id": "6af17be2-6207-49d6-b833-4d7a7d7f3202-competitiveness-18"
    },
    {
      "subject_id": "6af17be2-6207-49d6-b833-4d7a7d7f3202-installation-11-time-12",
      "relation": "is",
      "object_id": "6af17be2-6207-49d6-b833-4d7a7d7f3202-reduced-10"
    }
  ],
  "links": {
    "6af17be2-6207-49d6-b833-4d7a7d7f3202-systems-2": [],
    "6af17be2-6207-49d6-b833-4d7a7d7f3202-can-11-challenging-14-considering-16-loads-19": [],
    "6af17be2-6207-49d6-b833-4d7a7d7f3202-Anchoring-1": [
      "6af17be2-6207-49d6-b833-4d7a7d7f3202-anchoring-3"
    ],
    "6af17be2-6207-49d6-b833-4d7a7d7f3202-very-13": [],
    "6af17be2-6207-49d6-b833-4d7a7d7f3202-high-18": [],
    "6af17be2-6207-49d6-b833-4d7a7d7f3202-deep-4-water-6-Oil-7-operations-10": [],
    "6af17be2-6207-49d6-b833-4d7a7d7f3202-soil-25": [],
    "6af17be2-6207-49d6-b833-4d7a7d7f3202-anchor-29": [],
    "6af17be2-6207-49d6-b833-4d7a7d7f3202-soft-24": [],
    "6af17be2-6207-49d6-b833-4d7a7d7f3202-anchoring-5-systems-6": [],
    "6af17be2-6207-49d6-b833-4d7a7d7f3202-application-13": [],
    "6af17be2-6207-49d6-b833-4d7a7d7f3202-offshore-4": [],
    "6af17be2-6207-49d6-b833-4d7a7d7f3202-technological-12": [],
    "6af17be2-6207-49d6-b833-4d7a7d7f3202-development-2": [],
    "6af17be2-6207-49d6-b833-4d7a7d7f3202-save-16": [],
    "6af17be2-6207-49d6-b833-4d7a7d7f3202-Torpedo-8-Pile-9": [],
    "6af17be2-6207-49d6-b833-4d7a7d7f3202-technology-21": [],
    "NE-ORGANIZATION-Petrobras": [],
    "6af17be2-6207-49d6-b833-4d7a7d7f3202-used-24": [],
    "NE-COUNTRY-Brazil": [],
    "6af17be2-6207-49d6-b833-4d7a7d7f3202-widely-23": [],
    "6af17be2-6207-49d6-b833-4d7a7d7f3202-estimated-3": [],
    "6af17be2-6207-49d6-b833-4d7a7d7f3202-shore-16": [],
    "6af17be2-6207-49d6-b833-4d7a7d7f3202-anchor-23-process-24": [],
    "6af17be2-6207-49d6-b833-4d7a7d7f3202-Anchor-4": [],
    "6af17be2-6207-49d6-b833-4d7a7d7f3202-applied-9": [],
    "6af17be2-6207-49d6-b833-4d7a7d7f3202-Kind-2": [],
    "6af17be2-6207-49d6-b833-4d7a7d7f3202-FPSOs-11": [],
    "6af17be2-6207-49d6-b833-4d7a7d7f3202-technology-9": [],
    "6af17be2-6207-49d6-b833-4d7a7d7f3202-applications-21": [],
    "6af17be2-6207-49d6-b833-4d7a7d7f3202-torpedo-23-piles-24": [],
    "6af17be2-6207-49d6-b833-4d7a7d7f3202-mooring-14-installation-15-process-16": [],
    "6af17be2-6207-49d6-b833-4d7a7d7f3202-overall-13": [],
    "6af17be2-6207-49d6-b833-4d7a7d7f3202-paper-2": [],
    "6af17be2-6207-49d6-b833-4d7a7d7f3202-advantages-5": [],
    "6af17be2-6207-49d6-b833-4d7a7d7f3202-different-20": [],
    "6af17be2-6207-49d6-b833-4d7a7d7f3202-proposal-24": [],
    "6af17be2-6207-49d6-b833-4d7a7d7f3202-mooring-33-design-34": [],
    "6af17be2-6207-49d6-b833-4d7a7d7f3202-work-21": [],
    "6af17be2-6207-49d6-b833-4d7a7d7f3202-requirement-5": [],
    "6af17be2-6207-49d6-b833-4d7a7d7f3202-nowadays-3": [],
    "6af17be2-6207-49d6-b833-4d7a7d7f3202-torpedo-28-pile-29-technology-30": [],
    "6af17be2-6207-49d6-b833-4d7a7d7f3202-renewable-7": [],
    "6af17be2-6207-49d6-b833-4d7a7d7f3202-floating-37": [],
    "6af17be2-6207-49d6-b833-4d7a7d7f3202-wind-38-turbines-39": [],
    "6af17be2-6207-49d6-b833-4d7a7d7f3202-increasing-4": [],
    "6af17be2-6207-49d6-b833-4d7a7d7f3202-energy-8": [],
    "6af17be2-6207-49d6-b833-4d7a7d7f3202-torpedo-14-pile-15": [],
    "6af17be2-6207-49d6-b833-4d7a7d7f3202-installation-11-time-12": [],
    "6af17be2-6207-49d6-b833-4d7a7d7f3202-efficiency-4": [],
    "6af17be2-6207-49d6-b833-4d7a7d7f3202-anchoring-3": [
      "6af17be2-6207-49d6-b833-4d7a7d7f3202-Anchoring-1"
    ],
    "6af17be2-6207-49d6-b833-4d7a7d7f3202-competitiveness-18": [],
    "6af17be2-6207-49d6-b833-4d7a7d7f3202-reduced-10": []
  }
}