{
  "document": "D:/Projetos/PIRA_KG/documents/onu_77955408815.txt",
  "entities": {
    "3fbbdd88-8638-4b37-a689-c218c2b9f313-motivation-3": "motivation",
    "3fbbdd88-8638-4b37-a689-c218c2b9f313-repair-8-methodology-9": "repair methodology",
    "3fbbdd88-8638-4b37-a689-c218c2b9f313-basic-2": "basic",
    "3fbbdd88-8638-4b37-a689-c218c2b9f313-tankers-15": "tankers",
    "3fbbdd88-8638-4b37-a689-c218c2b9f313-overhauling-20": "overhauling",
    "3fbbdd88-8638-4b37-a689-c218c2b9f313-time-27": "time",
    "3fbbdd88-8638-4b37-a689-c218c2b9f313-docks-23": "docks",
    "3fbbdd88-8638-4b37-a689-c218c2b9f313-suitable-22": "suitable",
    "3fbbdd88-8638-4b37-a689-c218c2b9f313-time-25": "time",
    "3fbbdd88-8638-4b37-a689-c218c2b9f313-them-12": "them",
    "3fbbdd88-8638-4b37-a689-c218c2b9f313-deployed-9": "deployed",
    "3fbbdd88-8638-4b37-a689-c218c2b9f313-platforms-12": "platforms",
    "3fbbdd88-8638-4b37-a689-c218c2b9f313-floating-11": "floating",
    "3fbbdd88-8638-4b37-a689-c218c2b9f313-project-2": "project",
    "3fbbdd88-8638-4b37-a689-c218c2b9f313-conducted-4": "conducted",
    "3fbbdd88-8638-4b37-a689-c218c2b9f313-three-6-phases-7": "three phases",
    "3fbbdd88-8638-4b37-a689-c218c2b9f313-objective-2": "objective",
    "3fbbdd88-8638-4b37-a689-c218c2b9f313-qualification-11-procedure-12": "qualification procedure",
    "3fbbdd88-8638-4b37-a689-c218c2b9f313-adhesive-20-patches-21": "adhesive patches",
    "3fbbdd88-8638-4b37-a689-c218c2b9f313-bonded-15-repair-16-feasibility-26": "bonded repair feasibility",
    "3fbbdd88-8638-4b37-a689-c218c2b9f313-simple-28-examples-29": "simple examples",
    "3fbbdd88-8638-4b37-a689-c218c2b9f313-relevant-17-defects-18": "relevant defects",
    "3fbbdd88-8638-4b37-a689-c218c2b9f313-repair-15": "repair",
    "3fbbdd88-8638-4b37-a689-c218c2b9f313-defects-18": "defects",
    "3fbbdd88-8638-4b37-a689-c218c2b9f313-examples-29": "examples",
    "3fbbdd88-8638-4b37-a689-c218c2b9f313-patches-21": "patches",
    "3fbbdd88-8638-4b37-a689-c218c2b9f313-its-25-feasibility-26": "its feasibility",
    "3fbbdd88-8638-4b37-a689-c218c2b9f313-phase-6": "phase",
    "NE-ORDINAL-first": "first",
    "3fbbdd88-8638-4b37-a689-c218c2b9f313-qualification-15-tests-16": "qualification tests",
    "3fbbdd88-8638-4b37-a689-c218c2b9f313-performed-18": "performed",
    "3fbbdd88-8638-4b37-a689-c218c2b9f313-Project-5": "Project",
    "3fbbdd88-8638-4b37-a689-c218c2b9f313-issued-12": "issued",
    "3fbbdd88-8638-4b37-a689-c218c2b9f313-more-14": "more",
    "3fbbdd88-8638-4b37-a689-c218c2b9f313-phase-2-two-3": "phase two",
    "3fbbdd88-8638-4b37-a689-c218c2b9f313-Phase-1": "Phase",
    "3fbbdd88-8638-4b37-a689-c218c2b9f313-application-7": "application",
    "3fbbdd88-8638-4b37-a689-c218c2b9f313-three-2": "three",
    "3fbbdd88-8638-4b37-a689-c218c2b9f313-repair-18": "repair",
    "NE-ORGANIZATION-Petrobras": "Petrobras",
    "3fbbdd88-8638-4b37-a689-c218c2b9f313-practical-6": "practical",
    "3fbbdd88-8638-4b37-a689-c218c2b9f313-Practice-11": "Practice",
    "3fbbdd88-8638-4b37-a689-c218c2b9f313-ballast-21-tank-22": "ballast tank",
    "3fbbdd88-8638-4b37-a689-c218c2b9f313-accomplished-13": "accomplished",
    "3fbbdd88-8638-4b37-a689-c218c2b9f313-production-25-platform-27": "production platform",
    "3fbbdd88-8638-4b37-a689-c218c2b9f313-semisubmersible-26": "semisubmersible",
    "3fbbdd88-8638-4b37-a689-c218c2b9f313-Recommended-10": "Recommended",
    "3fbbdd88-8638-4b37-a689-c218c2b9f313-operation-33": "operation",
    "NE-CITY-Campos": "Campos",
    "3fbbdd88-8638-4b37-a689-c218c2b9f313-basin-36": "basin",
    "3fbbdd88-8638-4b37-a689-c218c2b9f313-repair-2": "repair",
    "3fbbdd88-8638-4b37-a689-c218c2b9f313-carbon-8-fiber-9-reinforcements-10": "carbon fiber reinforcements",
    "3fbbdd88-8638-4b37-a689-c218c2b9f313-vinylester-13-matrix-14": "vinylester matrix",
    "3fbbdd88-8638-4b37-a689-c218c2b9f313-paper-2": "paper",
    "3fbbdd88-8638-4b37-a689-c218c2b9f313-P-5-20-7-repair-8-case-9": "P 20 repair case",
    "3fbbdd88-8638-4b37-a689-c218c2b9f313-design-12": "design",
    "3fbbdd88-8638-4b37-a689-c218c2b9f313-repair-16": "repair",
    "3fbbdd88-8638-4b37-a689-c218c2b9f313-bonded-15": "bonded",
    "3fbbdd88-8638-4b37-a689-c218c2b9f313-overview-3": "overview",
    "3fbbdd88-8638-4b37-a689-c218c2b9f313-installation-8": "installation",
    "3fbbdd88-8638-4b37-a689-c218c2b9f313-brief-2": "brief",
    "NE-DATE-future": "future",
    "3fbbdd88-8638-4b37-a689-c218c2b9f313-follow-20-up-22": "follow up",
    "3fbbdd88-8638-4b37-a689-c218c2b9f313-presented-5": "presented",
    "3fbbdd88-8638-4b37-a689-c218c2b9f313-repair-11": "repair",
    "3fbbdd88-8638-4b37-a689-c218c2b9f313-studies-5-performed-6": "studies performed",
    "3fbbdd88-8638-4b37-a689-c218c2b9f313-described-15": "described",
    "3fbbdd88-8638-4b37-a689-c218c2b9f313-experimental-2": "experimental",
    "3fbbdd88-8638-4b37-a689-c218c2b9f313-briefly-14": "briefly",
    "3fbbdd88-8638-4b37-a689-c218c2b9f313-repair-3-trial-4": "repair trial",
    "3fbbdd88-8638-4b37-a689-c218c2b9f313-utility-7": "utility",
    "3fbbdd88-8638-4b37-a689-c218c2b9f313-managing-12-integrity-14-of-15-offshore-16-steel-17-structure-18-assets-19": "managing integrity of offshore steel structure assets",
    "3fbbdd88-8638-4b37-a689-c218c2b9f313-successful-2": "successful",
    "3fbbdd88-8638-4b37-a689-c218c2b9f313-repairs-10": "repairs",
    "3fbbdd88-8638-4b37-a689-c218c2b9f313-bonded-9": "bonded",
    "3fbbdd88-8638-4b37-a689-c218c2b9f313-steel-17-structure-18-assets-19": "steel structure assets",
    "3fbbdd88-8638-4b37-a689-c218c2b9f313-offshore-16": "offshore",
    "3fbbdd88-8638-4b37-a689-c218c2b9f313-integrity-14": "integrity",
    "3fbbdd88-8638-4b37-a689-c218c2b9f313-managing-12": "managing"
  },
  "graph": [
    {
      "subject_id": "3fbbdd88-8638-4b37-a689-c218c2b9f313-motivation-3",
      "relation": "was provide",
      "object_id": "3fbbdd88-8638-4b37-a689-c218c2b9f313-repair-8-methodology-9"
    },
    {
      "subject_id": "3fbbdd88-8638-4b37-a689-c218c2b9f313-motivation-3",
      "relation": "is",
      "object_id": "3fbbdd88-8638-4b37-a689-c218c2b9f313-basic-2"
    },
    {
      "subject_id": "3fbbdd88-8638-4b37-a689-c218c2b9f313-tankers-15",
      "relation": "designed for",
      "object_id": "3fbbdd88-8638-4b37-a689-c218c2b9f313-overhauling-20"
    },
    {
      "subject_id": "3fbbdd88-8638-4b37-a689-c218c2b9f313-overhauling-20",
      "relation": "at",
      "object_id": "3fbbdd88-8638-4b37-a689-c218c2b9f313-time-27"
    },
    {
      "subject_id": "3fbbdd88-8638-4b37-a689-c218c2b9f313-tankers-15",
      "relation": "originally designed for",
      "object_id": "3fbbdd88-8638-4b37-a689-c218c2b9f313-overhauling-20"
    },
    {
      "subject_id": "3fbbdd88-8638-4b37-a689-c218c2b9f313-overhauling-20",
      "relation": "at",
      "object_id": "3fbbdd88-8638-4b37-a689-c218c2b9f313-docks-23"
    },
    {
      "subject_id": "3fbbdd88-8638-4b37-a689-c218c2b9f313-overhauling-20",
      "relation": "is",
      "object_id": "3fbbdd88-8638-4b37-a689-c218c2b9f313-suitable-22"
    },
    {
      "subject_id": "3fbbdd88-8638-4b37-a689-c218c2b9f313-overhauling-20",
      "relation": "at",
      "object_id": "3fbbdd88-8638-4b37-a689-c218c2b9f313-time-25"
    },
    {
      "subject_id": "3fbbdd88-8638-4b37-a689-c218c2b9f313-them-12",
      "relation": "are",
      "object_id": "3fbbdd88-8638-4b37-a689-c218c2b9f313-deployed-9"
    },
    {
      "subject_id": "3fbbdd88-8638-4b37-a689-c218c2b9f313-deployed-9",
      "relation": "at",
      "object_id": "3fbbdd88-8638-4b37-a689-c218c2b9f313-platforms-12"
    },
    {
      "subject_id": "3fbbdd88-8638-4b37-a689-c218c2b9f313-them-12",
      "relation": "are deployed as",
      "object_id": "3fbbdd88-8638-4b37-a689-c218c2b9f313-platforms-12"
    },
    {
      "subject_id": "3fbbdd88-8638-4b37-a689-c218c2b9f313-platforms-12",
      "relation": "is",
      "object_id": "3fbbdd88-8638-4b37-a689-c218c2b9f313-floating-11"
    },
    {
      "subject_id": "3fbbdd88-8638-4b37-a689-c218c2b9f313-project-2",
      "relation": "was",
      "object_id": "3fbbdd88-8638-4b37-a689-c218c2b9f313-conducted-4"
    },
    {
      "subject_id": "3fbbdd88-8638-4b37-a689-c218c2b9f313-project-2",
      "relation": "was conducted in",
      "object_id": "3fbbdd88-8638-4b37-a689-c218c2b9f313-three-6-phases-7"
    },
    {
      "subject_id": "3fbbdd88-8638-4b37-a689-c218c2b9f313-objective-2",
      "relation": "was develop",
      "object_id": "3fbbdd88-8638-4b37-a689-c218c2b9f313-qualification-11-procedure-12"
    },
    {
      "subject_id": "3fbbdd88-8638-4b37-a689-c218c2b9f313-qualification-11-procedure-12",
      "relation": "of",
      "object_id": "3fbbdd88-8638-4b37-a689-c218c2b9f313-adhesive-20-patches-21"
    },
    {
      "subject_id": "3fbbdd88-8638-4b37-a689-c218c2b9f313-objective-2",
      "relation": "demonstrate",
      "object_id": "3fbbdd88-8638-4b37-a689-c218c2b9f313-bonded-15-repair-16-feasibility-26"
    },
    {
      "subject_id": "3fbbdd88-8638-4b37-a689-c218c2b9f313-bonded-15-repair-16-feasibility-26",
      "relation": "of",
      "object_id": "3fbbdd88-8638-4b37-a689-c218c2b9f313-simple-28-examples-29"
    },
    {
      "subject_id": "3fbbdd88-8638-4b37-a689-c218c2b9f313-qualification-11-procedure-12",
      "relation": "of",
      "object_id": "3fbbdd88-8638-4b37-a689-c218c2b9f313-relevant-17-defects-18"
    },
    {
      "subject_id": "3fbbdd88-8638-4b37-a689-c218c2b9f313-qualification-11-procedure-12",
      "relation": "of",
      "object_id": "3fbbdd88-8638-4b37-a689-c218c2b9f313-repair-15"
    },
    {
      "subject_id": "3fbbdd88-8638-4b37-a689-c218c2b9f313-qualification-11-procedure-12",
      "relation": "of",
      "object_id": "3fbbdd88-8638-4b37-a689-c218c2b9f313-defects-18"
    },
    {
      "subject_id": "3fbbdd88-8638-4b37-a689-c218c2b9f313-bonded-15-repair-16-feasibility-26",
      "relation": "of",
      "object_id": "3fbbdd88-8638-4b37-a689-c218c2b9f313-examples-29"
    },
    {
      "subject_id": "3fbbdd88-8638-4b37-a689-c218c2b9f313-qualification-11-procedure-12",
      "relation": "of",
      "object_id": "3fbbdd88-8638-4b37-a689-c218c2b9f313-patches-21"
    },
    {
      "subject_id": "3fbbdd88-8638-4b37-a689-c218c2b9f313-relevant-17-defects-18",
      "relation": "is with",
      "object_id": "3fbbdd88-8638-4b37-a689-c218c2b9f313-adhesive-20-patches-21"
    },
    {
      "subject_id": "3fbbdd88-8638-4b37-a689-c218c2b9f313-its-25-feasibility-26",
      "relation": "is with",
      "object_id": "3fbbdd88-8638-4b37-a689-c218c2b9f313-simple-28-examples-29"
    },
    {
      "subject_id": "3fbbdd88-8638-4b37-a689-c218c2b9f313-qualification-11-procedure-12",
      "relation": "objective of",
      "object_id": "3fbbdd88-8638-4b37-a689-c218c2b9f313-phase-6"
    },
    {
      "subject_id": "3fbbdd88-8638-4b37-a689-c218c2b9f313-phase-6",
      "relation": "is",
      "object_id": "NE-ORDINAL-first"
    },
    {
      "subject_id": "3fbbdd88-8638-4b37-a689-c218c2b9f313-qualification-15-tests-16",
      "relation": "were",
      "object_id": "3fbbdd88-8638-4b37-a689-c218c2b9f313-performed-18"
    },
    {
      "subject_id": "3fbbdd88-8638-4b37-a689-c218c2b9f313-Project-5",
      "relation": "was",
      "object_id": "3fbbdd88-8638-4b37-a689-c218c2b9f313-issued-12"
    },
    {
      "subject_id": "3fbbdd88-8638-4b37-a689-c218c2b9f313-qualification-15-tests-16",
      "relation": "is",
      "object_id": "3fbbdd88-8638-4b37-a689-c218c2b9f313-more-14"
    },
    {
      "subject_id": "3fbbdd88-8638-4b37-a689-c218c2b9f313-Project-5",
      "relation": "was issued Along",
      "object_id": "3fbbdd88-8638-4b37-a689-c218c2b9f313-phase-2-two-3"
    },
    {
      "subject_id": "3fbbdd88-8638-4b37-a689-c218c2b9f313-Phase-1",
      "relation": "consisted of",
      "object_id": "3fbbdd88-8638-4b37-a689-c218c2b9f313-application-7"
    },
    {
      "subject_id": "3fbbdd88-8638-4b37-a689-c218c2b9f313-Phase-1",
      "relation": "amount to",
      "object_id": "3fbbdd88-8638-4b37-a689-c218c2b9f313-three-2"
    },
    {
      "subject_id": "3fbbdd88-8638-4b37-a689-c218c2b9f313-application-7",
      "relation": "at",
      "object_id": "3fbbdd88-8638-4b37-a689-c218c2b9f313-repair-18"
    },
    {
      "subject_id": "3fbbdd88-8638-4b37-a689-c218c2b9f313-application-7",
      "relation": "at",
      "object_id": "NE-ORGANIZATION-Petrobras"
    },
    {
      "subject_id": "3fbbdd88-8638-4b37-a689-c218c2b9f313-application-7",
      "relation": "is",
      "object_id": "3fbbdd88-8638-4b37-a689-c218c2b9f313-practical-6"
    },
    {
      "subject_id": "3fbbdd88-8638-4b37-a689-c218c2b9f313-application-7",
      "relation": "of",
      "object_id": "3fbbdd88-8638-4b37-a689-c218c2b9f313-Practice-11"
    },
    {
      "subject_id": "3fbbdd88-8638-4b37-a689-c218c2b9f313-application-7",
      "relation": "of",
      "object_id": "3fbbdd88-8638-4b37-a689-c218c2b9f313-ballast-21-tank-22"
    },
    {
      "subject_id": "3fbbdd88-8638-4b37-a689-c218c2b9f313-application-7",
      "relation": "is",
      "object_id": "3fbbdd88-8638-4b37-a689-c218c2b9f313-accomplished-13"
    },
    {
      "subject_id": "3fbbdd88-8638-4b37-a689-c218c2b9f313-application-7",
      "relation": "of",
      "object_id": "3fbbdd88-8638-4b37-a689-c218c2b9f313-production-25-platform-27"
    },
    {
      "subject_id": "3fbbdd88-8638-4b37-a689-c218c2b9f313-application-7",
      "relation": "is",
      "object_id": "3fbbdd88-8638-4b37-a689-c218c2b9f313-semisubmersible-26"
    },
    {
      "subject_id": "3fbbdd88-8638-4b37-a689-c218c2b9f313-application-7",
      "relation": "is",
      "object_id": "3fbbdd88-8638-4b37-a689-c218c2b9f313-Recommended-10"
    },
    {
      "subject_id": "3fbbdd88-8638-4b37-a689-c218c2b9f313-application-7",
      "relation": "is in",
      "object_id": "3fbbdd88-8638-4b37-a689-c218c2b9f313-operation-33"
    },
    {
      "subject_id": "3fbbdd88-8638-4b37-a689-c218c2b9f313-operation-33",
      "relation": "of",
      "object_id": "NE-CITY-Campos"
    },
    {
      "subject_id": "3fbbdd88-8638-4b37-a689-c218c2b9f313-operation-33",
      "relation": "of",
      "object_id": "3fbbdd88-8638-4b37-a689-c218c2b9f313-basin-36"
    },
    {
      "subject_id": "3fbbdd88-8638-4b37-a689-c218c2b9f313-repair-2",
      "relation": "was accomplished by",
      "object_id": "3fbbdd88-8638-4b37-a689-c218c2b9f313-carbon-8-fiber-9-reinforcements-10"
    },
    {
      "subject_id": "3fbbdd88-8638-4b37-a689-c218c2b9f313-carbon-8-fiber-9-reinforcements-10",
      "relation": "of",
      "object_id": "3fbbdd88-8638-4b37-a689-c218c2b9f313-vinylester-13-matrix-14"
    },
    {
      "subject_id": "3fbbdd88-8638-4b37-a689-c218c2b9f313-paper-2",
      "relation": "describes",
      "object_id": "3fbbdd88-8638-4b37-a689-c218c2b9f313-P-5-20-7-repair-8-case-9"
    },
    {
      "subject_id": "3fbbdd88-8638-4b37-a689-c218c2b9f313-P-5-20-7-repair-8-case-9",
      "relation": "paper",
      "object_id": "3fbbdd88-8638-4b37-a689-c218c2b9f313-design-12"
    },
    {
      "subject_id": "3fbbdd88-8638-4b37-a689-c218c2b9f313-design-12",
      "relation": "of",
      "object_id": "3fbbdd88-8638-4b37-a689-c218c2b9f313-repair-16"
    },
    {
      "subject_id": "3fbbdd88-8638-4b37-a689-c218c2b9f313-design-12",
      "relation": "is",
      "object_id": "3fbbdd88-8638-4b37-a689-c218c2b9f313-bonded-15"
    },
    {
      "subject_id": "3fbbdd88-8638-4b37-a689-c218c2b9f313-overview-3",
      "relation": "is presented of",
      "object_id": "3fbbdd88-8638-4b37-a689-c218c2b9f313-installation-8"
    },
    {
      "subject_id": "3fbbdd88-8638-4b37-a689-c218c2b9f313-overview-3",
      "relation": "is",
      "object_id": "3fbbdd88-8638-4b37-a689-c218c2b9f313-brief-2"
    },
    {
      "subject_id": "3fbbdd88-8638-4b37-a689-c218c2b9f313-installation-8",
      "relation": "is",
      "object_id": "NE-DATE-future"
    },
    {
      "subject_id": "3fbbdd88-8638-4b37-a689-c218c2b9f313-installation-8",
      "relation": "of",
      "object_id": "3fbbdd88-8638-4b37-a689-c218c2b9f313-follow-20-up-22"
    },
    {
      "subject_id": "3fbbdd88-8638-4b37-a689-c218c2b9f313-overview-3",
      "relation": "is",
      "object_id": "3fbbdd88-8638-4b37-a689-c218c2b9f313-presented-5"
    },
    {
      "subject_id": "3fbbdd88-8638-4b37-a689-c218c2b9f313-installation-8",
      "relation": "of",
      "object_id": "3fbbdd88-8638-4b37-a689-c218c2b9f313-repair-11"
    },
    {
      "subject_id": "3fbbdd88-8638-4b37-a689-c218c2b9f313-studies-5-performed-6",
      "relation": "are",
      "object_id": "3fbbdd88-8638-4b37-a689-c218c2b9f313-described-15"
    },
    {
      "subject_id": "3fbbdd88-8638-4b37-a689-c218c2b9f313-studies-5-performed-6",
      "relation": "is",
      "object_id": "3fbbdd88-8638-4b37-a689-c218c2b9f313-experimental-2"
    },
    {
      "subject_id": "3fbbdd88-8638-4b37-a689-c218c2b9f313-described-15",
      "relation": "at",
      "object_id": "3fbbdd88-8638-4b37-a689-c218c2b9f313-briefly-14"
    },
    {
      "subject_id": "3fbbdd88-8638-4b37-a689-c218c2b9f313-repair-3-trial-4",
      "relation": "demonstrates",
      "object_id": "3fbbdd88-8638-4b37-a689-c218c2b9f313-utility-7"
    },
    {
      "subject_id": "3fbbdd88-8638-4b37-a689-c218c2b9f313-utility-7",
      "relation": "of",
      "object_id": "3fbbdd88-8638-4b37-a689-c218c2b9f313-managing-12-integrity-14-of-15-offshore-16-steel-17-structure-18-assets-19"
    },
    {
      "subject_id": "3fbbdd88-8638-4b37-a689-c218c2b9f313-repair-3-trial-4",
      "relation": "is",
      "object_id": "3fbbdd88-8638-4b37-a689-c218c2b9f313-successful-2"
    },
    {
      "subject_id": "3fbbdd88-8638-4b37-a689-c218c2b9f313-utility-7",
      "relation": "of",
      "object_id": "3fbbdd88-8638-4b37-a689-c218c2b9f313-repairs-10"
    },
    {
      "subject_id": "3fbbdd88-8638-4b37-a689-c218c2b9f313-utility-7",
      "relation": "is",
      "object_id": "3fbbdd88-8638-4b37-a689-c218c2b9f313-bonded-9"
    },
    {
      "subject_id": "3fbbdd88-8638-4b37-a689-c218c2b9f313-utility-7",
      "relation": "of",
      "object_id": "3fbbdd88-8638-4b37-a689-c218c2b9f313-steel-17-structure-18-assets-19"
    },
    {
      "subject_id": "3fbbdd88-8638-4b37-a689-c218c2b9f313-utility-7",
      "relation": "is",
      "object_id": "3fbbdd88-8638-4b37-a689-c218c2b9f313-offshore-16"
    },
    {
      "subject_id": "3fbbdd88-8638-4b37-a689-c218c2b9f313-utility-7",
      "relation": "of",
      "object_id": "3fbbdd88-8638-4b37-a689-c218c2b9f313-integrity-14"
    },
    {
      "subject_id": "3fbbdd88-8638-4b37-a689-c218c2b9f313-utility-7",
      "relation": "is",
      "object_id": "3fbbdd88-8638-4b37-a689-c218c2b9f313-managing-12"
    },
    {
      "subject_id": "3fbbdd88-8638-4b37-a689-c218c2b9f313-utility-7",
      "relation": "is in",
      "object_id": "3fbbdd88-8638-4b37-a689-c218c2b9f313-managing-12-integrity-14-of-15-offshore-16-steel-17-structure-18-assets-19"
    }
  ],
  "links": {
    "3fbbdd88-8638-4b37-a689-c218c2b9f313-motivation-3": [],
    "3fbbdd88-8638-4b37-a689-c218c2b9f313-repair-8-methodology-9": [],
    "3fbbdd88-8638-4b37-a689-c218c2b9f313-basic-2": [],
    "3fbbdd88-8638-4b37-a689-c218c2b9f313-tankers-15": [],
    "3fbbdd88-8638-4b37-a689-c218c2b9f313-overhauling-20": [],
    "3fbbdd88-8638-4b37-a689-c218c2b9f313-time-27": [
      "3fbbdd88-8638-4b37-a689-c218c2b9f313-time-25"
    ],
    "3fbbdd88-8638-4b37-a689-c218c2b9f313-docks-23": [],
    "3fbbdd88-8638-4b37-a689-c218c2b9f313-suitable-22": [],
    "3fbbdd88-8638-4b37-a689-c218c2b9f313-time-25": [
      "3fbbdd88-8638-4b37-a689-c218c2b9f313-time-27"
    ],
    "3fbbdd88-8638-4b37-a689-c218c2b9f313-them-12": [],
    "3fbbdd88-8638-4b37-a689-c218c2b9f313-deployed-9": [],
    "3fbbdd88-8638-4b37-a689-c218c2b9f313-platforms-12": [],
    "3fbbdd88-8638-4b37-a689-c218c2b9f313-floating-11": [],
    "3fbbdd88-8638-4b37-a689-c218c2b9f313-project-2": [],
    "3fbbdd88-8638-4b37-a689-c218c2b9f313-conducted-4": [],
    "3fbbdd88-8638-4b37-a689-c218c2b9f313-three-6-phases-7": [],
    "3fbbdd88-8638-4b37-a689-c218c2b9f313-objective-2": [],
    "3fbbdd88-8638-4b37-a689-c218c2b9f313-qualification-11-procedure-12": [],
    "3fbbdd88-8638-4b37-a689-c218c2b9f313-adhesive-20-patches-21": [],
    "3fbbdd88-8638-4b37-a689-c218c2b9f313-bonded-15-repair-16-feasibility-26": [],
    "3fbbdd88-8638-4b37-a689-c218c2b9f313-simple-28-examples-29": [],
    "3fbbdd88-8638-4b37-a689-c218c2b9f313-relevant-17-defects-18": [],
    "3fbbdd88-8638-4b37-a689-c218c2b9f313-repair-15": [],
    "3fbbdd88-8638-4b37-a689-c218c2b9f313-defects-18": [],
    "3fbbdd88-8638-4b37-a689-c218c2b9f313-examples-29": [],
    "3fbbdd88-8638-4b37-a689-c218c2b9f313-patches-21": [],
    "3fbbdd88-8638-4b37-a689-c218c2b9f313-its-25-feasibility-26": [],
    "3fbbdd88-8638-4b37-a689-c218c2b9f313-phase-6": [],
    "NE-ORDINAL-first": [],
    "3fbbdd88-8638-4b37-a689-c218c2b9f313-qualification-15-tests-16": [],
    "3fbbdd88-8638-4b37-a689-c218c2b9f313-performed-18": [],
    "3fbbdd88-8638-4b37-a689-c218c2b9f313-Project-5": [],
    "3fbbdd88-8638-4b37-a689-c218c2b9f313-issued-12": [],
    "3fbbdd88-8638-4b37-a689-c218c2b9f313-more-14": [],
    "3fbbdd88-8638-4b37-a689-c218c2b9f313-phase-2-two-3": [],
    "3fbbdd88-8638-4b37-a689-c218c2b9f313-Phase-1": [],
    "3fbbdd88-8638-4b37-a689-c218c2b9f313-application-7": [],
    "3fbbdd88-8638-4b37-a689-c218c2b9f313-three-2": [],
    "3fbbdd88-8638-4b37-a689-c218c2b9f313-repair-18": [],
    "NE-ORGANIZATION-Petrobras": [],
    "3fbbdd88-8638-4b37-a689-c218c2b9f313-practical-6": [],
    "3fbbdd88-8638-4b37-a689-c218c2b9f313-Practice-11": [],
    "3fbbdd88-8638-4b37-a689-c218c2b9f313-ballast-21-tank-22": [],
    "3fbbdd88-8638-4b37-a689-c218c2b9f313-accomplished-13": [],
    "3fbbdd88-8638-4b37-a689-c218c2b9f313-production-25-platform-27": [],
    "3fbbdd88-8638-4b37-a689-c218c2b9f313-semisubmersible-26": [],
    "3fbbdd88-8638-4b37-a689-c218c2b9f313-Recommended-10": [],
    "3fbbdd88-8638-4b37-a689-c218c2b9f313-operation-33": [],
    "NE-CITY-Campos": [],
    "3fbbdd88-8638-4b37-a689-c218c2b9f313-basin-36": [],
    "3fbbdd88-8638-4b37-a689-c218c2b9f313-repair-2": [],
    "3fbbdd88-8638-4b37-a689-c218c2b9f313-carbon-8-fiber-9-reinforcements-10": [],
    "3fbbdd88-8638-4b37-a689-c218c2b9f313-vinylester-13-matrix-14": [],
    "3fbbdd88-8638-4b37-a689-c218c2b9f313-paper-2": [],
    "3fbbdd88-8638-4b37-a689-c218c2b9f313-P-5-20-7-repair-8-case-9": [],
    "3fbbdd88-8638-4b37-a689-c218c2b9f313-design-12": [],
    "3fbbdd88-8638-4b37-a689-c218c2b9f313-repair-16": [
      "3fbbdd88-8638-4b37-a689-c218c2b9f313-repair-11"
    ],
    "3fbbdd88-8638-4b37-a689-c218c2b9f313-bonded-15": [
      "3fbbdd88-8638-4b37-a689-c218c2b9f313-bonded-9"
    ],
    "3fbbdd88-8638-4b37-a689-c218c2b9f313-overview-3": [],
    "3fbbdd88-8638-4b37-a689-c218c2b9f313-installation-8": [],
    "3fbbdd88-8638-4b37-a689-c218c2b9f313-brief-2": [],
    "NE-DATE-future": [],
    "3fbbdd88-8638-4b37-a689-c218c2b9f313-follow-20-up-22": [],
    "3fbbdd88-8638-4b37-a689-c218c2b9f313-presented-5": [],
    "3fbbdd88-8638-4b37-a689-c218c2b9f313-repair-11": [
      "3fbbdd88-8638-4b37-a689-c218c2b9f313-repair-16"
    ],
    "3fbbdd88-8638-4b37-a689-c218c2b9f313-studies-5-performed-6": [],
    "3fbbdd88-8638-4b37-a689-c218c2b9f313-described-15": [],
    "3fbbdd88-8638-4b37-a689-c218c2b9f313-experimental-2": [],
    "3fbbdd88-8638-4b37-a689-c218c2b9f313-briefly-14": [],
    "3fbbdd88-8638-4b37-a689-c218c2b9f313-repair-3-trial-4": [],
    "3fbbdd88-8638-4b37-a689-c218c2b9f313-utility-7": [],
    "3fbbdd88-8638-4b37-a689-c218c2b9f313-managing-12-integrity-14-of-15-offshore-16-steel-17-structure-18-assets-19": [],
    "3fbbdd88-8638-4b37-a689-c218c2b9f313-successful-2": [],
    "3fbbdd88-8638-4b37-a689-c218c2b9f313-repairs-10": [],
    "3fbbdd88-8638-4b37-a689-c218c2b9f313-bonded-9": [
      "3fbbdd88-8638-4b37-a689-c218c2b9f313-bonded-15"
    ],
    "3fbbdd88-8638-4b37-a689-c218c2b9f313-steel-17-structure-18-assets-19": [],
    "3fbbdd88-8638-4b37-a689-c218c2b9f313-offshore-16": [],
    "3fbbdd88-8638-4b37-a689-c218c2b9f313-integrity-14": [],
    "3fbbdd88-8638-4b37-a689-c218c2b9f313-managing-12": []
  }
}