{
  "document": "D:/Projetos/PIRA_KG/documents/onu_24044508291.txt",
  "entities": {
    "172d53b1-9917-4393-8895-7e062ea5429d-discussion-2": "discussion",
    "172d53b1-9917-4393-8895-7e062ea5429d-activities-7": "activities",
    "NE-MISC-South": "South",
    "172d53b1-9917-4393-8895-7e062ea5429d-brief-14": "brief",
    "NE-NATIONALITY-American": "American",
    "172d53b1-9917-4393-8895-7e062ea5429d-dozen-11-companies-12": "dozen companies",
    "NE-ORGANIZATION-Enventure-Global-Technology": "Enventure Global Technology",
    "172d53b1-9917-4393-8895-7e062ea5429d-expansible-9-system-11": "expansible system",
    "NE-ORDINAL-first": "first",
    "172d53b1-9917-4393-8895-7e062ea5429d-tubular-10": "tubular",
    "172d53b1-9917-4393-8895-7e062ea5429d-solid-8": "solid",
    "NE-ORGANIZATION-Halliburton-Energy-Services": "Halliburton Energy Services",
    "172d53b1-9917-4393-8895-7e062ea5429d-270-11-ft-12-4.5-13": "270 ft 4.5",
    "172d53b1-9917-4393-8895-7e062ea5429d-FlexClad-1-system-2": "FlexClad system",
    "172d53b1-9917-4393-8895-7e062ea5429d-drilling-5": "drilling",
    "172d53b1-9917-4393-8895-7e062ea5429d-well-7": "well",
    "172d53b1-9917-4393-8895-7e062ea5429d-FlexClad-2-system-3": "FlexClad system",
    "172d53b1-9917-4393-8895-7e062ea5429d-temperature-9": "temperature",
    "172d53b1-9917-4393-8895-7e062ea5429d-high-8": "high",
    "172d53b1-9917-4393-8895-7e062ea5429d-SET-5-technology-6": "SET technology",
    "172d53b1-9917-4393-8895-7e062ea5429d-technology-25": "technology",
    "172d53b1-9917-4393-8895-7e062ea5429d-oils-30": "oils",
    "NE-ORGANIZATION-Petrobank-Energy-&-Resources-of-Canada": "Petrobank Energy & Resources of Canada",
    "172d53b1-9917-4393-8895-7e062ea5429d-crude-29": "crude",
    "172d53b1-9917-4393-8895-7e062ea5429d-heavy-28": "heavy",
    "172d53b1-9917-4393-8895-7e062ea5429d-exclusive-24": "exclusive",
    "172d53b1-9917-4393-8895-7e062ea5429d-agreements-10": "agreements",
    "172d53b1-9917-4393-8895-7e062ea5429d-owned-14-petroleum-15-companies-16": "owned petroleum companies",
    "NE-COUNTRY-Brazil": "Brazil",
    "172d53b1-9917-4393-8895-7e062ea5429d-technology-2": "technology",
    "172d53b1-9917-4393-8895-7e062ea5429d-air-5-injection-6": "air injection",
    "NE-NATIONALITY-THAI": "THAI",
    "172d53b1-9917-4393-8895-7e062ea5429d-combination-9": "combination",
    "172d53b1-9917-4393-8895-7e062ea5429d-drills-3": "drills",
    "172d53b1-9917-4393-8895-7e062ea5429d-horizontal-12-well-13-to-14-recover-15": "horizontal well to recover",
    "NE-ORGANIZATION-Petróleo-Brasileiro-SA": "Petróleo Brasileiro SA",
    "172d53b1-9917-4393-8895-7e062ea5429d-technology-11": "technology",
    "NE-PERSON-Empresa-Columbiana-de-Petróleos": "Empresa Columbiana de Petróleos",
    "172d53b1-9917-4393-8895-7e062ea5429d-negotiations-5": "negotiations",
    "NE-ORGANIZATION-Petróleos-de-Venezuela-SA": "Petróleos de Venezuela SA",
    "NE-ORGANIZATION-Petrobank": "Petrobank",
    "172d53b1-9917-4393-8895-7e062ea5429d-use-14": "use",
    "172d53b1-9917-4393-8895-7e062ea5429d-evaluation-17-technology-18": "evaluation technology",
    "NE-ORGANIZATION-Petrobras-Energía": "Petrobras Energía",
    "NE-ORGANIZATION-Petrobras": "Petrobras",
    "172d53b1-9917-4393-8895-7e062ea5429d-order-16": "order",
    "172d53b1-9917-4393-8895-7e062ea5429d-297-18-km-19": "297 km",
    "NE-MONEY-$78-million": "$ 78 million",
    "NE-TITLE-manufacturer": "manufacturer",
    "172d53b1-9917-4393-8895-7e062ea5429d-piping-21": "piping",
    "172d53b1-9917-4393-8895-7e062ea5429d-Part-1": "Part",
    "NE-PERSON-Siat": "Siat",
    "172d53b1-9917-4393-8895-7e062ea5429d-Argentine-9": "Argentine",
    "172d53b1-9917-4393-8895-7e062ea5429d-TenarisConfab-1": "TenarisConfab",
    "172d53b1-9917-4393-8895-7e062ea5429d-world-12-supplier-13": "world supplier",
    "172d53b1-9917-4393-8895-7e062ea5429d-leading-11": "leading",
    "172d53b1-9917-4393-8895-7e062ea5429d-subsidiary-4": "subsidiary",
    "NE-ORGANIZATION-Tenaris": "Tenaris",
    "NE-COUNTRY-Italy": "Italy",
    "172d53b1-9917-4393-8895-7e062ea5429d-piping-15": "piping",
    "172d53b1-9917-4393-8895-7e062ea5429d-Sevan-1-Marine-2": "Sevan Marine",
    "172d53b1-9917-4393-8895-7e062ea5429d-Brasil-4-Ltda-5": "Brasil Ltda",
    "172d53b1-9917-4393-8895-7e062ea5429d-facilities-2": "facilities",
    "172d53b1-9917-4393-8895-7e062ea5429d-shipyard-9": "shipyard",
    "NE-LOCATION-Raffles": "Raffles",
    "NE-CITY-Yantai": "Yantai",
    "172d53b1-9917-4393-8895-7e062ea5429d-built-4": "built",
    "NE-COUNTRY-China": "China",
    "172d53b1-9917-4393-8895-7e062ea5429d-$-2-contract-5": "$ contract",
    "NE-DURATION-11-yr": "11 yr",
    "NE-MONEY-$399-million": "$ 399 million",
    "NE-ORGANIZATION-FPSO": "FPSO",
    "172d53b1-9917-4393-8895-7e062ea5429d-will-3-able-5": "will able",
    "172d53b1-9917-4393-8895-7e062ea5429d-30,000-8-bpd-9": "30,000 bpd",
    "172d53b1-9917-4393-8895-7e062ea5429d-crude-11": "crude",
    "172d53b1-9917-4393-8895-7e062ea5429d-3.6-15-million-16-cu-17-m-18": "3.6 million cu m",
    "172d53b1-9917-4393-8895-7e062ea5429d-oil-12": "oil",
    "172d53b1-9917-4393-8895-7e062ea5429d-subsidiary-5": "subsidiary",
    "172d53b1-9917-4393-8895-7e062ea5429d-interest-22": "interest",
    "NE-PERCENT-25%": "25 %",
    "172d53b1-9917-4393-8895-7e062ea5429d-installations-25": "installations",
    "NE-ORGANIZATION-Sevan-Marine": "Sevan Marine",
    "NE-ORGANIZATION-Sevan-Marine-ASA": "Sevan Marine ASA",
    "NE-ORGANIZATION-Comércio-Ltda": "Comércio Ltda",
    "172d53b1-9917-4393-8895-7e062ea5429d-Norway-11-Etesco-13-Construção-14-e-15": "Norway Etesco Construção e",
    "NE-ORGANIZATION-Aeroservicios-Especializados": "Aeroservicios Especializados",
    "172d53b1-9917-4393-8895-7e062ea5429d-petroleum-22-field-23-work-24": "petroleum field work",
    "NE-CITY-Bay": "Bay",
    "NE-ORGANIZATION-Saab-Transponder-Tech": "Saab Transponder Tech",
    "172d53b1-9917-4393-8895-7e062ea5429d-17-10-helicopters-11": "17 helicopters",
    "172d53b1-9917-4393-8895-7e062ea5429d-security-7-R4A-8": "security R4A",
    "NE-ORGANIZATION-Pemex": "Pemex",
    "172d53b1-9917-4393-8895-7e062ea5429d-aerial-6": "aerial",
    "NE-CITY-Campeche": "Campeche",
    "NE-ORGANIZATION-Mitsubishi-Corp": "Mitsubishi Corp",
    "172d53b1-9917-4393-8895-7e062ea5429d-company-10": "company",
    "172d53b1-9917-4393-8895-7e062ea5429d-joint-9": "joint",
    "172d53b1-9917-4393-8895-7e062ea5429d-refineries-22": "refineries",
    "NE-NATIONALITY-Brazilian": "Brazilian",
    "172d53b1-9917-4393-8895-7e062ea5429d-oil-14": "oil",
    "NE-CITY-Campos": "Campos",
    "NE-ORGANIZATION-Marubeni-Corp": "Marubeni Corp",
    "172d53b1-9917-4393-8895-7e062ea5429d-crude-13": "crude",
    "172d53b1-9917-4393-8895-7e062ea5429d-terminal-12": "terminal",
    "172d53b1-9917-4393-8895-7e062ea5429d-offloading-15-tankers-16": "offloading tankers",
    "NE-TITLE-marine": "marine",
    "172d53b1-9917-4393-8895-7e062ea5429d-company-2": "company",
    "NE-ORGANIZATION-JGC-Corp": "JGC Corp",
    "172d53b1-9917-4393-8895-7e062ea5429d-services-6": "services",
    "172d53b1-9917-4393-8895-7e062ea5429d-managerial-5": "managerial",
    "172d53b1-9917-4393-8895-7e062ea5429d-project-2": "project",
    "NE-MONEY-$900-million": "$ 900 million",
    "172d53b1-9917-4393-8895-7e062ea5429d-loans-9": "loans",
    "172d53b1-9917-4393-8895-7e062ea5429d-265-25-wells-26": "265 wells",
    "172d53b1-9917-4393-8895-7e062ea5429d-gas-30-field-31": "gas field",
    "NE-CITY-Burgos": "Burgos",
    "NE-ORGANIZATION-Drillers-Technology-de-México": "Drillers Technology de México",
    "172d53b1-9917-4393-8895-7e062ea5429d-work-19": "work",
    "NE-ORGANIZATION-Drillers-Technology-Corp": "Drillers Technology Corp",
    "NE-ORGANIZATION-Petroenge-Petróleo-Engenharia-Ltda": "Petroenge Petróleo Engenharia Ltda",
    "172d53b1-9917-4393-8895-7e062ea5429d-repairs-18": "repairs",
    "172d53b1-9917-4393-8895-7e062ea5429d-headquarters-8": "headquarters",
    "NE-LOCATION-Macaé": "Macaé",
    "172d53b1-9917-4393-8895-7e062ea5429d-equipment-23-testing-24": "equipment testing",
    "172d53b1-9917-4393-8895-7e062ea5429d-cargo-27-activity-28": "cargo activity"
  },
  "graph": [
    {
      "subject_id": "172d53b1-9917-4393-8895-7e062ea5429d-discussion-2",
      "relation": "covers",
      "object_id": "172d53b1-9917-4393-8895-7e062ea5429d-activities-7"
    },
    {
      "subject_id": "172d53b1-9917-4393-8895-7e062ea5429d-activities-7",
      "relation": "is",
      "object_id": "NE-MISC-South"
    },
    {
      "subject_id": "172d53b1-9917-4393-8895-7e062ea5429d-discussion-2",
      "relation": "covers activities in",
      "object_id": "172d53b1-9917-4393-8895-7e062ea5429d-brief-14"
    },
    {
      "subject_id": "172d53b1-9917-4393-8895-7e062ea5429d-activities-7",
      "relation": "is",
      "object_id": "NE-NATIONALITY-American"
    },
    {
      "subject_id": "172d53b1-9917-4393-8895-7e062ea5429d-activities-7",
      "relation": "of",
      "object_id": "172d53b1-9917-4393-8895-7e062ea5429d-dozen-11-companies-12"
    },
    {
      "subject_id": "NE-ORGANIZATION-Enventure-Global-Technology",
      "relation": "has installed",
      "object_id": "172d53b1-9917-4393-8895-7e062ea5429d-expansible-9-system-11"
    },
    {
      "subject_id": "172d53b1-9917-4393-8895-7e062ea5429d-expansible-9-system-11",
      "relation": "is",
      "object_id": "NE-ORDINAL-first"
    },
    {
      "subject_id": "172d53b1-9917-4393-8895-7e062ea5429d-expansible-9-system-11",
      "relation": "is",
      "object_id": "172d53b1-9917-4393-8895-7e062ea5429d-tubular-10"
    },
    {
      "subject_id": "172d53b1-9917-4393-8895-7e062ea5429d-expansible-9-system-11",
      "relation": "is",
      "object_id": "172d53b1-9917-4393-8895-7e062ea5429d-solid-8"
    },
    {
      "subject_id": "NE-ORGANIZATION-Halliburton-Energy-Services",
      "relation": "have installed in",
      "object_id": "172d53b1-9917-4393-8895-7e062ea5429d-270-11-ft-12-4.5-13"
    },
    {
      "subject_id": "NE-ORGANIZATION-Enventure-Global-Technology",
      "relation": "have installed in",
      "object_id": "172d53b1-9917-4393-8895-7e062ea5429d-270-11-ft-12-4.5-13"
    },
    {
      "subject_id": "NE-ORGANIZATION-Halliburton-Energy-Services",
      "relation": "have installed",
      "object_id": "172d53b1-9917-4393-8895-7e062ea5429d-270-11-ft-12-4.5-13"
    },
    {
      "subject_id": "NE-ORGANIZATION-Enventure-Global-Technology",
      "relation": "have installed",
      "object_id": "172d53b1-9917-4393-8895-7e062ea5429d-270-11-ft-12-4.5-13"
    },
    {
      "subject_id": "172d53b1-9917-4393-8895-7e062ea5429d-FlexClad-1-system-2",
      "relation": "insulate",
      "object_id": "172d53b1-9917-4393-8895-7e062ea5429d-drilling-5"
    },
    {
      "subject_id": "172d53b1-9917-4393-8895-7e062ea5429d-drilling-5",
      "relation": "at",
      "object_id": "172d53b1-9917-4393-8895-7e062ea5429d-well-7"
    },
    {
      "subject_id": "172d53b1-9917-4393-8895-7e062ea5429d-FlexClad-2-system-3",
      "relation": "adapts SET technology to",
      "object_id": "172d53b1-9917-4393-8895-7e062ea5429d-temperature-9"
    },
    {
      "subject_id": "172d53b1-9917-4393-8895-7e062ea5429d-temperature-9",
      "relation": "is",
      "object_id": "172d53b1-9917-4393-8895-7e062ea5429d-high-8"
    },
    {
      "subject_id": "172d53b1-9917-4393-8895-7e062ea5429d-FlexClad-2-system-3",
      "relation": "adapts",
      "object_id": "172d53b1-9917-4393-8895-7e062ea5429d-SET-5-technology-6"
    },
    {
      "subject_id": "172d53b1-9917-4393-8895-7e062ea5429d-technology-25",
      "relation": "evaluate",
      "object_id": "172d53b1-9917-4393-8895-7e062ea5429d-oils-30"
    },
    {
      "subject_id": "NE-ORGANIZATION-Petrobank-Energy-&-Resources-of-Canada",
      "relation": "has",
      "object_id": "172d53b1-9917-4393-8895-7e062ea5429d-technology-25"
    },
    {
      "subject_id": "172d53b1-9917-4393-8895-7e062ea5429d-oils-30",
      "relation": "is",
      "object_id": "172d53b1-9917-4393-8895-7e062ea5429d-crude-29"
    },
    {
      "subject_id": "172d53b1-9917-4393-8895-7e062ea5429d-oils-30",
      "relation": "is",
      "object_id": "172d53b1-9917-4393-8895-7e062ea5429d-heavy-28"
    },
    {
      "subject_id": "172d53b1-9917-4393-8895-7e062ea5429d-technology-25",
      "relation": "is",
      "object_id": "172d53b1-9917-4393-8895-7e062ea5429d-exclusive-24"
    },
    {
      "subject_id": "172d53b1-9917-4393-8895-7e062ea5429d-agreements-10",
      "relation": "is with",
      "object_id": "172d53b1-9917-4393-8895-7e062ea5429d-owned-14-petroleum-15-companies-16"
    },
    {
      "subject_id": "172d53b1-9917-4393-8895-7e062ea5429d-owned-14-petroleum-15-companies-16",
      "relation": "of",
      "object_id": "NE-COUNTRY-Brazil"
    },
    {
      "subject_id": "172d53b1-9917-4393-8895-7e062ea5429d-owned-14-petroleum-15-companies-16",
      "relation": "is in",
      "object_id": "NE-COUNTRY-Brazil"
    },
    {
      "subject_id": "172d53b1-9917-4393-8895-7e062ea5429d-technology-2",
      "relation": "drills",
      "object_id": "172d53b1-9917-4393-8895-7e062ea5429d-air-5-injection-6"
    },
    {
      "subject_id": "172d53b1-9917-4393-8895-7e062ea5429d-technology-2",
      "relation": "is",
      "object_id": "NE-NATIONALITY-THAI"
    },
    {
      "subject_id": "172d53b1-9917-4393-8895-7e062ea5429d-technology-2",
      "relation": "drills air injection in",
      "object_id": "172d53b1-9917-4393-8895-7e062ea5429d-combination-9"
    },
    {
      "subject_id": "172d53b1-9917-4393-8895-7e062ea5429d-technology-2",
      "relation": "drills air injection well in",
      "object_id": "172d53b1-9917-4393-8895-7e062ea5429d-combination-9"
    },
    {
      "subject_id": "172d53b1-9917-4393-8895-7e062ea5429d-technology-2",
      "relation": "drills well",
      "object_id": "172d53b1-9917-4393-8895-7e062ea5429d-air-5-injection-6"
    },
    {
      "subject_id": "172d53b1-9917-4393-8895-7e062ea5429d-drills-3",
      "relation": "is in",
      "object_id": "172d53b1-9917-4393-8895-7e062ea5429d-combination-9"
    },
    {
      "subject_id": "172d53b1-9917-4393-8895-7e062ea5429d-drills-3",
      "relation": "is",
      "object_id": "172d53b1-9917-4393-8895-7e062ea5429d-technology-2"
    },
    {
      "subject_id": "172d53b1-9917-4393-8895-7e062ea5429d-drills-3",
      "relation": "is with",
      "object_id": "172d53b1-9917-4393-8895-7e062ea5429d-horizontal-12-well-13-to-14-recover-15"
    },
    {
      "subject_id": "NE-ORGANIZATION-Petróleo-Brasileiro-SA",
      "relation": "evaluate",
      "object_id": "172d53b1-9917-4393-8895-7e062ea5429d-technology-11"
    },
    {
      "subject_id": "NE-PERSON-Empresa-Columbiana-de-Petróleos",
      "relation": "evaluate",
      "object_id": "172d53b1-9917-4393-8895-7e062ea5429d-technology-11"
    },
    {
      "subject_id": "172d53b1-9917-4393-8895-7e062ea5429d-negotiations-5",
      "relation": "is with",
      "object_id": "NE-ORGANIZATION-Petróleos-de-Venezuela-SA"
    },
    {
      "subject_id": "NE-ORGANIZATION-Petrobank",
      "relation": "initiate",
      "object_id": "172d53b1-9917-4393-8895-7e062ea5429d-negotiations-5"
    },
    {
      "subject_id": "172d53b1-9917-4393-8895-7e062ea5429d-negotiations-5",
      "relation": "of",
      "object_id": "172d53b1-9917-4393-8895-7e062ea5429d-use-14"
    },
    {
      "subject_id": "NE-ORGANIZATION-Petrobank",
      "relation": "initiate",
      "object_id": "172d53b1-9917-4393-8895-7e062ea5429d-use-14"
    },
    {
      "subject_id": "172d53b1-9917-4393-8895-7e062ea5429d-use-14",
      "relation": "of",
      "object_id": "172d53b1-9917-4393-8895-7e062ea5429d-evaluation-17-technology-18"
    },
    {
      "subject_id": "172d53b1-9917-4393-8895-7e062ea5429d-negotiations-5",
      "relation": "of",
      "object_id": "NE-ORGANIZATION-Petróleos-de-Venezuela-SA"
    },
    {
      "subject_id": "NE-ORGANIZATION-Petrobras-Energía",
      "relation": "subsidiary of",
      "object_id": "NE-ORGANIZATION-Petrobras"
    },
    {
      "subject_id": "NE-ORGANIZATION-Petrobras-Energía",
      "relation": "has completed",
      "object_id": "172d53b1-9917-4393-8895-7e062ea5429d-order-16"
    },
    {
      "subject_id": "172d53b1-9917-4393-8895-7e062ea5429d-order-16",
      "relation": "of",
      "object_id": "172d53b1-9917-4393-8895-7e062ea5429d-297-18-km-19"
    },
    {
      "subject_id": "172d53b1-9917-4393-8895-7e062ea5429d-order-16",
      "relation": "amount to",
      "object_id": "NE-MONEY-$78-million"
    },
    {
      "subject_id": "172d53b1-9917-4393-8895-7e062ea5429d-order-16",
      "relation": "of",
      "object_id": "NE-TITLE-manufacturer"
    },
    {
      "subject_id": "172d53b1-9917-4393-8895-7e062ea5429d-order-16",
      "relation": "of",
      "object_id": "172d53b1-9917-4393-8895-7e062ea5429d-piping-21"
    },
    {
      "subject_id": "172d53b1-9917-4393-8895-7e062ea5429d-Part-1",
      "relation": "was supplied by",
      "object_id": "NE-PERSON-Siat"
    },
    {
      "subject_id": "172d53b1-9917-4393-8895-7e062ea5429d-Part-1",
      "relation": "was supplied by",
      "object_id": "NE-TITLE-manufacturer"
    },
    {
      "subject_id": "NE-TITLE-manufacturer",
      "relation": "is",
      "object_id": "172d53b1-9917-4393-8895-7e062ea5429d-Argentine-9"
    },
    {
      "subject_id": "172d53b1-9917-4393-8895-7e062ea5429d-TenarisConfab-1",
      "relation": "is subsidiary of",
      "object_id": "172d53b1-9917-4393-8895-7e062ea5429d-world-12-supplier-13"
    },
    {
      "subject_id": "172d53b1-9917-4393-8895-7e062ea5429d-world-12-supplier-13",
      "relation": "is",
      "object_id": "172d53b1-9917-4393-8895-7e062ea5429d-leading-11"
    },
    {
      "subject_id": "172d53b1-9917-4393-8895-7e062ea5429d-TenarisConfab-1",
      "relation": "is",
      "object_id": "172d53b1-9917-4393-8895-7e062ea5429d-subsidiary-4"
    },
    {
      "subject_id": "172d53b1-9917-4393-8895-7e062ea5429d-TenarisConfab-1",
      "relation": "is subsidiary of",
      "object_id": "NE-ORGANIZATION-Tenaris"
    },
    {
      "subject_id": "NE-ORGANIZATION-Tenaris",
      "relation": "of",
      "object_id": "NE-COUNTRY-Italy"
    },
    {
      "subject_id": "NE-ORGANIZATION-Tenaris",
      "relation": "supplier of",
      "object_id": "172d53b1-9917-4393-8895-7e062ea5429d-piping-15"
    },
    {
      "subject_id": "NE-ORGANIZATION-Tenaris",
      "relation": "is of",
      "object_id": "NE-COUNTRY-Italy"
    },
    {
      "subject_id": "172d53b1-9917-4393-8895-7e062ea5429d-world-12-supplier-13",
      "relation": "of",
      "object_id": "172d53b1-9917-4393-8895-7e062ea5429d-piping-15"
    },
    {
      "subject_id": "NE-COUNTRY-Italy",
      "relation": "of Tenaris is",
      "object_id": "172d53b1-9917-4393-8895-7e062ea5429d-world-12-supplier-13"
    },
    {
      "subject_id": "172d53b1-9917-4393-8895-7e062ea5429d-Sevan-1-Marine-2",
      "relation": "do",
      "object_id": "172d53b1-9917-4393-8895-7e062ea5429d-Brasil-4-Ltda-5"
    },
    {
      "subject_id": "172d53b1-9917-4393-8895-7e062ea5429d-facilities-2",
      "relation": "are built at",
      "object_id": "172d53b1-9917-4393-8895-7e062ea5429d-shipyard-9"
    },
    {
      "subject_id": "172d53b1-9917-4393-8895-7e062ea5429d-shipyard-9",
      "relation": "of",
      "object_id": "NE-LOCATION-Raffles"
    },
    {
      "subject_id": "172d53b1-9917-4393-8895-7e062ea5429d-shipyard-9",
      "relation": "of",
      "object_id": "NE-CITY-Yantai"
    },
    {
      "subject_id": "NE-LOCATION-Raffles",
      "relation": "is",
      "object_id": "NE-CITY-Yantai"
    },
    {
      "subject_id": "172d53b1-9917-4393-8895-7e062ea5429d-facilities-2",
      "relation": "are",
      "object_id": "172d53b1-9917-4393-8895-7e062ea5429d-built-4"
    },
    {
      "subject_id": "172d53b1-9917-4393-8895-7e062ea5429d-built-4",
      "relation": "at",
      "object_id": "172d53b1-9917-4393-8895-7e062ea5429d-shipyard-9"
    },
    {
      "subject_id": "172d53b1-9917-4393-8895-7e062ea5429d-built-4",
      "relation": "at",
      "object_id": "NE-COUNTRY-China"
    },
    {
      "subject_id": "172d53b1-9917-4393-8895-7e062ea5429d-facilities-2",
      "relation": "are built in",
      "object_id": "NE-COUNTRY-China"
    },
    {
      "subject_id": "172d53b1-9917-4393-8895-7e062ea5429d-$-2-contract-5",
      "relation": "is run for",
      "object_id": "NE-DURATION-11-yr"
    },
    {
      "subject_id": "172d53b1-9917-4393-8895-7e062ea5429d-$-2-contract-5",
      "relation": "amount to",
      "object_id": "NE-MONEY-$399-million"
    },
    {
      "subject_id": "NE-ORGANIZATION-FPSO",
      "relation": "will",
      "object_id": "172d53b1-9917-4393-8895-7e062ea5429d-will-3-able-5"
    },
    {
      "subject_id": "NE-ORGANIZATION-FPSO",
      "relation": "process",
      "object_id": "172d53b1-9917-4393-8895-7e062ea5429d-30,000-8-bpd-9"
    },
    {
      "subject_id": "172d53b1-9917-4393-8895-7e062ea5429d-30,000-8-bpd-9",
      "relation": "is",
      "object_id": "172d53b1-9917-4393-8895-7e062ea5429d-crude-11"
    },
    {
      "subject_id": "172d53b1-9917-4393-8895-7e062ea5429d-30,000-8-bpd-9",
      "relation": "inject",
      "object_id": "172d53b1-9917-4393-8895-7e062ea5429d-3.6-15-million-16-cu-17-m-18"
    },
    {
      "subject_id": "172d53b1-9917-4393-8895-7e062ea5429d-30,000-8-bpd-9",
      "relation": "of",
      "object_id": "172d53b1-9917-4393-8895-7e062ea5429d-oil-12"
    },
    {
      "subject_id": "172d53b1-9917-4393-8895-7e062ea5429d-subsidiary-5",
      "relation": "will have",
      "object_id": "172d53b1-9917-4393-8895-7e062ea5429d-interest-22"
    },
    {
      "subject_id": "172d53b1-9917-4393-8895-7e062ea5429d-interest-22",
      "relation": "amount to",
      "object_id": "NE-PERCENT-25%"
    },
    {
      "subject_id": "172d53b1-9917-4393-8895-7e062ea5429d-interest-22",
      "relation": "of",
      "object_id": "172d53b1-9917-4393-8895-7e062ea5429d-installations-25"
    },
    {
      "subject_id": "NE-ORGANIZATION-Sevan-Marine",
      "relation": "is",
      "object_id": "172d53b1-9917-4393-8895-7e062ea5429d-subsidiary-5"
    },
    {
      "subject_id": "NE-ORGANIZATION-Sevan-Marine-ASA",
      "relation": "is of",
      "object_id": "NE-ORGANIZATION-Comércio-Ltda"
    },
    {
      "subject_id": "NE-ORGANIZATION-Sevan-Marine",
      "relation": "is subsidiary of",
      "object_id": "NE-ORGANIZATION-Sevan-Marine-ASA"
    },
    {
      "subject_id": "172d53b1-9917-4393-8895-7e062ea5429d-interest-22",
      "relation": "is in",
      "object_id": "172d53b1-9917-4393-8895-7e062ea5429d-installations-25"
    },
    {
      "subject_id": "NE-ORGANIZATION-Sevan-Marine-ASA",
      "relation": "of",
      "object_id": "NE-ORGANIZATION-Comércio-Ltda"
    },
    {
      "subject_id": "NE-ORGANIZATION-Sevan-Marine-ASA",
      "relation": "case",
      "object_id": "172d53b1-9917-4393-8895-7e062ea5429d-Norway-11-Etesco-13-Construção-14-e-15"
    },
    {
      "subject_id": "NE-ORGANIZATION-Aeroservicios-Especializados",
      "relation": "operates in",
      "object_id": "172d53b1-9917-4393-8895-7e062ea5429d-petroleum-22-field-23-work-24"
    },
    {
      "subject_id": "172d53b1-9917-4393-8895-7e062ea5429d-petroleum-22-field-23-work-24",
      "relation": "of",
      "object_id": "NE-CITY-Bay"
    },
    {
      "subject_id": "NE-ORGANIZATION-Saab-Transponder-Tech",
      "relation": "has installed security R4A in",
      "object_id": "172d53b1-9917-4393-8895-7e062ea5429d-17-10-helicopters-11"
    },
    {
      "subject_id": "172d53b1-9917-4393-8895-7e062ea5429d-petroleum-22-field-23-work-24",
      "relation": "is in",
      "object_id": "NE-CITY-Bay"
    },
    {
      "subject_id": "NE-ORGANIZATION-Saab-Transponder-Tech",
      "relation": "has installed",
      "object_id": "172d53b1-9917-4393-8895-7e062ea5429d-security-7-R4A-8"
    },
    {
      "subject_id": "NE-ORGANIZATION-Aeroservicios-Especializados",
      "relation": "operates for",
      "object_id": "NE-ORGANIZATION-Pemex"
    },
    {
      "subject_id": "172d53b1-9917-4393-8895-7e062ea5429d-security-7-R4A-8",
      "relation": "is",
      "object_id": "172d53b1-9917-4393-8895-7e062ea5429d-aerial-6"
    },
    {
      "subject_id": "172d53b1-9917-4393-8895-7e062ea5429d-petroleum-22-field-23-work-24",
      "relation": "of",
      "object_id": "NE-CITY-Campeche"
    },
    {
      "subject_id": "NE-ORGANIZATION-Mitsubishi-Corp",
      "relation": "have formed",
      "object_id": "172d53b1-9917-4393-8895-7e062ea5429d-company-10"
    },
    {
      "subject_id": "172d53b1-9917-4393-8895-7e062ea5429d-company-10",
      "relation": "is",
      "object_id": "172d53b1-9917-4393-8895-7e062ea5429d-joint-9"
    },
    {
      "subject_id": "172d53b1-9917-4393-8895-7e062ea5429d-company-10",
      "relation": "transport oil from",
      "object_id": "NE-CITY-Bay"
    },
    {
      "subject_id": "172d53b1-9917-4393-8895-7e062ea5429d-company-10",
      "relation": "transport oil to",
      "object_id": "172d53b1-9917-4393-8895-7e062ea5429d-refineries-22"
    },
    {
      "subject_id": "172d53b1-9917-4393-8895-7e062ea5429d-refineries-22",
      "relation": "is",
      "object_id": "NE-NATIONALITY-Brazilian"
    },
    {
      "subject_id": "172d53b1-9917-4393-8895-7e062ea5429d-company-10",
      "relation": "transport",
      "object_id": "172d53b1-9917-4393-8895-7e062ea5429d-oil-14"
    },
    {
      "subject_id": "NE-CITY-Bay",
      "relation": "of",
      "object_id": "NE-CITY-Campos"
    },
    {
      "subject_id": "NE-ORGANIZATION-Marubeni-Corp",
      "relation": "have formed",
      "object_id": "172d53b1-9917-4393-8895-7e062ea5429d-company-10"
    },
    {
      "subject_id": "172d53b1-9917-4393-8895-7e062ea5429d-oil-14",
      "relation": "is",
      "object_id": "172d53b1-9917-4393-8895-7e062ea5429d-crude-13"
    },
    {
      "subject_id": "172d53b1-9917-4393-8895-7e062ea5429d-terminal-12",
      "relation": "receive",
      "object_id": "172d53b1-9917-4393-8895-7e062ea5429d-offloading-15-tankers-16"
    },
    {
      "subject_id": "172d53b1-9917-4393-8895-7e062ea5429d-terminal-12",
      "relation": "is",
      "object_id": "NE-TITLE-marine"
    },
    {
      "subject_id": "172d53b1-9917-4393-8895-7e062ea5429d-company-2",
      "relation": "will build",
      "object_id": "172d53b1-9917-4393-8895-7e062ea5429d-terminal-12"
    },
    {
      "subject_id": "NE-ORGANIZATION-JGC-Corp",
      "relation": "will provide",
      "object_id": "172d53b1-9917-4393-8895-7e062ea5429d-services-6"
    },
    {
      "subject_id": "172d53b1-9917-4393-8895-7e062ea5429d-services-6",
      "relation": "is",
      "object_id": "172d53b1-9917-4393-8895-7e062ea5429d-managerial-5"
    },
    {
      "subject_id": "172d53b1-9917-4393-8895-7e062ea5429d-project-2",
      "relation": "will require",
      "object_id": "NE-MONEY-$900-million"
    },
    {
      "subject_id": "NE-MONEY-$900-million",
      "relation": "of",
      "object_id": "172d53b1-9917-4393-8895-7e062ea5429d-loans-9"
    },
    {
      "subject_id": "172d53b1-9917-4393-8895-7e062ea5429d-265-25-wells-26",
      "relation": "is in",
      "object_id": "172d53b1-9917-4393-8895-7e062ea5429d-gas-30-field-31"
    },
    {
      "subject_id": "172d53b1-9917-4393-8895-7e062ea5429d-gas-30-field-31",
      "relation": "of",
      "object_id": "NE-CITY-Burgos"
    },
    {
      "subject_id": "NE-ORGANIZATION-Drillers-Technology-de-México",
      "relation": "has initiated",
      "object_id": "172d53b1-9917-4393-8895-7e062ea5429d-work-19"
    },
    {
      "subject_id": "NE-ORGANIZATION-Drillers-Technology-de-México",
      "relation": "company of",
      "object_id": "NE-ORGANIZATION-Drillers-Technology-Corp"
    },
    {
      "subject_id": "NE-ORGANIZATION-Petroenge-Petróleo-Engenharia-Ltda",
      "relation": "provide Petrobras with",
      "object_id": "172d53b1-9917-4393-8895-7e062ea5429d-repairs-18"
    },
    {
      "subject_id": "NE-ORGANIZATION-Petroenge-Petróleo-Engenharia-Ltda",
      "relation": "is",
      "object_id": "NE-NATIONALITY-Brazilian"
    },
    {
      "subject_id": "172d53b1-9917-4393-8895-7e062ea5429d-headquarters-8",
      "relation": "is in",
      "object_id": "NE-LOCATION-Macaé"
    },
    {
      "subject_id": "NE-ORGANIZATION-Petroenge-Petróleo-Engenharia-Ltda",
      "relation": "provide",
      "object_id": "NE-ORGANIZATION-Petrobras"
    },
    {
      "subject_id": "172d53b1-9917-4393-8895-7e062ea5429d-equipment-23-testing-24",
      "relation": "relating to",
      "object_id": "172d53b1-9917-4393-8895-7e062ea5429d-cargo-27-activity-28"
    },
    {
      "subject_id": "NE-ORGANIZATION-Petroenge-Petróleo-Engenharia-Ltda",
      "relation": "is with",
      "object_id": "172d53b1-9917-4393-8895-7e062ea5429d-headquarters-8"
    },
    {
      "subject_id": "172d53b1-9917-4393-8895-7e062ea5429d-headquarters-8",
      "relation": "of",
      "object_id": "NE-LOCATION-Macaé"
    }
  ],
  "links": {
    "172d53b1-9917-4393-8895-7e062ea5429d-discussion-2": [],
    "172d53b1-9917-4393-8895-7e062ea5429d-activities-7": [],
    "NE-MISC-South": [],
    "172d53b1-9917-4393-8895-7e062ea5429d-brief-14": [],
    "NE-NATIONALITY-American": [],
    "172d53b1-9917-4393-8895-7e062ea5429d-dozen-11-companies-12": [],
    "NE-ORGANIZATION-Enventure-Global-Technology": [],
    "172d53b1-9917-4393-8895-7e062ea5429d-expansible-9-system-11": [],
    "NE-ORDINAL-first": [],
    "172d53b1-9917-4393-8895-7e062ea5429d-tubular-10": [],
    "172d53b1-9917-4393-8895-7e062ea5429d-solid-8": [],
    "NE-ORGANIZATION-Halliburton-Energy-Services": [],
    "172d53b1-9917-4393-8895-7e062ea5429d-270-11-ft-12-4.5-13": [],
    "172d53b1-9917-4393-8895-7e062ea5429d-FlexClad-1-system-2": [
      "172d53b1-9917-4393-8895-7e062ea5429d-FlexClad-2-system-3"
    ],
    "172d53b1-9917-4393-8895-7e062ea5429d-drilling-5": [],
    "172d53b1-9917-4393-8895-7e062ea5429d-well-7": [],
    "172d53b1-9917-4393-8895-7e062ea5429d-FlexClad-2-system-3": [
      "172d53b1-9917-4393-8895-7e062ea5429d-FlexClad-1-system-2"
    ],
    "172d53b1-9917-4393-8895-7e062ea5429d-temperature-9": [],
    "172d53b1-9917-4393-8895-7e062ea5429d-high-8": [],
    "172d53b1-9917-4393-8895-7e062ea5429d-SET-5-technology-6": [],
    "172d53b1-9917-4393-8895-7e062ea5429d-technology-25": [],
    "172d53b1-9917-4393-8895-7e062ea5429d-oils-30": [],
    "NE-ORGANIZATION-Petrobank-Energy-&-Resources-of-Canada": [],
    "172d53b1-9917-4393-8895-7e062ea5429d-crude-29": [
      "172d53b1-9917-4393-8895-7e062ea5429d-crude-13"
    ],
    "172d53b1-9917-4393-8895-7e062ea5429d-heavy-28": [],
    "172d53b1-9917-4393-8895-7e062ea5429d-exclusive-24": [],
    "172d53b1-9917-4393-8895-7e062ea5429d-agreements-10": [],
    "172d53b1-9917-4393-8895-7e062ea5429d-owned-14-petroleum-15-companies-16": [],
    "NE-COUNTRY-Brazil": [],
    "172d53b1-9917-4393-8895-7e062ea5429d-technology-2": [],
    "172d53b1-9917-4393-8895-7e062ea5429d-air-5-injection-6": [],
    "NE-NATIONALITY-THAI": [],
    "172d53b1-9917-4393-8895-7e062ea5429d-combination-9": [],
    "172d53b1-9917-4393-8895-7e062ea5429d-drills-3": [],
    "172d53b1-9917-4393-8895-7e062ea5429d-horizontal-12-well-13-to-14-recover-15": [],
    "NE-ORGANIZATION-Petróleo-Brasileiro-SA": [],
    "172d53b1-9917-4393-8895-7e062ea5429d-technology-11": [],
    "NE-PERSON-Empresa-Columbiana-de-Petróleos": [],
    "172d53b1-9917-4393-8895-7e062ea5429d-negotiations-5": [],
    "NE-ORGANIZATION-Petróleos-de-Venezuela-SA": [],
    "NE-ORGANIZATION-Petrobank": [],
    "172d53b1-9917-4393-8895-7e062ea5429d-use-14": [],
    "172d53b1-9917-4393-8895-7e062ea5429d-evaluation-17-technology-18": [],
    "NE-ORGANIZATION-Petrobras-Energía": [],
    "NE-ORGANIZATION-Petrobras": [],
    "172d53b1-9917-4393-8895-7e062ea5429d-order-16": [],
    "172d53b1-9917-4393-8895-7e062ea5429d-297-18-km-19": [],
    "NE-MONEY-$78-million": [],
    "NE-TITLE-manufacturer": [],
    "172d53b1-9917-4393-8895-7e062ea5429d-piping-21": [],
    "172d53b1-9917-4393-8895-7e062ea5429d-Part-1": [],
    "NE-PERSON-Siat": [],
    "172d53b1-9917-4393-8895-7e062ea5429d-Argentine-9": [],
    "172d53b1-9917-4393-8895-7e062ea5429d-TenarisConfab-1": [],
    "172d53b1-9917-4393-8895-7e062ea5429d-world-12-supplier-13": [],
    "172d53b1-9917-4393-8895-7e062ea5429d-leading-11": [],
    "172d53b1-9917-4393-8895-7e062ea5429d-subsidiary-4": [],
    "NE-ORGANIZATION-Tenaris": [],
    "NE-COUNTRY-Italy": [],
    "172d53b1-9917-4393-8895-7e062ea5429d-piping-15": [],
    "172d53b1-9917-4393-8895-7e062ea5429d-Sevan-1-Marine-2": [],
    "172d53b1-9917-4393-8895-7e062ea5429d-Brasil-4-Ltda-5": [],
    "172d53b1-9917-4393-8895-7e062ea5429d-facilities-2": [],
    "172d53b1-9917-4393-8895-7e062ea5429d-shipyard-9": [],
    "NE-LOCATION-Raffles": [],
    "NE-CITY-Yantai": [],
    "172d53b1-9917-4393-8895-7e062ea5429d-built-4": [],
    "NE-COUNTRY-China": [],
    "172d53b1-9917-4393-8895-7e062ea5429d-$-2-contract-5": [],
    "NE-DURATION-11-yr": [],
    "NE-MONEY-$399-million": [],
    "NE-ORGANIZATION-FPSO": [],
    "172d53b1-9917-4393-8895-7e062ea5429d-will-3-able-5": [],
    "172d53b1-9917-4393-8895-7e062ea5429d-30,000-8-bpd-9": [],
    "172d53b1-9917-4393-8895-7e062ea5429d-crude-11": [],
    "172d53b1-9917-4393-8895-7e062ea5429d-3.6-15-million-16-cu-17-m-18": [],
    "172d53b1-9917-4393-8895-7e062ea5429d-oil-12": [],
    "172d53b1-9917-4393-8895-7e062ea5429d-subsidiary-5": [],
    "172d53b1-9917-4393-8895-7e062ea5429d-interest-22": [],
    "NE-PERCENT-25%": [],
    "172d53b1-9917-4393-8895-7e062ea5429d-installations-25": [],
    "NE-ORGANIZATION-Sevan-Marine": [],
    "NE-ORGANIZATION-Sevan-Marine-ASA": [],
    "NE-ORGANIZATION-Comércio-Ltda": [],
    "172d53b1-9917-4393-8895-7e062ea5429d-Norway-11-Etesco-13-Construção-14-e-15": [],
    "NE-ORGANIZATION-Aeroservicios-Especializados": [],
    "172d53b1-9917-4393-8895-7e062ea5429d-petroleum-22-field-23-work-24": [],
    "NE-CITY-Bay": [],
    "NE-ORGANIZATION-Saab-Transponder-Tech": [],
    "172d53b1-9917-4393-8895-7e062ea5429d-17-10-helicopters-11": [],
    "172d53b1-9917-4393-8895-7e062ea5429d-security-7-R4A-8": [],
    "NE-ORGANIZATION-Pemex": [],
    "172d53b1-9917-4393-8895-7e062ea5429d-aerial-6": [],
    "NE-CITY-Campeche": [],
    "NE-ORGANIZATION-Mitsubishi-Corp": [],
    "172d53b1-9917-4393-8895-7e062ea5429d-company-10": [],
    "172d53b1-9917-4393-8895-7e062ea5429d-joint-9": [],
    "172d53b1-9917-4393-8895-7e062ea5429d-refineries-22": [],
    "NE-NATIONALITY-Brazilian": [],
    "172d53b1-9917-4393-8895-7e062ea5429d-oil-14": [],
    "NE-CITY-Campos": [],
    "NE-ORGANIZATION-Marubeni-Corp": [],
    "172d53b1-9917-4393-8895-7e062ea5429d-crude-13": [
      "172d53b1-9917-4393-8895-7e062ea5429d-crude-29"
    ],
    "172d53b1-9917-4393-8895-7e062ea5429d-terminal-12": [],
    "172d53b1-9917-4393-8895-7e062ea5429d-offloading-15-tankers-16": [],
    "NE-TITLE-marine": [],
    "172d53b1-9917-4393-8895-7e062ea5429d-company-2": [],
    "NE-ORGANIZATION-JGC-Corp": [],
    "172d53b1-9917-4393-8895-7e062ea5429d-services-6": [],
    "172d53b1-9917-4393-8895-7e062ea5429d-managerial-5": [],
    "172d53b1-9917-4393-8895-7e062ea5429d-project-2": [],
    "NE-MONEY-$900-million": [],
    "172d53b1-9917-4393-8895-7e062ea5429d-loans-9": [],
    "172d53b1-9917-4393-8895-7e062ea5429d-265-25-wells-26": [],
    "172d53b1-9917-4393-8895-7e062ea5429d-gas-30-field-31": [],
    "NE-CITY-Burgos": [],
    "NE-ORGANIZATION-Drillers-Technology-de-México": [],
    "172d53b1-9917-4393-8895-7e062ea5429d-work-19": [],
    "NE-ORGANIZATION-Drillers-Technology-Corp": [],
    "NE-ORGANIZATION-Petroenge-Petróleo-Engenharia-Ltda": [],
    "172d53b1-9917-4393-8895-7e062ea5429d-repairs-18": [],
    "172d53b1-9917-4393-8895-7e062ea5429d-headquarters-8": [],
    "NE-LOCATION-Macaé": [],
    "172d53b1-9917-4393-8895-7e062ea5429d-equipment-23-testing-24": [],
    "172d53b1-9917-4393-8895-7e062ea5429d-cargo-27-activity-28": []
  }
}