{
  "document": "D:/Projetos/PIRA_KG/documents/onu_85006339618.txt",
  "entities": {
    "ebc129db-d75f-475f-bc23-246f6cc145ee-planning-17": "planning",
    "ebc129db-d75f-475f-bc23-246f6cc145ee-quality-30": "quality",
    "ebc129db-d75f-475f-bc23-246f6cc145ee-coastal-32": "coastal",
    "ebc129db-d75f-475f-bc23-246f6cc145ee-establishment-2": "establishment",
    "ebc129db-d75f-475f-bc23-246f6cc145ee-resources-19": "resources",
    "ebc129db-d75f-475f-bc23-246f6cc145ee-space-22": "space",
    "ebc129db-d75f-475f-bc23-246f6cc145ee-population-33-life-34": "population life",
    "ebc129db-d75f-475f-bc23-246f6cc145ee-rational-16": "rational",
    "NE-TITLE-marine": "marine",
    "ebc129db-d75f-475f-bc23-246f6cc145ee-oceanic-8-area-9": "oceanic area",
    "NE-COUNTRY-Brazil": "Brazil",
    "ebc129db-d75f-475f-bc23-246f6cc145ee-factor-8": "factor",
    "ebc129db-d75f-475f-bc23-246f6cc145ee-formalization-11-of-12-coastal-13-policies-16": "formalization of coastal policies",
    "ebc129db-d75f-475f-bc23-246f6cc145ee-major-7": "major",
    "ebc129db-d75f-475f-bc23-246f6cc145ee-establishment-2-of-3-policies-4-relevant-5-to-6-oceanic-8-area-9": "establishment of policies relevant to oceanic area",
    "ebc129db-d75f-475f-bc23-246f6cc145ee-policies-16": "policies",
    "ebc129db-d75f-475f-bc23-246f6cc145ee-formalization-11": "formalization",
    "ebc129db-d75f-475f-bc23-246f6cc145ee-political-4-regulation-5": "political regulation",
    "ebc129db-d75f-475f-bc23-246f6cc145ee-use-12": "use",
    "ebc129db-d75f-475f-bc23-246f6cc145ee-resources-15": "resources",
    "ebc129db-d75f-475f-bc23-246f6cc145ee-environmental-30-viewpoint-31": "environmental viewpoint",
    "ebc129db-d75f-475f-bc23-246f6cc145ee-state-33-planning-34": "state planning",
    "ebc129db-d75f-475f-bc23-246f6cc145ee-concern-2": "concern",
    "ebc129db-d75f-475f-bc23-246f6cc145ee-1970s-22": "1970s",
    "ebc129db-d75f-475f-bc23-246f6cc145ee-significant-17-milestone-18": "significant milestone",
    "ebc129db-d75f-475f-bc23-246f6cc145ee-its-20-institutional-21-history-22": "its institutional history",
    "ebc129db-d75f-475f-bc23-246f6cc145ee-Inter-Ministerial-6-Commission-7": "Inter-Ministerial Commission",
    "ebc129db-d75f-475f-bc23-246f6cc145ee-created-12": "created",
    "ebc129db-d75f-475f-bc23-246f6cc145ee-year-2-later-3": "year later",
    "ebc129db-d75f-475f-bc23-246f6cc145ee-Constitution-6": "Constitution",
    "ebc129db-d75f-475f-bc23-246f6cc145ee-ratification-20": "ratification",
    "ebc129db-d75f-475f-bc23-246f6cc145ee-country-23": "country",
    "ebc129db-d75f-475f-bc23-246f6cc145ee-issues-41": "issues",
    "ebc129db-d75f-475f-bc23-246f6cc145ee-environment-45-areas-46": "environment areas",
    "ebc129db-d75f-475f-bc23-246f6cc145ee-legal-40": "legal",
    "NE-DATE-1988": "1988",
    "ebc129db-d75f-475f-bc23-246f6cc145ee-United-26-Nations-27-Convention-28": "United Nations Convention",
    "ebc129db-d75f-475f-bc23-246f6cc145ee-Law-31": "Law",
    "ebc129db-d75f-475f-bc23-246f6cc145ee-form-48": "form",
    "NE-DATE-1994": "1994",
    "ebc129db-d75f-475f-bc23-246f6cc145ee-Sea-34": "Sea"
  },
  "graph": [
    {
      "subject_id": "ebc129db-d75f-475f-bc23-246f6cc145ee-planning-17",
      "relation": "ensuring",
      "object_id": "ebc129db-d75f-475f-bc23-246f6cc145ee-quality-30"
    },
    {
      "subject_id": "ebc129db-d75f-475f-bc23-246f6cc145ee-quality-30",
      "relation": "is",
      "object_id": "ebc129db-d75f-475f-bc23-246f6cc145ee-coastal-32"
    },
    {
      "subject_id": "ebc129db-d75f-475f-bc23-246f6cc145ee-establishment-2",
      "relation": "guide",
      "object_id": "ebc129db-d75f-475f-bc23-246f6cc145ee-planning-17"
    },
    {
      "subject_id": "ebc129db-d75f-475f-bc23-246f6cc145ee-planning-17",
      "relation": "of",
      "object_id": "ebc129db-d75f-475f-bc23-246f6cc145ee-resources-19"
    },
    {
      "subject_id": "ebc129db-d75f-475f-bc23-246f6cc145ee-planning-17",
      "relation": "of",
      "object_id": "ebc129db-d75f-475f-bc23-246f6cc145ee-space-22"
    },
    {
      "subject_id": "ebc129db-d75f-475f-bc23-246f6cc145ee-quality-30",
      "relation": "of",
      "object_id": "ebc129db-d75f-475f-bc23-246f6cc145ee-population-33-life-34"
    },
    {
      "subject_id": "ebc129db-d75f-475f-bc23-246f6cc145ee-planning-17",
      "relation": "is",
      "object_id": "ebc129db-d75f-475f-bc23-246f6cc145ee-rational-16"
    },
    {
      "subject_id": "ebc129db-d75f-475f-bc23-246f6cc145ee-planning-17",
      "relation": "is",
      "object_id": "NE-TITLE-marine"
    },
    {
      "subject_id": "ebc129db-d75f-475f-bc23-246f6cc145ee-oceanic-8-area-9",
      "relation": "is in",
      "object_id": "NE-COUNTRY-Brazil"
    },
    {
      "subject_id": "ebc129db-d75f-475f-bc23-246f6cc145ee-factor-8",
      "relation": "is in",
      "object_id": "ebc129db-d75f-475f-bc23-246f6cc145ee-formalization-11-of-12-coastal-13-policies-16"
    },
    {
      "subject_id": "ebc129db-d75f-475f-bc23-246f6cc145ee-factor-8",
      "relation": "is",
      "object_id": "ebc129db-d75f-475f-bc23-246f6cc145ee-major-7"
    },
    {
      "subject_id": "NE-COUNTRY-Brazil",
      "relation": "appears as",
      "object_id": "ebc129db-d75f-475f-bc23-246f6cc145ee-factor-8"
    },
    {
      "subject_id": "NE-COUNTRY-Brazil",
      "relation": "of",
      "object_id": "ebc129db-d75f-475f-bc23-246f6cc145ee-establishment-2-of-3-policies-4-relevant-5-to-6-oceanic-8-area-9"
    },
    {
      "subject_id": "ebc129db-d75f-475f-bc23-246f6cc145ee-factor-8",
      "relation": "of",
      "object_id": "ebc129db-d75f-475f-bc23-246f6cc145ee-policies-16"
    },
    {
      "subject_id": "NE-COUNTRY-Brazil",
      "relation": "Therefore appears as",
      "object_id": "ebc129db-d75f-475f-bc23-246f6cc145ee-factor-8"
    },
    {
      "subject_id": "ebc129db-d75f-475f-bc23-246f6cc145ee-factor-8",
      "relation": "of",
      "object_id": "ebc129db-d75f-475f-bc23-246f6cc145ee-formalization-11-of-12-coastal-13-policies-16"
    },
    {
      "subject_id": "ebc129db-d75f-475f-bc23-246f6cc145ee-factor-8",
      "relation": "of",
      "object_id": "ebc129db-d75f-475f-bc23-246f6cc145ee-formalization-11"
    },
    {
      "subject_id": "ebc129db-d75f-475f-bc23-246f6cc145ee-political-4-regulation-5",
      "relation": "is with",
      "object_id": "ebc129db-d75f-475f-bc23-246f6cc145ee-use-12"
    },
    {
      "subject_id": "ebc129db-d75f-475f-bc23-246f6cc145ee-use-12",
      "relation": "is",
      "object_id": "NE-TITLE-marine"
    },
    {
      "subject_id": "ebc129db-d75f-475f-bc23-246f6cc145ee-use-12",
      "relation": "of",
      "object_id": "ebc129db-d75f-475f-bc23-246f6cc145ee-resources-15"
    },
    {
      "subject_id": "ebc129db-d75f-475f-bc23-246f6cc145ee-environmental-30-viewpoint-31",
      "relation": "is in",
      "object_id": "ebc129db-d75f-475f-bc23-246f6cc145ee-state-33-planning-34"
    },
    {
      "subject_id": "ebc129db-d75f-475f-bc23-246f6cc145ee-concern-2",
      "relation": "emerged in",
      "object_id": "ebc129db-d75f-475f-bc23-246f6cc145ee-1970s-22"
    },
    {
      "subject_id": "ebc129db-d75f-475f-bc23-246f6cc145ee-significant-17-milestone-18",
      "relation": "is in",
      "object_id": "ebc129db-d75f-475f-bc23-246f6cc145ee-its-20-institutional-21-history-22"
    },
    {
      "subject_id": "ebc129db-d75f-475f-bc23-246f6cc145ee-Inter-Ministerial-6-Commission-7",
      "relation": "was",
      "object_id": "ebc129db-d75f-475f-bc23-246f6cc145ee-created-12"
    },
    {
      "subject_id": "ebc129db-d75f-475f-bc23-246f6cc145ee-created-12",
      "relation": "is",
      "object_id": "ebc129db-d75f-475f-bc23-246f6cc145ee-year-2-later-3"
    },
    {
      "subject_id": "ebc129db-d75f-475f-bc23-246f6cc145ee-Constitution-6",
      "relation": "did with",
      "object_id": "ebc129db-d75f-475f-bc23-246f6cc145ee-ratification-20"
    },
    {
      "subject_id": "ebc129db-d75f-475f-bc23-246f6cc145ee-ratification-20",
      "relation": "of",
      "object_id": "ebc129db-d75f-475f-bc23-246f6cc145ee-country-23"
    },
    {
      "subject_id": "ebc129db-d75f-475f-bc23-246f6cc145ee-issues-41",
      "relation": "related to",
      "object_id": "ebc129db-d75f-475f-bc23-246f6cc145ee-environment-45-areas-46"
    },
    {
      "subject_id": "ebc129db-d75f-475f-bc23-246f6cc145ee-issues-41",
      "relation": "is",
      "object_id": "ebc129db-d75f-475f-bc23-246f6cc145ee-legal-40"
    },
    {
      "subject_id": "ebc129db-d75f-475f-bc23-246f6cc145ee-environment-45-areas-46",
      "relation": "is",
      "object_id": "NE-TITLE-marine"
    },
    {
      "subject_id": "ebc129db-d75f-475f-bc23-246f6cc145ee-Constitution-6",
      "relation": "ratified in",
      "object_id": "NE-DATE-1988"
    },
    {
      "subject_id": "ebc129db-d75f-475f-bc23-246f6cc145ee-ratification-20",
      "relation": "of",
      "object_id": "ebc129db-d75f-475f-bc23-246f6cc145ee-United-26-Nations-27-Convention-28"
    },
    {
      "subject_id": "ebc129db-d75f-475f-bc23-246f6cc145ee-Constitution-6",
      "relation": "However ratified in",
      "object_id": "NE-DATE-1988"
    },
    {
      "subject_id": "ebc129db-d75f-475f-bc23-246f6cc145ee-ratification-20",
      "relation": "of",
      "object_id": "ebc129db-d75f-475f-bc23-246f6cc145ee-Law-31"
    },
    {
      "subject_id": "ebc129db-d75f-475f-bc23-246f6cc145ee-issues-41",
      "relation": "take",
      "object_id": "ebc129db-d75f-475f-bc23-246f6cc145ee-form-48"
    },
    {
      "subject_id": "ebc129db-d75f-475f-bc23-246f6cc145ee-ratification-20",
      "relation": "of",
      "object_id": "NE-DATE-1994"
    },
    {
      "subject_id": "ebc129db-d75f-475f-bc23-246f6cc145ee-ratification-20",
      "relation": "of",
      "object_id": "ebc129db-d75f-475f-bc23-246f6cc145ee-Sea-34"
    },
    {
      "subject_id": "ebc129db-d75f-475f-bc23-246f6cc145ee-United-26-Nations-27-Convention-28",
      "relation": "is in",
      "object_id": "NE-DATE-1994"
    }
  ],
  "links": {
    "ebc129db-d75f-475f-bc23-246f6cc145ee-planning-17": [],
    "ebc129db-d75f-475f-bc23-246f6cc145ee-quality-30": [],
    "ebc129db-d75f-475f-bc23-246f6cc145ee-coastal-32": [],
    "ebc129db-d75f-475f-bc23-246f6cc145ee-establishment-2": [],
    "ebc129db-d75f-475f-bc23-246f6cc145ee-resources-19": [],
    "ebc129db-d75f-475f-bc23-246f6cc145ee-space-22": [],
    "ebc129db-d75f-475f-bc23-246f6cc145ee-population-33-life-34": [],
    "ebc129db-d75f-475f-bc23-246f6cc145ee-rational-16": [],
    "NE-TITLE-marine": [],
    "ebc129db-d75f-475f-bc23-246f6cc145ee-oceanic-8-area-9": [],
    "NE-COUNTRY-Brazil": [],
    "ebc129db-d75f-475f-bc23-246f6cc145ee-factor-8": [],
    "ebc129db-d75f-475f-bc23-246f6cc145ee-formalization-11-of-12-coastal-13-policies-16": [],
    "ebc129db-d75f-475f-bc23-246f6cc145ee-major-7": [],
    "ebc129db-d75f-475f-bc23-246f6cc145ee-establishment-2-of-3-policies-4-relevant-5-to-6-oceanic-8-area-9": [],
    "ebc129db-d75f-475f-bc23-246f6cc145ee-policies-16": [],
    "ebc129db-d75f-475f-bc23-246f6cc145ee-formalization-11": [],
    "ebc129db-d75f-475f-bc23-246f6cc145ee-political-4-regulation-5": [],
    "ebc129db-d75f-475f-bc23-246f6cc145ee-use-12": [],
    "ebc129db-d75f-475f-bc23-246f6cc145ee-resources-15": [],
    "ebc129db-d75f-475f-bc23-246f6cc145ee-environmental-30-viewpoint-31": [],
    "ebc129db-d75f-475f-bc23-246f6cc145ee-state-33-planning-34": [],
    "ebc129db-d75f-475f-bc23-246f6cc145ee-concern-2": [],
    "ebc129db-d75f-475f-bc23-246f6cc145ee-1970s-22": [],
    "ebc129db-d75f-475f-bc23-246f6cc145ee-significant-17-milestone-18": [],
    "ebc129db-d75f-475f-bc23-246f6cc145ee-its-20-institutional-21-history-22": [],
    "ebc129db-d75f-475f-bc23-246f6cc145ee-Inter-Ministerial-6-Commission-7": [],
    "ebc129db-d75f-475f-bc23-246f6cc145ee-created-12": [],
    "ebc129db-d75f-475f-bc23-246f6cc145ee-year-2-later-3": [],
    "ebc129db-d75f-475f-bc23-246f6cc145ee-Constitution-6": [],
    "ebc129db-d75f-475f-bc23-246f6cc145ee-ratification-20": [],
    "ebc129db-d75f-475f-bc23-246f6cc145ee-country-23": [],
    "ebc129db-d75f-475f-bc23-246f6cc145ee-issues-41": [],
    "ebc129db-d75f-475f-bc23-246f6cc145ee-environment-45-areas-46": [],
    "ebc129db-d75f-475f-bc23-246f6cc145ee-legal-40": [],
    "NE-DATE-1988": [],
    "ebc129db-d75f-475f-bc23-246f6cc145ee-United-26-Nations-27-Convention-28": [],
    "ebc129db-d75f-475f-bc23-246f6cc145ee-Law-31": [],
    "ebc129db-d75f-475f-bc23-246f6cc145ee-form-48": [],
    "NE-DATE-1994": [],
    "ebc129db-d75f-475f-bc23-246f6cc145ee-Sea-34": []
  }
}