{
  "document": "D:/Projetos/PIRA_KG/documents/onu_85085774766.txt",
  "entities": {
    "5c9d47d5-c3a5-4b99-97b0-f55b0ce24e97-work-2": "work",
    "5c9d47d5-c3a5-4b99-97b0-f55b0ce24e97-review-7": "review",
    "5c9d47d5-c3a5-4b99-97b0-f55b0ce24e97-physical-13": "physical",
    "5c9d47d5-c3a5-4b99-97b0-f55b0ce24e97-including-12-principles-14": "including principles",
    "5c9d47d5-c3a5-4b99-97b0-f55b0ce24e97-dielectric-9": "dielectric",
    "5c9d47d5-c3a5-4b99-97b0-f55b0ce24e97-logging-10": "logging",
    "5c9d47d5-c3a5-4b99-97b0-f55b0ce24e97-we-4": "we",
    "5c9d47d5-c3a5-4b99-97b0-f55b0ce24e97-history-8": "history",
    "5c9d47d5-c3a5-4b99-97b0-f55b0ce24e97-oilfields-14": "oilfields",
    "5c9d47d5-c3a5-4b99-97b0-f55b0ce24e97-addition-2": "addition",
    "5c9d47d5-c3a5-4b99-97b0-f55b0ce24e97-its-10-use-11": "its use",
    "NE-ORGANIZATION-Petrobras": "Petrobras",
    "5c9d47d5-c3a5-4b99-97b0-f55b0ce24e97-properties-3": "properties",
    "5c9d47d5-c3a5-4b99-97b0-f55b0ce24e97-charge-8-alignment-9": "charge alignment",
    "5c9d47d5-c3a5-4b99-97b0-f55b0ce24e97-created-10": "created",
    "5c9d47d5-c3a5-4b99-97b0-f55b0ce24e97-electric-17": "electric",
    "5c9d47d5-c3a5-4b99-97b0-f55b0ce24e97-provided-14": "provided",
    "5c9d47d5-c3a5-4b99-97b0-f55b0ce24e97-dielectric-2": "dielectric",
    "5c9d47d5-c3a5-4b99-97b0-f55b0ce24e97-field-18": "field",
    "5c9d47d5-c3a5-4b99-97b0-f55b0ce24e97-excitation-13": "excitation",
    "5c9d47d5-c3a5-4b99-97b0-f55b0ce24e97-characteristics-6": "characteristics",
    "5c9d47d5-c3a5-4b99-97b0-f55b0ce24e97-quantification-11": "quantification",
    "5c9d47d5-c3a5-4b99-97b0-f55b0ce24e97-reservoir-19": "reservoir",
    "5c9d47d5-c3a5-4b99-97b0-f55b0ce24e97-polar-5": "polar",
    "5c9d47d5-c3a5-4b99-97b0-f55b0ce24e97-independently-21": "independently",
    "NE-DATE-present": "present",
    "5c9d47d5-c3a5-4b99-97b0-f55b0ce24e97-water-15": "water",
    "5c9d47d5-c3a5-4b99-97b0-f55b0ce24e97-volume-13": "volume",
    "5c9d47d5-c3a5-4b99-97b0-f55b0ce24e97-sense-3": "sense",
    "5c9d47d5-c3a5-4b99-97b0-f55b0ce24e97-water-8-molecules-9": "water molecules",
    "5c9d47d5-c3a5-4b99-97b0-f55b0ce24e97-tools-10": "tools",
    "5c9d47d5-c3a5-4b99-97b0-f55b0ce24e97-oil-16": "oil",
    "5c9d47d5-c3a5-4b99-97b0-f55b0ce24e97-residual-15": "residual",
    "5c9d47d5-c3a5-4b99-97b0-f55b0ce24e97-depths-5": "depths",
    "5c9d47d5-c3a5-4b99-97b0-f55b0ce24e97-useful-12": "useful",
    "5c9d47d5-c3a5-4b99-97b0-f55b0ce24e97-uncertainty-19-salinity-20-conditions-21": "uncertainty salinity conditions",
    "5c9d47d5-c3a5-4b99-97b0-f55b0ce24e97-investigation-7": "investigation",
    "5c9d47d5-c3a5-4b99-97b0-f55b0ce24e97-evaluating-14": "evaluating",
    "5c9d47d5-c3a5-4b99-97b0-f55b0ce24e97-shallow-4": "shallow",
    "5c9d47d5-c3a5-4b99-97b0-f55b0ce24e97-tool-4": "tool",
    "5c9d47d5-c3a5-4b99-97b0-f55b0ce24e97-use-10": "use",
    "5c9d47d5-c3a5-4b99-97b0-f55b0ce24e97-petroleum-13-industry-14": "petroleum industry",
    "5c9d47d5-c3a5-4b99-97b0-f55b0ce24e97-logging-3": "logging",
    "5c9d47d5-c3a5-4b99-97b0-f55b0ce24e97-long-7": "long",
    "5c9d47d5-c3a5-4b99-97b0-f55b0ce24e97-used-19": "used",
    "5c9d47d5-c3a5-4b99-97b0-f55b0ce24e97-rarely-18": "rarely",
    "5c9d47d5-c3a5-4b99-97b0-f55b0ce24e97-oilfields-22": "oilfields",
    "5c9d47d5-c3a5-4b99-97b0-f55b0ce24e97-tool-11": "tool",
    "5c9d47d5-c3a5-4b99-97b0-f55b0ce24e97-measurements-15": "measurements",
    "5c9d47d5-c3a5-4b99-97b0-f55b0ce24e97-logging-3-tool-4": "logging tool",
    "5c9d47d5-c3a5-4b99-97b0-f55b0ce24e97-reservoirs-28": "reservoirs",
    "5c9d47d5-c3a5-4b99-97b0-f55b0ce24e97-most-27": "most",
    "5c9d47d5-c3a5-4b99-97b0-f55b0ce24e97-frequencies-3": "frequencies",
    "5c9d47d5-c3a5-4b99-97b0-f55b0ce24e97-electrodes-8": "electrodes",
    "5c9d47d5-c3a5-4b99-97b0-f55b0ce24e97-shallow-14": "shallow",
    "5c9d47d5-c3a5-4b99-97b0-f55b0ce24e97-used-4": "used",
    "5c9d47d5-c3a5-4b99-97b0-f55b0ce24e97-very-13": "very",
    "5c9d47d5-c3a5-4b99-97b0-f55b0ce24e97-high-2": "high",
    "5c9d47d5-c3a5-4b99-97b0-f55b0ce24e97-tool-7": "tool",
    "5c9d47d5-c3a5-4b99-97b0-f55b0ce24e97-employed-10": "employed",
    "5c9d47d5-c3a5-4b99-97b0-f55b0ce24e97-mud-18-filtrate-19-invasion-20": "mud filtrate invasion",
    "5c9d47d5-c3a5-4b99-97b0-f55b0ce24e97-smaller-24": "smaller",
    "5c9d47d5-c3a5-4b99-97b0-f55b0ce24e97-to-22": "to",
    "5c9d47d5-c3a5-4b99-97b0-f55b0ce24e97-mobility-13-hydrocarbon-14-formations-15": "mobility hydrocarbon formations",
    "5c9d47d5-c3a5-4b99-97b0-f55b0ce24e97-characteristics-4": "characteristics",
    "5c9d47d5-c3a5-4b99-97b0-f55b0ce24e97-widely-9": "widely",
    "5c9d47d5-c3a5-4b99-97b0-f55b0ce24e97-low-12": "low",
    "5c9d47d5-c3a5-4b99-97b0-f55b0ce24e97-quantification-27": "quantification",
    "5c9d47d5-c3a5-4b99-97b0-f55b0ce24e97-tool-3": "tool",
    "5c9d47d5-c3a5-4b99-97b0-f55b0ce24e97-viscosity-14": "viscosity",
    "5c9d47d5-c3a5-4b99-97b0-f55b0ce24e97-very-12": "very",
    "5c9d47d5-c3a5-4b99-97b0-f55b0ce24e97-water-29-saturation-30": "water saturation",
    "5c9d47d5-c3a5-4b99-97b0-f55b0ce24e97-used-5": "used",
    "5c9d47d5-c3a5-4b99-97b0-f55b0ce24e97-high-13": "high",
    "5c9d47d5-c3a5-4b99-97b0-f55b0ce24e97-reservoirs-10": "reservoirs",
    "5c9d47d5-c3a5-4b99-97b0-f55b0ce24e97-good-23-results-24": "good results",
    "5c9d47d5-c3a5-4b99-97b0-f55b0ce24e97-oil-14-saturation-15": "oil saturation",
    "5c9d47d5-c3a5-4b99-97b0-f55b0ce24e97-uncertain-19": "uncertain",
    "5c9d47d5-c3a5-4b99-97b0-f55b0ce24e97-microresistivity-21-logs-22": "microresistivity logs",
    "5c9d47d5-c3a5-4b99-97b0-f55b0ce24e97-residual-13": "residual",
    "5c9d47d5-c3a5-4b99-97b0-f55b0ce24e97-Pre-salt-8": "Pre-salt",
    "5c9d47d5-c3a5-4b99-97b0-f55b0ce24e97-used-6": "used",
    "5c9d47d5-c3a5-4b99-97b0-f55b0ce24e97-Additionally-1": "Additionally",
    "5c9d47d5-c3a5-4b99-97b0-f55b0ce24e97-works-7": "works",
    "5c9d47d5-c3a5-4b99-97b0-f55b0ce24e97-applications-11-dielectric-13-logging-14": "applications dielectric logging",
    "5c9d47d5-c3a5-4b99-97b0-f55b0ce24e97-many-6": "many",
    "5c9d47d5-c3a5-4b99-97b0-f55b0ce24e97-other-10": "other",
    "NE-PERSON-Archie": "Archie",
    "5c9d47d5-c3a5-4b99-97b0-f55b0ce24e97-m-29": "m"
  },
  "graph": [
    {
      "subject_id": "5c9d47d5-c3a5-4b99-97b0-f55b0ce24e97-work-2",
      "relation": "present",
      "object_id": "5c9d47d5-c3a5-4b99-97b0-f55b0ce24e97-review-7"
    },
    {
      "subject_id": "5c9d47d5-c3a5-4b99-97b0-f55b0ce24e97-review-7",
      "relation": "is",
      "object_id": "5c9d47d5-c3a5-4b99-97b0-f55b0ce24e97-physical-13"
    },
    {
      "subject_id": "5c9d47d5-c3a5-4b99-97b0-f55b0ce24e97-review-7",
      "relation": "of",
      "object_id": "5c9d47d5-c3a5-4b99-97b0-f55b0ce24e97-including-12-principles-14"
    },
    {
      "subject_id": "5c9d47d5-c3a5-4b99-97b0-f55b0ce24e97-review-7",
      "relation": "is",
      "object_id": "5c9d47d5-c3a5-4b99-97b0-f55b0ce24e97-dielectric-9"
    },
    {
      "subject_id": "5c9d47d5-c3a5-4b99-97b0-f55b0ce24e97-review-7",
      "relation": "of",
      "object_id": "5c9d47d5-c3a5-4b99-97b0-f55b0ce24e97-logging-10"
    },
    {
      "subject_id": "5c9d47d5-c3a5-4b99-97b0-f55b0ce24e97-we-4",
      "relation": "will present",
      "object_id": "5c9d47d5-c3a5-4b99-97b0-f55b0ce24e97-history-8"
    },
    {
      "subject_id": "5c9d47d5-c3a5-4b99-97b0-f55b0ce24e97-history-8",
      "relation": "of",
      "object_id": "5c9d47d5-c3a5-4b99-97b0-f55b0ce24e97-oilfields-14"
    },
    {
      "subject_id": "5c9d47d5-c3a5-4b99-97b0-f55b0ce24e97-we-4",
      "relation": "will present history In",
      "object_id": "5c9d47d5-c3a5-4b99-97b0-f55b0ce24e97-addition-2"
    },
    {
      "subject_id": "5c9d47d5-c3a5-4b99-97b0-f55b0ce24e97-its-10-use-11",
      "relation": "is in",
      "object_id": "5c9d47d5-c3a5-4b99-97b0-f55b0ce24e97-oilfields-14"
    },
    {
      "subject_id": "5c9d47d5-c3a5-4b99-97b0-f55b0ce24e97-oilfields-14",
      "relation": "of",
      "object_id": "NE-ORGANIZATION-Petrobras"
    },
    {
      "subject_id": "5c9d47d5-c3a5-4b99-97b0-f55b0ce24e97-history-8",
      "relation": "of",
      "object_id": "5c9d47d5-c3a5-4b99-97b0-f55b0ce24e97-its-10-use-11"
    },
    {
      "subject_id": "5c9d47d5-c3a5-4b99-97b0-f55b0ce24e97-properties-3",
      "relation": "are generated by",
      "object_id": "5c9d47d5-c3a5-4b99-97b0-f55b0ce24e97-charge-8-alignment-9"
    },
    {
      "subject_id": "5c9d47d5-c3a5-4b99-97b0-f55b0ce24e97-charge-8-alignment-9",
      "relation": "is",
      "object_id": "5c9d47d5-c3a5-4b99-97b0-f55b0ce24e97-created-10"
    },
    {
      "subject_id": "5c9d47d5-c3a5-4b99-97b0-f55b0ce24e97-charge-8-alignment-9",
      "relation": "is",
      "object_id": "5c9d47d5-c3a5-4b99-97b0-f55b0ce24e97-electric-17"
    },
    {
      "subject_id": "5c9d47d5-c3a5-4b99-97b0-f55b0ce24e97-charge-8-alignment-9",
      "relation": "is",
      "object_id": "5c9d47d5-c3a5-4b99-97b0-f55b0ce24e97-provided-14"
    },
    {
      "subject_id": "5c9d47d5-c3a5-4b99-97b0-f55b0ce24e97-properties-3",
      "relation": "is",
      "object_id": "5c9d47d5-c3a5-4b99-97b0-f55b0ce24e97-dielectric-2"
    },
    {
      "subject_id": "5c9d47d5-c3a5-4b99-97b0-f55b0ce24e97-charge-8-alignment-9",
      "relation": "at",
      "object_id": "5c9d47d5-c3a5-4b99-97b0-f55b0ce24e97-field-18"
    },
    {
      "subject_id": "5c9d47d5-c3a5-4b99-97b0-f55b0ce24e97-charge-8-alignment-9",
      "relation": "at",
      "object_id": "5c9d47d5-c3a5-4b99-97b0-f55b0ce24e97-excitation-13"
    },
    {
      "subject_id": "5c9d47d5-c3a5-4b99-97b0-f55b0ce24e97-characteristics-6",
      "relation": "allow",
      "object_id": "5c9d47d5-c3a5-4b99-97b0-f55b0ce24e97-quantification-11"
    },
    {
      "subject_id": "5c9d47d5-c3a5-4b99-97b0-f55b0ce24e97-quantification-11",
      "relation": "of",
      "object_id": "5c9d47d5-c3a5-4b99-97b0-f55b0ce24e97-reservoir-19"
    },
    {
      "subject_id": "5c9d47d5-c3a5-4b99-97b0-f55b0ce24e97-characteristics-6",
      "relation": "is",
      "object_id": "5c9d47d5-c3a5-4b99-97b0-f55b0ce24e97-polar-5"
    },
    {
      "subject_id": "5c9d47d5-c3a5-4b99-97b0-f55b0ce24e97-quantification-11",
      "relation": "at",
      "object_id": "5c9d47d5-c3a5-4b99-97b0-f55b0ce24e97-independently-21"
    },
    {
      "subject_id": "5c9d47d5-c3a5-4b99-97b0-f55b0ce24e97-quantification-11",
      "relation": "of",
      "object_id": "NE-DATE-present"
    },
    {
      "subject_id": "5c9d47d5-c3a5-4b99-97b0-f55b0ce24e97-quantification-11",
      "relation": "case",
      "object_id": "5c9d47d5-c3a5-4b99-97b0-f55b0ce24e97-water-15"
    },
    {
      "subject_id": "5c9d47d5-c3a5-4b99-97b0-f55b0ce24e97-quantification-11",
      "relation": "is in",
      "object_id": "5c9d47d5-c3a5-4b99-97b0-f55b0ce24e97-reservoir-19"
    },
    {
      "subject_id": "5c9d47d5-c3a5-4b99-97b0-f55b0ce24e97-quantification-11",
      "relation": "of",
      "object_id": "5c9d47d5-c3a5-4b99-97b0-f55b0ce24e97-volume-13"
    },
    {
      "subject_id": "5c9d47d5-c3a5-4b99-97b0-f55b0ce24e97-characteristics-6",
      "relation": "allow quantification In",
      "object_id": "5c9d47d5-c3a5-4b99-97b0-f55b0ce24e97-sense-3"
    },
    {
      "subject_id": "5c9d47d5-c3a5-4b99-97b0-f55b0ce24e97-quantification-11",
      "relation": "characteristics of",
      "object_id": "5c9d47d5-c3a5-4b99-97b0-f55b0ce24e97-water-8-molecules-9"
    },
    {
      "subject_id": "5c9d47d5-c3a5-4b99-97b0-f55b0ce24e97-quantification-11",
      "relation": "polar characteristics of",
      "object_id": "5c9d47d5-c3a5-4b99-97b0-f55b0ce24e97-water-8-molecules-9"
    },
    {
      "subject_id": "5c9d47d5-c3a5-4b99-97b0-f55b0ce24e97-tools-10",
      "relation": "are useful in",
      "object_id": "5c9d47d5-c3a5-4b99-97b0-f55b0ce24e97-oil-16"
    },
    {
      "subject_id": "5c9d47d5-c3a5-4b99-97b0-f55b0ce24e97-tools-10",
      "relation": "is",
      "object_id": "5c9d47d5-c3a5-4b99-97b0-f55b0ce24e97-dielectric-9"
    },
    {
      "subject_id": "5c9d47d5-c3a5-4b99-97b0-f55b0ce24e97-oil-16",
      "relation": "is",
      "object_id": "5c9d47d5-c3a5-4b99-97b0-f55b0ce24e97-residual-15"
    },
    {
      "subject_id": "5c9d47d5-c3a5-4b99-97b0-f55b0ce24e97-tools-10",
      "relation": "Owing to",
      "object_id": "5c9d47d5-c3a5-4b99-97b0-f55b0ce24e97-depths-5"
    },
    {
      "subject_id": "5c9d47d5-c3a5-4b99-97b0-f55b0ce24e97-tools-10",
      "relation": "are",
      "object_id": "5c9d47d5-c3a5-4b99-97b0-f55b0ce24e97-useful-12"
    },
    {
      "subject_id": "5c9d47d5-c3a5-4b99-97b0-f55b0ce24e97-useful-12",
      "relation": "at",
      "object_id": "5c9d47d5-c3a5-4b99-97b0-f55b0ce24e97-oil-16"
    },
    {
      "subject_id": "5c9d47d5-c3a5-4b99-97b0-f55b0ce24e97-useful-12",
      "relation": "at",
      "object_id": "5c9d47d5-c3a5-4b99-97b0-f55b0ce24e97-uncertainty-19-salinity-20-conditions-21"
    },
    {
      "subject_id": "5c9d47d5-c3a5-4b99-97b0-f55b0ce24e97-depths-5",
      "relation": "of",
      "object_id": "5c9d47d5-c3a5-4b99-97b0-f55b0ce24e97-investigation-7"
    },
    {
      "subject_id": "5c9d47d5-c3a5-4b99-97b0-f55b0ce24e97-oil-16",
      "relation": "is",
      "object_id": "5c9d47d5-c3a5-4b99-97b0-f55b0ce24e97-evaluating-14"
    },
    {
      "subject_id": "5c9d47d5-c3a5-4b99-97b0-f55b0ce24e97-tools-10",
      "relation": "are useful in",
      "object_id": "5c9d47d5-c3a5-4b99-97b0-f55b0ce24e97-uncertainty-19-salinity-20-conditions-21"
    },
    {
      "subject_id": "5c9d47d5-c3a5-4b99-97b0-f55b0ce24e97-depths-5",
      "relation": "is",
      "object_id": "5c9d47d5-c3a5-4b99-97b0-f55b0ce24e97-shallow-4"
    },
    {
      "subject_id": "5c9d47d5-c3a5-4b99-97b0-f55b0ce24e97-tool-4",
      "relation": "long history of",
      "object_id": "5c9d47d5-c3a5-4b99-97b0-f55b0ce24e97-use-10"
    },
    {
      "subject_id": "5c9d47d5-c3a5-4b99-97b0-f55b0ce24e97-use-10",
      "relation": "of",
      "object_id": "5c9d47d5-c3a5-4b99-97b0-f55b0ce24e97-petroleum-13-industry-14"
    },
    {
      "subject_id": "5c9d47d5-c3a5-4b99-97b0-f55b0ce24e97-tool-4",
      "relation": "has",
      "object_id": "5c9d47d5-c3a5-4b99-97b0-f55b0ce24e97-use-10"
    },
    {
      "subject_id": "5c9d47d5-c3a5-4b99-97b0-f55b0ce24e97-tool-4",
      "relation": "is",
      "object_id": "5c9d47d5-c3a5-4b99-97b0-f55b0ce24e97-logging-3"
    },
    {
      "subject_id": "5c9d47d5-c3a5-4b99-97b0-f55b0ce24e97-use-10",
      "relation": "of",
      "object_id": "5c9d47d5-c3a5-4b99-97b0-f55b0ce24e97-history-8"
    },
    {
      "subject_id": "5c9d47d5-c3a5-4b99-97b0-f55b0ce24e97-tool-4",
      "relation": "has",
      "object_id": "5c9d47d5-c3a5-4b99-97b0-f55b0ce24e97-history-8"
    },
    {
      "subject_id": "5c9d47d5-c3a5-4b99-97b0-f55b0ce24e97-history-8",
      "relation": "of",
      "object_id": "5c9d47d5-c3a5-4b99-97b0-f55b0ce24e97-use-10"
    },
    {
      "subject_id": "5c9d47d5-c3a5-4b99-97b0-f55b0ce24e97-history-8",
      "relation": "is",
      "object_id": "5c9d47d5-c3a5-4b99-97b0-f55b0ce24e97-long-7"
    },
    {
      "subject_id": "5c9d47d5-c3a5-4b99-97b0-f55b0ce24e97-tool-4",
      "relation": "was",
      "object_id": "5c9d47d5-c3a5-4b99-97b0-f55b0ce24e97-used-19"
    },
    {
      "subject_id": "5c9d47d5-c3a5-4b99-97b0-f55b0ce24e97-used-19",
      "relation": "at",
      "object_id": "5c9d47d5-c3a5-4b99-97b0-f55b0ce24e97-rarely-18"
    },
    {
      "subject_id": "5c9d47d5-c3a5-4b99-97b0-f55b0ce24e97-tool-4",
      "relation": "history of",
      "object_id": "5c9d47d5-c3a5-4b99-97b0-f55b0ce24e97-use-10"
    },
    {
      "subject_id": "5c9d47d5-c3a5-4b99-97b0-f55b0ce24e97-tool-4",
      "relation": "was used in",
      "object_id": "5c9d47d5-c3a5-4b99-97b0-f55b0ce24e97-oilfields-22"
    },
    {
      "subject_id": "5c9d47d5-c3a5-4b99-97b0-f55b0ce24e97-oilfields-22",
      "relation": "of",
      "object_id": "NE-ORGANIZATION-Petrobras"
    },
    {
      "subject_id": "5c9d47d5-c3a5-4b99-97b0-f55b0ce24e97-use-10",
      "relation": "is",
      "object_id": "5c9d47d5-c3a5-4b99-97b0-f55b0ce24e97-history-8"
    },
    {
      "subject_id": "5c9d47d5-c3a5-4b99-97b0-f55b0ce24e97-use-10",
      "relation": "is in",
      "object_id": "5c9d47d5-c3a5-4b99-97b0-f55b0ce24e97-petroleum-13-industry-14"
    },
    {
      "subject_id": "5c9d47d5-c3a5-4b99-97b0-f55b0ce24e97-tool-4",
      "relation": "was rarely used in",
      "object_id": "5c9d47d5-c3a5-4b99-97b0-f55b0ce24e97-oilfields-22"
    },
    {
      "subject_id": "5c9d47d5-c3a5-4b99-97b0-f55b0ce24e97-tool-11",
      "relation": "provides",
      "object_id": "5c9d47d5-c3a5-4b99-97b0-f55b0ce24e97-measurements-15"
    },
    {
      "subject_id": "5c9d47d5-c3a5-4b99-97b0-f55b0ce24e97-logging-3-tool-4",
      "relation": "evaluate zone in",
      "object_id": "5c9d47d5-c3a5-4b99-97b0-f55b0ce24e97-reservoirs-28"
    },
    {
      "subject_id": "5c9d47d5-c3a5-4b99-97b0-f55b0ce24e97-reservoirs-28",
      "relation": "is",
      "object_id": "5c9d47d5-c3a5-4b99-97b0-f55b0ce24e97-most-27"
    },
    {
      "subject_id": "5c9d47d5-c3a5-4b99-97b0-f55b0ce24e97-tool-11",
      "relation": "Considering",
      "object_id": "5c9d47d5-c3a5-4b99-97b0-f55b0ce24e97-frequencies-3"
    },
    {
      "subject_id": "5c9d47d5-c3a5-4b99-97b0-f55b0ce24e97-frequencies-3",
      "relation": "at",
      "object_id": "5c9d47d5-c3a5-4b99-97b0-f55b0ce24e97-electrodes-8"
    },
    {
      "subject_id": "5c9d47d5-c3a5-4b99-97b0-f55b0ce24e97-measurements-15",
      "relation": "is",
      "object_id": "5c9d47d5-c3a5-4b99-97b0-f55b0ce24e97-shallow-14"
    },
    {
      "subject_id": "5c9d47d5-c3a5-4b99-97b0-f55b0ce24e97-frequencies-3",
      "relation": "is",
      "object_id": "5c9d47d5-c3a5-4b99-97b0-f55b0ce24e97-used-4"
    },
    {
      "subject_id": "5c9d47d5-c3a5-4b99-97b0-f55b0ce24e97-measurements-15",
      "relation": "at",
      "object_id": "5c9d47d5-c3a5-4b99-97b0-f55b0ce24e97-very-13"
    },
    {
      "subject_id": "5c9d47d5-c3a5-4b99-97b0-f55b0ce24e97-frequencies-3",
      "relation": "is",
      "object_id": "5c9d47d5-c3a5-4b99-97b0-f55b0ce24e97-high-2"
    },
    {
      "subject_id": "5c9d47d5-c3a5-4b99-97b0-f55b0ce24e97-tool-7",
      "relation": "was",
      "object_id": "5c9d47d5-c3a5-4b99-97b0-f55b0ce24e97-employed-10"
    },
    {
      "subject_id": "5c9d47d5-c3a5-4b99-97b0-f55b0ce24e97-mud-18-filtrate-19-invasion-20",
      "relation": "tends",
      "object_id": "5c9d47d5-c3a5-4b99-97b0-f55b0ce24e97-smaller-24"
    },
    {
      "subject_id": "5c9d47d5-c3a5-4b99-97b0-f55b0ce24e97-smaller-24",
      "relation": "mark",
      "object_id": "5c9d47d5-c3a5-4b99-97b0-f55b0ce24e97-to-22"
    },
    {
      "subject_id": "5c9d47d5-c3a5-4b99-97b0-f55b0ce24e97-tool-7",
      "relation": "was employed in",
      "object_id": "5c9d47d5-c3a5-4b99-97b0-f55b0ce24e97-mobility-13-hydrocarbon-14-formations-15"
    },
    {
      "subject_id": "5c9d47d5-c3a5-4b99-97b0-f55b0ce24e97-tool-7",
      "relation": "was employed Due",
      "object_id": "5c9d47d5-c3a5-4b99-97b0-f55b0ce24e97-characteristics-4"
    },
    {
      "subject_id": "5c9d47d5-c3a5-4b99-97b0-f55b0ce24e97-employed-10",
      "relation": "at",
      "object_id": "5c9d47d5-c3a5-4b99-97b0-f55b0ce24e97-widely-9"
    },
    {
      "subject_id": "5c9d47d5-c3a5-4b99-97b0-f55b0ce24e97-tool-7",
      "relation": "was widely employed Due",
      "object_id": "5c9d47d5-c3a5-4b99-97b0-f55b0ce24e97-characteristics-4"
    },
    {
      "subject_id": "5c9d47d5-c3a5-4b99-97b0-f55b0ce24e97-tool-7",
      "relation": "was widely employed in",
      "object_id": "5c9d47d5-c3a5-4b99-97b0-f55b0ce24e97-mobility-13-hydrocarbon-14-formations-15"
    },
    {
      "subject_id": "5c9d47d5-c3a5-4b99-97b0-f55b0ce24e97-mobility-13-hydrocarbon-14-formations-15",
      "relation": "is",
      "object_id": "5c9d47d5-c3a5-4b99-97b0-f55b0ce24e97-low-12"
    },
    {
      "subject_id": "5c9d47d5-c3a5-4b99-97b0-f55b0ce24e97-logging-3-tool-4",
      "relation": "results in",
      "object_id": "5c9d47d5-c3a5-4b99-97b0-f55b0ce24e97-quantification-27"
    },
    {
      "subject_id": "5c9d47d5-c3a5-4b99-97b0-f55b0ce24e97-tool-3",
      "relation": "evaluate reservoirs with",
      "object_id": "5c9d47d5-c3a5-4b99-97b0-f55b0ce24e97-viscosity-14"
    },
    {
      "subject_id": "5c9d47d5-c3a5-4b99-97b0-f55b0ce24e97-viscosity-14",
      "relation": "at",
      "object_id": "5c9d47d5-c3a5-4b99-97b0-f55b0ce24e97-very-12"
    },
    {
      "subject_id": "5c9d47d5-c3a5-4b99-97b0-f55b0ce24e97-logging-3-tool-4",
      "relation": "good results in",
      "object_id": "5c9d47d5-c3a5-4b99-97b0-f55b0ce24e97-quantification-27"
    },
    {
      "subject_id": "5c9d47d5-c3a5-4b99-97b0-f55b0ce24e97-quantification-27",
      "relation": "of",
      "object_id": "5c9d47d5-c3a5-4b99-97b0-f55b0ce24e97-water-29-saturation-30"
    },
    {
      "subject_id": "5c9d47d5-c3a5-4b99-97b0-f55b0ce24e97-tool-3",
      "relation": "was",
      "object_id": "5c9d47d5-c3a5-4b99-97b0-f55b0ce24e97-used-5"
    },
    {
      "subject_id": "5c9d47d5-c3a5-4b99-97b0-f55b0ce24e97-viscosity-14",
      "relation": "is",
      "object_id": "5c9d47d5-c3a5-4b99-97b0-f55b0ce24e97-high-13"
    },
    {
      "subject_id": "5c9d47d5-c3a5-4b99-97b0-f55b0ce24e97-tool-3",
      "relation": "evaluate",
      "object_id": "5c9d47d5-c3a5-4b99-97b0-f55b0ce24e97-reservoirs-10"
    },
    {
      "subject_id": "5c9d47d5-c3a5-4b99-97b0-f55b0ce24e97-tool-3",
      "relation": "is",
      "object_id": "5c9d47d5-c3a5-4b99-97b0-f55b0ce24e97-dielectric-2"
    },
    {
      "subject_id": "5c9d47d5-c3a5-4b99-97b0-f55b0ce24e97-tool-3",
      "relation": "was used in",
      "object_id": "NE-ORGANIZATION-Petrobras"
    },
    {
      "subject_id": "5c9d47d5-c3a5-4b99-97b0-f55b0ce24e97-good-23-results-24",
      "relation": "is in",
      "object_id": "5c9d47d5-c3a5-4b99-97b0-f55b0ce24e97-quantification-27"
    },
    {
      "subject_id": "5c9d47d5-c3a5-4b99-97b0-f55b0ce24e97-oil-14-saturation-15",
      "relation": "diminish",
      "object_id": "5c9d47d5-c3a5-4b99-97b0-f55b0ce24e97-uncertain-19"
    },
    {
      "subject_id": "5c9d47d5-c3a5-4b99-97b0-f55b0ce24e97-uncertain-19",
      "relation": "of",
      "object_id": "5c9d47d5-c3a5-4b99-97b0-f55b0ce24e97-microresistivity-21-logs-22"
    },
    {
      "subject_id": "5c9d47d5-c3a5-4b99-97b0-f55b0ce24e97-oil-14-saturation-15",
      "relation": "is",
      "object_id": "5c9d47d5-c3a5-4b99-97b0-f55b0ce24e97-residual-13"
    },
    {
      "subject_id": "5c9d47d5-c3a5-4b99-97b0-f55b0ce24e97-tool-4",
      "relation": "evaluate",
      "object_id": "5c9d47d5-c3a5-4b99-97b0-f55b0ce24e97-oil-14-saturation-15"
    },
    {
      "subject_id": "5c9d47d5-c3a5-4b99-97b0-f55b0ce24e97-tool-4",
      "relation": "Additionally was used in",
      "object_id": "5c9d47d5-c3a5-4b99-97b0-f55b0ce24e97-Pre-salt-8"
    },
    {
      "subject_id": "5c9d47d5-c3a5-4b99-97b0-f55b0ce24e97-tool-4",
      "relation": "was",
      "object_id": "5c9d47d5-c3a5-4b99-97b0-f55b0ce24e97-used-6"
    },
    {
      "subject_id": "5c9d47d5-c3a5-4b99-97b0-f55b0ce24e97-used-6",
      "relation": "at",
      "object_id": "5c9d47d5-c3a5-4b99-97b0-f55b0ce24e97-Additionally-1"
    },
    {
      "subject_id": "5c9d47d5-c3a5-4b99-97b0-f55b0ce24e97-tool-4",
      "relation": "was used in",
      "object_id": "5c9d47d5-c3a5-4b99-97b0-f55b0ce24e97-Pre-salt-8"
    },
    {
      "subject_id": "5c9d47d5-c3a5-4b99-97b0-f55b0ce24e97-works-7",
      "relation": "have shown",
      "object_id": "5c9d47d5-c3a5-4b99-97b0-f55b0ce24e97-applications-11-dielectric-13-logging-14"
    },
    {
      "subject_id": "5c9d47d5-c3a5-4b99-97b0-f55b0ce24e97-works-7",
      "relation": "is",
      "object_id": "5c9d47d5-c3a5-4b99-97b0-f55b0ce24e97-many-6"
    },
    {
      "subject_id": "5c9d47d5-c3a5-4b99-97b0-f55b0ce24e97-applications-11-dielectric-13-logging-14",
      "relation": "is",
      "object_id": "5c9d47d5-c3a5-4b99-97b0-f55b0ce24e97-other-10"
    },
    {
      "subject_id": "NE-PERSON-Archie",
      "relation": "has",
      "object_id": "5c9d47d5-c3a5-4b99-97b0-f55b0ce24e97-m-29"
    }
  ],
  "links": {
    "5c9d47d5-c3a5-4b99-97b0-f55b0ce24e97-work-2": [],
    "5c9d47d5-c3a5-4b99-97b0-f55b0ce24e97-review-7": [],
    "5c9d47d5-c3a5-4b99-97b0-f55b0ce24e97-physical-13": [],
    "5c9d47d5-c3a5-4b99-97b0-f55b0ce24e97-including-12-principles-14": [],
    "5c9d47d5-c3a5-4b99-97b0-f55b0ce24e97-dielectric-9": [
      "5c9d47d5-c3a5-4b99-97b0-f55b0ce24e97-dielectric-2"
    ],
    "5c9d47d5-c3a5-4b99-97b0-f55b0ce24e97-logging-10": [],
    "5c9d47d5-c3a5-4b99-97b0-f55b0ce24e97-we-4": [],
    "5c9d47d5-c3a5-4b99-97b0-f55b0ce24e97-history-8": [],
    "5c9d47d5-c3a5-4b99-97b0-f55b0ce24e97-oilfields-14": [
      "5c9d47d5-c3a5-4b99-97b0-f55b0ce24e97-oilfields-22"
    ],
    "5c9d47d5-c3a5-4b99-97b0-f55b0ce24e97-addition-2": [],
    "5c9d47d5-c3a5-4b99-97b0-f55b0ce24e97-its-10-use-11": [],
    "NE-ORGANIZATION-Petrobras": [],
    "5c9d47d5-c3a5-4b99-97b0-f55b0ce24e97-properties-3": [],
    "5c9d47d5-c3a5-4b99-97b0-f55b0ce24e97-charge-8-alignment-9": [],
    "5c9d47d5-c3a5-4b99-97b0-f55b0ce24e97-created-10": [],
    "5c9d47d5-c3a5-4b99-97b0-f55b0ce24e97-electric-17": [],
    "5c9d47d5-c3a5-4b99-97b0-f55b0ce24e97-provided-14": [],
    "5c9d47d5-c3a5-4b99-97b0-f55b0ce24e97-dielectric-2": [
      "5c9d47d5-c3a5-4b99-97b0-f55b0ce24e97-dielectric-9"
    ],
    "5c9d47d5-c3a5-4b99-97b0-f55b0ce24e97-field-18": [],
    "5c9d47d5-c3a5-4b99-97b0-f55b0ce24e97-excitation-13": [],
    "5c9d47d5-c3a5-4b99-97b0-f55b0ce24e97-characteristics-6": [],
    "5c9d47d5-c3a5-4b99-97b0-f55b0ce24e97-quantification-11": [
      "5c9d47d5-c3a5-4b99-97b0-f55b0ce24e97-quantification-27"
    ],
    "5c9d47d5-c3a5-4b99-97b0-f55b0ce24e97-reservoir-19": [],
    "5c9d47d5-c3a5-4b99-97b0-f55b0ce24e97-polar-5": [],
    "5c9d47d5-c3a5-4b99-97b0-f55b0ce24e97-independently-21": [],
    "NE-DATE-present": [],
    "5c9d47d5-c3a5-4b99-97b0-f55b0ce24e97-water-15": [],
    "5c9d47d5-c3a5-4b99-97b0-f55b0ce24e97-volume-13": [],
    "5c9d47d5-c3a5-4b99-97b0-f55b0ce24e97-sense-3": [],
    "5c9d47d5-c3a5-4b99-97b0-f55b0ce24e97-water-8-molecules-9": [],
    "5c9d47d5-c3a5-4b99-97b0-f55b0ce24e97-tools-10": [],
    "5c9d47d5-c3a5-4b99-97b0-f55b0ce24e97-oil-16": [],
    "5c9d47d5-c3a5-4b99-97b0-f55b0ce24e97-residual-15": [
      "5c9d47d5-c3a5-4b99-97b0-f55b0ce24e97-residual-13"
    ],
    "5c9d47d5-c3a5-4b99-97b0-f55b0ce24e97-depths-5": [],
    "5c9d47d5-c3a5-4b99-97b0-f55b0ce24e97-useful-12": [],
    "5c9d47d5-c3a5-4b99-97b0-f55b0ce24e97-uncertainty-19-salinity-20-conditions-21": [],
    "5c9d47d5-c3a5-4b99-97b0-f55b0ce24e97-investigation-7": [],
    "5c9d47d5-c3a5-4b99-97b0-f55b0ce24e97-evaluating-14": [],
    "5c9d47d5-c3a5-4b99-97b0-f55b0ce24e97-shallow-4": [],
    "5c9d47d5-c3a5-4b99-97b0-f55b0ce24e97-tool-4": [
      "5c9d47d5-c3a5-4b99-97b0-f55b0ce24e97-tool-7",
      "5c9d47d5-c3a5-4b99-97b0-f55b0ce24e97-tool-3"
    ],
    "5c9d47d5-c3a5-4b99-97b0-f55b0ce24e97-use-10": [],
    "5c9d47d5-c3a5-4b99-97b0-f55b0ce24e97-petroleum-13-industry-14": [],
    "5c9d47d5-c3a5-4b99-97b0-f55b0ce24e97-logging-3": [],
    "5c9d47d5-c3a5-4b99-97b0-f55b0ce24e97-long-7": [],
    "5c9d47d5-c3a5-4b99-97b0-f55b0ce24e97-used-19": [
      "5c9d47d5-c3a5-4b99-97b0-f55b0ce24e97-used-5",
      "5c9d47d5-c3a5-4b99-97b0-f55b0ce24e97-used-6"
    ],
    "5c9d47d5-c3a5-4b99-97b0-f55b0ce24e97-rarely-18": [],
    "5c9d47d5-c3a5-4b99-97b0-f55b0ce24e97-oilfields-22": [
      "5c9d47d5-c3a5-4b99-97b0-f55b0ce24e97-oilfields-14"
    ],
    "5c9d47d5-c3a5-4b99-97b0-f55b0ce24e97-tool-11": [],
    "5c9d47d5-c3a5-4b99-97b0-f55b0ce24e97-measurements-15": [],
    "5c9d47d5-c3a5-4b99-97b0-f55b0ce24e97-logging-3-tool-4": [],
    "5c9d47d5-c3a5-4b99-97b0-f55b0ce24e97-reservoirs-28": [],
    "5c9d47d5-c3a5-4b99-97b0-f55b0ce24e97-most-27": [],
    "5c9d47d5-c3a5-4b99-97b0-f55b0ce24e97-frequencies-3": [],
    "5c9d47d5-c3a5-4b99-97b0-f55b0ce24e97-electrodes-8": [],
    "5c9d47d5-c3a5-4b99-97b0-f55b0ce24e97-shallow-14": [],
    "5c9d47d5-c3a5-4b99-97b0-f55b0ce24e97-used-4": [],
    "5c9d47d5-c3a5-4b99-97b0-f55b0ce24e97-very-13": [
      "5c9d47d5-c3a5-4b99-97b0-f55b0ce24e97-very-12"
    ],
    "5c9d47d5-c3a5-4b99-97b0-f55b0ce24e97-high-2": [],
    "5c9d47d5-c3a5-4b99-97b0-f55b0ce24e97-tool-7": [
      "5c9d47d5-c3a5-4b99-97b0-f55b0ce24e97-tool-4"
    ],
    "5c9d47d5-c3a5-4b99-97b0-f55b0ce24e97-employed-10": [],
    "5c9d47d5-c3a5-4b99-97b0-f55b0ce24e97-mud-18-filtrate-19-invasion-20": [],
    "5c9d47d5-c3a5-4b99-97b0-f55b0ce24e97-smaller-24": [],
    "5c9d47d5-c3a5-4b99-97b0-f55b0ce24e97-to-22": [],
    "5c9d47d5-c3a5-4b99-97b0-f55b0ce24e97-mobility-13-hydrocarbon-14-formations-15": [],
    "5c9d47d5-c3a5-4b99-97b0-f55b0ce24e97-characteristics-4": [],
    "5c9d47d5-c3a5-4b99-97b0-f55b0ce24e97-widely-9": [],
    "5c9d47d5-c3a5-4b99-97b0-f55b0ce24e97-low-12": [],
    "5c9d47d5-c3a5-4b99-97b0-f55b0ce24e97-quantification-27": [
      "5c9d47d5-c3a5-4b99-97b0-f55b0ce24e97-quantification-11"
    ],
    "5c9d47d5-c3a5-4b99-97b0-f55b0ce24e97-tool-3": [
      "5c9d47d5-c3a5-4b99-97b0-f55b0ce24e97-tool-4"
    ],
    "5c9d47d5-c3a5-4b99-97b0-f55b0ce24e97-viscosity-14": [],
    "5c9d47d5-c3a5-4b99-97b0-f55b0ce24e97-very-12": [
      "5c9d47d5-c3a5-4b99-97b0-f55b0ce24e97-very-13"
    ],
    "5c9d47d5-c3a5-4b99-97b0-f55b0ce24e97-water-29-saturation-30": [],
    "5c9d47d5-c3a5-4b99-97b0-f55b0ce24e97-used-5": [
      "5c9d47d5-c3a5-4b99-97b0-f55b0ce24e97-used-19",
      "5c9d47d5-c3a5-4b99-97b0-f55b0ce24e97-used-6"
    ],
    "5c9d47d5-c3a5-4b99-97b0-f55b0ce24e97-high-13": [],
    "5c9d47d5-c3a5-4b99-97b0-f55b0ce24e97-reservoirs-10": [],
    "5c9d47d5-c3a5-4b99-97b0-f55b0ce24e97-good-23-results-24": [],
    "5c9d47d5-c3a5-4b99-97b0-f55b0ce24e97-oil-14-saturation-15": [],
    "5c9d47d5-c3a5-4b99-97b0-f55b0ce24e97-uncertain-19": [],
    "5c9d47d5-c3a5-4b99-97b0-f55b0ce24e97-microresistivity-21-logs-22": [],
    "5c9d47d5-c3a5-4b99-97b0-f55b0ce24e97-residual-13": [
      "5c9d47d5-c3a5-4b99-97b0-f55b0ce24e97-residual-15"
    ],
    "5c9d47d5-c3a5-4b99-97b0-f55b0ce24e97-Pre-salt-8": [],
    "5c9d47d5-c3a5-4b99-97b0-f55b0ce24e97-used-6": [
      "5c9d47d5-c3a5-4b99-97b0-f55b0ce24e97-used-19",
      "5c9d47d5-c3a5-4b99-97b0-f55b0ce24e97-used-5"
    ],
    "5c9d47d5-c3a5-4b99-97b0-f55b0ce24e97-Additionally-1": [],
    "5c9d47d5-c3a5-4b99-97b0-f55b0ce24e97-works-7": [],
    "5c9d47d5-c3a5-4b99-97b0-f55b0ce24e97-applications-11-dielectric-13-logging-14": [],
    "5c9d47d5-c3a5-4b99-97b0-f55b0ce24e97-many-6": [],
    "5c9d47d5-c3a5-4b99-97b0-f55b0ce24e97-other-10": [],
    "NE-PERSON-Archie": [],
    "5c9d47d5-c3a5-4b99-97b0-f55b0ce24e97-m-29": []
  }
}