{
  "document": "D:/Projetos/PIRA_KG/documents/onu_84930513772.txt",
  "entities": {
    "fc8b94b7-0e5d-450a-9054-6f9bf272ae34-work-2": "work",
    "fc8b94b7-0e5d-450a-9054-6f9bf272ae34-occurrence-7": "occurrence",
    "fc8b94b7-0e5d-450a-9054-6f9bf272ae34-widespread-6": "widespread",
    "fc8b94b7-0e5d-450a-9054-6f9bf272ae34-beach-14": "beach",
    "fc8b94b7-0e5d-450a-9054-6f9bf272ae34-pebble-13": "pebble",
    "NE-LOCATION-Sueste": "Sueste",
    "NE-CITY-Bay": "Bay",
    "NE-PERSON-Fernando-de-Noronha-Island": "Fernando de Noronha Island",
    "fc8b94b7-0e5d-450a-9054-6f9bf272ae34-tar-9-balls-10": "tar balls",
    "fc8b94b7-0e5d-450a-9054-6f9bf272ae34-regulations-2": "regulations",
    "fc8b94b7-0e5d-450a-9054-6f9bf272ae34-beach-10": "beach",
    "fc8b94b7-0e5d-450a-9054-6f9bf272ae34-Environmental-1": "Environmental",
    "fc8b94b7-0e5d-450a-9054-6f9bf272ae34-visitors-5": "visitors",
    "fc8b94b7-0e5d-450a-9054-6f9bf272ae34-regular-4": "regular",
    "fc8b94b7-0e5d-450a-9054-6f9bf272ae34-bay-14": "bay",
    "fc8b94b7-0e5d-450a-9054-6f9bf272ae34-pristine-17": "pristine",
    "fc8b94b7-0e5d-450a-9054-6f9bf272ae34-tar-6-balls-7": "tar balls",
    "fc8b94b7-0e5d-450a-9054-6f9bf272ae34-envelopes-18": "envelopes",
    "fc8b94b7-0e5d-450a-9054-6f9bf272ae34-beach-20-pebbles-21": "beach pebbles",
    "fc8b94b7-0e5d-450a-9054-6f9bf272ae34-work-3": "work",
    "fc8b94b7-0e5d-450a-9054-6f9bf272ae34-observed-9": "observed",
    "fc8b94b7-0e5d-450a-9054-6f9bf272ae34-time-13": "time",
    "NE-ORDINAL-first": "first",
    "fc8b94b7-0e5d-450a-9054-6f9bf272ae34-range-19": "range",
    "fc8b94b7-0e5d-450a-9054-6f9bf272ae34-size-22": "size",
    "fc8b94b7-0e5d-450a-9054-6f9bf272ae34-average-21": "average",
    "fc8b94b7-0e5d-450a-9054-6f9bf272ae34-2-24-to-25-6-26-cm-27": "2 to 6 cm",
    "fc8b94b7-0e5d-450a-9054-6f9bf272ae34-color-5": "color",
    "fc8b94b7-0e5d-450a-9054-6f9bf272ae34-black-3": "black",
    "fc8b94b7-0e5d-450a-9054-6f9bf272ae34-very-7": "very",
    "fc8b94b7-0e5d-450a-9054-6f9bf272ae34-shell-12-armor-16": "shell armor",
    "fc8b94b7-0e5d-450a-9054-6f9bf272ae34-hard-8": "hard",
    "fc8b94b7-0e5d-450a-9054-6f9bf272ae34-hydrocarbon-4-analyses-5": "hydrocarbon analyses",
    "fc8b94b7-0e5d-450a-9054-6f9bf272ae34-characteristics-12": "characteristics",
    "fc8b94b7-0e5d-450a-9054-6f9bf272ae34-polycyclic-2": "polycyclic",
    "fc8b94b7-0e5d-450a-9054-6f9bf272ae34-weathered-16": "weathered",
    "fc8b94b7-0e5d-450a-9054-6f9bf272ae34-material-17": "material",
    "fc8b94b7-0e5d-450a-9054-6f9bf272ae34-aromatic-3": "aromatic",
    "fc8b94b7-0e5d-450a-9054-6f9bf272ae34-persistent-23-compounds-24": "persistent compounds",
    "fc8b94b7-0e5d-450a-9054-6f9bf272ae34-detected-26": "detected",
    "fc8b94b7-0e5d-450a-9054-6f9bf272ae34-where-19": "where",
    "fc8b94b7-0e5d-450a-9054-6f9bf272ae34-strongly-15": "strongly"
  },
  "graph": [
    {
      "subject_id": "fc8b94b7-0e5d-450a-9054-6f9bf272ae34-work-2",
      "relation": "reports on",
      "object_id": "fc8b94b7-0e5d-450a-9054-6f9bf272ae34-occurrence-7"
    },
    {
      "subject_id": "fc8b94b7-0e5d-450a-9054-6f9bf272ae34-occurrence-7",
      "relation": "is",
      "object_id": "fc8b94b7-0e5d-450a-9054-6f9bf272ae34-widespread-6"
    },
    {
      "subject_id": "fc8b94b7-0e5d-450a-9054-6f9bf272ae34-work-2",
      "relation": "reports on",
      "object_id": "fc8b94b7-0e5d-450a-9054-6f9bf272ae34-beach-14"
    },
    {
      "subject_id": "fc8b94b7-0e5d-450a-9054-6f9bf272ae34-beach-14",
      "relation": "is",
      "object_id": "fc8b94b7-0e5d-450a-9054-6f9bf272ae34-pebble-13"
    },
    {
      "subject_id": "fc8b94b7-0e5d-450a-9054-6f9bf272ae34-beach-14",
      "relation": "of",
      "object_id": "NE-LOCATION-Sueste"
    },
    {
      "subject_id": "fc8b94b7-0e5d-450a-9054-6f9bf272ae34-beach-14",
      "relation": "of",
      "object_id": "NE-CITY-Bay"
    },
    {
      "subject_id": "fc8b94b7-0e5d-450a-9054-6f9bf272ae34-beach-14",
      "relation": "of",
      "object_id": "NE-PERSON-Fernando-de-Noronha-Island"
    },
    {
      "subject_id": "fc8b94b7-0e5d-450a-9054-6f9bf272ae34-occurrence-7",
      "relation": "of",
      "object_id": "fc8b94b7-0e5d-450a-9054-6f9bf272ae34-tar-9-balls-10"
    },
    {
      "subject_id": "fc8b94b7-0e5d-450a-9054-6f9bf272ae34-regulations-2",
      "relation": "preclude visitors to",
      "object_id": "fc8b94b7-0e5d-450a-9054-6f9bf272ae34-beach-10"
    },
    {
      "subject_id": "fc8b94b7-0e5d-450a-9054-6f9bf272ae34-regulations-2",
      "relation": "is",
      "object_id": "fc8b94b7-0e5d-450a-9054-6f9bf272ae34-Environmental-1"
    },
    {
      "subject_id": "fc8b94b7-0e5d-450a-9054-6f9bf272ae34-beach-10",
      "relation": "of",
      "object_id": "NE-LOCATION-Sueste"
    },
    {
      "subject_id": "fc8b94b7-0e5d-450a-9054-6f9bf272ae34-beach-10",
      "relation": "of",
      "object_id": "NE-CITY-Bay"
    },
    {
      "subject_id": "fc8b94b7-0e5d-450a-9054-6f9bf272ae34-regulations-2",
      "relation": "preclude",
      "object_id": "fc8b94b7-0e5d-450a-9054-6f9bf272ae34-visitors-5"
    },
    {
      "subject_id": "fc8b94b7-0e5d-450a-9054-6f9bf272ae34-visitors-5",
      "relation": "is",
      "object_id": "fc8b94b7-0e5d-450a-9054-6f9bf272ae34-regular-4"
    },
    {
      "subject_id": "fc8b94b7-0e5d-450a-9054-6f9bf272ae34-bay-14",
      "relation": "is",
      "object_id": "fc8b94b7-0e5d-450a-9054-6f9bf272ae34-pristine-17"
    },
    {
      "subject_id": "fc8b94b7-0e5d-450a-9054-6f9bf272ae34-tar-6-balls-7",
      "relation": "were observed",
      "object_id": "fc8b94b7-0e5d-450a-9054-6f9bf272ae34-tar-6-balls-7"
    },
    {
      "subject_id": "fc8b94b7-0e5d-450a-9054-6f9bf272ae34-tar-6-balls-7",
      "relation": "occurred as",
      "object_id": "fc8b94b7-0e5d-450a-9054-6f9bf272ae34-envelopes-18"
    },
    {
      "subject_id": "fc8b94b7-0e5d-450a-9054-6f9bf272ae34-tar-6-balls-7",
      "relation": "at",
      "object_id": "fc8b94b7-0e5d-450a-9054-6f9bf272ae34-envelopes-18"
    },
    {
      "subject_id": "fc8b94b7-0e5d-450a-9054-6f9bf272ae34-envelopes-18",
      "relation": "of",
      "object_id": "fc8b94b7-0e5d-450a-9054-6f9bf272ae34-beach-20-pebbles-21"
    },
    {
      "subject_id": "fc8b94b7-0e5d-450a-9054-6f9bf272ae34-tar-6-balls-7",
      "relation": "were observed In",
      "object_id": "fc8b94b7-0e5d-450a-9054-6f9bf272ae34-work-3"
    },
    {
      "subject_id": "fc8b94b7-0e5d-450a-9054-6f9bf272ae34-tar-6-balls-7",
      "relation": "were",
      "object_id": "fc8b94b7-0e5d-450a-9054-6f9bf272ae34-observed-9"
    },
    {
      "subject_id": "fc8b94b7-0e5d-450a-9054-6f9bf272ae34-observed-9",
      "relation": "at",
      "object_id": "fc8b94b7-0e5d-450a-9054-6f9bf272ae34-time-13"
    },
    {
      "subject_id": "fc8b94b7-0e5d-450a-9054-6f9bf272ae34-tar-6-balls-7",
      "relation": "were observed for",
      "object_id": "fc8b94b7-0e5d-450a-9054-6f9bf272ae34-time-13"
    },
    {
      "subject_id": "fc8b94b7-0e5d-450a-9054-6f9bf272ae34-time-13",
      "relation": "is",
      "object_id": "NE-ORDINAL-first"
    },
    {
      "subject_id": "fc8b94b7-0e5d-450a-9054-6f9bf272ae34-observed-9",
      "relation": "at",
      "object_id": "fc8b94b7-0e5d-450a-9054-6f9bf272ae34-work-3"
    },
    {
      "subject_id": "fc8b94b7-0e5d-450a-9054-6f9bf272ae34-range-19",
      "relation": "is in",
      "object_id": "fc8b94b7-0e5d-450a-9054-6f9bf272ae34-size-22"
    },
    {
      "subject_id": "fc8b94b7-0e5d-450a-9054-6f9bf272ae34-size-22",
      "relation": "is",
      "object_id": "fc8b94b7-0e5d-450a-9054-6f9bf272ae34-average-21"
    },
    {
      "subject_id": "fc8b94b7-0e5d-450a-9054-6f9bf272ae34-tar-6-balls-7",
      "relation": "range from",
      "object_id": "fc8b94b7-0e5d-450a-9054-6f9bf272ae34-2-24-to-25-6-26-cm-27"
    },
    {
      "subject_id": "fc8b94b7-0e5d-450a-9054-6f9bf272ae34-tar-6-balls-7",
      "relation": "are black hard in",
      "object_id": "fc8b94b7-0e5d-450a-9054-6f9bf272ae34-color-5"
    },
    {
      "subject_id": "fc8b94b7-0e5d-450a-9054-6f9bf272ae34-tar-6-balls-7",
      "relation": "are",
      "object_id": "fc8b94b7-0e5d-450a-9054-6f9bf272ae34-black-3"
    },
    {
      "subject_id": "fc8b94b7-0e5d-450a-9054-6f9bf272ae34-black-3",
      "relation": "at",
      "object_id": "fc8b94b7-0e5d-450a-9054-6f9bf272ae34-very-7"
    },
    {
      "subject_id": "fc8b94b7-0e5d-450a-9054-6f9bf272ae34-tar-6-balls-7",
      "relation": "range in",
      "object_id": "fc8b94b7-0e5d-450a-9054-6f9bf272ae34-size-22"
    },
    {
      "subject_id": "fc8b94b7-0e5d-450a-9054-6f9bf272ae34-tar-6-balls-7",
      "relation": "are black in",
      "object_id": "fc8b94b7-0e5d-450a-9054-6f9bf272ae34-color-5"
    },
    {
      "subject_id": "fc8b94b7-0e5d-450a-9054-6f9bf272ae34-tar-6-balls-7",
      "relation": "are black very hard in",
      "object_id": "fc8b94b7-0e5d-450a-9054-6f9bf272ae34-color-5"
    },
    {
      "subject_id": "fc8b94b7-0e5d-450a-9054-6f9bf272ae34-tar-6-balls-7",
      "relation": "have",
      "object_id": "fc8b94b7-0e5d-450a-9054-6f9bf272ae34-shell-12-armor-16"
    },
    {
      "subject_id": "fc8b94b7-0e5d-450a-9054-6f9bf272ae34-black-3",
      "relation": "at",
      "object_id": "fc8b94b7-0e5d-450a-9054-6f9bf272ae34-hard-8"
    },
    {
      "subject_id": "fc8b94b7-0e5d-450a-9054-6f9bf272ae34-hydrocarbon-4-analyses-5",
      "relation": "revealed",
      "object_id": "fc8b94b7-0e5d-450a-9054-6f9bf272ae34-characteristics-12"
    },
    {
      "subject_id": "fc8b94b7-0e5d-450a-9054-6f9bf272ae34-hydrocarbon-4-analyses-5",
      "relation": "is",
      "object_id": "fc8b94b7-0e5d-450a-9054-6f9bf272ae34-polycyclic-2"
    },
    {
      "subject_id": "fc8b94b7-0e5d-450a-9054-6f9bf272ae34-characteristics-12",
      "relation": "is",
      "object_id": "fc8b94b7-0e5d-450a-9054-6f9bf272ae34-weathered-16"
    },
    {
      "subject_id": "fc8b94b7-0e5d-450a-9054-6f9bf272ae34-characteristics-12",
      "relation": "of",
      "object_id": "fc8b94b7-0e5d-450a-9054-6f9bf272ae34-material-17"
    },
    {
      "subject_id": "fc8b94b7-0e5d-450a-9054-6f9bf272ae34-hydrocarbon-4-analyses-5",
      "relation": "is",
      "object_id": "fc8b94b7-0e5d-450a-9054-6f9bf272ae34-aromatic-3"
    },
    {
      "subject_id": "fc8b94b7-0e5d-450a-9054-6f9bf272ae34-persistent-23-compounds-24",
      "relation": "were",
      "object_id": "fc8b94b7-0e5d-450a-9054-6f9bf272ae34-detected-26"
    },
    {
      "subject_id": "fc8b94b7-0e5d-450a-9054-6f9bf272ae34-detected-26",
      "relation": "at",
      "object_id": "fc8b94b7-0e5d-450a-9054-6f9bf272ae34-where-19"
    },
    {
      "subject_id": "fc8b94b7-0e5d-450a-9054-6f9bf272ae34-characteristics-12",
      "relation": "at",
      "object_id": "fc8b94b7-0e5d-450a-9054-6f9bf272ae34-strongly-15"
    }
  ],
  "links": {
    "fc8b94b7-0e5d-450a-9054-6f9bf272ae34-work-2": [],
    "fc8b94b7-0e5d-450a-9054-6f9bf272ae34-occurrence-7": [],
    "fc8b94b7-0e5d-450a-9054-6f9bf272ae34-widespread-6": [],
    "fc8b94b7-0e5d-450a-9054-6f9bf272ae34-beach-14": [
      "fc8b94b7-0e5d-450a-9054-6f9bf272ae34-beach-10"
    ],
    "fc8b94b7-0e5d-450a-9054-6f9bf272ae34-pebble-13": [],
    "NE-LOCATION-Sueste": [],
    "NE-CITY-Bay": [],
    "NE-PERSON-Fernando-de-Noronha-Island": [],
    "fc8b94b7-0e5d-450a-9054-6f9bf272ae34-tar-9-balls-10": [],
    "fc8b94b7-0e5d-450a-9054-6f9bf272ae34-regulations-2": [],
    "fc8b94b7-0e5d-450a-9054-6f9bf272ae34-beach-10": [
      "fc8b94b7-0e5d-450a-9054-6f9bf272ae34-beach-14"
    ],
    "fc8b94b7-0e5d-450a-9054-6f9bf272ae34-Environmental-1": [],
    "fc8b94b7-0e5d-450a-9054-6f9bf272ae34-visitors-5": [],
    "fc8b94b7-0e5d-450a-9054-6f9bf272ae34-regular-4": [],
    "fc8b94b7-0e5d-450a-9054-6f9bf272ae34-bay-14": [],
    "fc8b94b7-0e5d-450a-9054-6f9bf272ae34-pristine-17": [],
    "fc8b94b7-0e5d-450a-9054-6f9bf272ae34-tar-6-balls-7": [],
    "fc8b94b7-0e5d-450a-9054-6f9bf272ae34-envelopes-18": [],
    "fc8b94b7-0e5d-450a-9054-6f9bf272ae34-beach-20-pebbles-21": [],
    "fc8b94b7-0e5d-450a-9054-6f9bf272ae34-work-3": [],
    "fc8b94b7-0e5d-450a-9054-6f9bf272ae34-observed-9": [],
    "fc8b94b7-0e5d-450a-9054-6f9bf272ae34-time-13": [],
    "NE-ORDINAL-first": [],
    "fc8b94b7-0e5d-450a-9054-6f9bf272ae34-range-19": [],
    "fc8b94b7-0e5d-450a-9054-6f9bf272ae34-size-22": [],
    "fc8b94b7-0e5d-450a-9054-6f9bf272ae34-average-21": [],
    "fc8b94b7-0e5d-450a-9054-6f9bf272ae34-2-24-to-25-6-26-cm-27": [],
    "fc8b94b7-0e5d-450a-9054-6f9bf272ae34-color-5": [],
    "fc8b94b7-0e5d-450a-9054-6f9bf272ae34-black-3": [],
    "fc8b94b7-0e5d-450a-9054-6f9bf272ae34-very-7": [],
    "fc8b94b7-0e5d-450a-9054-6f9bf272ae34-shell-12-armor-16": [],
    "fc8b94b7-0e5d-450a-9054-6f9bf272ae34-hard-8": [],
    "fc8b94b7-0e5d-450a-9054-6f9bf272ae34-hydrocarbon-4-analyses-5": [],
    "fc8b94b7-0e5d-450a-9054-6f9bf272ae34-characteristics-12": [],
    "fc8b94b7-0e5d-450a-9054-6f9bf272ae34-polycyclic-2": [],
    "fc8b94b7-0e5d-450a-9054-6f9bf272ae34-weathered-16": [],
    "fc8b94b7-0e5d-450a-9054-6f9bf272ae34-material-17": [],
    "fc8b94b7-0e5d-450a-9054-6f9bf272ae34-aromatic-3": [],
    "fc8b94b7-0e5d-450a-9054-6f9bf272ae34-persistent-23-compounds-24": [],
    "fc8b94b7-0e5d-450a-9054-6f9bf272ae34-detected-26": [],
    "fc8b94b7-0e5d-450a-9054-6f9bf272ae34-where-19": [],
    "fc8b94b7-0e5d-450a-9054-6f9bf272ae34-strongly-15": []
  }
}