{
  "document": "D:/Projetos/PIRA_KG/documents/onu_85085773875.txt",
  "entities": {
    "d606c7b3-ce98-4023-8a39-196528dd3002-oil-4-prices-5": "oil prices",
    "d606c7b3-ce98-4023-8a39-196528dd3002-challenge-8": "challenge",
    "d606c7b3-ce98-4023-8a39-196528dd3002-low-3": "low",
    "d606c7b3-ce98-4023-8a39-196528dd3002-state-12": "state",
    "d606c7b3-ce98-4023-8a39-196528dd3002-financial-11": "financial",
    "d606c7b3-ce98-4023-8a39-196528dd3002-industry-15": "industry",
    "d606c7b3-ce98-4023-8a39-196528dd3002-companies-8": "companies",
    "d606c7b3-ce98-4023-8a39-196528dd3002-oil-16-production-17": "oil production",
    "d606c7b3-ce98-4023-8a39-196528dd3002-it-3": "it",
    "d606c7b3-ce98-4023-8a39-196528dd3002-important-6": "important",
    "d606c7b3-ce98-4023-8a39-196528dd3002-Therefore-1": "Therefore",
    "d606c7b3-ce98-4023-8a39-196528dd3002-very-5": "very",
    "d606c7b3-ce98-4023-8a39-196528dd3002-costs-10": "costs",
    "d606c7b3-ce98-4023-8a39-196528dd3002-water-12-cuts-13": "water cuts",
    "d606c7b3-ce98-4023-8a39-196528dd3002-facility-15-volume-16-limitations-17": "facility volume limitations",
    "d606c7b3-ce98-4023-8a39-196528dd3002-high-11": "high",
    "d606c7b3-ce98-4023-8a39-196528dd3002-oil-7-production-8": "oil production",
    "d606c7b3-ce98-4023-8a39-196528dd3002-offshore-20-production-21-system-22": "offshore production system",
    "d606c7b3-ce98-4023-8a39-196528dd3002-production-21-system-22": "production system",
    "d606c7b3-ce98-4023-8a39-196528dd3002-increasing-38-oil-39-recovery-40": "increasing oil recovery",
    "d606c7b3-ce98-4023-8a39-196528dd3002-mature-42-reservoirs-43": "mature reservoirs",
    "d606c7b3-ce98-4023-8a39-196528dd3002-it-24": "it",
    "d606c7b3-ce98-4023-8a39-196528dd3002-time-4": "time",
    "d606c7b3-ce98-4023-8a39-196528dd3002-due-10": "due",
    "d606c7b3-ce98-4023-8a39-196528dd3002-necessary-26": "necessary",
    "d606c7b3-ce98-4023-8a39-196528dd3002-solutions-30": "solutions",
    "d606c7b3-ce98-4023-8a39-196528dd3002-same-3": "same",
    "d606c7b3-ce98-4023-8a39-196528dd3002-subsea-6-separator-7": "subsea separator",
    "d606c7b3-ce98-4023-8a39-196528dd3002-prospect-11-for-12-dealing-13": "prospect for dealing",
    "d606c7b3-ce98-4023-8a39-196528dd3002-challenges-16": "challenges",
    "d606c7b3-ce98-4023-8a39-196528dd3002-good-10": "good",
    "d606c7b3-ce98-4023-8a39-196528dd3002-methodology-7": "methodology",
    "d606c7b3-ce98-4023-8a39-196528dd3002-feasibility-12-study-13": "feasibility study",
    "d606c7b3-ce98-4023-8a39-196528dd3002-Oil-17-Water-19-Subsea-20-Separator-21": "Oil Water Subsea Separator",
    "d606c7b3-ce98-4023-8a39-196528dd3002-Offshore-24-Field-25": "Offshore Field",
    "NE-NATIONALITY-Brazilian": "Brazilian",
    "d606c7b3-ce98-4023-8a39-196528dd3002-technical-11": "technical",
    "d606c7b3-ce98-4023-8a39-196528dd3002-paper-2": "paper",
    "d606c7b3-ce98-4023-8a39-196528dd3002-results-3": "results",
    "d606c7b3-ce98-4023-8a39-196528dd3002-part-8": "part",
    "d606c7b3-ce98-4023-8a39-196528dd3002-technical-2": "technical",
    "d606c7b3-ce98-4023-8a39-196528dd3002-analysis-12": "analysis",
    "d606c7b3-ce98-4023-8a39-196528dd3002-economic-11": "economic",
    "d606c7b3-ce98-4023-8a39-196528dd3002-used-6": "used",
    "d606c7b3-ce98-4023-8a39-196528dd3002-then-5": "then",
    "d606c7b3-ce98-4023-8a39-196528dd3002-study-2": "study",
    "d606c7b3-ce98-4023-8a39-196528dd3002-four-5-wells-6": "four wells",
    "d606c7b3-ce98-4023-8a39-196528dd3002-fluids-4": "fluids",
    "d606c7b3-ce98-4023-8a39-196528dd3002-platform-21": "platform",
    "d606c7b3-ce98-4023-8a39-196528dd3002-wells-22": "wells",
    "d606c7b3-ce98-4023-8a39-196528dd3002-potentials-27": "potentials",
    "d606c7b3-ce98-4023-8a39-196528dd3002-larger-26": "larger",
    "d606c7b3-ce98-4023-8a39-196528dd3002-cumulative-32": "cumulative",
    "d606c7b3-ce98-4023-8a39-196528dd3002-field-37": "field",
    "d606c7b3-ce98-4023-8a39-196528dd3002-increased-31": "increased",
    "d606c7b3-ce98-4023-8a39-196528dd3002-oil-33-production-34": "oil production",
    "d606c7b3-ce98-4023-8a39-196528dd3002-resulting-28": "resulting",
    "d606c7b3-ce98-4023-8a39-196528dd3002-simulation-2-approach-3": "simulation approach",
    "d606c7b3-ce98-4023-8a39-196528dd3002-followed-5": "followed",
    "d606c7b3-ce98-4023-8a39-196528dd3002-Computational-1": "Computational"
  },
  "graph": [
    {
      "subject_id": "d606c7b3-ce98-4023-8a39-196528dd3002-oil-4-prices-5",
      "relation": "pose",
      "object_id": "d606c7b3-ce98-4023-8a39-196528dd3002-challenge-8"
    },
    {
      "subject_id": "d606c7b3-ce98-4023-8a39-196528dd3002-oil-4-prices-5",
      "relation": "is",
      "object_id": "d606c7b3-ce98-4023-8a39-196528dd3002-low-3"
    },
    {
      "subject_id": "d606c7b3-ce98-4023-8a39-196528dd3002-challenge-8",
      "relation": "of",
      "object_id": "d606c7b3-ce98-4023-8a39-196528dd3002-state-12"
    },
    {
      "subject_id": "d606c7b3-ce98-4023-8a39-196528dd3002-oil-4-prices-5",
      "relation": "Currently pose",
      "object_id": "d606c7b3-ce98-4023-8a39-196528dd3002-challenge-8"
    },
    {
      "subject_id": "d606c7b3-ce98-4023-8a39-196528dd3002-challenge-8",
      "relation": "is",
      "object_id": "d606c7b3-ce98-4023-8a39-196528dd3002-financial-11"
    },
    {
      "subject_id": "d606c7b3-ce98-4023-8a39-196528dd3002-challenge-8",
      "relation": "of",
      "object_id": "d606c7b3-ce98-4023-8a39-196528dd3002-industry-15"
    },
    {
      "subject_id": "d606c7b3-ce98-4023-8a39-196528dd3002-companies-8",
      "relation": "maintaining",
      "object_id": "d606c7b3-ce98-4023-8a39-196528dd3002-oil-16-production-17"
    },
    {
      "subject_id": "d606c7b3-ce98-4023-8a39-196528dd3002-it-3",
      "relation": "is",
      "object_id": "d606c7b3-ce98-4023-8a39-196528dd3002-important-6"
    },
    {
      "subject_id": "d606c7b3-ce98-4023-8a39-196528dd3002-important-6",
      "relation": "at",
      "object_id": "d606c7b3-ce98-4023-8a39-196528dd3002-Therefore-1"
    },
    {
      "subject_id": "d606c7b3-ce98-4023-8a39-196528dd3002-important-6",
      "relation": "at",
      "object_id": "d606c7b3-ce98-4023-8a39-196528dd3002-very-5"
    },
    {
      "subject_id": "d606c7b3-ce98-4023-8a39-196528dd3002-companies-8",
      "relation": "optimize",
      "object_id": "d606c7b3-ce98-4023-8a39-196528dd3002-costs-10"
    },
    {
      "subject_id": "d606c7b3-ce98-4023-8a39-196528dd3002-water-12-cuts-13",
      "relation": "production",
      "object_id": "d606c7b3-ce98-4023-8a39-196528dd3002-facility-15-volume-16-limitations-17"
    },
    {
      "subject_id": "d606c7b3-ce98-4023-8a39-196528dd3002-water-12-cuts-13",
      "relation": "is",
      "object_id": "d606c7b3-ce98-4023-8a39-196528dd3002-high-11"
    },
    {
      "subject_id": "d606c7b3-ce98-4023-8a39-196528dd3002-oil-7-production-8",
      "relation": "declining",
      "object_id": "d606c7b3-ce98-4023-8a39-196528dd3002-water-12-cuts-13"
    },
    {
      "subject_id": "d606c7b3-ce98-4023-8a39-196528dd3002-water-12-cuts-13",
      "relation": "of",
      "object_id": "d606c7b3-ce98-4023-8a39-196528dd3002-offshore-20-production-21-system-22"
    },
    {
      "subject_id": "d606c7b3-ce98-4023-8a39-196528dd3002-water-12-cuts-13",
      "relation": "of",
      "object_id": "d606c7b3-ce98-4023-8a39-196528dd3002-production-21-system-22"
    },
    {
      "subject_id": "d606c7b3-ce98-4023-8a39-196528dd3002-increasing-38-oil-39-recovery-40",
      "relation": "is in",
      "object_id": "d606c7b3-ce98-4023-8a39-196528dd3002-mature-42-reservoirs-43"
    },
    {
      "subject_id": "d606c7b3-ce98-4023-8a39-196528dd3002-water-12-cuts-13",
      "relation": "is in",
      "object_id": "d606c7b3-ce98-4023-8a39-196528dd3002-offshore-20-production-21-system-22"
    },
    {
      "subject_id": "d606c7b3-ce98-4023-8a39-196528dd3002-it-24",
      "relation": "is necessary At",
      "object_id": "d606c7b3-ce98-4023-8a39-196528dd3002-time-4"
    },
    {
      "subject_id": "d606c7b3-ce98-4023-8a39-196528dd3002-water-12-cuts-13",
      "relation": "is",
      "object_id": "d606c7b3-ce98-4023-8a39-196528dd3002-due-10"
    },
    {
      "subject_id": "d606c7b3-ce98-4023-8a39-196528dd3002-it-24",
      "relation": "is",
      "object_id": "d606c7b3-ce98-4023-8a39-196528dd3002-necessary-26"
    },
    {
      "subject_id": "d606c7b3-ce98-4023-8a39-196528dd3002-it-24",
      "relation": "look for",
      "object_id": "d606c7b3-ce98-4023-8a39-196528dd3002-solutions-30"
    },
    {
      "subject_id": "d606c7b3-ce98-4023-8a39-196528dd3002-time-4",
      "relation": "is",
      "object_id": "d606c7b3-ce98-4023-8a39-196528dd3002-same-3"
    },
    {
      "subject_id": "d606c7b3-ce98-4023-8a39-196528dd3002-subsea-6-separator-7",
      "relation": "represents",
      "object_id": "d606c7b3-ce98-4023-8a39-196528dd3002-prospect-11-for-12-dealing-13"
    },
    {
      "subject_id": "d606c7b3-ce98-4023-8a39-196528dd3002-prospect-11-for-12-dealing-13",
      "relation": "at",
      "object_id": "d606c7b3-ce98-4023-8a39-196528dd3002-challenges-16"
    },
    {
      "subject_id": "d606c7b3-ce98-4023-8a39-196528dd3002-prospect-11-for-12-dealing-13",
      "relation": "is",
      "object_id": "d606c7b3-ce98-4023-8a39-196528dd3002-good-10"
    },
    {
      "subject_id": "d606c7b3-ce98-4023-8a39-196528dd3002-methodology-7",
      "relation": "perform",
      "object_id": "d606c7b3-ce98-4023-8a39-196528dd3002-feasibility-12-study-13"
    },
    {
      "subject_id": "d606c7b3-ce98-4023-8a39-196528dd3002-Oil-17-Water-19-Subsea-20-Separator-21",
      "relation": "is in",
      "object_id": "d606c7b3-ce98-4023-8a39-196528dd3002-Offshore-24-Field-25"
    },
    {
      "subject_id": "d606c7b3-ce98-4023-8a39-196528dd3002-Offshore-24-Field-25",
      "relation": "is",
      "object_id": "NE-NATIONALITY-Brazilian"
    },
    {
      "subject_id": "d606c7b3-ce98-4023-8a39-196528dd3002-feasibility-12-study-13",
      "relation": "is",
      "object_id": "d606c7b3-ce98-4023-8a39-196528dd3002-technical-11"
    },
    {
      "subject_id": "d606c7b3-ce98-4023-8a39-196528dd3002-paper-2",
      "relation": "describe",
      "object_id": "d606c7b3-ce98-4023-8a39-196528dd3002-methodology-7"
    },
    {
      "subject_id": "d606c7b3-ce98-4023-8a39-196528dd3002-results-3",
      "relation": "were used as",
      "object_id": "d606c7b3-ce98-4023-8a39-196528dd3002-part-8"
    },
    {
      "subject_id": "d606c7b3-ce98-4023-8a39-196528dd3002-results-3",
      "relation": "is",
      "object_id": "d606c7b3-ce98-4023-8a39-196528dd3002-technical-2"
    },
    {
      "subject_id": "d606c7b3-ce98-4023-8a39-196528dd3002-part-8",
      "relation": "of",
      "object_id": "d606c7b3-ce98-4023-8a39-196528dd3002-analysis-12"
    },
    {
      "subject_id": "d606c7b3-ce98-4023-8a39-196528dd3002-part-8",
      "relation": "is",
      "object_id": "d606c7b3-ce98-4023-8a39-196528dd3002-economic-11"
    },
    {
      "subject_id": "d606c7b3-ce98-4023-8a39-196528dd3002-results-3",
      "relation": "were",
      "object_id": "d606c7b3-ce98-4023-8a39-196528dd3002-used-6"
    },
    {
      "subject_id": "d606c7b3-ce98-4023-8a39-196528dd3002-used-6",
      "relation": "at",
      "object_id": "d606c7b3-ce98-4023-8a39-196528dd3002-part-8"
    },
    {
      "subject_id": "d606c7b3-ce98-4023-8a39-196528dd3002-used-6",
      "relation": "at",
      "object_id": "d606c7b3-ce98-4023-8a39-196528dd3002-then-5"
    },
    {
      "subject_id": "d606c7b3-ce98-4023-8a39-196528dd3002-study-2",
      "relation": "is comprised",
      "object_id": "d606c7b3-ce98-4023-8a39-196528dd3002-four-5-wells-6"
    },
    {
      "subject_id": "d606c7b3-ce98-4023-8a39-196528dd3002-fluids-4",
      "relation": "Hence flows up to",
      "object_id": "d606c7b3-ce98-4023-8a39-196528dd3002-platform-21"
    },
    {
      "subject_id": "d606c7b3-ce98-4023-8a39-196528dd3002-fluids-4",
      "relation": "flows up to",
      "object_id": "d606c7b3-ce98-4023-8a39-196528dd3002-platform-21"
    },
    {
      "subject_id": "d606c7b3-ce98-4023-8a39-196528dd3002-wells-22",
      "relation": "operate on",
      "object_id": "d606c7b3-ce98-4023-8a39-196528dd3002-potentials-27"
    },
    {
      "subject_id": "d606c7b3-ce98-4023-8a39-196528dd3002-potentials-27",
      "relation": "is",
      "object_id": "d606c7b3-ce98-4023-8a39-196528dd3002-larger-26"
    },
    {
      "subject_id": "d606c7b3-ce98-4023-8a39-196528dd3002-potentials-27",
      "relation": "is",
      "object_id": "d606c7b3-ce98-4023-8a39-196528dd3002-cumulative-32"
    },
    {
      "subject_id": "d606c7b3-ce98-4023-8a39-196528dd3002-potentials-27",
      "relation": "of",
      "object_id": "d606c7b3-ce98-4023-8a39-196528dd3002-field-37"
    },
    {
      "subject_id": "d606c7b3-ce98-4023-8a39-196528dd3002-potentials-27",
      "relation": "is",
      "object_id": "d606c7b3-ce98-4023-8a39-196528dd3002-increased-31"
    },
    {
      "subject_id": "d606c7b3-ce98-4023-8a39-196528dd3002-potentials-27",
      "relation": "at",
      "object_id": "d606c7b3-ce98-4023-8a39-196528dd3002-oil-33-production-34"
    },
    {
      "subject_id": "d606c7b3-ce98-4023-8a39-196528dd3002-potentials-27",
      "relation": "is",
      "object_id": "d606c7b3-ce98-4023-8a39-196528dd3002-resulting-28"
    },
    {
      "subject_id": "d606c7b3-ce98-4023-8a39-196528dd3002-simulation-2-approach-3",
      "relation": "was",
      "object_id": "d606c7b3-ce98-4023-8a39-196528dd3002-followed-5"
    },
    {
      "subject_id": "d606c7b3-ce98-4023-8a39-196528dd3002-simulation-2-approach-3",
      "relation": "is",
      "object_id": "d606c7b3-ce98-4023-8a39-196528dd3002-Computational-1"
    }
  ],
  "links": {
    "d606c7b3-ce98-4023-8a39-196528dd3002-oil-4-prices-5": [],
    "d606c7b3-ce98-4023-8a39-196528dd3002-challenge-8": [],
    "d606c7b3-ce98-4023-8a39-196528dd3002-low-3": [],
    "d606c7b3-ce98-4023-8a39-196528dd3002-state-12": [],
    "d606c7b3-ce98-4023-8a39-196528dd3002-financial-11": [],
    "d606c7b3-ce98-4023-8a39-196528dd3002-industry-15": [],
    "d606c7b3-ce98-4023-8a39-196528dd3002-companies-8": [],
    "d606c7b3-ce98-4023-8a39-196528dd3002-oil-16-production-17": [],
    "d606c7b3-ce98-4023-8a39-196528dd3002-it-3": [],
    "d606c7b3-ce98-4023-8a39-196528dd3002-important-6": [],
    "d606c7b3-ce98-4023-8a39-196528dd3002-Therefore-1": [],
    "d606c7b3-ce98-4023-8a39-196528dd3002-very-5": [],
    "d606c7b3-ce98-4023-8a39-196528dd3002-costs-10": [],
    "d606c7b3-ce98-4023-8a39-196528dd3002-water-12-cuts-13": [],
    "d606c7b3-ce98-4023-8a39-196528dd3002-facility-15-volume-16-limitations-17": [],
    "d606c7b3-ce98-4023-8a39-196528dd3002-high-11": [],
    "d606c7b3-ce98-4023-8a39-196528dd3002-oil-7-production-8": [],
    "d606c7b3-ce98-4023-8a39-196528dd3002-offshore-20-production-21-system-22": [],
    "d606c7b3-ce98-4023-8a39-196528dd3002-production-21-system-22": [],
    "d606c7b3-ce98-4023-8a39-196528dd3002-increasing-38-oil-39-recovery-40": [],
    "d606c7b3-ce98-4023-8a39-196528dd3002-mature-42-reservoirs-43": [],
    "d606c7b3-ce98-4023-8a39-196528dd3002-it-24": [],
    "d606c7b3-ce98-4023-8a39-196528dd3002-time-4": [],
    "d606c7b3-ce98-4023-8a39-196528dd3002-due-10": [],
    "d606c7b3-ce98-4023-8a39-196528dd3002-necessary-26": [],
    "d606c7b3-ce98-4023-8a39-196528dd3002-solutions-30": [],
    "d606c7b3-ce98-4023-8a39-196528dd3002-same-3": [],
    "d606c7b3-ce98-4023-8a39-196528dd3002-subsea-6-separator-7": [],
    "d606c7b3-ce98-4023-8a39-196528dd3002-prospect-11-for-12-dealing-13": [],
    "d606c7b3-ce98-4023-8a39-196528dd3002-challenges-16": [],
    "d606c7b3-ce98-4023-8a39-196528dd3002-good-10": [],
    "d606c7b3-ce98-4023-8a39-196528dd3002-methodology-7": [],
    "d606c7b3-ce98-4023-8a39-196528dd3002-feasibility-12-study-13": [],
    "d606c7b3-ce98-4023-8a39-196528dd3002-Oil-17-Water-19-Subsea-20-Separator-21": [],
    "d606c7b3-ce98-4023-8a39-196528dd3002-Offshore-24-Field-25": [],
    "NE-NATIONALITY-Brazilian": [],
    "d606c7b3-ce98-4023-8a39-196528dd3002-technical-11": [],
    "d606c7b3-ce98-4023-8a39-196528dd3002-paper-2": [],
    "d606c7b3-ce98-4023-8a39-196528dd3002-results-3": [],
    "d606c7b3-ce98-4023-8a39-196528dd3002-part-8": [],
    "d606c7b3-ce98-4023-8a39-196528dd3002-technical-2": [],
    "d606c7b3-ce98-4023-8a39-196528dd3002-analysis-12": [],
    "d606c7b3-ce98-4023-8a39-196528dd3002-economic-11": [],
    "d606c7b3-ce98-4023-8a39-196528dd3002-used-6": [],
    "d606c7b3-ce98-4023-8a39-196528dd3002-then-5": [],
    "d606c7b3-ce98-4023-8a39-196528dd3002-study-2": [],
    "d606c7b3-ce98-4023-8a39-196528dd3002-four-5-wells-6": [],
    "d606c7b3-ce98-4023-8a39-196528dd3002-fluids-4": [],
    "d606c7b3-ce98-4023-8a39-196528dd3002-platform-21": [],
    "d606c7b3-ce98-4023-8a39-196528dd3002-wells-22": [],
    "d606c7b3-ce98-4023-8a39-196528dd3002-potentials-27": [],
    "d606c7b3-ce98-4023-8a39-196528dd3002-larger-26": [],
    "d606c7b3-ce98-4023-8a39-196528dd3002-cumulative-32": [],
    "d606c7b3-ce98-4023-8a39-196528dd3002-field-37": [],
    "d606c7b3-ce98-4023-8a39-196528dd3002-increased-31": [],
    "d606c7b3-ce98-4023-8a39-196528dd3002-oil-33-production-34": [],
    "d606c7b3-ce98-4023-8a39-196528dd3002-resulting-28": [],
    "d606c7b3-ce98-4023-8a39-196528dd3002-simulation-2-approach-3": [],
    "d606c7b3-ce98-4023-8a39-196528dd3002-followed-5": [],
    "d606c7b3-ce98-4023-8a39-196528dd3002-Computational-1": []
  }
}