{
  "document": "D:/Projetos/PIRA_KG/documents/onu_85085780309.txt",
  "entities": {
    "82bdebe1-55d4-4873-9e12-d1e0510312d7-Oil-1-production-2": "Oil production",
    "82bdebe1-55d4-4873-9e12-d1e0510312d7-challenges-9": "challenges",
    "82bdebe1-55d4-4873-9e12-d1e0510312d7-new-8": "new",
    "82bdebe1-55d4-4873-9e12-d1e0510312d7-floating-11": "floating",
    "82bdebe1-55d4-4873-9e12-d1e0510312d7-units-12": "units",
    "82bdebe1-55d4-4873-9e12-d1e0510312d7-ultra-deep-4-waters-5": "ultra-deep waters",
    "82bdebe1-55d4-4873-9e12-d1e0510312d7-its-17-behavior-18": "its behavior",
    "82bdebe1-55d4-4873-9e12-d1e0510312d7-extreme-20-conditions-21": "extreme conditions",
    "82bdebe1-55d4-4873-9e12-d1e0510312d7-ship-6-type-7-structures-9": "ship type structures",
    "82bdebe1-55d4-4873-9e12-d1e0510312d7-may-10-subjected-12": "may subjected",
    "82bdebe1-55d4-4873-9e12-d1e0510312d7-floating-8": "floating",
    "82bdebe1-55d4-4873-9e12-d1e0510312d7-extreme-2": "extreme",
    "NE-CAUSE_OF_DEATH-storms": "storms",
    "82bdebe1-55d4-4873-9e12-d1e0510312d7-sea-3": "sea",
    "82bdebe1-55d4-4873-9e12-d1e0510312d7-deck-16-events-17": "deck events",
    "82bdebe1-55d4-4873-9e12-d1e0510312d7-water-14": "water",
    "82bdebe1-55d4-4873-9e12-d1e0510312d7-CFD-14-techniques-16": "CFD techniques",
    "82bdebe1-55d4-4873-9e12-d1e0510312d7-loads-23": "loads",
    "82bdebe1-55d4-4873-9e12-d1e0510312d7-detailed-22": "detailed",
    "82bdebe1-55d4-4873-9e12-d1e0510312d7-may-17-used-19": "may used",
    "82bdebe1-55d4-4873-9e12-d1e0510312d7-analysis-8": "analysis",
    "82bdebe1-55d4-4873-9e12-d1e0510312d7-deck-28-propagation-29": "deck propagation",
    "82bdebe1-55d4-4873-9e12-d1e0510312d7-structural-7": "structural",
    "82bdebe1-55d4-4873-9e12-d1e0510312d7-detailed-6": "detailed",
    "82bdebe1-55d4-4873-9e12-d1e0510312d7-especially-31-beam-33-sea-34-conditions-35": "especially beam sea conditions",
    "82bdebe1-55d4-4873-9e12-d1e0510312d7-water-7-ingress-8": "water ingress",
    "82bdebe1-55d4-4873-9e12-d1e0510312d7-simulated-15": "simulated",
    "82bdebe1-55d4-4873-9e12-d1e0510312d7-CFD-17-analysis-18": "CFD analysis",
    "82bdebe1-55d4-4873-9e12-d1e0510312d7-results-2": "results",
    "82bdebe1-55d4-4873-9e12-d1e0510312d7-investigation-7": "investigation",
    "82bdebe1-55d4-4873-9e12-d1e0510312d7-depending-13-riser-16-balcony-17-extent-18": "depending riser balcony extent",
    "82bdebe1-55d4-4873-9e12-d1e0510312d7-complex-10-flow-11-behavior-12": "complex flow behavior",
    "82bdebe1-55d4-4873-9e12-d1e0510312d7-simulations-5": "simulations",
    "82bdebe1-55d4-4873-9e12-d1e0510312d7-effect-9": "effect",
    "82bdebe1-55d4-4873-9e12-d1e0510312d7-extent-24": "extent",
    "82bdebe1-55d4-4873-9e12-d1e0510312d7-protective-8": "protective",
    "82bdebe1-55d4-4873-9e12-d1e0510312d7-lateral-23": "lateral",
    "82bdebe1-55d4-4873-9e12-d1e0510312d7-effective-20": "effective",
    "NE-ORGANIZATION-FPSO": "FPSO",
    "82bdebe1-55d4-4873-9e12-d1e0510312d7-only-19": "only",
    "82bdebe1-55d4-4873-9e12-d1e0510312d7-side-3-hull-4-balcony-5": "side hull balcony",
    "82bdebe1-55d4-4873-9e12-d1e0510312d7-8m-26": "8m",
    "82bdebe1-55d4-4873-9e12-d1e0510312d7-wave-11-run-12-up-14": "wave run up",
    "82bdebe1-55d4-4873-9e12-d1e0510312d7-beam-16-waves-17": "beam waves",
    "82bdebe1-55d4-4873-9e12-d1e0510312d7-benefits-9": "benefits",
    "82bdebe1-55d4-4873-9e12-d1e0510312d7-water-3": "water",
    "82bdebe1-55d4-4873-9e12-d1e0510312d7-performing-2": "performing",
    "82bdebe1-55d4-4873-9e12-d1e0510312d7-loading-22-reduction-23": "loading reduction",
    "NE-PERCENT-20%": "20 %",
    "82bdebe1-55d4-4873-9e12-d1e0510312d7-deck-5-simulations-6": "deck simulations",
    "82bdebe1-55d4-4873-9e12-d1e0510312d7-tool-9": "tool",
    "82bdebe1-55d4-4873-9e12-d1e0510312d7-pressure-14-distributions-15": "pressure distributions",
    "82bdebe1-55d4-4873-9e12-d1e0510312d7-design-19": "design",
    "82bdebe1-55d4-4873-9e12-d1e0510312d7-powerful-8": "powerful",
    "82bdebe1-55d4-4873-9e12-d1e0510312d7-detailed-12": "detailed",
    "82bdebe1-55d4-4873-9e12-d1e0510312d7-transient-13": "transient",
    "82bdebe1-55d4-4873-9e12-d1e0510312d7-simulations-2": "simulations",
    "82bdebe1-55d4-4873-9e12-d1e0510312d7-CFD-4": "CFD"
  },
  "graph": [
    {
      "subject_id": "82bdebe1-55d4-4873-9e12-d1e0510312d7-Oil-1-production-2",
      "relation": "places",
      "object_id": "82bdebe1-55d4-4873-9e12-d1e0510312d7-challenges-9"
    },
    {
      "subject_id": "82bdebe1-55d4-4873-9e12-d1e0510312d7-challenges-9",
      "relation": "is",
      "object_id": "82bdebe1-55d4-4873-9e12-d1e0510312d7-new-8"
    },
    {
      "subject_id": "82bdebe1-55d4-4873-9e12-d1e0510312d7-challenges-9",
      "relation": "is",
      "object_id": "82bdebe1-55d4-4873-9e12-d1e0510312d7-floating-11"
    },
    {
      "subject_id": "82bdebe1-55d4-4873-9e12-d1e0510312d7-challenges-9",
      "relation": "of",
      "object_id": "82bdebe1-55d4-4873-9e12-d1e0510312d7-units-12"
    },
    {
      "subject_id": "82bdebe1-55d4-4873-9e12-d1e0510312d7-Oil-1-production-2",
      "relation": "is in",
      "object_id": "82bdebe1-55d4-4873-9e12-d1e0510312d7-ultra-deep-4-waters-5"
    },
    {
      "subject_id": "82bdebe1-55d4-4873-9e12-d1e0510312d7-its-17-behavior-18",
      "relation": "is in",
      "object_id": "82bdebe1-55d4-4873-9e12-d1e0510312d7-extreme-20-conditions-21"
    },
    {
      "subject_id": "82bdebe1-55d4-4873-9e12-d1e0510312d7-ship-6-type-7-structures-9",
      "relation": "may",
      "object_id": "82bdebe1-55d4-4873-9e12-d1e0510312d7-may-10-subjected-12"
    },
    {
      "subject_id": "82bdebe1-55d4-4873-9e12-d1e0510312d7-ship-6-type-7-structures-9",
      "relation": "is",
      "object_id": "82bdebe1-55d4-4873-9e12-d1e0510312d7-floating-8"
    },
    {
      "subject_id": "82bdebe1-55d4-4873-9e12-d1e0510312d7-may-10-subjected-12",
      "relation": "is",
      "object_id": "82bdebe1-55d4-4873-9e12-d1e0510312d7-extreme-2"
    },
    {
      "subject_id": "82bdebe1-55d4-4873-9e12-d1e0510312d7-may-10-subjected-12",
      "relation": "at",
      "object_id": "NE-CAUSE_OF_DEATH-storms"
    },
    {
      "subject_id": "82bdebe1-55d4-4873-9e12-d1e0510312d7-may-10-subjected-12",
      "relation": "case",
      "object_id": "82bdebe1-55d4-4873-9e12-d1e0510312d7-sea-3"
    },
    {
      "subject_id": "82bdebe1-55d4-4873-9e12-d1e0510312d7-may-10-subjected-12",
      "relation": "at",
      "object_id": "82bdebe1-55d4-4873-9e12-d1e0510312d7-deck-16-events-17"
    },
    {
      "subject_id": "82bdebe1-55d4-4873-9e12-d1e0510312d7-may-10-subjected-12",
      "relation": "at",
      "object_id": "82bdebe1-55d4-4873-9e12-d1e0510312d7-water-14"
    },
    {
      "subject_id": "82bdebe1-55d4-4873-9e12-d1e0510312d7-CFD-14-techniques-16",
      "relation": "investigate",
      "object_id": "82bdebe1-55d4-4873-9e12-d1e0510312d7-loads-23"
    },
    {
      "subject_id": "82bdebe1-55d4-4873-9e12-d1e0510312d7-loads-23",
      "relation": "is",
      "object_id": "82bdebe1-55d4-4873-9e12-d1e0510312d7-detailed-22"
    },
    {
      "subject_id": "82bdebe1-55d4-4873-9e12-d1e0510312d7-CFD-14-techniques-16",
      "relation": "may",
      "object_id": "82bdebe1-55d4-4873-9e12-d1e0510312d7-may-17-used-19"
    },
    {
      "subject_id": "82bdebe1-55d4-4873-9e12-d1e0510312d7-CFD-14-techniques-16",
      "relation": "allow",
      "object_id": "82bdebe1-55d4-4873-9e12-d1e0510312d7-analysis-8"
    },
    {
      "subject_id": "82bdebe1-55d4-4873-9e12-d1e0510312d7-loads-23",
      "relation": "of",
      "object_id": "82bdebe1-55d4-4873-9e12-d1e0510312d7-deck-28-propagation-29"
    },
    {
      "subject_id": "82bdebe1-55d4-4873-9e12-d1e0510312d7-analysis-8",
      "relation": "is",
      "object_id": "82bdebe1-55d4-4873-9e12-d1e0510312d7-structural-7"
    },
    {
      "subject_id": "82bdebe1-55d4-4873-9e12-d1e0510312d7-analysis-8",
      "relation": "is",
      "object_id": "82bdebe1-55d4-4873-9e12-d1e0510312d7-detailed-6"
    },
    {
      "subject_id": "82bdebe1-55d4-4873-9e12-d1e0510312d7-loads-23",
      "relation": "is in",
      "object_id": "82bdebe1-55d4-4873-9e12-d1e0510312d7-especially-31-beam-33-sea-34-conditions-35"
    },
    {
      "subject_id": "82bdebe1-55d4-4873-9e12-d1e0510312d7-water-7-ingress-8",
      "relation": "are",
      "object_id": "82bdebe1-55d4-4873-9e12-d1e0510312d7-simulated-15"
    },
    {
      "subject_id": "82bdebe1-55d4-4873-9e12-d1e0510312d7-simulated-15",
      "relation": "at",
      "object_id": "82bdebe1-55d4-4873-9e12-d1e0510312d7-CFD-17-analysis-18"
    },
    {
      "subject_id": "82bdebe1-55d4-4873-9e12-d1e0510312d7-results-2",
      "relation": "allow",
      "object_id": "82bdebe1-55d4-4873-9e12-d1e0510312d7-investigation-7"
    },
    {
      "subject_id": "82bdebe1-55d4-4873-9e12-d1e0510312d7-results-2",
      "relation": "allow investigation depending",
      "object_id": "82bdebe1-55d4-4873-9e12-d1e0510312d7-depending-13-riser-16-balcony-17-extent-18"
    },
    {
      "subject_id": "82bdebe1-55d4-4873-9e12-d1e0510312d7-investigation-7",
      "relation": "of",
      "object_id": "82bdebe1-55d4-4873-9e12-d1e0510312d7-complex-10-flow-11-behavior-12"
    },
    {
      "subject_id": "82bdebe1-55d4-4873-9e12-d1e0510312d7-investigation-7",
      "relation": "results of",
      "object_id": "82bdebe1-55d4-4873-9e12-d1e0510312d7-simulations-5"
    },
    {
      "subject_id": "82bdebe1-55d4-4873-9e12-d1e0510312d7-effect-9",
      "relation": "is only effective with",
      "object_id": "82bdebe1-55d4-4873-9e12-d1e0510312d7-extent-24"
    },
    {
      "subject_id": "82bdebe1-55d4-4873-9e12-d1e0510312d7-effect-9",
      "relation": "is",
      "object_id": "82bdebe1-55d4-4873-9e12-d1e0510312d7-protective-8"
    },
    {
      "subject_id": "82bdebe1-55d4-4873-9e12-d1e0510312d7-extent-24",
      "relation": "is",
      "object_id": "82bdebe1-55d4-4873-9e12-d1e0510312d7-lateral-23"
    },
    {
      "subject_id": "82bdebe1-55d4-4873-9e12-d1e0510312d7-effect-9",
      "relation": "is",
      "object_id": "82bdebe1-55d4-4873-9e12-d1e0510312d7-effective-20"
    },
    {
      "subject_id": "NE-ORGANIZATION-FPSO",
      "relation": "has",
      "object_id": "82bdebe1-55d4-4873-9e12-d1e0510312d7-effect-9"
    },
    {
      "subject_id": "82bdebe1-55d4-4873-9e12-d1e0510312d7-effective-20",
      "relation": "at",
      "object_id": "82bdebe1-55d4-4873-9e12-d1e0510312d7-only-19"
    },
    {
      "subject_id": "82bdebe1-55d4-4873-9e12-d1e0510312d7-effect-9",
      "relation": "is effective For",
      "object_id": "82bdebe1-55d4-4873-9e12-d1e0510312d7-side-3-hull-4-balcony-5"
    },
    {
      "subject_id": "82bdebe1-55d4-4873-9e12-d1e0510312d7-effect-9",
      "relation": "is effective with",
      "object_id": "82bdebe1-55d4-4873-9e12-d1e0510312d7-extent-24"
    },
    {
      "subject_id": "82bdebe1-55d4-4873-9e12-d1e0510312d7-extent-24",
      "relation": "of",
      "object_id": "82bdebe1-55d4-4873-9e12-d1e0510312d7-8m-26"
    },
    {
      "subject_id": "82bdebe1-55d4-4873-9e12-d1e0510312d7-wave-11-run-12-up-14",
      "relation": "is in",
      "object_id": "82bdebe1-55d4-4873-9e12-d1e0510312d7-beam-16-waves-17"
    },
    {
      "subject_id": "82bdebe1-55d4-4873-9e12-d1e0510312d7-effective-20",
      "relation": "at",
      "object_id": "82bdebe1-55d4-4873-9e12-d1e0510312d7-extent-24"
    },
    {
      "subject_id": "82bdebe1-55d4-4873-9e12-d1e0510312d7-effective-20",
      "relation": "of",
      "object_id": "82bdebe1-55d4-4873-9e12-d1e0510312d7-side-3-hull-4-balcony-5"
    },
    {
      "subject_id": "82bdebe1-55d4-4873-9e12-d1e0510312d7-effect-9",
      "relation": "is only effective For",
      "object_id": "82bdebe1-55d4-4873-9e12-d1e0510312d7-side-3-hull-4-balcony-5"
    },
    {
      "subject_id": "82bdebe1-55d4-4873-9e12-d1e0510312d7-benefits-9",
      "relation": "are quantified By",
      "object_id": "82bdebe1-55d4-4873-9e12-d1e0510312d7-water-3"
    },
    {
      "subject_id": "82bdebe1-55d4-4873-9e12-d1e0510312d7-water-3",
      "relation": "is",
      "object_id": "82bdebe1-55d4-4873-9e12-d1e0510312d7-performing-2"
    },
    {
      "subject_id": "82bdebe1-55d4-4873-9e12-d1e0510312d7-benefits-9",
      "relation": "leading to",
      "object_id": "82bdebe1-55d4-4873-9e12-d1e0510312d7-loading-22-reduction-23"
    },
    {
      "subject_id": "82bdebe1-55d4-4873-9e12-d1e0510312d7-loading-22-reduction-23",
      "relation": "of",
      "object_id": "NE-PERCENT-20%"
    },
    {
      "subject_id": "82bdebe1-55d4-4873-9e12-d1e0510312d7-water-3",
      "relation": "of",
      "object_id": "82bdebe1-55d4-4873-9e12-d1e0510312d7-deck-5-simulations-6"
    },
    {
      "subject_id": "82bdebe1-55d4-4873-9e12-d1e0510312d7-tool-9",
      "relation": "assess",
      "object_id": "82bdebe1-55d4-4873-9e12-d1e0510312d7-pressure-14-distributions-15"
    },
    {
      "subject_id": "82bdebe1-55d4-4873-9e12-d1e0510312d7-pressure-14-distributions-15",
      "relation": "of",
      "object_id": "82bdebe1-55d4-4873-9e12-d1e0510312d7-design-19"
    },
    {
      "subject_id": "82bdebe1-55d4-4873-9e12-d1e0510312d7-tool-9",
      "relation": "is",
      "object_id": "82bdebe1-55d4-4873-9e12-d1e0510312d7-powerful-8"
    },
    {
      "subject_id": "82bdebe1-55d4-4873-9e12-d1e0510312d7-pressure-14-distributions-15",
      "relation": "is",
      "object_id": "82bdebe1-55d4-4873-9e12-d1e0510312d7-detailed-12"
    },
    {
      "subject_id": "82bdebe1-55d4-4873-9e12-d1e0510312d7-pressure-14-distributions-15",
      "relation": "is",
      "object_id": "82bdebe1-55d4-4873-9e12-d1e0510312d7-transient-13"
    },
    {
      "subject_id": "82bdebe1-55d4-4873-9e12-d1e0510312d7-simulations-2",
      "relation": "reveal",
      "object_id": "82bdebe1-55d4-4873-9e12-d1e0510312d7-CFD-4"
    }
  ],
  "links": {
    "82bdebe1-55d4-4873-9e12-d1e0510312d7-Oil-1-production-2": [],
    "82bdebe1-55d4-4873-9e12-d1e0510312d7-challenges-9": [],
    "82bdebe1-55d4-4873-9e12-d1e0510312d7-new-8": [],
    "82bdebe1-55d4-4873-9e12-d1e0510312d7-floating-11": [],
    "82bdebe1-55d4-4873-9e12-d1e0510312d7-units-12": [],
    "82bdebe1-55d4-4873-9e12-d1e0510312d7-ultra-deep-4-waters-5": [],
    "82bdebe1-55d4-4873-9e12-d1e0510312d7-its-17-behavior-18": [],
    "82bdebe1-55d4-4873-9e12-d1e0510312d7-extreme-20-conditions-21": [],
    "82bdebe1-55d4-4873-9e12-d1e0510312d7-ship-6-type-7-structures-9": [],
    "82bdebe1-55d4-4873-9e12-d1e0510312d7-may-10-subjected-12": [],
    "82bdebe1-55d4-4873-9e12-d1e0510312d7-floating-8": [],
    "82bdebe1-55d4-4873-9e12-d1e0510312d7-extreme-2": [],
    "NE-CAUSE_OF_DEATH-storms": [],
    "82bdebe1-55d4-4873-9e12-d1e0510312d7-sea-3": [],
    "82bdebe1-55d4-4873-9e12-d1e0510312d7-deck-16-events-17": [],
    "82bdebe1-55d4-4873-9e12-d1e0510312d7-water-14": [],
    "82bdebe1-55d4-4873-9e12-d1e0510312d7-CFD-14-techniques-16": [],
    "82bdebe1-55d4-4873-9e12-d1e0510312d7-loads-23": [],
    "82bdebe1-55d4-4873-9e12-d1e0510312d7-detailed-22": [
      "82bdebe1-55d4-4873-9e12-d1e0510312d7-detailed-6",
      "82bdebe1-55d4-4873-9e12-d1e0510312d7-detailed-12"
    ],
    "82bdebe1-55d4-4873-9e12-d1e0510312d7-may-17-used-19": [],
    "82bdebe1-55d4-4873-9e12-d1e0510312d7-analysis-8": [],
    "82bdebe1-55d4-4873-9e12-d1e0510312d7-deck-28-propagation-29": [],
    "82bdebe1-55d4-4873-9e12-d1e0510312d7-structural-7": [],
    "82bdebe1-55d4-4873-9e12-d1e0510312d7-detailed-6": [
      "82bdebe1-55d4-4873-9e12-d1e0510312d7-detailed-22"
    ],
    "82bdebe1-55d4-4873-9e12-d1e0510312d7-especially-31-beam-33-sea-34-conditions-35": [],
    "82bdebe1-55d4-4873-9e12-d1e0510312d7-water-7-ingress-8": [],
    "82bdebe1-55d4-4873-9e12-d1e0510312d7-simulated-15": [],
    "82bdebe1-55d4-4873-9e12-d1e0510312d7-CFD-17-analysis-18": [],
    "82bdebe1-55d4-4873-9e12-d1e0510312d7-results-2": [],
    "82bdebe1-55d4-4873-9e12-d1e0510312d7-investigation-7": [],
    "82bdebe1-55d4-4873-9e12-d1e0510312d7-depending-13-riser-16-balcony-17-extent-18": [],
    "82bdebe1-55d4-4873-9e12-d1e0510312d7-complex-10-flow-11-behavior-12": [],
    "82bdebe1-55d4-4873-9e12-d1e0510312d7-simulations-5": [],
    "82bdebe1-55d4-4873-9e12-d1e0510312d7-effect-9": [],
    "82bdebe1-55d4-4873-9e12-d1e0510312d7-extent-24": [],
    "82bdebe1-55d4-4873-9e12-d1e0510312d7-protective-8": [],
    "82bdebe1-55d4-4873-9e12-d1e0510312d7-lateral-23": [],
    "82bdebe1-55d4-4873-9e12-d1e0510312d7-effective-20": [],
    "NE-ORGANIZATION-FPSO": [],
    "82bdebe1-55d4-4873-9e12-d1e0510312d7-only-19": [],
    "82bdebe1-55d4-4873-9e12-d1e0510312d7-side-3-hull-4-balcony-5": [],
    "82bdebe1-55d4-4873-9e12-d1e0510312d7-8m-26": [],
    "82bdebe1-55d4-4873-9e12-d1e0510312d7-wave-11-run-12-up-14": [],
    "82bdebe1-55d4-4873-9e12-d1e0510312d7-beam-16-waves-17": [],
    "82bdebe1-55d4-4873-9e12-d1e0510312d7-benefits-9": [],
    "82bdebe1-55d4-4873-9e12-d1e0510312d7-water-3": [],
    "82bdebe1-55d4-4873-9e12-d1e0510312d7-performing-2": [],
    "82bdebe1-55d4-4873-9e12-d1e0510312d7-loading-22-reduction-23": [],
    "NE-PERCENT-20%": [],
    "82bdebe1-55d4-4873-9e12-d1e0510312d7-deck-5-simulations-6": [],
    "82bdebe1-55d4-4873-9e12-d1e0510312d7-tool-9": [],
    "82bdebe1-55d4-4873-9e12-d1e0510312d7-pressure-14-distributions-15": [],
    "82bdebe1-55d4-4873-9e12-d1e0510312d7-design-19": [],
    "82bdebe1-55d4-4873-9e12-d1e0510312d7-powerful-8": [],
    "82bdebe1-55d4-4873-9e12-d1e0510312d7-detailed-12": [
      "82bdebe1-55d4-4873-9e12-d1e0510312d7-detailed-22"
    ],
    "82bdebe1-55d4-4873-9e12-d1e0510312d7-transient-13": [],
    "82bdebe1-55d4-4873-9e12-d1e0510312d7-simulations-2": [],
    "82bdebe1-55d4-4873-9e12-d1e0510312d7-CFD-4": []
  }
}