{
  "document": "D:/Projetos/PIRA_KG/documents/onu_79953006622.txt",
  "entities": {
    "6e0ae093-c13e-410d-9aa0-41775ea6f017-tool-8": "tool",
    "6e0ae093-c13e-410d-9aa0-41775ea6f017-reservoir-10-studies-11": "reservoir studies",
    "6e0ae093-c13e-410d-9aa0-41775ea6f017-uncertainty-10-analysis-11": "uncertainty analysis",
    "6e0ae093-c13e-410d-9aa0-41775ea6f017-models-23": "models",
    "6e0ae093-c13e-410d-9aa0-41775ea6f017-traditional-9": "traditional",
    "6e0ae093-c13e-410d-9aa0-41775ea6f017-fields-4": "fields",
    "6e0ae093-c13e-410d-9aa0-41775ea6f017-production-6-history-7": "production history",
    "6e0ae093-c13e-410d-9aa0-41775ea6f017-history-6-matching-7-evaluation-8": "history matching evaluation",
    "6e0ae093-c13e-410d-9aa0-41775ea6f017-uncertainties-14": "uncertainties",
    "6e0ae093-c13e-410d-9aa0-41775ea6f017-uncertainty-2-analysis-3-process-4": "uncertainty analysis process",
    "6e0ae093-c13e-410d-9aa0-41775ea6f017-existing-13": "existing",
    "6e0ae093-c13e-410d-9aa0-41775ea6f017-methodology-2-used-3": "methodology used",
    "6e0ae093-c13e-410d-9aa0-41775ea6f017-design-11": "design",
    "6e0ae093-c13e-410d-9aa0-41775ea6f017-experimental-10": "experimental",
    "6e0ae093-c13e-410d-9aa0-41775ea6f017-based-8": "based",
    "6e0ae093-c13e-410d-9aa0-41775ea6f017-cases-2": "cases",
    "6e0ae093-c13e-410d-9aa0-41775ea6f017-good-5-history-6-matching-7": "good history matching",
    "6e0ae093-c13e-410d-9aa0-41775ea6f017-input-11": "input",
    "NE-LOCATION-Montecarlo": "Montecarlo",
    "6e0ae093-c13e-410d-9aa0-41775ea6f017-simulation-15": "simulation",
    "6e0ae093-c13e-410d-9aa0-41775ea6f017-selected-9": "selected",
    "6e0ae093-c13e-410d-9aa0-41775ea6f017-it-5": "it",
    "6e0ae093-c13e-410d-9aa0-41775ea6f017-probability-13-distributions-14": "probability distributions",
    "6e0ae093-c13e-410d-9aa0-41775ea6f017-initially-11": "initially",
    "6e0ae093-c13e-410d-9aa0-41775ea6f017-defined-12": "defined",
    "6e0ae093-c13e-410d-9aa0-41775ea6f017-technique-3": "technique",
    "6e0ae093-c13e-410d-9aa0-41775ea6f017-possible-7": "possible",
    "6e0ae093-c13e-410d-9aa0-41775ea6f017-methodology-2": "methodology",
    "6e0ae093-c13e-410d-9aa0-41775ea6f017-study-8": "study",
    "NE-ORGANIZATION-Petrobras": "Petrobras",
    "6e0ae093-c13e-410d-9aa0-41775ea6f017-real-7": "real",
    "6e0ae093-c13e-410d-9aa0-41775ea6f017-applied-4": "applied",
    "6e0ae093-c13e-410d-9aa0-41775ea6f017-wells-5": "wells",
    "6e0ae093-c13e-410d-9aa0-41775ea6f017-block-9": "block",
    "6e0ae093-c13e-410d-9aa0-41775ea6f017-other-4": "other",
    "6e0ae093-c13e-410d-9aa0-41775ea6f017-same-8": "same",
    "6e0ae093-c13e-410d-9aa0-41775ea6f017-area-13": "area",
    "6e0ae093-c13e-410d-9aa0-41775ea6f017-studied-12": "studied",
    "6e0ae093-c13e-410d-9aa0-41775ea6f017-water-25-depth-26": "water depth",
    "6e0ae093-c13e-410d-9aa0-41775ea6f017-oil-36-quality-37": "oil quality",
    "6e0ae093-c13e-410d-9aa0-41775ea6f017-located-15": "located",
    "6e0ae093-c13e-410d-9aa0-41775ea6f017-sea-18-bottom-20-slope-21-region-22": "sea bottom slope region",
    "6e0ae093-c13e-410d-9aa0-41775ea6f017-block-31": "block",
    "6e0ae093-c13e-410d-9aa0-41775ea6f017-two-4-wells-5": "two wells",
    "6e0ae093-c13e-410d-9aa0-41775ea6f017-region-10": "region",
    "6e0ae093-c13e-410d-9aa0-41775ea6f017-studied-9": "studied"
  },
  "graph": [
    {
      "subject_id": "6e0ae093-c13e-410d-9aa0-41775ea6f017-tool-8",
      "relation": "is in",
      "object_id": "6e0ae093-c13e-410d-9aa0-41775ea6f017-reservoir-10-studies-11"
    },
    {
      "subject_id": "6e0ae093-c13e-410d-9aa0-41775ea6f017-uncertainty-10-analysis-11",
      "relation": "However can lead to",
      "object_id": "6e0ae093-c13e-410d-9aa0-41775ea6f017-models-23"
    },
    {
      "subject_id": "6e0ae093-c13e-410d-9aa0-41775ea6f017-uncertainty-10-analysis-11",
      "relation": "is",
      "object_id": "6e0ae093-c13e-410d-9aa0-41775ea6f017-traditional-9"
    },
    {
      "subject_id": "6e0ae093-c13e-410d-9aa0-41775ea6f017-uncertainty-10-analysis-11",
      "relation": "can lead to",
      "object_id": "6e0ae093-c13e-410d-9aa0-41775ea6f017-models-23"
    },
    {
      "subject_id": "6e0ae093-c13e-410d-9aa0-41775ea6f017-uncertainty-10-analysis-11",
      "relation": "can lead in",
      "object_id": "6e0ae093-c13e-410d-9aa0-41775ea6f017-fields-4"
    },
    {
      "subject_id": "6e0ae093-c13e-410d-9aa0-41775ea6f017-uncertainty-10-analysis-11",
      "relation": "However can lead in",
      "object_id": "6e0ae093-c13e-410d-9aa0-41775ea6f017-fields-4"
    },
    {
      "subject_id": "6e0ae093-c13e-410d-9aa0-41775ea6f017-fields-4",
      "relation": "of",
      "object_id": "6e0ae093-c13e-410d-9aa0-41775ea6f017-production-6-history-7"
    },
    {
      "subject_id": "6e0ae093-c13e-410d-9aa0-41775ea6f017-fields-4",
      "relation": "is with",
      "object_id": "6e0ae093-c13e-410d-9aa0-41775ea6f017-production-6-history-7"
    },
    {
      "subject_id": "6e0ae093-c13e-410d-9aa0-41775ea6f017-history-6-matching-7-evaluation-8",
      "relation": "can considerably reduce",
      "object_id": "6e0ae093-c13e-410d-9aa0-41775ea6f017-uncertainties-14"
    },
    {
      "subject_id": "6e0ae093-c13e-410d-9aa0-41775ea6f017-history-6-matching-7-evaluation-8",
      "relation": "can reduce",
      "object_id": "6e0ae093-c13e-410d-9aa0-41775ea6f017-uncertainties-14"
    },
    {
      "subject_id": "6e0ae093-c13e-410d-9aa0-41775ea6f017-history-6-matching-7-evaluation-8",
      "relation": "can considerably reduce uncertainties During",
      "object_id": "6e0ae093-c13e-410d-9aa0-41775ea6f017-uncertainty-2-analysis-3-process-4"
    },
    {
      "subject_id": "6e0ae093-c13e-410d-9aa0-41775ea6f017-history-6-matching-7-evaluation-8",
      "relation": "can reduce uncertainties During",
      "object_id": "6e0ae093-c13e-410d-9aa0-41775ea6f017-uncertainty-2-analysis-3-process-4"
    },
    {
      "subject_id": "6e0ae093-c13e-410d-9aa0-41775ea6f017-uncertainties-14",
      "relation": "is",
      "object_id": "6e0ae093-c13e-410d-9aa0-41775ea6f017-existing-13"
    },
    {
      "subject_id": "6e0ae093-c13e-410d-9aa0-41775ea6f017-methodology-2-used-3",
      "relation": "is based on",
      "object_id": "6e0ae093-c13e-410d-9aa0-41775ea6f017-design-11"
    },
    {
      "subject_id": "6e0ae093-c13e-410d-9aa0-41775ea6f017-design-11",
      "relation": "is",
      "object_id": "6e0ae093-c13e-410d-9aa0-41775ea6f017-experimental-10"
    },
    {
      "subject_id": "6e0ae093-c13e-410d-9aa0-41775ea6f017-methodology-2-used-3",
      "relation": "is",
      "object_id": "6e0ae093-c13e-410d-9aa0-41775ea6f017-based-8"
    },
    {
      "subject_id": "6e0ae093-c13e-410d-9aa0-41775ea6f017-cases-2",
      "relation": "is with",
      "object_id": "6e0ae093-c13e-410d-9aa0-41775ea6f017-good-5-history-6-matching-7"
    },
    {
      "subject_id": "6e0ae093-c13e-410d-9aa0-41775ea6f017-cases-2",
      "relation": "are selected as",
      "object_id": "6e0ae093-c13e-410d-9aa0-41775ea6f017-input-11"
    },
    {
      "subject_id": "6e0ae093-c13e-410d-9aa0-41775ea6f017-input-11",
      "relation": "of",
      "object_id": "NE-LOCATION-Montecarlo"
    },
    {
      "subject_id": "6e0ae093-c13e-410d-9aa0-41775ea6f017-input-11",
      "relation": "of",
      "object_id": "6e0ae093-c13e-410d-9aa0-41775ea6f017-simulation-15"
    },
    {
      "subject_id": "6e0ae093-c13e-410d-9aa0-41775ea6f017-cases-2",
      "relation": "are",
      "object_id": "6e0ae093-c13e-410d-9aa0-41775ea6f017-selected-9"
    },
    {
      "subject_id": "6e0ae093-c13e-410d-9aa0-41775ea6f017-it-5",
      "relation": "evaluate",
      "object_id": "6e0ae093-c13e-410d-9aa0-41775ea6f017-probability-13-distributions-14"
    },
    {
      "subject_id": "6e0ae093-c13e-410d-9aa0-41775ea6f017-probability-13-distributions-14",
      "relation": "at",
      "object_id": "6e0ae093-c13e-410d-9aa0-41775ea6f017-initially-11"
    },
    {
      "subject_id": "6e0ae093-c13e-410d-9aa0-41775ea6f017-probability-13-distributions-14",
      "relation": "is",
      "object_id": "6e0ae093-c13e-410d-9aa0-41775ea6f017-defined-12"
    },
    {
      "subject_id": "6e0ae093-c13e-410d-9aa0-41775ea6f017-it-5",
      "relation": "is possible With",
      "object_id": "6e0ae093-c13e-410d-9aa0-41775ea6f017-technique-3"
    },
    {
      "subject_id": "6e0ae093-c13e-410d-9aa0-41775ea6f017-it-5",
      "relation": "is",
      "object_id": "6e0ae093-c13e-410d-9aa0-41775ea6f017-possible-7"
    },
    {
      "subject_id": "6e0ae093-c13e-410d-9aa0-41775ea6f017-methodology-2",
      "relation": "was applied in",
      "object_id": "6e0ae093-c13e-410d-9aa0-41775ea6f017-study-8"
    },
    {
      "subject_id": "6e0ae093-c13e-410d-9aa0-41775ea6f017-study-8",
      "relation": "of",
      "object_id": "NE-ORGANIZATION-Petrobras"
    },
    {
      "subject_id": "6e0ae093-c13e-410d-9aa0-41775ea6f017-study-8",
      "relation": "is",
      "object_id": "6e0ae093-c13e-410d-9aa0-41775ea6f017-real-7"
    },
    {
      "subject_id": "6e0ae093-c13e-410d-9aa0-41775ea6f017-methodology-2",
      "relation": "was",
      "object_id": "6e0ae093-c13e-410d-9aa0-41775ea6f017-applied-4"
    },
    {
      "subject_id": "6e0ae093-c13e-410d-9aa0-41775ea6f017-study-8",
      "relation": "is in",
      "object_id": "NE-ORGANIZATION-Petrobras"
    },
    {
      "subject_id": "6e0ae093-c13e-410d-9aa0-41775ea6f017-wells-5",
      "relation": "are in",
      "object_id": "6e0ae093-c13e-410d-9aa0-41775ea6f017-block-9"
    },
    {
      "subject_id": "6e0ae093-c13e-410d-9aa0-41775ea6f017-wells-5",
      "relation": "is",
      "object_id": "6e0ae093-c13e-410d-9aa0-41775ea6f017-other-4"
    },
    {
      "subject_id": "6e0ae093-c13e-410d-9aa0-41775ea6f017-block-9",
      "relation": "is",
      "object_id": "6e0ae093-c13e-410d-9aa0-41775ea6f017-same-8"
    },
    {
      "subject_id": "6e0ae093-c13e-410d-9aa0-41775ea6f017-area-13",
      "relation": "is located",
      "object_id": "6e0ae093-c13e-410d-9aa0-41775ea6f017-wells-5"
    },
    {
      "subject_id": "6e0ae093-c13e-410d-9aa0-41775ea6f017-area-13",
      "relation": "is",
      "object_id": "6e0ae093-c13e-410d-9aa0-41775ea6f017-studied-12"
    },
    {
      "subject_id": "6e0ae093-c13e-410d-9aa0-41775ea6f017-water-25-depth-26",
      "relation": "influencing",
      "object_id": "6e0ae093-c13e-410d-9aa0-41775ea6f017-oil-36-quality-37"
    },
    {
      "subject_id": "6e0ae093-c13e-410d-9aa0-41775ea6f017-area-13",
      "relation": "is",
      "object_id": "6e0ae093-c13e-410d-9aa0-41775ea6f017-located-15"
    },
    {
      "subject_id": "6e0ae093-c13e-410d-9aa0-41775ea6f017-area-13",
      "relation": "is located in",
      "object_id": "6e0ae093-c13e-410d-9aa0-41775ea6f017-sea-18-bottom-20-slope-21-region-22"
    },
    {
      "subject_id": "6e0ae093-c13e-410d-9aa0-41775ea6f017-water-25-depth-26",
      "relation": "varies considerably within",
      "object_id": "6e0ae093-c13e-410d-9aa0-41775ea6f017-block-31"
    },
    {
      "subject_id": "6e0ae093-c13e-410d-9aa0-41775ea6f017-wells-5",
      "relation": "at",
      "object_id": "6e0ae093-c13e-410d-9aa0-41775ea6f017-block-9"
    },
    {
      "subject_id": "6e0ae093-c13e-410d-9aa0-41775ea6f017-water-25-depth-26",
      "relation": "possibly influencing",
      "object_id": "6e0ae093-c13e-410d-9aa0-41775ea6f017-oil-36-quality-37"
    },
    {
      "subject_id": "6e0ae093-c13e-410d-9aa0-41775ea6f017-water-25-depth-26",
      "relation": "varies within",
      "object_id": "6e0ae093-c13e-410d-9aa0-41775ea6f017-block-31"
    },
    {
      "subject_id": "6e0ae093-c13e-410d-9aa0-41775ea6f017-two-4-wells-5",
      "relation": "operating in",
      "object_id": "6e0ae093-c13e-410d-9aa0-41775ea6f017-region-10"
    },
    {
      "subject_id": "6e0ae093-c13e-410d-9aa0-41775ea6f017-region-10",
      "relation": "is",
      "object_id": "6e0ae093-c13e-410d-9aa0-41775ea6f017-studied-9"
    }
  ],
  "links": {
    "6e0ae093-c13e-410d-9aa0-41775ea6f017-tool-8": [],
    "6e0ae093-c13e-410d-9aa0-41775ea6f017-reservoir-10-studies-11": [],
    "6e0ae093-c13e-410d-9aa0-41775ea6f017-uncertainty-10-analysis-11": [],
    "6e0ae093-c13e-410d-9aa0-41775ea6f017-models-23": [],
    "6e0ae093-c13e-410d-9aa0-41775ea6f017-traditional-9": [],
    "6e0ae093-c13e-410d-9aa0-41775ea6f017-fields-4": [],
    "6e0ae093-c13e-410d-9aa0-41775ea6f017-production-6-history-7": [],
    "6e0ae093-c13e-410d-9aa0-41775ea6f017-history-6-matching-7-evaluation-8": [],
    "6e0ae093-c13e-410d-9aa0-41775ea6f017-uncertainties-14": [],
    "6e0ae093-c13e-410d-9aa0-41775ea6f017-uncertainty-2-analysis-3-process-4": [],
    "6e0ae093-c13e-410d-9aa0-41775ea6f017-existing-13": [],
    "6e0ae093-c13e-410d-9aa0-41775ea6f017-methodology-2-used-3": [],
    "6e0ae093-c13e-410d-9aa0-41775ea6f017-design-11": [],
    "6e0ae093-c13e-410d-9aa0-41775ea6f017-experimental-10": [],
    "6e0ae093-c13e-410d-9aa0-41775ea6f017-based-8": [],
    "6e0ae093-c13e-410d-9aa0-41775ea6f017-cases-2": [],
    "6e0ae093-c13e-410d-9aa0-41775ea6f017-good-5-history-6-matching-7": [],
    "6e0ae093-c13e-410d-9aa0-41775ea6f017-input-11": [],
    "NE-LOCATION-Montecarlo": [],
    "6e0ae093-c13e-410d-9aa0-41775ea6f017-simulation-15": [],
    "6e0ae093-c13e-410d-9aa0-41775ea6f017-selected-9": [],
    "6e0ae093-c13e-410d-9aa0-41775ea6f017-it-5": [],
    "6e0ae093-c13e-410d-9aa0-41775ea6f017-probability-13-distributions-14": [],
    "6e0ae093-c13e-410d-9aa0-41775ea6f017-initially-11": [],
    "6e0ae093-c13e-410d-9aa0-41775ea6f017-defined-12": [],
    "6e0ae093-c13e-410d-9aa0-41775ea6f017-technique-3": [],
    "6e0ae093-c13e-410d-9aa0-41775ea6f017-possible-7": [],
    "6e0ae093-c13e-410d-9aa0-41775ea6f017-methodology-2": [],
    "6e0ae093-c13e-410d-9aa0-41775ea6f017-study-8": [],
    "NE-ORGANIZATION-Petrobras": [],
    "6e0ae093-c13e-410d-9aa0-41775ea6f017-real-7": [],
    "6e0ae093-c13e-410d-9aa0-41775ea6f017-applied-4": [],
    "6e0ae093-c13e-410d-9aa0-41775ea6f017-wells-5": [],
    "6e0ae093-c13e-410d-9aa0-41775ea6f017-block-9": [],
    "6e0ae093-c13e-410d-9aa0-41775ea6f017-other-4": [],
    "6e0ae093-c13e-410d-9aa0-41775ea6f017-same-8": [],
    "6e0ae093-c13e-410d-9aa0-41775ea6f017-area-13": [],
    "6e0ae093-c13e-410d-9aa0-41775ea6f017-studied-12": [
      "6e0ae093-c13e-410d-9aa0-41775ea6f017-studied-9"
    ],
    "6e0ae093-c13e-410d-9aa0-41775ea6f017-water-25-depth-26": [],
    "6e0ae093-c13e-410d-9aa0-41775ea6f017-oil-36-quality-37": [],
    "6e0ae093-c13e-410d-9aa0-41775ea6f017-located-15": [],
    "6e0ae093-c13e-410d-9aa0-41775ea6f017-sea-18-bottom-20-slope-21-region-22": [],
    "6e0ae093-c13e-410d-9aa0-41775ea6f017-block-31": [],
    "6e0ae093-c13e-410d-9aa0-41775ea6f017-two-4-wells-5": [],
    "6e0ae093-c13e-410d-9aa0-41775ea6f017-region-10": [],
    "6e0ae093-c13e-410d-9aa0-41775ea6f017-studied-9": [
      "6e0ae093-c13e-410d-9aa0-41775ea6f017-studied-12"
    ]
  }
}