{
  "document": "D:/Projetos/PIRA_KG/documents/onu_85056094176.txt",
  "entities": {
    "NE-ORGANIZATION-Petrobras": "Petrobras",
    "0ddfca10-cdbf-4166-ae46-860624694346-water-13-oil-14-fields-15-production-16-development-17": "water oil fields production development",
    "0ddfca10-cdbf-4166-ae46-860624694346-offshore-10": "offshore",
    "0ddfca10-cdbf-4166-ae46-860624694346-concessionaire-37": "concessionaire",
    "NE-LOCATION-Basin": "Basin",
    "NE-CITY-Campos": "Campos",
    "0ddfca10-cdbf-4166-ae46-860624694346-located-19": "located",
    "NE-CITY-Rio-de-Janeiro": "Rio de Janeiro",
    "0ddfca10-cdbf-4166-ae46-860624694346-deep-11": "deep",
    "0ddfca10-cdbf-4166-ae46-860624694346-fields-2": "fields",
    "0ddfca10-cdbf-4166-ae46-860624694346-reserves-29": "reserves",
    "0ddfca10-cdbf-4166-ae46-860624694346-approximately-31-1,1-32-billion-33-oil-34-barrels-35": "approximately 1,1 billion oil barrels",
    "0ddfca10-cdbf-4166-ae46-860624694346-area-5": "area",
    "0ddfca10-cdbf-4166-ae46-860624694346-water-11-depths-12": "water depths",
    "0ddfca10-cdbf-4166-ae46-860624694346-square-8": "square",
    "NE-ORGANIZATION-Barracuda": "Barracuda",
    "0ddfca10-cdbf-4166-ae46-860624694346-600-14-to-15-1,100-16-meters-17": "600 to 1,100 meters",
    "0ddfca10-cdbf-4166-ae46-860624694346-493-7-kilometers-9": "493 kilometers",
    "0ddfca10-cdbf-4166-ae46-860624694346-projects-60": "projects",
    "0ddfca10-cdbf-4166-ae46-860624694346-upstream-63-segment-64": "upstream segment",
    "0ddfca10-cdbf-4166-ae46-860624694346-Project-2": "Project",
    "0ddfca10-cdbf-4166-ae46-860624694346-is-3-developed-5": "is developed",
    "0ddfca10-cdbf-4166-ae46-860624694346-major-8": "major",
    "NE-ORGANIZATION-Engineering-and-Construction-Company": "Engineering and Construction Company",
    "NE-ORGANIZATION-Halliburton-Group": "Halliburton Group",
    "0ddfca10-cdbf-4166-ae46-860624694346-turnkey-9-EPC-10": "turnkey EPC",
    "NE-ORGANIZATION-KBR": "KBR",
    "NE-ORGANIZATION-Kellogg-Brown-&-Root": "Kellogg Brown & Root",
    "0ddfca10-cdbf-4166-ae46-860624694346-Contract-3-Scope-4": "Contract Scope",
    "0ddfca10-cdbf-4166-ae46-860624694346-conversion-10": "conversion",
    "NE-ORGANIZATION-EPC": "EPC",
    "0ddfca10-cdbf-4166-ae46-860624694346-Production-17-Storage-18": "Production Storage",
    "NE-ORGANIZATION-VLCC": "VLCC",
    "0ddfca10-cdbf-4166-ae46-860624694346-two-12": "two",
    "0ddfca10-cdbf-4166-ae46-860624694346-vessels-14": "vessels",
    "0ddfca10-cdbf-4166-ae46-860624694346-Floating-16": "Floating",
    "0ddfca10-cdbf-4166-ae46-860624694346-structure-14": "structure",
    "0ddfca10-cdbf-4166-ae46-860624694346-result-3": "result",
    "0ddfca10-cdbf-4166-ae46-860624694346-complex-12": "complex",
    "0ddfca10-cdbf-4166-ae46-860624694346-magnitude-6": "magnitude",
    "0ddfca10-cdbf-4166-ae46-860624694346-designed-16": "designed",
    "0ddfca10-cdbf-4166-ae46-860624694346-Purpose-20-Company-21": "Purpose Company",
    "0ddfca10-cdbf-4166-ae46-860624694346-establishment-41": "establishment",
    "0ddfca10-cdbf-4166-ae46-860624694346-Special-19": "Special",
    "0ddfca10-cdbf-4166-ae46-860624694346-Project-44-Finance-45": "Project Finance",
    "NE-CAUSE_OF_DEATH-execution": "execution",
    "0ddfca10-cdbf-4166-ae46-860624694346-off-30-balance-32": "off balance",
    "0ddfca10-cdbf-4166-ae46-860624694346-financial-13": "financial",
    "0ddfca10-cdbf-4166-ae46-860624694346-created-26": "created",
    "0ddfca10-cdbf-4166-ae46-860624694346-Contract-9": "Contract",
    "0ddfca10-cdbf-4166-ae46-860624694346-management-11": "management",
    "0ddfca10-cdbf-4166-ae46-860624694346-accomplished-17": "accomplished",
    "0ddfca10-cdbf-4166-ae46-860624694346-responsible-8": "responsible",
    "NE-TITLE-Owner-Representative": "Owner Representative",
    "0ddfca10-cdbf-4166-ae46-860624694346-work-16": "work",
    "0ddfca10-cdbf-4166-ae46-860624694346-Contract-21": "Contract"
  },
  "graph": [
    {
      "subject_id": "NE-ORGANIZATION-Petrobras",
      "relation": "consists in",
      "object_id": "0ddfca10-cdbf-4166-ae46-860624694346-water-13-oil-14-fields-15-production-16-development-17"
    },
    {
      "subject_id": "0ddfca10-cdbf-4166-ae46-860624694346-water-13-oil-14-fields-15-production-16-development-17",
      "relation": "is",
      "object_id": "0ddfca10-cdbf-4166-ae46-860624694346-offshore-10"
    },
    {
      "subject_id": "NE-ORGANIZATION-Petrobras",
      "relation": "is",
      "object_id": "0ddfca10-cdbf-4166-ae46-860624694346-concessionaire-37"
    },
    {
      "subject_id": "0ddfca10-cdbf-4166-ae46-860624694346-water-13-oil-14-fields-15-production-16-development-17",
      "relation": "at",
      "object_id": "NE-LOCATION-Basin"
    },
    {
      "subject_id": "0ddfca10-cdbf-4166-ae46-860624694346-water-13-oil-14-fields-15-production-16-development-17",
      "relation": "of",
      "object_id": "NE-CITY-Campos"
    },
    {
      "subject_id": "NE-LOCATION-Basin",
      "relation": "is at",
      "object_id": "NE-CITY-Campos"
    },
    {
      "subject_id": "0ddfca10-cdbf-4166-ae46-860624694346-water-13-oil-14-fields-15-production-16-development-17",
      "relation": "is",
      "object_id": "0ddfca10-cdbf-4166-ae46-860624694346-located-19"
    },
    {
      "subject_id": "0ddfca10-cdbf-4166-ae46-860624694346-water-13-oil-14-fields-15-production-16-development-17",
      "relation": "of",
      "object_id": "NE-CITY-Rio-de-Janeiro"
    },
    {
      "subject_id": "0ddfca10-cdbf-4166-ae46-860624694346-water-13-oil-14-fields-15-production-16-development-17",
      "relation": "is",
      "object_id": "0ddfca10-cdbf-4166-ae46-860624694346-deep-11"
    },
    {
      "subject_id": "0ddfca10-cdbf-4166-ae46-860624694346-water-13-oil-14-fields-15-production-16-development-17",
      "relation": "is in",
      "object_id": "NE-CITY-Rio-de-Janeiro"
    },
    {
      "subject_id": "0ddfca10-cdbf-4166-ae46-860624694346-fields-2",
      "relation": "cover area with",
      "object_id": "0ddfca10-cdbf-4166-ae46-860624694346-reserves-29"
    },
    {
      "subject_id": "0ddfca10-cdbf-4166-ae46-860624694346-reserves-29",
      "relation": "of",
      "object_id": "0ddfca10-cdbf-4166-ae46-860624694346-approximately-31-1,1-32-billion-33-oil-34-barrels-35"
    },
    {
      "subject_id": "0ddfca10-cdbf-4166-ae46-860624694346-fields-2",
      "relation": "cover",
      "object_id": "0ddfca10-cdbf-4166-ae46-860624694346-area-5"
    },
    {
      "subject_id": "0ddfca10-cdbf-4166-ae46-860624694346-area-5",
      "relation": "of",
      "object_id": "0ddfca10-cdbf-4166-ae46-860624694346-water-11-depths-12"
    },
    {
      "subject_id": "0ddfca10-cdbf-4166-ae46-860624694346-area-5",
      "relation": "is",
      "object_id": "0ddfca10-cdbf-4166-ae46-860624694346-square-8"
    },
    {
      "subject_id": "0ddfca10-cdbf-4166-ae46-860624694346-area-5",
      "relation": "of",
      "object_id": "NE-ORGANIZATION-Barracuda"
    },
    {
      "subject_id": "0ddfca10-cdbf-4166-ae46-860624694346-area-5",
      "relation": "of",
      "object_id": "0ddfca10-cdbf-4166-ae46-860624694346-600-14-to-15-1,100-16-meters-17"
    },
    {
      "subject_id": "0ddfca10-cdbf-4166-ae46-860624694346-area-5",
      "relation": "of",
      "object_id": "0ddfca10-cdbf-4166-ae46-860624694346-493-7-kilometers-9"
    },
    {
      "subject_id": "0ddfca10-cdbf-4166-ae46-860624694346-projects-60",
      "relation": "is in",
      "object_id": "0ddfca10-cdbf-4166-ae46-860624694346-upstream-63-segment-64"
    },
    {
      "subject_id": "0ddfca10-cdbf-4166-ae46-860624694346-Project-2",
      "relation": "is",
      "object_id": "0ddfca10-cdbf-4166-ae46-860624694346-is-3-developed-5"
    },
    {
      "subject_id": "0ddfca10-cdbf-4166-ae46-860624694346-is-3-developed-5",
      "relation": "is",
      "object_id": "0ddfca10-cdbf-4166-ae46-860624694346-major-8"
    },
    {
      "subject_id": "NE-ORGANIZATION-Engineering-and-Construction-Company",
      "relation": "is of",
      "object_id": "NE-ORGANIZATION-Halliburton-Group"
    },
    {
      "subject_id": "0ddfca10-cdbf-4166-ae46-860624694346-is-3-developed-5",
      "relation": "at",
      "object_id": "0ddfca10-cdbf-4166-ae46-860624694346-turnkey-9-EPC-10"
    },
    {
      "subject_id": "NE-ORGANIZATION-KBR",
      "relation": "is",
      "object_id": "NE-ORGANIZATION-Kellogg-Brown-&-Root"
    },
    {
      "subject_id": "0ddfca10-cdbf-4166-ae46-860624694346-Contract-3-Scope-4",
      "relation": "consists of",
      "object_id": "0ddfca10-cdbf-4166-ae46-860624694346-conversion-10"
    },
    {
      "subject_id": "0ddfca10-cdbf-4166-ae46-860624694346-Contract-3-Scope-4",
      "relation": "of",
      "object_id": "NE-ORGANIZATION-EPC"
    },
    {
      "subject_id": "0ddfca10-cdbf-4166-ae46-860624694346-conversion-10",
      "relation": "of",
      "object_id": "0ddfca10-cdbf-4166-ae46-860624694346-Production-17-Storage-18"
    },
    {
      "subject_id": "0ddfca10-cdbf-4166-ae46-860624694346-conversion-10",
      "relation": "of",
      "object_id": "NE-ORGANIZATION-VLCC"
    },
    {
      "subject_id": "0ddfca10-cdbf-4166-ae46-860624694346-conversion-10",
      "relation": "case",
      "object_id": "0ddfca10-cdbf-4166-ae46-860624694346-two-12"
    },
    {
      "subject_id": "0ddfca10-cdbf-4166-ae46-860624694346-conversion-10",
      "relation": "of",
      "object_id": "0ddfca10-cdbf-4166-ae46-860624694346-vessels-14"
    },
    {
      "subject_id": "0ddfca10-cdbf-4166-ae46-860624694346-conversion-10",
      "relation": "is",
      "object_id": "0ddfca10-cdbf-4166-ae46-860624694346-Floating-16"
    },
    {
      "subject_id": "0ddfca10-cdbf-4166-ae46-860624694346-structure-14",
      "relation": "was designed As",
      "object_id": "0ddfca10-cdbf-4166-ae46-860624694346-result-3"
    },
    {
      "subject_id": "0ddfca10-cdbf-4166-ae46-860624694346-structure-14",
      "relation": "is",
      "object_id": "0ddfca10-cdbf-4166-ae46-860624694346-complex-12"
    },
    {
      "subject_id": "0ddfca10-cdbf-4166-ae46-860624694346-result-3",
      "relation": "of",
      "object_id": "0ddfca10-cdbf-4166-ae46-860624694346-magnitude-6"
    },
    {
      "subject_id": "0ddfca10-cdbf-4166-ae46-860624694346-structure-14",
      "relation": "was",
      "object_id": "0ddfca10-cdbf-4166-ae46-860624694346-designed-16"
    },
    {
      "subject_id": "0ddfca10-cdbf-4166-ae46-860624694346-Purpose-20-Company-21",
      "relation": "enable off balance execution through",
      "object_id": "0ddfca10-cdbf-4166-ae46-860624694346-establishment-41"
    },
    {
      "subject_id": "0ddfca10-cdbf-4166-ae46-860624694346-Purpose-20-Company-21",
      "relation": "is",
      "object_id": "0ddfca10-cdbf-4166-ae46-860624694346-Special-19"
    },
    {
      "subject_id": "0ddfca10-cdbf-4166-ae46-860624694346-establishment-41",
      "relation": "of",
      "object_id": "0ddfca10-cdbf-4166-ae46-860624694346-Project-44-Finance-45"
    },
    {
      "subject_id": "0ddfca10-cdbf-4166-ae46-860624694346-Purpose-20-Company-21",
      "relation": "enable",
      "object_id": "NE-CAUSE_OF_DEATH-execution"
    },
    {
      "subject_id": "NE-CAUSE_OF_DEATH-execution",
      "relation": "of",
      "object_id": "0ddfca10-cdbf-4166-ae46-860624694346-off-30-balance-32"
    },
    {
      "subject_id": "0ddfca10-cdbf-4166-ae46-860624694346-structure-14",
      "relation": "is",
      "object_id": "0ddfca10-cdbf-4166-ae46-860624694346-financial-13"
    },
    {
      "subject_id": "0ddfca10-cdbf-4166-ae46-860624694346-Purpose-20-Company-21",
      "relation": "was",
      "object_id": "0ddfca10-cdbf-4166-ae46-860624694346-created-26"
    },
    {
      "subject_id": "0ddfca10-cdbf-4166-ae46-860624694346-result-3",
      "relation": "of",
      "object_id": "0ddfca10-cdbf-4166-ae46-860624694346-Contract-9"
    },
    {
      "subject_id": "NE-ORGANIZATION-Petrobras",
      "relation": "is responsible for",
      "object_id": "0ddfca10-cdbf-4166-ae46-860624694346-management-11"
    },
    {
      "subject_id": "0ddfca10-cdbf-4166-ae46-860624694346-management-11",
      "relation": "is",
      "object_id": "0ddfca10-cdbf-4166-ae46-860624694346-accomplished-17"
    },
    {
      "subject_id": "NE-ORGANIZATION-Petrobras",
      "relation": "is",
      "object_id": "0ddfca10-cdbf-4166-ae46-860624694346-responsible-8"
    },
    {
      "subject_id": "0ddfca10-cdbf-4166-ae46-860624694346-responsible-8",
      "relation": "at",
      "object_id": "0ddfca10-cdbf-4166-ae46-860624694346-management-11"
    },
    {
      "subject_id": "NE-ORGANIZATION-Petrobras",
      "relation": "is responsible as",
      "object_id": "NE-TITLE-Owner-Representative"
    },
    {
      "subject_id": "0ddfca10-cdbf-4166-ae46-860624694346-management-11",
      "relation": "of",
      "object_id": "0ddfca10-cdbf-4166-ae46-860624694346-work-16"
    },
    {
      "subject_id": "0ddfca10-cdbf-4166-ae46-860624694346-responsible-8",
      "relation": "at",
      "object_id": "NE-TITLE-Owner-Representative"
    },
    {
      "subject_id": "0ddfca10-cdbf-4166-ae46-860624694346-management-11",
      "relation": "of",
      "object_id": "NE-ORGANIZATION-EPC"
    },
    {
      "subject_id": "0ddfca10-cdbf-4166-ae46-860624694346-management-11",
      "relation": "at",
      "object_id": "0ddfca10-cdbf-4166-ae46-860624694346-Contract-21"
    }
  ],
  "links": {
    "NE-ORGANIZATION-Petrobras": [],
    "0ddfca10-cdbf-4166-ae46-860624694346-water-13-oil-14-fields-15-production-16-development-17": [],
    "0ddfca10-cdbf-4166-ae46-860624694346-offshore-10": [],
    "0ddfca10-cdbf-4166-ae46-860624694346-concessionaire-37": [],
    "NE-LOCATION-Basin": [],
    "NE-CITY-Campos": [],
    "0ddfca10-cdbf-4166-ae46-860624694346-located-19": [],
    "NE-CITY-Rio-de-Janeiro": [],
    "0ddfca10-cdbf-4166-ae46-860624694346-deep-11": [],
    "0ddfca10-cdbf-4166-ae46-860624694346-fields-2": [],
    "0ddfca10-cdbf-4166-ae46-860624694346-reserves-29": [],
    "0ddfca10-cdbf-4166-ae46-860624694346-approximately-31-1,1-32-billion-33-oil-34-barrels-35": [],
    "0ddfca10-cdbf-4166-ae46-860624694346-area-5": [],
    "0ddfca10-cdbf-4166-ae46-860624694346-water-11-depths-12": [],
    "0ddfca10-cdbf-4166-ae46-860624694346-square-8": [],
    "NE-ORGANIZATION-Barracuda": [],
    "0ddfca10-cdbf-4166-ae46-860624694346-600-14-to-15-1,100-16-meters-17": [],
    "0ddfca10-cdbf-4166-ae46-860624694346-493-7-kilometers-9": [],
    "0ddfca10-cdbf-4166-ae46-860624694346-projects-60": [],
    "0ddfca10-cdbf-4166-ae46-860624694346-upstream-63-segment-64": [],
    "0ddfca10-cdbf-4166-ae46-860624694346-Project-2": [],
    "0ddfca10-cdbf-4166-ae46-860624694346-is-3-developed-5": [],
    "0ddfca10-cdbf-4166-ae46-860624694346-major-8": [],
    "NE-ORGANIZATION-Engineering-and-Construction-Company": [],
    "NE-ORGANIZATION-Halliburton-Group": [],
    "0ddfca10-cdbf-4166-ae46-860624694346-turnkey-9-EPC-10": [],
    "NE-ORGANIZATION-KBR": [],
    "NE-ORGANIZATION-Kellogg-Brown-&-Root": [],
    "0ddfca10-cdbf-4166-ae46-860624694346-Contract-3-Scope-4": [],
    "0ddfca10-cdbf-4166-ae46-860624694346-conversion-10": [],
    "NE-ORGANIZATION-EPC": [],
    "0ddfca10-cdbf-4166-ae46-860624694346-Production-17-Storage-18": [],
    "NE-ORGANIZATION-VLCC": [],
    "0ddfca10-cdbf-4166-ae46-860624694346-two-12": [],
    "0ddfca10-cdbf-4166-ae46-860624694346-vessels-14": [],
    "0ddfca10-cdbf-4166-ae46-860624694346-Floating-16": [],
    "0ddfca10-cdbf-4166-ae46-860624694346-structure-14": [],
    "0ddfca10-cdbf-4166-ae46-860624694346-result-3": [],
    "0ddfca10-cdbf-4166-ae46-860624694346-complex-12": [],
    "0ddfca10-cdbf-4166-ae46-860624694346-magnitude-6": [],
    "0ddfca10-cdbf-4166-ae46-860624694346-designed-16": [],
    "0ddfca10-cdbf-4166-ae46-860624694346-Purpose-20-Company-21": [],
    "0ddfca10-cdbf-4166-ae46-860624694346-establishment-41": [],
    "0ddfca10-cdbf-4166-ae46-860624694346-Special-19": [],
    "0ddfca10-cdbf-4166-ae46-860624694346-Project-44-Finance-45": [],
    "NE-CAUSE_OF_DEATH-execution": [],
    "0ddfca10-cdbf-4166-ae46-860624694346-off-30-balance-32": [],
    "0ddfca10-cdbf-4166-ae46-860624694346-financial-13": [],
    "0ddfca10-cdbf-4166-ae46-860624694346-created-26": [],
    "0ddfca10-cdbf-4166-ae46-860624694346-Contract-9": [],
    "0ddfca10-cdbf-4166-ae46-860624694346-management-11": [],
    "0ddfca10-cdbf-4166-ae46-860624694346-accomplished-17": [],
    "0ddfca10-cdbf-4166-ae46-860624694346-responsible-8": [],
    "NE-TITLE-Owner-Representative": [],
    "0ddfca10-cdbf-4166-ae46-860624694346-work-16": [],
    "0ddfca10-cdbf-4166-ae46-860624694346-Contract-21": []
  }
}