{
  "onu_10228776.json": {
    "69bf6b3a-01bd-4e40-a6e1-94da71019c1c-paper-2": "8ccf6711-4359-43f1-af56-bff91be221df-paper-2",
    "69bf6b3a-01bd-4e40-a6e1-94da71019c1c-main-5": "8ccf6711-4359-43f1-af56-bff91be221df-main-17"
  },
  "onu_11244281653.json": {
    "NE-ORGANIZATION-Petrobras": "NE-ORGANIZATION-Petrobras",
    "NE-LOCATION-Marlim-Field": "573197e7-feeb-4bf7-8fc7-347e79223db7-Marlim-5-South-6-3-7",
    "69bf6b3a-01bd-4e40-a6e1-94da71019c1c-new-9": "573197e7-feeb-4bf7-8fc7-347e79223db7-new-11"
  },
  "onu_14467639.json": {
    "NE-ORGANIZATION-Petrobras": "NE-ORGANIZATION-Petrobras"
  },
  "onu_14928592.json": {},
  "onu_1642522078.json": {
    "69bf6b3a-01bd-4e40-a6e1-94da71019c1c-FPSOs-8": "NE-ORGANIZATION-FPSO",
    "69bf6b3a-01bd-4e40-a6e1-94da71019c1c-paper-2": "4e1ac6e0-5aee-4eb0-9ad0-694f3ac8f48a-paper-2",
    "69bf6b3a-01bd-4e40-a6e1-94da71019c1c-main-5": "4e1ac6e0-5aee-4eb0-9ad0-694f3ac8f48a-main-10",
    "69bf6b3a-01bd-4e40-a6e1-94da71019c1c-performance-7-of-8-production-10-unit-11": "4e1ac6e0-5aee-4eb0-9ad0-694f3ac8f48a-design-10-of-11-production-13-system-14",
    "69bf6b3a-01bd-4e40-a6e1-94da71019c1c-many-10": "4e1ac6e0-5aee-4eb0-9ad0-694f3ac8f48a-several-10"
  },
  "onu_16964104.json": {
    "NE-ORGANIZATION-Petrobras": "NE-ORGANIZATION-Petrobras",
    "69bf6b3a-01bd-4e40-a6e1-94da71019c1c-many-10": "e73719d8-439a-4c06-a2a0-fc90e94e87eb-many-6"
  },
  "onu_17044389842.json": {
    "NE-ORGANIZATION-Petrobras": "NE-ORGANIZATION-Petrobras"
  },
  "onu_17144436283.json": {
    "69bf6b3a-01bd-4e40-a6e1-94da71019c1c-paper-2": "98101f72-00fb-4f23-a31d-93a1ed4242cc-paper-2",
    "69bf6b3a-01bd-4e40-a6e1-94da71019c1c-main-5": "98101f72-00fb-4f23-a31d-93a1ed4242cc-main-12",
    "NE-ORGANIZATION-Petrobras": "NE-ORGANIZATION-Petrobras"
  },
  "onu_17344364742.json": {
    "NE-ORGANIZATION-Petrobras": "NE-ORGANIZATION-Petrobras",
    "69bf6b3a-01bd-4e40-a6e1-94da71019c1c-new-9": "9904aa2e-63e4-415c-ba81-2791b35da710-new-3",
    "NE-LOCATION-Marlim-Field": "9904aa2e-63e4-415c-ba81-2791b35da710-Marlim-25-basin-26"
  },
  "onu_1842589247.json": {
    "NE-ORGANIZATION-Petrobras": "NE-ORGANIZATION-Petrobras",
    "NE-LOCATION-Marlim-Field": "NE-LOCATION-Marlim"
  },
  "onu_18944382016.json": {
    "NE-LOCATION-Marlim-Field": "NE-LOCATION-Marlim-Sul-Field",
    "69bf6b3a-01bd-4e40-a6e1-94da71019c1c-turret-5": "fb88d818-da09-4532-84e1-3afecd911792-well-20",
    "69bf6b3a-01bd-4e40-a6e1-94da71019c1c-converted-2": "fb88d818-da09-4532-84e1-3afecd911792-driven-25"
  },
  "onu_19586421.json": {
    "NE-ORGANIZATION-Petrobras": "NE-ORGANIZATION-Petrobras"
  },
  "onu_20736039.json": {
    "69bf6b3a-01bd-4e40-a6e1-94da71019c1c-turret-5": "3438050d-cee3-466a-9e1e-e47ae7b903bf-piece-26"
  },
  "onu_21575939.json": {},
  "onu_2342418572.json": {
    "69bf6b3a-01bd-4e40-a6e1-94da71019c1c-paper-2": "dbc773c9-4c74-40cf-bad8-8cad13ba1be9-article-2",
    "69bf6b3a-01bd-4e40-a6e1-94da71019c1c-development-11": "dbc773c9-4c74-40cf-bad8-8cad13ba1be9-development-5"
  },
  "onu_2342623297.json": {
    "NE-ORGANIZATION-Petrobras": "f25f6215-5192-4162-b2e7-5bee2a7f90d8-Petróbras-1"
  },
  "onu_23699043.json": {},
  "onu_23844461981.json": {
    "NE-ORGANIZATION-Petrobras": "NE-ORGANIZATION-Petrobras",
    "69bf6b3a-01bd-4e40-a6e1-94da71019c1c-FPSOs-8": "NE-ORGANIZATION-FPSO"
  },
  "onu_24044508291.json": {
    "69bf6b3a-01bd-4e40-a6e1-94da71019c1c-equipped-7": "172d53b1-9917-4393-8895-7e062ea5429d-solid-8",
    "NE-ORGANIZATION-Petrobras": "NE-ORGANIZATION-Petrobras",
    "69bf6b3a-01bd-4e40-a6e1-94da71019c1c-FPSOs-8": "NE-ORGANIZATION-FPSO"
  },
  "onu_24050293.json": {
    "69bf6b3a-01bd-4e40-a6e1-94da71019c1c-Semi-Submersibles-3": "48013ad7-c8d2-4d31-94ea-36fc2cde40cb-world-2-largest-4-semi-submersible-5-crane-6-vessel-7-Micoperi-10",
    "NE-ORGANIZATION-Petrobras": "NE-ORGANIZATION-Petrobras"
  },
  "onu_242694501.json": {},
  "onu_24662461.json": {
    "69bf6b3a-01bd-4e40-a6e1-94da71019c1c-development-11": "a33dbe39-f837-43e6-a660-479c5769090b-development-17",
    "69bf6b3a-01bd-4e40-a6e1-94da71019c1c-many-10": "a33dbe39-f837-43e6-a660-479c5769090b-various-5"
  },
  "onu_24769642.json": {
    "NE-ORGANIZATION-Petrobras": "NE-ORGANIZATION-Petrobras"
  },
  "onu_24867907.json": {
    "69bf6b3a-01bd-4e40-a6e1-94da71019c1c-many-10": "8164277f-ad39-46b3-a9d9-da61416c08af-several-10",
    "69bf6b3a-01bd-4e40-a6e1-94da71019c1c-actual-6": "8164277f-ad39-46b3-a9d9-da61416c08af-actual-24"
  },
  "onu_25054779.json": {},
  "onu_25144481375.json": {
    "69bf6b3a-01bd-4e40-a6e1-94da71019c1c-main-5": "585f4243-2b9e-4ec6-aef4-0fe54aaaa4ba-main-2"
  },
  "onu_25444510078.json": {
    "NE-ORGANIZATION-Petrobras": "adad3cf5-16ae-4cec-b91d-60c5da9121ac-Petrobras-18-project-19"
  },
  "onu_26244445255.json": {
    "NE-ORGANIZATION-Petrobras": "NE-ORGANIZATION-Petrobras"
  },
  "onu_26850121.json": {},
  "onu_27744595461.json": {
    "NE-ORGANIZATION-Petrobras": "NE-ORGANIZATION-PETROBRAS"
  },
  "onu_30311937.json": {
    "69bf6b3a-01bd-4e40-a6e1-94da71019c1c-FPSOs-8": "007fd580-5ecb-4536-a243-38b5370a241f-FPS-12-systems-13",
    "NE-ORGANIZATION-Petrobras": "NE-ORGANIZATION-Petrobras",
    "NE-LOCATION-Marlim-Field": "NE-LOCATION-Marlim-Field",
    "69bf6b3a-01bd-4e40-a6e1-94da71019c1c-paper-2": "007fd580-5ecb-4536-a243-38b5370a241f-paper-2"
  },
  "onu_30706349.json": {
    "69bf6b3a-01bd-4e40-a6e1-94da71019c1c-new-9": "c2c1112b-eb03-4a92-92fa-46cb7e40b8cc-new-15",
    "69bf6b3a-01bd-4e40-a6e1-94da71019c1c-units-7": "c2c1112b-eb03-4a92-92fa-46cb7e40b8cc-units-26",
    "69bf6b3a-01bd-4e40-a6e1-94da71019c1c-equipped-7": "c2c1112b-eb03-4a92-92fa-46cb7e40b8cc-conventional-18",
    "69bf6b3a-01bd-4e40-a6e1-94da71019c1c-main-5": "c2c1112b-eb03-4a92-92fa-46cb7e40b8cc-main-8",
    "NE-ORGANIZATION-Petrobras": "NE-ORGANIZATION-PETROBRAS"
  },
  "onu_31206995.json": {
    "69bf6b3a-01bd-4e40-a6e1-94da71019c1c-development-11": "860bf7ae-3012-4871-96d2-1e758b1a6d53-development-11",
    "NE-ORGANIZATION-Petrobras": "NE-ORGANIZATION-Petrobras",
    "69bf6b3a-01bd-4e40-a6e1-94da71019c1c-many-10": "860bf7ae-3012-4871-96d2-1e758b1a6d53-several-4"
  },
  "onu_31375269.json": {
    "69bf6b3a-01bd-4e40-a6e1-94da71019c1c-many-10": "5cee35a4-a50e-4d54-932a-8a8e57e575cd-several-16",
    "69bf6b3a-01bd-4e40-a6e1-94da71019c1c-paper-2": "5cee35a4-a50e-4d54-932a-8a8e57e575cd-paper-2"
  },
  "onu_32444448833.json": {
    "NE-ORGANIZATION-Petrobras": "NE-ORGANIZATION-Petrobras"
  },
  "onu_33293728.json": {
    "69bf6b3a-01bd-4e40-a6e1-94da71019c1c-paper-2": "cfd050f2-67ba-42f7-a36c-18e221b0e3a7-paper-2",
    "69bf6b3a-01bd-4e40-a6e1-94da71019c1c-FPSOs-8": "NE-ORGANIZATION-FPSO"
  },
  "onu_33295123.json": {
    "69bf6b3a-01bd-4e40-a6e1-94da71019c1c-different-4": "0197b3f7-4b35-4e53-9441-4ec6cc6ce4f9-different-9",
    "69bf6b3a-01bd-4e40-a6e1-94da71019c1c-turret-5": "0197b3f7-4b35-4e53-9441-4ec6cc6ce4f9-structure-18",
    "69bf6b3a-01bd-4e40-a6e1-94da71019c1c-paper-2": "0197b3f7-4b35-4e53-9441-4ec6cc6ce4f9-paper-2",
    "NE-ORGANIZATION-Petrobras": "NE-ORGANIZATION-PETROBRAS"
  },
  "onu_33644613229.json": {
    "NE-ORGANIZATION-Petrobras": "NE-ORGANIZATION-Petrobras",
    "69bf6b3a-01bd-4e40-a6e1-94da71019c1c-development-11": "20e89570-d632-400e-b304-ad0e644f1a32-development-6",
    "69bf6b3a-01bd-4e40-a6e1-94da71019c1c-actual-6": "20e89570-d632-400e-b304-ad0e644f1a32-real-56"
  },
  "onu_33645422493.json": {
    "NE-ORGANIZATION-Petrobras": "NE-ORGANIZATION-Petrobras",
    "69bf6b3a-01bd-4e40-a6e1-94da71019c1c-many-10": "f8ba7747-a203-4391-9a8f-d06b3caf167c-several-9",
    "69bf6b3a-01bd-4e40-a6e1-94da71019c1c-FPSOs-8": "NE-ORGANIZATION-FPSO",
    "69bf6b3a-01bd-4e40-a6e1-94da71019c1c-performance-7-of-8-production-10-unit-11": "f8ba7747-a203-4391-9a8f-d06b3caf167c-life-11-of-13-field-15-production-16-system-17"
  },
  "onu_33646023976.json": {
    "69bf6b3a-01bd-4e40-a6e1-94da71019c1c-paper-2": "4d5d6714-e3d6-4798-a96f-5279e7b9359d-paper-2",
    "NE-ORGANIZATION-Petrobras": "NE-ORGANIZATION-Petrobras"
  },
  "onu_33646035823.json": {
    "NE-ORGANIZATION-Petrobras": "NE-ORGANIZATION-PETROBRAS"
  },
  "onu_33646043488.json": {
    "69bf6b3a-01bd-4e40-a6e1-94da71019c1c-many-10": "39c4c261-18a8-4b03-aca4-45d607c671ce-various-4",
    "69bf6b3a-01bd-4e40-a6e1-94da71019c1c-made-14": "39c4c261-18a8-4b03-aca4-45d607c671ce-implemented-8"
  },
  "onu_33646056106.json": {
    "NE-ORGANIZATION-Petrobras": "NE-ORGANIZATION-PETROBRAS",
    "69bf6b3a-01bd-4e40-a6e1-94da71019c1c-paper-2": "3f9b434e-048b-4cc7-9f64-90faa942c0b7-paper-2"
  },
  "onu_33646056405.json": {
    "NE-ORGANIZATION-Petrobras": "NE-ORGANIZATION-Petrobras",
    "69bf6b3a-01bd-4e40-a6e1-94da71019c1c-development-11": "84216c5e-4b64-4443-b98d-66b70adb98df-development-5"
  },
  "onu_33646073069.json": {
    "NE-ORGANIZATION-Petrobras": "NE-ORGANIZATION-PETROBRAS",
    "69bf6b3a-01bd-4e40-a6e1-94da71019c1c-paper-2": "c34753c7-bece-49e6-8cfe-9e17f85cdefc-paper-2"
  },
  "onu_33646452775.json": {
    "NE-ORGANIZATION-Petrobras": "NE-ORGANIZATION-Petrobras",
    "69bf6b3a-01bd-4e40-a6e1-94da71019c1c-FPSOs-8": "NE-ORGANIZATION-FPSO"
  },
  "onu_33745228406.json": {
    "NE-ORGANIZATION-Petrobras": "NE-ORGANIZATION-Petrobras",
    "69bf6b3a-01bd-4e40-a6e1-94da71019c1c-many-10": "d3db82f4-2fdf-42aa-a482-edab5edcb94e-several-23",
    "69bf6b3a-01bd-4e40-a6e1-94da71019c1c-turret-5": "d3db82f4-2fdf-42aa-a482-edab5edcb94e-house-44"
  },
  "onu_33745354316.json": {
    "NE-ORGANIZATION-Petrobras": "NE-ORGANIZATION-PETROBRAS",
    "69bf6b3a-01bd-4e40-a6e1-94da71019c1c-different-4": "f284c30b-4d86-45b4-b48d-6a65d84ee416-different-41",
    "69bf6b3a-01bd-4e40-a6e1-94da71019c1c-equipped-7": "f284c30b-4d86-45b4-b48d-6a65d84ee416-Thermal-1"
  },
  "onu_33745713604.json": {
    "NE-ORGANIZATION-Petrobras": "NE-ORGANIZATION-Petrobras",
    "NE-LOCATION-Marlim-Field": "NE-LOCATION-Marlim-Field",
    "69bf6b3a-01bd-4e40-a6e1-94da71019c1c-paper-2": "ce8af812-48d1-4148-a2b4-62388fc22f37-paper-2"
  },
  "onu_33746039693.json": {
    "NE-ORGANIZATION-Petrobras": "NE-ORGANIZATION-Petrobras",
    "69bf6b3a-01bd-4e40-a6e1-94da71019c1c-paper-2": "6a2b057a-9342-42a7-9a7b-03480bcc5bd7-work-2"
  },
  "onu_33748460104.json": {
    "NE-ORGANIZATION-Petrobras": "NE-ORGANIZATION-Petrobras",
    "69bf6b3a-01bd-4e40-a6e1-94da71019c1c-new-9": "920d8eef-1ebb-4cab-8288-cea4cd878488-new-10"
  },
  "onu_33749265496.json": {
    "NE-ORGANIZATION-Petrobras": "NE-ORGANIZATION-Petrobras"
  },
  "onu_33751312200.json": {
    "NE-ORGANIZATION-Petrobras": "NE-ORGANIZATION-PETROBRAS",
    "69bf6b3a-01bd-4e40-a6e1-94da71019c1c-development-11": "0c8feb86-ed53-4518-8929-20e43783eecc-development-17",
    "69bf6b3a-01bd-4e40-a6e1-94da71019c1c-many-10": "0c8feb86-ed53-4518-8929-20e43783eecc-Several-1",
    "69bf6b3a-01bd-4e40-a6e1-94da71019c1c-turret-5": "0c8feb86-ed53-4518-8929-20e43783eecc-normally-9"
  },
  "onu_33751315219.json": {
    "NE-ORGANIZATION-Petrobras": "NE-ORGANIZATION-PETROBRAS",
    "69bf6b3a-01bd-4e40-a6e1-94da71019c1c-different-4": "0709a62c-a215-4068-a74c-360cc8510fa9-different-19",
    "69bf6b3a-01bd-4e40-a6e1-94da71019c1c-turret-5": "0709a62c-a215-4068-a74c-360cc8510fa9-vortex-15"
  },
  "onu_34250708084.json": {
    "NE-ORGANIZATION-Petrobras": "NE-ORGANIZATION-Petrobras"
  },
  "onu_344309110.json": {
    "NE-ORGANIZATION-Petrobras": "NE-ORGANIZATION-Petrobras",
    "NE-LOCATION-Marlim-Field": "NE-LOCATION-Marlim-Field",
    "69bf6b3a-01bd-4e40-a6e1-94da71019c1c-different-4": "8fb8097e-c81f-447a-a4d8-43a43dba6438-different-15",
    "69bf6b3a-01bd-4e40-a6e1-94da71019c1c-Semi-Submersibles-3": "8fb8097e-c81f-447a-a4d8-43a43dba6438-semi-submersible-16",
    "69bf6b3a-01bd-4e40-a6e1-94da71019c1c-turret-5": "8fb8097e-c81f-447a-a4d8-43a43dba6438-sensors-19",
    "69bf6b3a-01bd-4e40-a6e1-94da71019c1c-paper-2": "8fb8097e-c81f-447a-a4d8-43a43dba6438-paper-2"
  },
  "onu_344741441.json": {
    "NE-ORGANIZATION-Petrobras": "NE-ORGANIZATION-Petrobras",
    "69bf6b3a-01bd-4e40-a6e1-94da71019c1c-different-4": "1de3c47d-c84d-4a38-b042-489e5b30b72e-different-25",
    "69bf6b3a-01bd-4e40-a6e1-94da71019c1c-many-10": "1de3c47d-c84d-4a38-b042-489e5b30b72e-Many-1",
    "69bf6b3a-01bd-4e40-a6e1-94da71019c1c-FPSOs-8": "NE-ORGANIZATION-FPSO",
    "69bf6b3a-01bd-4e40-a6e1-94da71019c1c-paper-2": "1de3c47d-c84d-4a38-b042-489e5b30b72e-paper-19",
    "69bf6b3a-01bd-4e40-a6e1-94da71019c1c-main-5": "1de3c47d-c84d-4a38-b042-489e5b30b72e-main-26",
    "69bf6b3a-01bd-4e40-a6e1-94da71019c1c-new-9": "1de3c47d-c84d-4a38-b042-489e5b30b72e-new-30"
  },
  "onu_345171568.json": {
    "NE-ORGANIZATION-Petrobras": "NE-ORGANIZATION-Petrobras",
    "69bf6b3a-01bd-4e40-a6e1-94da71019c1c-types-5": "d7e4bb8e-83ad-427b-a6a5-b4c0506bc6dc-types-8",
    "69bf6b3a-01bd-4e40-a6e1-94da71019c1c-units-7": "d7e4bb8e-83ad-427b-a6a5-b4c0506bc6dc-loads-10",
    "69bf6b3a-01bd-4e40-a6e1-94da71019c1c-many-10": "d7e4bb8e-83ad-427b-a6a5-b4c0506bc6dc-several-7"
  },
  "onu_34531605.json": {
    "NE-ORGANIZATION-Petrobras": "NE-ORGANIZATION-Petrobras",
    "69bf6b3a-01bd-4e40-a6e1-94da71019c1c-equipped-7": "0f4e8dae-921f-4f9e-8d26-552e9ebde1e1-hydraulic-9"
  },
  "onu_34547893063.json": {
    "NE-ORGANIZATION-Petrobras": "NE-ORGANIZATION-Petrobras",
    "69bf6b3a-01bd-4e40-a6e1-94da71019c1c-paper-2": "be5ea7f2-eaf1-4194-82d5-01264cdce152-paper-2"
  },
  "onu_345603133.json": {},
  "onu_345603650.json": {
    "NE-ORGANIZATION-Petrobras": "NE-ORGANIZATION-PETROBRAS",
    "69bf6b3a-01bd-4e40-a6e1-94da71019c1c-Semi-Submersibles-3": "03f9bd13-9d39-41a8-8125-8924075f6e7b-semi-submersible-36",
    "69bf6b3a-01bd-4e40-a6e1-94da71019c1c-main-5": "03f9bd13-9d39-41a8-8125-8924075f6e7b-main-10"
  },
  "onu_34686357.json": {
    "NE-ORGANIZATION-Petrobras": "NE-ORGANIZATION-Petrobras"
  },
  "onu_34984147.json": {
    "NE-ORGANIZATION-Petrobras": "NE-ORGANIZATION-Petrobras"
  },
  "onu_35573581.json": {
    "NE-ORGANIZATION-Petrobras": "NE-ORGANIZATION-PETROBRAS",
    "69bf6b3a-01bd-4e40-a6e1-94da71019c1c-paper-2": "919869c7-27ec-44eb-bc21-ebd2300438cf-paper-2"
  },
  "onu_36768397.json": {
    "NE-ORGANIZATION-Petrobras": "NE-ORGANIZATION-Petrobras"
  },
  "onu_37304895.json": {
    "NE-ORGANIZATION-Petrobras": "NE-ORGANIZATION-Petrobras",
    "69bf6b3a-01bd-4e40-a6e1-94da71019c1c-paper-2": "6bacd7ac-6903-41a6-a534-aa3361728c0d-paper-2",
    "69bf6b3a-01bd-4e40-a6e1-94da71019c1c-actual-6": "6bacd7ac-6903-41a6-a534-aa3361728c0d-seismic-46",
    "69bf6b3a-01bd-4e40-a6e1-94da71019c1c-technologies-10": "6bacd7ac-6903-41a6-a534-aa3361728c0d-technologies-19"
  },
  "onu_40349089123.json": {
    "NE-ORGANIZATION-Petrobras": "NE-ORGANIZATION-PETROBRAS",
    "69bf6b3a-01bd-4e40-a6e1-94da71019c1c-many-10": "50180d4d-99ad-4416-b364-8467ab844fae-Several-1",
    "69bf6b3a-01bd-4e40-a6e1-94da71019c1c-paper-2": "50180d4d-99ad-4416-b364-8467ab844fae-paper-2",
    "69bf6b3a-01bd-4e40-a6e1-94da71019c1c-new-9": "50180d4d-99ad-4416-b364-8467ab844fae-new-11",
    "69bf6b3a-01bd-4e40-a6e1-94da71019c1c-technologies-10": "50180d4d-99ad-4416-b364-8467ab844fae-technologies-12"
  },
  "onu_4043182709.json": {
    "NE-ORGANIZATION-Petrobras": "NE-ORGANIZATION-Petrobras",
    "NE-LOCATION-Marlim-Field": "6c2893f1-9107-4672-832c-d8ec06508db6-Marlim-17-Sul-18-field-19",
    "69bf6b3a-01bd-4e40-a6e1-94da71019c1c-FPSOs-8": "NE-ORGANIZATION-FPSO",
    "69bf6b3a-01bd-4e40-a6e1-94da71019c1c-new-9": "6c2893f1-9107-4672-832c-d8ec06508db6-new-2"
  },
  "onu_41849140524.json": {},
  "onu_47849110025.json": {
    "NE-ORGANIZATION-Petrobras": "NE-ORGANIZATION-Petrobras"
  },
  "onu_50249174640.json": {
    "NE-ORGANIZATION-Petrobras": "NE-ORGANIZATION-Petrobras",
    "69bf6b3a-01bd-4e40-a6e1-94da71019c1c-FPSOs-8": "NE-ORGANIZATION-FPSO"
  },
  "onu_50249181836.json": {
    "NE-ORGANIZATION-Petrobras": "NE-ORGANIZATION-Petrobras",
    "69bf6b3a-01bd-4e40-a6e1-94da71019c1c-many-10": "cfd50fe9-a146-48f2-a71e-97b5100717b7-various-18",
    "69bf6b3a-01bd-4e40-a6e1-94da71019c1c-FPSOs-8": "NE-ORGANIZATION-FPSO"
  },
  "onu_51649098845.json": {
    "69bf6b3a-01bd-4e40-a6e1-94da71019c1c-main-5": "c91d7476-abfd-4667-90fd-c69e0100550c-main-2"
  },
  "onu_52049093008.json": {
    "NE-ORGANIZATION-Petrobras": "NE-ORGANIZATION-Petrobras",
    "69bf6b3a-01bd-4e40-a6e1-94da71019c1c-different-11-options-12": "83994fff-4d3b-468e-9bed-d467b6149c25-different-2-approaches-3"
  },
  "onu_52249116622.json": {
    "NE-ORGANIZATION-Petrobras": "NE-ORGANIZATION-Petrobras"
  },
  "onu_52349109473.json": {
    "NE-ORGANIZATION-Petrobras": "NE-ORGANIZATION-Petrobras",
    "69bf6b3a-01bd-4e40-a6e1-94da71019c1c-Semi-Submersibles-3": "69eb9371-1b92-4f24-801d-8748c6728bc5-semisubmersible-21-production-23-unit-24"
  },
  "onu_52849106027.json": {
    "69bf6b3a-01bd-4e40-a6e1-94da71019c1c-Semi-Submersibles-3": "35a41731-8e50-4777-9d82-156d471c0ae7-electrical-41-submersible-42-pump-43",
    "69bf6b3a-01bd-4e40-a6e1-94da71019c1c-paper-2": "35a41731-8e50-4777-9d82-156d471c0ae7-paper-2"
  },
  "onu_57649139087.json": {
    "NE-ORGANIZATION-Petrobras": "NE-ORGANIZATION-Petrobras"
  },
  "onu_58849128774.json": {
    "69bf6b3a-01bd-4e40-a6e1-94da71019c1c-equipped-7": "405fb23b-a959-4bb4-bed3-b32aa1a95cad-commercial-9",
    "69bf6b3a-01bd-4e40-a6e1-94da71019c1c-paper-2": "405fb23b-a959-4bb4-bed3-b32aa1a95cad-paper-2",
    "69bf6b3a-01bd-4e40-a6e1-94da71019c1c-actual-6": "405fb23b-a959-4bb4-bed3-b32aa1a95cad-horizontal-9"
  },
  "onu_59649088185.json": {
    "NE-ORGANIZATION-Petrobras": "NE-ORGANIZATION-Petrobras",
    "69bf6b3a-01bd-4e40-a6e1-94da71019c1c-turret-5": "b1824a3a-1334-43e1-9b59-e99495d47c65-onboard-6",
    "69bf6b3a-01bd-4e40-a6e1-94da71019c1c-equipped-7": "b1824a3a-1334-43e1-9b59-e99495d47c65-designed-3"
  },
  "onu_68649086917.json": {
    "NE-ORGANIZATION-Petrobras": "NE-ORGANIZATION-Petrobras"
  },
  "onu_68649124056.json": {
    "NE-ORGANIZATION-Petrobras": "NE-ORGANIZATION-Petrobras"
  },
  "onu_68649126570.json": {
    "NE-LOCATION-Marlim-Field": "7c69eb4c-e764-45a7-a7e2-9b6a99b69281-Marlim-13-Sul-14-field-15"
  },
  "onu_70449127482.json": {
    "NE-ORGANIZATION-Petrobras": "NE-ORGANIZATION-Petrobras",
    "69bf6b3a-01bd-4e40-a6e1-94da71019c1c-development-11": "5082c4a7-cf6e-45cd-b5f9-5834141f90b5-development-5",
    "69bf6b3a-01bd-4e40-a6e1-94da71019c1c-different-4": "5082c4a7-cf6e-45cd-b5f9-5834141f90b5-different-12",
    "69bf6b3a-01bd-4e40-a6e1-94da71019c1c-paper-2": "5082c4a7-cf6e-45cd-b5f9-5834141f90b5-paper-2"
  },
  "onu_70449650835.json": {
    "NE-ORGANIZATION-Petrobras": "NE-ORGANIZATION-Petrobras"
  },
  "onu_72449143175.json": {
    "NE-ORGANIZATION-Petrobras": "NE-ORGANIZATION-Petrobras"
  },
  "onu_73349086227.json": {
    "NE-ORGANIZATION-Petrobras": "NE-ORGANIZATION-Petrobras"
  },
  "onu_77449138097.json": {
    "NE-ORGANIZATION-Petrobras": "NE-ORGANIZATION-Petrobras"
  },
  "onu_77955388680.json": {
    "NE-ORGANIZATION-Petrobras": "NE-ORGANIZATION-Petrobras",
    "69bf6b3a-01bd-4e40-a6e1-94da71019c1c-many-10": "6853be13-f2b8-4273-b0f4-b628a386d69b-many-5",
    "69bf6b3a-01bd-4e40-a6e1-94da71019c1c-paper-2": "6853be13-f2b8-4273-b0f4-b628a386d69b-paper-2",
    "69bf6b3a-01bd-4e40-a6e1-94da71019c1c-main-5": "6853be13-f2b8-4273-b0f4-b628a386d69b-main-26"
  },
  "onu_77955408815.json": {
    "NE-ORGANIZATION-Petrobras": "NE-ORGANIZATION-Petrobras",
    "69bf6b3a-01bd-4e40-a6e1-94da71019c1c-Semi-Submersibles-3": "3fbbdd88-8638-4b37-a689-c218c2b9f313-semisubmersible-26",
    "69bf6b3a-01bd-4e40-a6e1-94da71019c1c-paper-2": "3fbbdd88-8638-4b37-a689-c218c2b9f313-paper-2",
    "69bf6b3a-01bd-4e40-a6e1-94da71019c1c-performance-7-of-8-production-10-unit-11": "3fbbdd88-8638-4b37-a689-c218c2b9f313-production-25-platform-27"
  },
  "onu_77956543361.json": {
    "NE-ORGANIZATION-Petrobras": "NE-ORGANIZATION-Petrobras"
  },
  "onu_77956858304.json": {
    "NE-ORGANIZATION-Petrobras": "NE-ORGANIZATION-Petrobras"
  },
  "onu_77958012173.json": {
    "69bf6b3a-01bd-4e40-a6e1-94da71019c1c-different-4": "82dfb525-fe3c-44b8-a079-56355943e3c5-different-13",
    "69bf6b3a-01bd-4e40-a6e1-94da71019c1c-equipped-7": "82dfb525-fe3c-44b8-a079-56355943e3c5-launching-23"
  },
  "onu_78049320828.json": {
    "NE-ORGANIZATION-Petrobras": "NE-ORGANIZATION-Petrobras",
    "NE-LOCATION-Marlim-Field": "NE-LOCATION-Marlim-Field"
  },
  "onu_78649387727.json": {
    "NE-ORGANIZATION-Petrobras": "NE-ORGANIZATION-Petrobras",
    "69bf6b3a-01bd-4e40-a6e1-94da71019c1c-FPSOs-8": "NE-ORGANIZATION-FPSO"
  },
  "onu_78650855754.json": {},
  "onu_79952546010.json": {
    "NE-ORGANIZATION-Petrobras": "NE-ORGANIZATION-Petrobras",
    "69bf6b3a-01bd-4e40-a6e1-94da71019c1c-paper-2": "b40df2ca-cdf7-4284-8597-8f166cac093a-paper-2",
    "69bf6b3a-01bd-4e40-a6e1-94da71019c1c-performance-7-of-8-production-10-unit-11": "b40df2ca-cdf7-4284-8597-8f166cac093a-performance-16"
  },
  "onu_79952620223.json": {
    "69bf6b3a-01bd-4e40-a6e1-94da71019c1c-paper-2": "c65b6b38-5933-4677-bdf7-2b10f3833625-paper-2"
  },
  "onu_79953006622.json": {
    "NE-ORGANIZATION-Petrobras": "NE-ORGANIZATION-Petrobras"
  },
  "onu_79955374293.json": {
    "NE-ORGANIZATION-Petrobras": "NE-ORGANIZATION-PETROBRAS",
    "69bf6b3a-01bd-4e40-a6e1-94da71019c1c-many-10": "fdf01418-b90d-4c3b-8f26-604224b4b6fb-several-5",
    "69bf6b3a-01bd-4e40-a6e1-94da71019c1c-paper-2": "fdf01418-b90d-4c3b-8f26-604224b4b6fb-paper-2",
    "69bf6b3a-01bd-4e40-a6e1-94da71019c1c-main-5": "fdf01418-b90d-4c3b-8f26-604224b4b6fb-main-5"
  },
  "onu_79955828033.json": {
    "NE-ORGANIZATION-Petrobras": "NE-ORGANIZATION-Petrobras",
    "69bf6b3a-01bd-4e40-a6e1-94da71019c1c-different-4": "070900c0-3683-4838-8adf-7fc9280ff95b-various-36",
    "69bf6b3a-01bd-4e40-a6e1-94da71019c1c-converted-2": "070900c0-3683-4838-8adf-7fc9280ff95b-converted-7",
    "69bf6b3a-01bd-4e40-a6e1-94da71019c1c-many-10": "070900c0-3683-4838-8adf-7fc9280ff95b-various-36",
    "69bf6b3a-01bd-4e40-a6e1-94da71019c1c-paper-2": "070900c0-3683-4838-8adf-7fc9280ff95b-paper-2",
    "69bf6b3a-01bd-4e40-a6e1-94da71019c1c-technologies-10": "070900c0-3683-4838-8adf-7fc9280ff95b-technologies-17"
  },
  "onu_79959789184.json": {
    "NE-ORGANIZATION-Petrobras": "NE-ORGANIZATION-Petrobras"
  },
  "onu_80052069671.json": {},
  "onu_80052571318.json": {
    "NE-ORGANIZATION-Petrobras": "NE-ORGANIZATION-Petrobras",
    "69bf6b3a-01bd-4e40-a6e1-94da71019c1c-paper-2": "6c5a99a3-587c-4891-b93a-3283c2d031e2-paper-2"
  },
  "onu_80052582062.json": {
    "NE-ORGANIZATION-Petrobras": "NE-ORGANIZATION-Petrobras"
  },
  "onu_80052741860.json": {
    "NE-ORGANIZATION-Petrobras": "NE-ORGANIZATION-Petrobras"
  },
  "onu_80053430040.json": {
    "69bf6b3a-01bd-4e40-a6e1-94da71019c1c-performance-7-of-8-production-10-unit-11": "6662d10a-a02c-4d87-88ea-e983eff2d48c-production-54-unit-55"
  },
  "onu_80053904380.json": {
    "NE-ORGANIZATION-Petrobras": "NE-ORGANIZATION-Petrobras"
  },
  "onu_80053909062.json": {
    "NE-ORGANIZATION-Petrobras": "NE-ORGANIZATION-Petrobras"
  },
  "onu_80053931244.json": {
    "NE-ORGANIZATION-Petrobras": "NE-ORGANIZATION-Petrobras"
  },
  "onu_80053961084.json": {
    "69bf6b3a-01bd-4e40-a6e1-94da71019c1c-Semi-Submersibles-3": "00386aed-2baf-4b8b-a186-2dcd3e2dfe13-semi-submersible-6",
    "69bf6b3a-01bd-4e40-a6e1-94da71019c1c-turret-5": "00386aed-2baf-4b8b-a186-2dcd3e2dfe13-presence-22",
    "69bf6b3a-01bd-4e40-a6e1-94da71019c1c-main-5": "00386aed-2baf-4b8b-a186-2dcd3e2dfe13-main-2"
  },
  "onu_80054757255.json": {
    "NE-ORGANIZATION-Petrobras": "NE-ORGANIZATION-Petrobras",
    "69bf6b3a-01bd-4e40-a6e1-94da71019c1c-main-5": "24416a9e-e5f5-4726-9db1-4193f01f1575-main-5"
  },
  "onu_81855167522.json": {
    "NE-ORGANIZATION-Petrobras": "NE-ORGANIZATION-Petrobras"
  },
  "onu_82555187024.json": {
    "69bf6b3a-01bd-4e40-a6e1-94da71019c1c-different-4": "eb9c758a-7531-4399-b6bc-8350a275ef69-Different-1",
    "69bf6b3a-01bd-4e40-a6e1-94da71019c1c-Semi-Submersibles-3": "eb9c758a-7531-4399-b6bc-8350a275ef69-semi-submersible-3"
  },
  "onu_83155193342.json": {},
  "onu_84856625676.json": {
    "NE-ORGANIZATION-Petrobras": "NE-ORGANIZATION-Petrobras",
    "69bf6b3a-01bd-4e40-a6e1-94da71019c1c-turret-5": "f46d89ca-ba74-4b07-984b-f55cacc7eb9d-thoroughly-5",
    "69bf6b3a-01bd-4e40-a6e1-94da71019c1c-equipped-7": "f46d89ca-ba74-4b07-984b-f55cacc7eb9d-approach-14"
  },
  "onu_84856741449.json": {
    "NE-ORGANIZATION-Petrobras": "NE-ORGANIZATION-PETROBRAS"
  },
  "onu_84857305090.json": {
    "NE-ORGANIZATION-Petrobras": "NE-ORGANIZATION-BR-Petrobras",
    "69bf6b3a-01bd-4e40-a6e1-94da71019c1c-paper-2": "6f3e4645-24e4-4349-bbd4-2d20eb367316-paper-2"
  },
  "onu_84857324711.json": {
    "NE-ORGANIZATION-Petrobras": "NE-ORGANIZATION-Petrobras",
    "69bf6b3a-01bd-4e40-a6e1-94da71019c1c-equipped-7": "2ca4e696-bb0f-4ef9-91e4-7a25d65d6ff6-optic-11"
  },
  "onu_84857483294.json": {
    "69bf6b3a-01bd-4e40-a6e1-94da71019c1c-main-5": "b961c7ef-4284-431b-b6b0-8870832647c0-main-2"
  },
  "onu_84861595246.json": {
    "NE-ORGANIZATION-Petrobras": "NE-ORGANIZATION-Petrobras",
    "69bf6b3a-01bd-4e40-a6e1-94da71019c1c-many-10": "204509a8-265c-4397-8149-04982bb962db-Many-1",
    "69bf6b3a-01bd-4e40-a6e1-94da71019c1c-paper-2": "204509a8-265c-4397-8149-04982bb962db-paper-2"
  },
  "onu_84864615590.json": {
    "NE-ORGANIZATION-Petrobras": "NE-ORGANIZATION-Petrobras-Business-Plan",
    "69bf6b3a-01bd-4e40-a6e1-94da71019c1c-different-4": "0b789bcb-4b6a-4e1e-8498-8f681f20a218-different-28",
    "69bf6b3a-01bd-4e40-a6e1-94da71019c1c-paper-2": "0b789bcb-4b6a-4e1e-8498-8f681f20a218-paper-2"
  },
  "onu_84864936265.json": {},
  "onu_84865218536.json": {
    "69bf6b3a-01bd-4e40-a6e1-94da71019c1c-paper-2": "e955921c-620b-4103-a481-8613fc75bad6-paper-21",
    "69bf6b3a-01bd-4e40-a6e1-94da71019c1c-actual-6": "e955921c-620b-4103-a481-8613fc75bad6-seismic-6"
  },
  "onu_84865723570.json": {
    "69bf6b3a-01bd-4e40-a6e1-94da71019c1c-Semi-Submersibles-3": "ee5c2e54-d5c3-4267-b45d-c2d38fa079f1-semi-submersible-2",
    "69bf6b3a-01bd-4e40-a6e1-94da71019c1c-equipped-7": "ee5c2e54-d5c3-4267-b45d-c2d38fa079f1-efficient-2",
    "69bf6b3a-01bd-4e40-a6e1-94da71019c1c-paper-2": "ee5c2e54-d5c3-4267-b45d-c2d38fa079f1-paper-2"
  },
  "onu_84869199462.json": {
    "69bf6b3a-01bd-4e40-a6e1-94da71019c1c-equipped-7": "86788da6-b594-49e1-ac23-94a6a03306a4-passive-13",
    "69bf6b3a-01bd-4e40-a6e1-94da71019c1c-main-5": "86788da6-b594-49e1-ac23-94a6a03306a4-main-10"
  },
  "onu_84870604908.json": {
    "NE-ORGANIZATION-Petrobras": "NE-ORGANIZATION-Petrobras",
    "69bf6b3a-01bd-4e40-a6e1-94da71019c1c-development-11": "3f1a547b-6d66-41b8-8607-95757af4c8cc-development-6",
    "69bf6b3a-01bd-4e40-a6e1-94da71019c1c-equipped-7": "3f1a547b-6d66-41b8-8607-95757af4c8cc-combined-6"
  },
  "onu_84877857340.json": {},
  "onu_84878941411.json": {},
  "onu_84879432080.json": {
    "NE-ORGANIZATION-Petrobras": "NE-ORGANIZATION-Petrobras",
    "69bf6b3a-01bd-4e40-a6e1-94da71019c1c-different-4": "d22980f2-d1fa-4f87-94aa-ec684269aac1-different-6",
    "69bf6b3a-01bd-4e40-a6e1-94da71019c1c-equipped-7": "d22980f2-d1fa-4f87-94aa-ec684269aac1-using-34",
    "69bf6b3a-01bd-4e40-a6e1-94da71019c1c-paper-2": "d22980f2-d1fa-4f87-94aa-ec684269aac1-paper-2"
  },
  "onu_84879955769.json": {},
  "onu_84880007809.json": {},
  "onu_84883765236.json": {},
  "onu_84883765292.json": {},
  "onu_84887507211.json": {
    "69bf6b3a-01bd-4e40-a6e1-94da71019c1c-paper-2": "9aa61b6b-268d-41fb-a9cc-799d32a8079c-paper-2",
    "69bf6b3a-01bd-4e40-a6e1-94da71019c1c-reasons-6": "9aa61b6b-268d-41fb-a9cc-799d32a8079c-reasons-55",
    "69bf6b3a-01bd-4e40-a6e1-94da71019c1c-main-5": "9aa61b6b-268d-41fb-a9cc-799d32a8079c-economical-54"
  },
  "onu_84888845935.json": {
    "69bf6b3a-01bd-4e40-a6e1-94da71019c1c-different-4": "08983aea-212e-4ede-98cd-be137c97ff19-different-5",
    "69bf6b3a-01bd-4e40-a6e1-94da71019c1c-turret-5": "08983aea-212e-4ede-98cd-be137c97ff19-spread-12",
    "69bf6b3a-01bd-4e40-a6e1-94da71019c1c-FPSOs-8": "NE-ORGANIZATION-FPSO",
    "69bf6b3a-01bd-4e40-a6e1-94da71019c1c-equipped-7": "08983aea-212e-4ede-98cd-be137c97ff19-unique-3",
    "69bf6b3a-01bd-4e40-a6e1-94da71019c1c-paper-2": "08983aea-212e-4ede-98cd-be137c97ff19-paper-2"
  },
  "onu_84888934569.json": {
    "69bf6b3a-01bd-4e40-a6e1-94da71019c1c-Semi-Submersibles-3": "1cc8cc5f-b866-4794-9210-470f3608b03d-semi-submersible-11-vessel-12",
    "69bf6b3a-01bd-4e40-a6e1-94da71019c1c-turret-5": "1cc8cc5f-b866-4794-9210-470f3608b03d-vessel-12"
  },
  "onu_84888954344.json": {
    "NE-ORGANIZATION-Petrobras": "NE-ORGANIZATION-PETROBRÁS-Production-Department"
  },
  "onu_84888967977.json": {},
  "onu_84889840418.json": {
    "NE-ORGANIZATION-Petrobras": "NE-ORGANIZATION-Petrobras"
  },
  "onu_84891320656.json": {
    "69bf6b3a-01bd-4e40-a6e1-94da71019c1c-main-5": "1309746e-bd51-453c-8893-8fb38d7af7ab-main-2"
  },
  "onu_84891344152.json": {},
  "onu_84892632570.json": {
    "69bf6b3a-01bd-4e40-a6e1-94da71019c1c-equipped-7": "6dec9498-a5f9-44bc-9e98-a6457ad68d76-economical-11",
    "69bf6b3a-01bd-4e40-a6e1-94da71019c1c-main-5": "6dec9498-a5f9-44bc-9e98-a6457ad68d76-main-8",
    "69bf6b3a-01bd-4e40-a6e1-94da71019c1c-wells-33": "6dec9498-a5f9-44bc-9e98-a6457ad68d76-wells-20"
  },
  "onu_84892860778.json": {
    "69bf6b3a-01bd-4e40-a6e1-94da71019c1c-different-4": "e59a2ee4-651e-4626-853a-fff67b8b6ac0-different-13"
  },
  "onu_84893052541.json": {
    "NE-ORGANIZATION-Petrobras": "NE-ORGANIZATION-PETROBRAS",
    "69bf6b3a-01bd-4e40-a6e1-94da71019c1c-many-10": "f0e08ada-1ca4-4e31-bda9-3911eddc8016-various-20",
    "69bf6b3a-01bd-4e40-a6e1-94da71019c1c-paper-2": "f0e08ada-1ca4-4e31-bda9-3911eddc8016-paper-2"
  },
  "onu_84893062958.json": {
    "NE-ORGANIZATION-Petrobras": "NE-ORGANIZATION-Petrobras"
  },
  "onu_84893067779.json": {
    "NE-ORGANIZATION-Petrobras": "NE-ORGANIZATION-Petrobras",
    "69bf6b3a-01bd-4e40-a6e1-94da71019c1c-turret-5": "e3239ac2-996c-48c2-a4b9-5b330ad8ca86-vessel-11",
    "69bf6b3a-01bd-4e40-a6e1-94da71019c1c-paper-2": "e3239ac2-996c-48c2-a4b9-5b330ad8ca86-paper-2"
  },
  "onu_84893090004.json": {},
  "onu_84893361208.json": {
    "NE-ORGANIZATION-Petrobras": "NE-ORGANIZATION-PETROBRAS",
    "69bf6b3a-01bd-4e40-a6e1-94da71019c1c-paper-2": "9867dde6-b627-4c95-aa08-5793f95d79f9-paper-3"
  },
  "onu_84893407222.json": {
    "69bf6b3a-01bd-4e40-a6e1-94da71019c1c-many-10": "44b1d4b9-1d34-4364-a8fe-c3fcc69d0615-Many-1"
  },
  "onu_84893805098.json": {
    "69bf6b3a-01bd-4e40-a6e1-94da71019c1c-different-4": "c9cc11fc-8719-4e06-8c6b-99c7f538df16-different-16"
  },
  "onu_84894453276.json": {
    "69bf6b3a-01bd-4e40-a6e1-94da71019c1c-many-10": "b9b6adf1-6e95-4cfa-b97a-44efcd1fe567-many-7",
    "69bf6b3a-01bd-4e40-a6e1-94da71019c1c-main-5": "b9b6adf1-6e95-4cfa-b97a-44efcd1fe567-main-22"
  },
  "onu_84894470550.json": {},
  "onu_84896824358.json": {
    "69bf6b3a-01bd-4e40-a6e1-94da71019c1c-actual-6": "a674b86c-95d0-4e2a-aca6-37744b347071-conceptual-19"
  },
  "onu_84897376128.json": {
    "69bf6b3a-01bd-4e40-a6e1-94da71019c1c-development-11": "6634b230-b55b-42f5-b6bf-e9764410d504-development-13",
    "69bf6b3a-01bd-4e40-a6e1-94da71019c1c-paper-2": "6634b230-b55b-42f5-b6bf-e9764410d504-paper-2",
    "69bf6b3a-01bd-4e40-a6e1-94da71019c1c-wells-33": "6634b230-b55b-42f5-b6bf-e9764410d504-wells-3"
  },
  "onu_84897381844.json": {
    "NE-ORGANIZATION-Petrobras": "NE-ORGANIZATION-Petrobras",
    "69bf6b3a-01bd-4e40-a6e1-94da71019c1c-development-11": "607e16a2-24ab-44ad-a4a3-8273a81253f6-development-5"
  },
  "onu_84897392529.json": {
    "NE-ORGANIZATION-Petrobras": "NE-ORGANIZATION-Petrobras",
    "69bf6b3a-01bd-4e40-a6e1-94da71019c1c-types-5": "21b0b660-404f-436a-867e-af9cbe7f0918-type-36"
  },
  "onu_84897399429.json": {
    "NE-ORGANIZATION-Petrobras": "NE-ORGANIZATION-Petrobras",
    "69bf6b3a-01bd-4e40-a6e1-94da71019c1c-different-4": "898c33c4-d7a3-46cc-94f0-d84c5288fee6-Similar-1",
    "69bf6b3a-01bd-4e40-a6e1-94da71019c1c-turret-5": "898c33c4-d7a3-46cc-94f0-d84c5288fee6-offshore-15"
  },
  "onu_84897408330.json": {
    "69bf6b3a-01bd-4e40-a6e1-94da71019c1c-many-10": "b19e19ff-a5c9-48e8-bb16-bce5beab0ca2-Various-1",
    "69bf6b3a-01bd-4e40-a6e1-94da71019c1c-paper-2": "b19e19ff-a5c9-48e8-bb16-bce5beab0ca2-paper-2",
    "69bf6b3a-01bd-4e40-a6e1-94da71019c1c-main-5": "b19e19ff-a5c9-48e8-bb16-bce5beab0ca2-direct-9"
  },
  "onu_84897441267.json": {
    "NE-ORGANIZATION-Petrobras": "NE-ORGANIZATION-Petrobras",
    "69bf6b3a-01bd-4e40-a6e1-94da71019c1c-many-10": "6386a9ef-0016-45d5-9431-03b779673c2b-many-30",
    "69bf6b3a-01bd-4e40-a6e1-94da71019c1c-FPSOs-8": "6386a9ef-0016-45d5-9431-03b779673c2b-P58-14-P62-16-FPSOs-17",
    "69bf6b3a-01bd-4e40-a6e1-94da71019c1c-paper-2": "6386a9ef-0016-45d5-9431-03b779673c2b-paper-2",
    "69bf6b3a-01bd-4e40-a6e1-94da71019c1c-main-5": "6386a9ef-0016-45d5-9431-03b779673c2b-main-5"
  },
  "onu_84897448998.json": {
    "69bf6b3a-01bd-4e40-a6e1-94da71019c1c-paper-2": "ebed93b1-9b44-42bf-a267-aebdc3f48887-paper-9",
    "69bf6b3a-01bd-4e40-a6e1-94da71019c1c-main-5": "ebed93b1-9b44-42bf-a267-aebdc3f48887-primary-13"
  },
  "onu_84897449140.json": {
    "NE-ORGANIZATION-Petrobras": "NE-ORGANIZATION-Petrobras-Pre-Salt",
    "69bf6b3a-01bd-4e40-a6e1-94da71019c1c-paper-2": "b829cc46-eb44-4769-8923-e94eb353af76-paper-2"
  },
  "onu_84897461830.json": {
    "69bf6b3a-01bd-4e40-a6e1-94da71019c1c-different-4": "6d4e9725-03d3-4734-9822-6feb56c5d4d5-different-29",
    "69bf6b3a-01bd-4e40-a6e1-94da71019c1c-paper-2": "6d4e9725-03d3-4734-9822-6feb56c5d4d5-paper-2"
  },
  "onu_84897465328.json": {
    "NE-ORGANIZATION-Petrobras": "NE-ORGANIZATION-Petrobras",
    "69bf6b3a-01bd-4e40-a6e1-94da71019c1c-many-10": "7e19d608-90b6-4fc3-afea-623202a7f587-several-5",
    "69bf6b3a-01bd-4e40-a6e1-94da71019c1c-turret-5": "7e19d608-90b6-4fc3-afea-623202a7f587-pipes-11",
    "69bf6b3a-01bd-4e40-a6e1-94da71019c1c-equipped-7": "7e19d608-90b6-4fc3-afea-623202a7f587-working-12",
    "69bf6b3a-01bd-4e40-a6e1-94da71019c1c-paper-2": "7e19d608-90b6-4fc3-afea-623202a7f587-paper-2"
  },
  "onu_84897470967.json": {
    "69bf6b3a-01bd-4e40-a6e1-94da71019c1c-main-5": "7f6f47ca-cfad-4483-ba7b-011e5564f245-main-6"
  },
  "onu_84900305359.json": {
    "69bf6b3a-01bd-4e40-a6e1-94da71019c1c-actual-6": "97531c44-64fa-4fe3-bfde-d9c5843dc485-operational-5"
  },
  "onu_84901784680.json": {},
  "onu_84904394721.json": {
    "NE-ORGANIZATION-Petrobras": "NE-ORGANIZATION-Petrobras",
    "69bf6b3a-01bd-4e40-a6e1-94da71019c1c-equipped-7": "8e2e949b-ad5f-4570-870a-fc20ddc3c8e9-capable-21"
  },
  "onu_84905748711.json": {
    "69bf6b3a-01bd-4e40-a6e1-94da71019c1c-different-4": "dede7ae1-618b-4e69-ba85-b9a4bf191bed-similar-14",
    "69bf6b3a-01bd-4e40-a6e1-94da71019c1c-converted-2": "dede7ae1-618b-4e69-ba85-b9a4bf191bed-composite-15",
    "69bf6b3a-01bd-4e40-a6e1-94da71019c1c-equipped-7": "dede7ae1-618b-4e69-ba85-b9a4bf191bed-composite-15",
    "69bf6b3a-01bd-4e40-a6e1-94da71019c1c-paper-2": "dede7ae1-618b-4e69-ba85-b9a4bf191bed-paper-2"
  },
  "onu_84907991224.json": {},
  "onu_84918528762.json": {
    "69bf6b3a-01bd-4e40-a6e1-94da71019c1c-types-5": "521f5922-1c3e-4c36-9fd5-536f42356eaf-type-12"
  },
  "onu_84925638296.json": {
    "NE-ORGANIZATION-Petrobras": "NE-ORGANIZATION-PETROBRAS",
    "69bf6b3a-01bd-4e40-a6e1-94da71019c1c-many-10": "b21e4bce-3e9b-4d90-a83b-1abdd0c22319-several-16"
  },
  "onu_84930513772.json": {
    "69bf6b3a-01bd-4e40-a6e1-94da71019c1c-turret-5": "fc8b94b7-0e5d-450a-9054-6f9bf272ae34-strongly-15"
  },
  "onu_84940864746.json": {
    "NE-ORGANIZATION-Petrobras": "NE-ORGANIZATION-Petrobras"
  },
  "onu_84943289484.json": {
    "69bf6b3a-01bd-4e40-a6e1-94da71019c1c-many-10": "a318701e-6951-43b5-ab6d-2b3deb57fa16-various-2"
  },
  "onu_84943328375.json": {
    "NE-ORGANIZATION-Petrobras": "NE-ORGANIZATION-Petrobras",
    "69bf6b3a-01bd-4e40-a6e1-94da71019c1c-many-10": "959feb1f-0a32-411d-bb1a-fe07e8dd3be3-several-11",
    "69bf6b3a-01bd-4e40-a6e1-94da71019c1c-turret-5": "959feb1f-0a32-411d-bb1a-fe07e8dd3be3-mechanically-21",
    "69bf6b3a-01bd-4e40-a6e1-94da71019c1c-paper-2": "959feb1f-0a32-411d-bb1a-fe07e8dd3be3-paper-2"
  },
  "onu_84943338721.json": {
    "NE-ORGANIZATION-Petrobras": "NE-ORGANIZATION-Petrobras",
    "69bf6b3a-01bd-4e40-a6e1-94da71019c1c-development-11": "83c12324-c60f-4651-9cfb-69111aaba3ef-development-5",
    "NE-LOCATION-Marlim-Field": "NE-LOCATION-Lula-Field",
    "69bf6b3a-01bd-4e40-a6e1-94da71019c1c-many-10": "83c12324-c60f-4651-9cfb-69111aaba3ef-several-7",
    "69bf6b3a-01bd-4e40-a6e1-94da71019c1c-FPSOs-8": "83c12324-c60f-4651-9cfb-69111aaba3ef-FPSOs-27"
  },
  "onu_84943339436.json": {
    "69bf6b3a-01bd-4e40-a6e1-94da71019c1c-equipped-7": "3cd768dc-cd71-4749-a45c-61e32e4b3b06-presented-12",
    "69bf6b3a-01bd-4e40-a6e1-94da71019c1c-paper-2": "3cd768dc-cd71-4749-a45c-61e32e4b3b06-paper-2",
    "69bf6b3a-01bd-4e40-a6e1-94da71019c1c-main-5": "3cd768dc-cd71-4749-a45c-61e32e4b3b06-actual-21",
    "69bf6b3a-01bd-4e40-a6e1-94da71019c1c-actual-6": "3cd768dc-cd71-4749-a45c-61e32e4b3b06-actual-21"
  },
  "onu_84944574757.json": {
    "NE-ORGANIZATION-Petrobras": "NE-ORGANIZATION-Petrobras",
    "NE-LOCATION-Marlim-Field": "d0d3f522-daa5-46df-9fd9-95491816b5d6-MarlimSul-37-field-38",
    "69bf6b3a-01bd-4e40-a6e1-94da71019c1c-paper-2": "d0d3f522-daa5-46df-9fd9-95491816b5d6-paper-2"
  },
  "onu_84944593501.json": {
    "69bf6b3a-01bd-4e40-a6e1-94da71019c1c-different-4": "ddbb976f-3682-4d4d-964c-c8f97d044879-different-12",
    "69bf6b3a-01bd-4e40-a6e1-94da71019c1c-actual-6": "ddbb976f-3682-4d4d-964c-c8f97d044879-realistic-21"
  },
  "onu_84947326315.json": {
    "69bf6b3a-01bd-4e40-a6e1-94da71019c1c-different-4": "c9348211-c72e-4ea1-9eb9-711dc0c65800-different-12",
    "NE-TITLE-host": "NE-TITLE-host",
    "69bf6b3a-01bd-4e40-a6e1-94da71019c1c-applied-11": "c9348211-c72e-4ea1-9eb9-711dc0c65800-computed-7"
  },
  "onu_84947757002.json": {
    "69bf6b3a-01bd-4e40-a6e1-94da71019c1c-different-4": "e4f3700a-2016-4bba-b2a4-c67750ed33d4-different-14",
    "69bf6b3a-01bd-4e40-a6e1-94da71019c1c-Semi-Submersibles-3": "e4f3700a-2016-4bba-b2a4-c67750ed33d4-semi-submersibles-5",
    "69bf6b3a-01bd-4e40-a6e1-94da71019c1c-paper-2": "e4f3700a-2016-4bba-b2a4-c67750ed33d4-paper-28",
    "69bf6b3a-01bd-4e40-a6e1-94da71019c1c-performance-7-of-8-production-10-unit-11": "e4f3700a-2016-4bba-b2a4-c67750ed33d4-production-18-units-19",
    "69bf6b3a-01bd-4e40-a6e1-94da71019c1c-actual-6": "e4f3700a-2016-4bba-b2a4-c67750ed33d4-Actual-1"
  },
  "onu_84949266932.json": {
    "69bf6b3a-01bd-4e40-a6e1-94da71019c1c-different-4": "42b505ba-f41a-4c4d-afef-28084be680c7-different-15"
  },
  "onu_84951918487.json": {
    "NE-ORGANIZATION-Petrobras": "NE-ORGANIZATION-Petrobras",
    "69bf6b3a-01bd-4e40-a6e1-94da71019c1c-turret-5": "6d96e98c-77ad-4954-b07a-14307ad74b11-end-34",
    "69bf6b3a-01bd-4e40-a6e1-94da71019c1c-paper-2": "6d96e98c-77ad-4954-b07a-14307ad74b11-paper-2"
  },
  "onu_84954454797.json": {},
  "onu_84955127995.json": {
    "NE-ORGANIZATION-Petrobras": "NE-ORGANIZATION-PETROBRAS"
  },
  "onu_84958666405.json": {
    "NE-ORGANIZATION-Petrobras": "NE-ORGANIZATION-Petrobras"
  },
  "onu_84959478227.json": {
    "69bf6b3a-01bd-4e40-a6e1-94da71019c1c-turret-5": "1f3dc02a-457f-4c60-95e7-899b6c972eb8-turret-18"
  },
  "onu_84959561430.json": {
    "69bf6b3a-01bd-4e40-a6e1-94da71019c1c-different-4": "c9b0cc1d-e1ac-4a3e-8cb4-ffafc327a1c8-different-20",
    "69bf6b3a-01bd-4e40-a6e1-94da71019c1c-paper-2": "c9b0cc1d-e1ac-4a3e-8cb4-ffafc327a1c8-paper-2"
  },
  "onu_84963819657.json": {
    "69bf6b3a-01bd-4e40-a6e1-94da71019c1c-main-5": "fcf2e6c3-d24b-4213-a006-8fb5427c6317-main-7"
  },
  "onu_84964700375.json": {
    "NE-ORGANIZATION-Petrobras": "NE-ORGANIZATION-Petrobras",
    "69bf6b3a-01bd-4e40-a6e1-94da71019c1c-turret-5": "69c6bb79-fae8-43da-8f18-3e03cea59fec-Vehicle-17"
  },
  "onu_84974574825.json": {
    "69bf6b3a-01bd-4e40-a6e1-94da71019c1c-different-4": "bd331931-0124-4a50-84bf-199162a52f3f-different-12"
  },
  "onu_84975761253.json": {},
  "onu_84979574362.json": {},
  "onu_84983465797.json": {
    "69bf6b3a-01bd-4e40-a6e1-94da71019c1c-Semi-Submersibles-3": "29e71a86-d6f9-4b04-935d-d2cff0962e21-(-6-Electrical-7-Submersible-8-Pumps-9-)-10",
    "69bf6b3a-01bd-4e40-a6e1-94da71019c1c-many-10": "29e71a86-d6f9-4b04-935d-d2cff0962e21-several-4",
    "69bf6b3a-01bd-4e40-a6e1-94da71019c1c-FPSOs-8": "29e71a86-d6f9-4b04-935d-d2cff0962e21-ESPs-5"
  },
  "onu_84984596158.json": {},
  "onu_84987760544.json": {},
  "onu_84987762471.json": {},
  "onu_84987763922.json": {
    "69bf6b3a-01bd-4e40-a6e1-94da71019c1c-units-7": "aaacca52-cd9d-43fb-a220-3e463dad8ed9-units-18"
  },
  "onu_84990861431.json": {},
  "onu_84990898401.json": {
    "69bf6b3a-01bd-4e40-a6e1-94da71019c1c-different-4": "9d3f7157-a5f4-4c28-968c-5311617f432d-different-4",
    "69bf6b3a-01bd-4e40-a6e1-94da71019c1c-turret-5": "9d3f7157-a5f4-4c28-968c-5311617f432d-coasts-15"
  },
  "onu_84996602559.json": {
    "69bf6b3a-01bd-4e40-a6e1-94da71019c1c-different-4": "f9da6858-73d7-45a6-a4cd-7e3dd9efc0ea-different-47"
  },
  "onu_85006339618.json": {},
  "onu_85007282651.json": {
    "69bf6b3a-01bd-4e40-a6e1-94da71019c1c-main-5": "21eb6ecf-d102-40bb-a054-1b519100613e-main-2"
  },
  "onu_85008198009.json": {},
  "onu_85009177497.json": {},
  "onu_85009192413.json": {
    "69bf6b3a-01bd-4e40-a6e1-94da71019c1c-different-4": "1fa51d3a-829d-4c50-9899-89265ff2e400-different-18"
  },
  "onu_85009433339.json": {},
  "onu_85012910163.json": {},
  "onu_85013296221.json": {
    "69bf6b3a-01bd-4e40-a6e1-94da71019c1c-paper-2": "68be832a-27b4-49e7-8b72-dcc340ca62d8-paper-2",
    "69bf6b3a-01bd-4e40-a6e1-94da71019c1c-actual-6": "68be832a-27b4-49e7-8b72-dcc340ca62d8-simulated-4"
  },
  "onu_85013858173.json": {
    "69bf6b3a-01bd-4e40-a6e1-94da71019c1c-development-11": "9f50d251-7e41-4765-8a72-6be967b48838-development-14"
  },
  "onu_85016298905.json": {},
  "onu_85016958402.json": {
    "69bf6b3a-01bd-4e40-a6e1-94da71019c1c-paper-2": "caf1ea25-a32b-433b-bb7d-3960560de634-paper-2",
    "69bf6b3a-01bd-4e40-a6e1-94da71019c1c-actual-6": "caf1ea25-a32b-433b-bb7d-3960560de634-real-32"
  },
  "onu_85017468089.json": {},
  "onu_85020183362.json": {},
  "onu_85026803842.json": {
    "NE-ORGANIZATION-Petrobras": "NE-ORGANIZATION-Petrobras",
    "69bf6b3a-01bd-4e40-a6e1-94da71019c1c-development-11": "1422e178-cc62-4bf3-acfe-1985781bfe49-development-16",
    "69bf6b3a-01bd-4e40-a6e1-94da71019c1c-FPSOs-8": "1422e178-cc62-4bf3-acfe-1985781bfe49-FPSOs-2",
    "69bf6b3a-01bd-4e40-a6e1-94da71019c1c-paper-2": "1422e178-cc62-4bf3-acfe-1985781bfe49-paper-2",
    "69bf6b3a-01bd-4e40-a6e1-94da71019c1c-main-5": "1422e178-cc62-4bf3-acfe-1985781bfe49-main-16"
  },
  "onu_85027233889.json": {
    "69bf6b3a-01bd-4e40-a6e1-94da71019c1c-many-10": "b47c20ef-5393-406f-b497-6f1838f49422-several-9"
  },
  "onu_85027401053.json": {
    "69bf6b3a-01bd-4e40-a6e1-94da71019c1c-converted-2": "53d0784c-6881-46a8-8607-8473e2e87675-elevated-4"
  },
  "onu_85028240731.json": {},
  "onu_85028278319.json": {
    "NE-ORGANIZATION-Petrobras": "NE-ORGANIZATION-Petrobras",
    "69bf6b3a-01bd-4e40-a6e1-94da71019c1c-many-10": "87ea7ee8-fea4-423e-b948-4867cebcb9ad-many-17",
    "69bf6b3a-01bd-4e40-a6e1-94da71019c1c-turret-5": "87ea7ee8-fea4-423e-b948-4867cebcb9ad-progressively-18",
    "69bf6b3a-01bd-4e40-a6e1-94da71019c1c-paper-2": "87ea7ee8-fea4-423e-b948-4867cebcb9ad-paper-2"
  },
  "onu_85028950368.json": {
    "69bf6b3a-01bd-4e40-a6e1-94da71019c1c-paper-2": "e4dae957-4d94-4311-82ad-250e750ae287-paper-2"
  },
  "onu_85029591872.json": {},
  "onu_85030830298.json": {
    "NE-ORGANIZATION-Petrobras": "NE-ORGANIZATION-Petrobras",
    "69bf6b3a-01bd-4e40-a6e1-94da71019c1c-equipped-7": "7c4c08d7-08a1-49b5-9442-d72738d202b1-optic-9",
    "69bf6b3a-01bd-4e40-a6e1-94da71019c1c-main-5": "7c4c08d7-08a1-49b5-9442-d72738d202b1-main-2"
  },
  "onu_85030842598.json": {
    "69bf6b3a-01bd-4e40-a6e1-94da71019c1c-turret-5": "34e8fac9-66f8-4a6c-8c9c-88ed163b72d7-platform-21",
    "69bf6b3a-01bd-4e40-a6e1-94da71019c1c-paper-2": "34e8fac9-66f8-4a6c-8c9c-88ed163b72d7-paper-4"
  },
  "onu_85031996233.json": {
    "69bf6b3a-01bd-4e40-a6e1-94da71019c1c-turret-5": "9d056a4c-d060-45c5-9a52-c7de291d1d6a-Vertically-1",
    "69bf6b3a-01bd-4e40-a6e1-94da71019c1c-paper-2": "9d056a4c-d060-45c5-9a52-c7de291d1d6a-Paper-2"
  },
  "onu_85032863710.json": {},
  "onu_85033225585.json": {
    "69bf6b3a-01bd-4e40-a6e1-94da71019c1c-equipped-7": "7de64ed0-3f58-45d8-9cc8-eef825191710-conventional-16",
    "69bf6b3a-01bd-4e40-a6e1-94da71019c1c-paper-2": "7de64ed0-3f58-45d8-9cc8-eef825191710-paper-2"
  },
  "onu_85033604891.json": {
    "69bf6b3a-01bd-4e40-a6e1-94da71019c1c-many-10": "19e83c8d-6a15-405b-9872-15221efe1cac-many-15"
  },
  "onu_85034042710.json": {},
  "onu_85035340277.json": {
    "69bf6b3a-01bd-4e40-a6e1-94da71019c1c-turret-5": "fadde164-41d0-44e5-aec4-1fa2a5359b66-relative-17"
  },
  "onu_85037355639.json": {
    "69bf6b3a-01bd-4e40-a6e1-94da71019c1c-turret-5": "f2532b6a-23e5-4ee4-b23c-b14a66103885-contribution-12",
    "69bf6b3a-01bd-4e40-a6e1-94da71019c1c-equipped-7": "f2532b6a-23e5-4ee4-b23c-b14a66103885-compatible-7",
    "69bf6b3a-01bd-4e40-a6e1-94da71019c1c-main-5": "f2532b6a-23e5-4ee4-b23c-b14a66103885-main-5"
  },
  "onu_85037590262.json": {},
  "onu_85039546750.json": {
    "69bf6b3a-01bd-4e40-a6e1-94da71019c1c-different-4": "1b5c2e54-dca5-4773-b611-862793e6f292-different-41",
    "69bf6b3a-01bd-4e40-a6e1-94da71019c1c-many-10": "1b5c2e54-dca5-4773-b611-862793e6f292-many-16"
  },
  "onu_85040381710.json": {},
  "onu_85040498521.json": {
    "69bf6b3a-01bd-4e40-a6e1-94da71019c1c-many-10": "4372788a-b01b-4c08-a40d-5e901fddf4a5-Several-1"
  },
  "onu_85040888184.json": {},
  "onu_85041142849.json": {
    "69bf6b3a-01bd-4e40-a6e1-94da71019c1c-types-5": "6b251826-cf79-4973-a63d-ae11b18be0c9-types-12",
    "69bf6b3a-01bd-4e40-a6e1-94da71019c1c-different-4": "6b251826-cf79-4973-a63d-ae11b18be0c9-new-11",
    "69bf6b3a-01bd-4e40-a6e1-94da71019c1c-many-10": "6b251826-cf79-4973-a63d-ae11b18be0c9-various-8",
    "69bf6b3a-01bd-4e40-a6e1-94da71019c1c-paper-2": "6b251826-cf79-4973-a63d-ae11b18be0c9-paper-2"
  },
  "onu_85041154400.json": {
    "NE-ORGANIZATION-Petrobras": "NE-ORGANIZATION-Petrobras",
    "69bf6b3a-01bd-4e40-a6e1-94da71019c1c-technologies-10": "ddf75f7d-eeae-4801-8fc1-646f269a7ce4-technologies-10"
  },
  "onu_85041277142.json": {},
  "onu_85041698761.json": {},
  "onu_85043311576.json": {},
  "onu_85043324954.json": {
    "69bf6b3a-01bd-4e40-a6e1-94da71019c1c-development-11": "70bd8463-25b3-4fd2-8bcd-c7bc8c417fbb-development-8",
    "69bf6b3a-01bd-4e40-a6e1-94da71019c1c-paper-2": "70bd8463-25b3-4fd2-8bcd-c7bc8c417fbb-work-2"
  },
  "onu_85044192214.json": {
    "69bf6b3a-01bd-4e40-a6e1-94da71019c1c-many-10": "02ca6c41-1c18-40a7-87f2-042cfa1083d4-many-11"
  },
  "onu_85044397080.json": {},
  "onu_85044462127.json": {
    "69bf6b3a-01bd-4e40-a6e1-94da71019c1c-paper-2": "77be762f-bb9c-4142-a04f-af0145a57575-paper-2",
    "69bf6b3a-01bd-4e40-a6e1-94da71019c1c-main-5": "77be762f-bb9c-4142-a04f-af0145a57575-main-2"
  },
  "onu_85044530973.json": {},
  "onu_85044596303.json": {
    "69bf6b3a-01bd-4e40-a6e1-94da71019c1c-different-4": "99512cc4-b35c-4f65-be28-93092a3cf0fc-different-12"
  },
  "onu_85045186297.json": {},
  "onu_85046290497.json": {},
  "onu_85046379273.json": {
    "NE-ORGANIZATION-Petrobras": "NE-ORGANIZATION-PETROBRAS",
    "69bf6b3a-01bd-4e40-a6e1-94da71019c1c-paper-2": "02efe9bb-4889-4bbe-974d-5c2dff0e35fa-paper-4",
    "69bf6b3a-01bd-4e40-a6e1-94da71019c1c-main-5": "02efe9bb-4889-4bbe-974d-5c2dff0e35fa-main-2"
  },
  "onu_85047299670.json": {
    "69bf6b3a-01bd-4e40-a6e1-94da71019c1c-equipped-7": "7e13bfab-9226-403e-bf1d-cce401dd3b64-modifying-8",
    "69bf6b3a-01bd-4e40-a6e1-94da71019c1c-paper-2": "7e13bfab-9226-403e-bf1d-cce401dd3b64-paper-16",
    "69bf6b3a-01bd-4e40-a6e1-94da71019c1c-main-5": "7e13bfab-9226-403e-bf1d-cce401dd3b64-main-7"
  },
  "onu_85047354188.json": {
    "NE-ORGANIZATION-Petrobras": "NE-ORGANIZATION-Petrobras"
  },
  "onu_85047409861.json": {},
  "onu_85048345043.json": {},
  "onu_85048862831.json": {},
  "onu_85049552088.json": {
    "69bf6b3a-01bd-4e40-a6e1-94da71019c1c-turret-5": "85bb1f29-6fcb-426b-abc6-5be02b46d922-certainly-9",
    "69bf6b3a-01bd-4e40-a6e1-94da71019c1c-equipped-7": "85bb1f29-6fcb-426b-abc6-5be02b46d922-structural-16"
  },
  "onu_85050512775.json": {
    "69bf6b3a-01bd-4e40-a6e1-94da71019c1c-converted-2": "d456d187-3df8-4b64-8a11-6d3acdc976bf-bonded-10",
    "69bf6b3a-01bd-4e40-a6e1-94da71019c1c-turret-5": "d456d187-3df8-4b64-8a11-6d3acdc976bf-fully-9"
  },
  "onu_85050528173.json": {
    "NE-ORGANIZATION-Petrobras": "NE-ORGANIZATION-Petrobras",
    "69bf6b3a-01bd-4e40-a6e1-94da71019c1c-paper-2": "d59c3d19-b470-43cc-aef7-3fa793b9d284-paper-2"
  },
  "onu_85050539655.json": {
    "NE-ORGANIZATION-Petrobras": "NE-ORGANIZATION-Petrobras",
    "69bf6b3a-01bd-4e40-a6e1-94da71019c1c-future-18-units-19": "e1000620-b18e-4098-9293-16b6e83cec81-future-5-applications-6"
  },
  "onu_85050551470.json": {
    "69bf6b3a-01bd-4e40-a6e1-94da71019c1c-development-11": "54866368-b614-4ef4-9fab-faa48a38f22d-development-11"
  },
  "onu_85050561554.json": {
    "NE-ORGANIZATION-Petrobras": "NE-ORGANIZATION-Petrobras",
    "69bf6b3a-01bd-4e40-a6e1-94da71019c1c-paper-2": "a1d0a6b1-9550-43c9-a812-f8a99d9763d6-paper-2"
  },
  "onu_85050643252.json": {
    "NE-ORGANIZATION-Petrobras": "NE-ORGANIZATION-Petrobras",
    "69bf6b3a-01bd-4e40-a6e1-94da71019c1c-equipped-7": "16159eb1-d977-41b1-977d-b5a0d90c3d46-definitive-5",
    "69bf6b3a-01bd-4e40-a6e1-94da71019c1c-main-5": "16159eb1-d977-41b1-977d-b5a0d90c3d46-main-2",
    "69bf6b3a-01bd-4e40-a6e1-94da71019c1c-new-9": "16159eb1-d977-41b1-977d-b5a0d90c3d46-new-19"
  },
  "onu_85050674553.json": {
    "NE-ORGANIZATION-Petrobras": "NE-ORGANIZATION-Petrobras",
    "69bf6b3a-01bd-4e40-a6e1-94da71019c1c-units-7": "36dbe77c-4321-4bf2-aee4-2e7bf595abe8-units-7"
  },
  "onu_85050680089.json": {
    "69bf6b3a-01bd-4e40-a6e1-94da71019c1c-development-11": "7736a11e-550b-4406-bcac-140ec203a8cf-development-15",
    "69bf6b3a-01bd-4e40-a6e1-94da71019c1c-different-4": "7736a11e-550b-4406-bcac-140ec203a8cf-different-8",
    "69bf6b3a-01bd-4e40-a6e1-94da71019c1c-turret-5": "7736a11e-550b-4406-bcac-140ec203a8cf-regimes-10",
    "69bf6b3a-01bd-4e40-a6e1-94da71019c1c-main-5": "7736a11e-550b-4406-bcac-140ec203a8cf-contractual-7"
  },
  "onu_85051633827.json": {
    "NE-ORGANIZATION-Petrobras": "NE-ORGANIZATION-Petrobras",
    "69bf6b3a-01bd-4e40-a6e1-94da71019c1c-many-10": "c685c5a5-bc59-4451-bee6-87f7a8810b95-Several-1",
    "69bf6b3a-01bd-4e40-a6e1-94da71019c1c-main-5": "c685c5a5-bc59-4451-bee6-87f7a8810b95-main-7"
  },
  "onu_85051644896.json": {
    "69bf6b3a-01bd-4e40-a6e1-94da71019c1c-FPSOs-8": "12c1d79e-73bd-481c-bdb8-1d4727843a15-FPSOs-22",
    "69bf6b3a-01bd-4e40-a6e1-94da71019c1c-paper-2": "12c1d79e-73bd-481c-bdb8-1d4727843a15-paper-22"
  },
  "onu_85051649253.json": {},
  "onu_85051653660.json": {
    "69bf6b3a-01bd-4e40-a6e1-94da71019c1c-paper-2": "9514bd0e-068b-4f1a-97f0-dc1fd3c046dc-work-2"
  },
  "onu_85051673888.json": {
    "69bf6b3a-01bd-4e40-a6e1-94da71019c1c-many-10": "e872f4cb-a7b5-4cad-b4c9-ddb031864494-many-21",
    "69bf6b3a-01bd-4e40-a6e1-94da71019c1c-performance-7-of-8-production-10-unit-11": "e872f4cb-a7b5-4cad-b4c9-ddb031864494-profitability-25-of-26-production-28-unit-29"
  },
  "onu_85052069920.json": {
    "69bf6b3a-01bd-4e40-a6e1-94da71019c1c-turret-5": "6019aafd-17a7-4b19-be78-72fdb72b948b-features-28"
  },
  "onu_85052748036.json": {
    "69bf6b3a-01bd-4e40-a6e1-94da71019c1c-different-4": "d5172811-4956-4cc3-bcce-2ec97a8402f1-different-10"
  },
  "onu_85052916893.json": {},
  "onu_85053143769.json": {
    "69bf6b3a-01bd-4e40-a6e1-94da71019c1c-different-4": "9e6b17de-d2c6-4ae1-9b58-a24d3e3ed90e-different-10",
    "69bf6b3a-01bd-4e40-a6e1-94da71019c1c-main-5": "9e6b17de-d2c6-4ae1-9b58-a24d3e3ed90e-main-3"
  },
  "onu_85053593980.json": {},
  "onu_85053770238.json": {
    "69bf6b3a-01bd-4e40-a6e1-94da71019c1c-main-5": "5d5a4a2a-3f55-45ca-bd91-6a4532bf1f9c-main-4"
  },
  "onu_85054086297.json": {},
  "onu_85054504118.json": {
    "NE-ORGANIZATION-Petrobras": "NE-ORGANIZATION-PETROBRAS",
    "69bf6b3a-01bd-4e40-a6e1-94da71019c1c-many-10": "b1326d03-e928-4f17-a698-2f5bc600a0ed-many-4",
    "69bf6b3a-01bd-4e40-a6e1-94da71019c1c-equipped-7": "b1326d03-e928-4f17-a698-2f5bc600a0ed-effective-23",
    "69bf6b3a-01bd-4e40-a6e1-94da71019c1c-paper-2": "b1326d03-e928-4f17-a698-2f5bc600a0ed-paper-2"
  },
  "onu_85054783545.json": {
    "69bf6b3a-01bd-4e40-a6e1-94da71019c1c-types-5": "54174e41-4460-4ede-8ffd-225b7817ab76-types-4",
    "69bf6b3a-01bd-4e40-a6e1-94da71019c1c-many-10": "54174e41-4460-4ede-8ffd-225b7817ab76-several-17",
    "69bf6b3a-01bd-4e40-a6e1-94da71019c1c-actual-6": "54174e41-4460-4ede-8ffd-225b7817ab76-acoustic-11"
  },
  "onu_85054941296.json": {},
  "onu_85055025955.json": {
    "NE-ORGANIZATION-Petrobras": "NE-ORGANIZATION-Petrobras",
    "69bf6b3a-01bd-4e40-a6e1-94da71019c1c-paper-2": "6bb8a4f9-6b1c-4ed2-896e-13fd8f3d1045-paper-2"
  },
  "onu_85055027444.json": {
    "NE-ORGANIZATION-Petrobras": "NE-ORGANIZATION-Petrobras",
    "69bf6b3a-01bd-4e40-a6e1-94da71019c1c-different-4": "efaa678b-3d7e-4113-825c-c286cad84bfd-distinct-2"
  },
  "onu_85055027692.json": {
    "NE-ORGANIZATION-Petrobras": "NE-ORGANIZATION-Petrobras",
    "69bf6b3a-01bd-4e40-a6e1-94da71019c1c-Semi-Submersibles-3": "9b3bcee7-dcb0-43b2-b05a-e1658aa22322-Electrical-17-Submersible-18-Pumps-19"
  },
  "onu_85055036761.json": {
    "NE-ORGANIZATION-Petrobras": "NE-ORGANIZATION-PETROBRÁS"
  },
  "onu_85055255571.json": {
    "NE-ORGANIZATION-Petrobras": "NE-ORGANIZATION-PETROBRÁS",
    "69bf6b3a-01bd-4e40-a6e1-94da71019c1c-paper-2": "ea17f87e-0664-4177-bfa0-06cf4ccdf30b-paper-2",
    "69bf6b3a-01bd-4e40-a6e1-94da71019c1c-main-5": "ea17f87e-0664-4177-bfa0-06cf4ccdf30b-main-14"
  },
  "onu_85055263465.json": {},
  "onu_85055528846.json": {},
  "onu_85055864923.json": {
    "NE-ORGANIZATION-Petrobras": "c183a578-8a5f-4228-b35b-5651f319641f-Petrobras-7",
    "69bf6b3a-01bd-4e40-a6e1-94da71019c1c-main-5": "c183a578-8a5f-4228-b35b-5651f319641f-main-5"
  },
  "onu_85055908781.json": {
    "NE-LOCATION-Marlim-Field": "NE-LOCATION-Marlim",
    "69bf6b3a-01bd-4e40-a6e1-94da71019c1c-main-5": "7791ecea-6b5a-4410-bef3-7836f667a288-main-12"
  },
  "onu_85056094176.json": {
    "NE-ORGANIZATION-Petrobras": "NE-ORGANIZATION-Petrobras"
  },
  "onu_85056110569.json": {
    "NE-ORGANIZATION-Petrobras": "1a82d70b-0282-4199-a560-d0aab9c27373-Petrobras-2-experience-3",
    "69bf6b3a-01bd-4e40-a6e1-94da71019c1c-development-11": "1a82d70b-0282-4199-a560-d0aab9c27373-development-9",
    "69bf6b3a-01bd-4e40-a6e1-94da71019c1c-turret-5": "1a82d70b-0282-4199-a560-d0aab9c27373-economically-18",
    "69bf6b3a-01bd-4e40-a6e1-94da71019c1c-paper-2": "1a82d70b-0282-4199-a560-d0aab9c27373-paper-2",
    "69bf6b3a-01bd-4e40-a6e1-94da71019c1c-main-5": "1a82d70b-0282-4199-a560-d0aab9c27373-main-5"
  },
  "onu_85056183083.json": {
    "69bf6b3a-01bd-4e40-a6e1-94da71019c1c-paper-2": "65c625f5-7d94-4126-a6cf-9208777c80b5-paper-2"
  },
  "onu_85056566136.json": {
    "69bf6b3a-01bd-4e40-a6e1-94da71019c1c-main-5": "0f98ad10-7fd1-45a1-89ad-5f39f225e33c-main-5"
  },
  "onu_85056605886.json": {},
  "onu_85056605922.json": {
    "69bf6b3a-01bd-4e40-a6e1-94da71019c1c-main-5": "0b1e47c2-f111-42c8-ab95-5bf9a8d86713-main-2"
  },
  "onu_85056794099.json": {},
  "onu_85057560805.json": {
    "69bf6b3a-01bd-4e40-a6e1-94da71019c1c-different-4": "bb2572d0-017a-4510-9d70-32e7ab55c722-different-10",
    "69bf6b3a-01bd-4e40-a6e1-94da71019c1c-new-9": "bb2572d0-017a-4510-9d70-32e7ab55c722-New-1"
  },
  "onu_85057883234.json": {
    "NE-ORGANIZATION-Petrobras": "NE-ORGANIZATION-PETROBRAS",
    "69bf6b3a-01bd-4e40-a6e1-94da71019c1c-different-4": "14e946a7-3108-404c-a068-13eb8cc66620-Different-1",
    "69bf6b3a-01bd-4e40-a6e1-94da71019c1c-turret-5": "14e946a7-3108-404c-a068-13eb8cc66620-naturally-19"
  },
  "onu_85059143234.json": {
    "69bf6b3a-01bd-4e40-a6e1-94da71019c1c-equipped-7": "c547213a-e858-4f59-a98b-991221b44a08-magnetic-11"
  },
  "onu_85059218520.json": {
    "NE-ORGANIZATION-Petrobras": "NE-ORGANIZATION-Petrobras"
  },
  "onu_85059436090.json": {},
  "onu_85060083816.json": {
    "69bf6b3a-01bd-4e40-a6e1-94da71019c1c-different-4": "1dffa5b8-1e2e-4c52-9656-c5c66af49cc3-different-23",
    "69bf6b3a-01bd-4e40-a6e1-94da71019c1c-development-14": "1dffa5b8-1e2e-4c52-9656-c5c66af49cc3-samples-8"
  },
  "onu_85060443361.json": {},
  "onu_85061179665.json": {},
  "onu_85061498967.json": {},
  "onu_85061767810.json": {
    "69bf6b3a-01bd-4e40-a6e1-94da71019c1c-turret-5": "bdad7821-0e2d-46c7-8388-e86e3ce77f6a-faults-11",
    "69bf6b3a-01bd-4e40-a6e1-94da71019c1c-main-5": "bdad7821-0e2d-46c7-8388-e86e3ce77f6a-primary-6"
  },
  "onu_85061823653.json": {
    "69bf6b3a-01bd-4e40-a6e1-94da71019c1c-main-5": "7ea51696-389a-44d4-ba97-778d27509475-several-9"
  },
  "onu_85062013573.json": {
    "69bf6b3a-01bd-4e40-a6e1-94da71019c1c-FPSOs-8": "NE-ORGANIZATION-FPSO"
  },
  "onu_85062607406.json": {},
  "onu_85062717506.json": {
    "69bf6b3a-01bd-4e40-a6e1-94da71019c1c-paper-2": "bcabff6e-52d1-41ef-96da-c7a9bc0a3423-article-2"
  },
  "onu_85063263863.json": {
    "69bf6b3a-01bd-4e40-a6e1-94da71019c1c-different-4": "ab194025-e2bc-497c-a6f0-daf5e0bd615a-different-11"
  },
  "onu_85063689284.json": {
    "69bf6b3a-01bd-4e40-a6e1-94da71019c1c-many-10": "67b5ee09-3e9b-4ee7-8c97-16a32349a345-several-19"
  },
  "onu_85064764902.json": {},
  "onu_85064808857.json": {
    "69bf6b3a-01bd-4e40-a6e1-94da71019c1c-main-5": "4879b8b6-7193-4b71-96e2-28fc820267e0-main-2"
  },
  "onu_85064983703.json": {
    "69bf6b3a-01bd-4e40-a6e1-94da71019c1c-turret-5": "bec7d85d-54cb-44c8-9c29-2e9ea01ad31f-particularly-15",
    "69bf6b3a-01bd-4e40-a6e1-94da71019c1c-main-5": "bec7d85d-54cb-44c8-9c29-2e9ea01ad31f-main-10"
  },
  "onu_85065180012.json": {},
  "onu_85065623080.json": {},
  "onu_85065912337.json": {},
  "onu_85066600751.json": {
    "69bf6b3a-01bd-4e40-a6e1-94da71019c1c-paper-2": "1b3efd75-ecd6-4314-81c9-3d9d5c84453d-paper-2"
  },
  "onu_85066617192.json": {
    "NE-ORGANIZATION-Petrobras": "NE-ORGANIZATION-Petrobras",
    "69bf6b3a-01bd-4e40-a6e1-94da71019c1c-development-11": "09790547-3df0-4ca2-b3ad-f36ed5f66b04-development-5",
    "69bf6b3a-01bd-4e40-a6e1-94da71019c1c-paper-2": "09790547-3df0-4ca2-b3ad-f36ed5f66b04-paper-2"
  },
  "onu_85066623384.json": {
    "NE-ORGANIZATION-Petrobras": "NE-ORGANIZATION-Petrobras",
    "69bf6b3a-01bd-4e40-a6e1-94da71019c1c-development-11": "63257db0-7292-4593-96e1-aae426bbf829-development-5",
    "69bf6b3a-01bd-4e40-a6e1-94da71019c1c-paper-2": "63257db0-7292-4593-96e1-aae426bbf829-paper-2",
    "69bf6b3a-01bd-4e40-a6e1-94da71019c1c-main-5": "63257db0-7292-4593-96e1-aae426bbf829-main-6"
  },
  "onu_85067965170.json": {},
  "onu_85068049608.json": {
    "69bf6b3a-01bd-4e40-a6e1-94da71019c1c-development-11": "198e827a-9847-428e-9646-a76213d2c09d-development-27"
  },
  "onu_85068387773.json": {
    "69bf6b3a-01bd-4e40-a6e1-94da71019c1c-many-10": "a5cffccf-1536-473d-9270-6167576d70ec-several-6"
  },
  "onu_85068453742.json": {},
  "onu_85070554647.json": {},
  "onu_85070704005.json": {
    "69bf6b3a-01bd-4e40-a6e1-94da71019c1c-different-4": "b4a8b90d-7253-4581-99da-486e61291b69-Similar-1",
    "69bf6b3a-01bd-4e40-a6e1-94da71019c1c-main-5": "b4a8b90d-7253-4581-99da-486e61291b69-main-7"
  },
  "onu_85070853924.json": {},
  "onu_85070991202.json": {},
  "onu_85071023764.json": {
    "69bf6b3a-01bd-4e40-a6e1-94da71019c1c-different-4": "4b6be8a5-593e-4815-b72c-34ca1cda4d13-different-18",
    "69bf6b3a-01bd-4e40-a6e1-94da71019c1c-equipped-7": "4b6be8a5-593e-4815-b72c-34ca1cda4d13-sophisticated-4"
  },
  "onu_85071488896.json": {},
  "onu_85071542084.json": {
    "69bf6b3a-01bd-4e40-a6e1-94da71019c1c-different-4": "03bb4e36-65c4-4faa-889c-f08a60c33d08-different-26",
    "69bf6b3a-01bd-4e40-a6e1-94da71019c1c-many-10": "03bb4e36-65c4-4faa-889c-f08a60c33d08-Several-1",
    "69bf6b3a-01bd-4e40-a6e1-94da71019c1c-turret-5": "03bb4e36-65c4-4faa-889c-f08a60c33d08-channels-29",
    "69bf6b3a-01bd-4e40-a6e1-94da71019c1c-main-5": "03bb4e36-65c4-4faa-889c-f08a60c33d08-main-5"
  },
  "onu_85071847548.json": {
    "69bf6b3a-01bd-4e40-a6e1-94da71019c1c-turret-5": "22ebbe07-c4ca-45f2-a073-3b4a9bbb83f6-highly-7",
    "69bf6b3a-01bd-4e40-a6e1-94da71019c1c-actual-6": "22ebbe07-c4ca-45f2-a073-3b4a9bbb83f6-inverted-5"
  },
  "onu_85072725932.json": {
    "69bf6b3a-01bd-4e40-a6e1-94da71019c1c-different-4": "1ab71fc9-c997-4543-9ccf-5bbfb6b3579e-different-13",
    "69bf6b3a-01bd-4e40-a6e1-94da71019c1c-technologies-10": "1ab71fc9-c997-4543-9ccf-5bbfb6b3579e-technologies-31"
  },
  "onu_85072834829.json": {
    "69bf6b3a-01bd-4e40-a6e1-94da71019c1c-equipped-7": "f46f17d1-e7ee-43a7-b27f-8001a220449a-comparable-7"
  },
  "onu_85073705401.json": {},
  "onu_85073706024.json": {
    "NE-ORGANIZATION-Petrobras": "NE-ORGANIZATION-Petrobras",
    "69bf6b3a-01bd-4e40-a6e1-94da71019c1c-main-5": "fad0be37-f5f4-4a0f-bcad-6a82a846f841-main-2"
  },
  "onu_85073935907.json": {},
  "onu_85074489503.json": {
    "69bf6b3a-01bd-4e40-a6e1-94da71019c1c-different-4": "e9b97ebc-e3cf-4546-849d-66298a1876a5-different-11",
    "69bf6b3a-01bd-4e40-a6e1-94da71019c1c-new-9": "e9b97ebc-e3cf-4546-849d-66298a1876a5-new-10"
  },
  "onu_85074632793.json": {
    "69bf6b3a-01bd-4e40-a6e1-94da71019c1c-FPSOs-8": "e96160f9-afe1-4286-9ca9-11f35229455a-FPs-14",
    "69bf6b3a-01bd-4e40-a6e1-94da71019c1c-equipped-7": "e96160f9-afe1-4286-9ca9-11f35229455a-accompanied-16"
  },
  "onu_85074778611.json": {},
  "onu_85075350522.json": {},
  "onu_85075421341.json": {},
  "onu_85075661667.json": {},
  "onu_85075827903.json": {
    "NE-ORGANIZATION-Petrobras": "NE-ORGANIZATION-Petrobras"
  },
  "onu_85075828327.json": {
    "NE-ORGANIZATION-Petrobras": "NE-ORGANIZATION-Petrobras",
    "69bf6b3a-01bd-4e40-a6e1-94da71019c1c-FPSOs-8": "NE-ORGANIZATION-FPSO",
    "69bf6b3a-01bd-4e40-a6e1-94da71019c1c-equipped-7": "76be24f2-9662-45c7-a95c-63c0f1d47d2c-able-31",
    "69bf6b3a-01bd-4e40-a6e1-94da71019c1c-paper-2": "76be24f2-9662-45c7-a95c-63c0f1d47d2c-paper-2"
  },
  "onu_85075831363.json": {
    "69bf6b3a-01bd-4e40-a6e1-94da71019c1c-paper-2": "c6187c05-69fa-4993-ac86-f7154dd67053-paper-2",
    "69bf6b3a-01bd-4e40-a6e1-94da71019c1c-main-5": "c6187c05-69fa-4993-ac86-f7154dd67053-main-15"
  },
  "onu_85075835330.json": {
    "69bf6b3a-01bd-4e40-a6e1-94da71019c1c-Semi-Submersibles-3": "f0f4bf07-c1ed-4d46-a167-48acf173b05d-semi-submersible-7",
    "69bf6b3a-01bd-4e40-a6e1-94da71019c1c-FPSOs-8": "f0f4bf07-c1ed-4d46-a167-48acf173b05d-FPSOs-12",
    "69bf6b3a-01bd-4e40-a6e1-94da71019c1c-main-5": "f0f4bf07-c1ed-4d46-a167-48acf173b05d-main-2",
    "69bf6b3a-01bd-4e40-a6e1-94da71019c1c-actual-6": "f0f4bf07-c1ed-4d46-a167-48acf173b05d-Typical-1"
  },
  "onu_85075843438.json": {
    "69bf6b3a-01bd-4e40-a6e1-94da71019c1c-different-4": "b11303f1-e8e0-4420-9932-569d3ac87ff2-different-5",
    "69bf6b3a-01bd-4e40-a6e1-94da71019c1c-converted-2": "b11303f1-e8e0-4420-9932-569d3ac87ff2-converted-15",
    "69bf6b3a-01bd-4e40-a6e1-94da71019c1c-FPSOs-8": "NE-ORGANIZATION-FPSO",
    "69bf6b3a-01bd-4e40-a6e1-94da71019c1c-paper-2": "b11303f1-e8e0-4420-9932-569d3ac87ff2-paper-2",
    "69bf6b3a-01bd-4e40-a6e1-94da71019c1c-main-5": "b11303f1-e8e0-4420-9932-569d3ac87ff2-main-2"
  },
  "onu_85075879935.json": {},
  "onu_85075941856.json": {},
  "onu_85075951728.json": {
    "69bf6b3a-01bd-4e40-a6e1-94da71019c1c-development-14": "ddb3c75a-c68b-4ad3-8673-4c7520fc72ba-potentially-4"
  },
  "onu_85075997043.json": {},
  "onu_85076246665.json": {
    "NE-ORGANIZATION-Petrobras": "e0b07107-d3d9-440f-ac94-05597132db4b-Petrographic-1",
    "NE-TITLE-host": "NE-TITLE-host"
  },
  "onu_85076560202.json": {
    "69bf6b3a-01bd-4e40-a6e1-94da71019c1c-equipped-7": "53c04a5e-53a6-40d4-b9a2-52a4bd0480d8-coupled-2"
  },
  "onu_85076775401.json": {},
  "onu_85076896265.json": {},
  "onu_85077234208.json": {
    "69bf6b3a-01bd-4e40-a6e1-94da71019c1c-turret-5": "3bce63f2-6438-4309-b24d-2dcad2a582a1-damage-23"
  },
  "onu_85077945350.json": {
    "69bf6b3a-01bd-4e40-a6e1-94da71019c1c-turret-5": "e5183355-b1b6-474b-bef3-dcc000293be4-suggestions-42"
  },
  "onu_85078010553.json": {},
  "onu_85078233209.json": {},
  "onu_85079351203.json": {
    "69bf6b3a-01bd-4e40-a6e1-94da71019c1c-turret-5": "da566f30-68dc-4ed8-990f-a0817cb9497f-vertically-17",
    "69bf6b3a-01bd-4e40-a6e1-94da71019c1c-actual-6": "da566f30-68dc-4ed8-990f-a0817cb9497f-seismic-11"
  },
  "onu_85079784581.json": {
    "69bf6b3a-01bd-4e40-a6e1-94da71019c1c-types-5": "1062b9a2-c1d7-4c95-a533-f3f7c7961c33-17-11-types-12",
    "69bf6b3a-01bd-4e40-a6e1-94da71019c1c-turret-5": "1062b9a2-c1d7-4c95-a533-f3f7c7961c33-presence-17",
    "69bf6b3a-01bd-4e40-a6e1-94da71019c1c-main-5": "1062b9a2-c1d7-4c95-a533-f3f7c7961c33-main-5"
  },
  "onu_85080813467.json": {
    "69bf6b3a-01bd-4e40-a6e1-94da71019c1c-main-5": "9e4dd2b4-cdb0-41c5-ae48-7b455a7cfc9f-main-8"
  },
  "onu_85083240666.json": {
    "69bf6b3a-01bd-4e40-a6e1-94da71019c1c-equipped-7": "980011b1-e588-4f4d-83ab-b8b5f5238ca0-intrinsic-14"
  },
  "onu_85083341760.json": {
    "69bf6b3a-01bd-4e40-a6e1-94da71019c1c-different-4": "9393b61e-5555-44d0-943e-1eb43fe808ac-different-16",
    "69bf6b3a-01bd-4e40-a6e1-94da71019c1c-turret-5": "9393b61e-5555-44d0-943e-1eb43fe808ac-lenses-21"
  },
  "onu_85084024263.json": {},
  "onu_85084454298.json": {},
  "onu_85084634006.json": {
    "69bf6b3a-01bd-4e40-a6e1-94da71019c1c-different-4": "a407c16e-080e-4100-9fc2-914500db52e5-different-17"
  },
  "onu_85084667903.json": {
    "69bf6b3a-01bd-4e40-a6e1-94da71019c1c-different-4": "ced88bac-1112-43b7-819e-42b702c4146b-different-5",
    "69bf6b3a-01bd-4e40-a6e1-94da71019c1c-turret-5": "ced88bac-1112-43b7-819e-42b702c4146b-typically-6"
  },
  "onu_85084945361.json": {
    "69bf6b3a-01bd-4e40-a6e1-94da71019c1c-actual-6": "bb0ac139-3982-432a-8400-729a5c19c126-hydraulic-10"
  },
  "onu_85085054148.json": {},
  "onu_85085298469.json": {
    "69bf6b3a-01bd-4e40-a6e1-94da71019c1c-units-7": "4519eb5f-aa7d-4b0a-9a81-fe0bce2be361-units-21"
  },
  "onu_85085408490.json": {
    "NE-ORGANIZATION-Petrobras": "47bed0cf-53f1-4cbc-8757-a9c45441f91a-PETROBRÁS-1",
    "69bf6b3a-01bd-4e40-a6e1-94da71019c1c-paper-2": "47bed0cf-53f1-4cbc-8757-a9c45441f91a-paper-2"
  },
  "onu_85085473397.json": {
    "69bf6b3a-01bd-4e40-a6e1-94da71019c1c-units-7": "934e19c7-1772-4795-a581-05b674220676-units-19"
  },
  "onu_85085492342.json": {},
  "onu_85085773523.json": {
    "NE-ORGANIZATION-Petrobras": "NE-ORGANIZATION-Petrobras",
    "69bf6b3a-01bd-4e40-a6e1-94da71019c1c-development-11": "ab307ab9-374d-477f-9d96-1a0fda460239-development-22",
    "69bf6b3a-01bd-4e40-a6e1-94da71019c1c-many-10": "ab307ab9-374d-477f-9d96-1a0fda460239-several-11",
    "69bf6b3a-01bd-4e40-a6e1-94da71019c1c-equipped-7": "ab307ab9-374d-477f-9d96-1a0fda460239-characteristic-43",
    "69bf6b3a-01bd-4e40-a6e1-94da71019c1c-actual-6": "ab307ab9-374d-477f-9d96-1a0fda460239-real-10"
  },
  "onu_85085773731.json": {
    "NE-ORGANIZATION-Petrobras": "NE-ORGANIZATION-Petrobras",
    "69bf6b3a-01bd-4e40-a6e1-94da71019c1c-paper-2": "4b172916-f0f5-46a4-9792-7936dc9ba4f9-paper-2"
  },
  "onu_85085773745.json": {
    "69bf6b3a-01bd-4e40-a6e1-94da71019c1c-many-10": "21225434-c8fc-441d-b277-65da424c77e7-Several-1"
  },
  "onu_85085773825.json": {
    "69bf6b3a-01bd-4e40-a6e1-94da71019c1c-turret-5": "e9189042-c2fa-4b5e-a9da-3d50e8f4c891-significantly-4"
  },
  "onu_85085773875.json": {},
  "onu_85085774498.json": {
    "NE-ORGANIZATION-Petrobras": "NE-ORGANIZATION-Petrobras",
    "69bf6b3a-01bd-4e40-a6e1-94da71019c1c-paper-2": "801b16ca-c991-454c-b97a-b358ab8eea75-paper-5",
    "69bf6b3a-01bd-4e40-a6e1-94da71019c1c-actual-6": "801b16ca-c991-454c-b97a-b358ab8eea75-conceptual-10",
    "69bf6b3a-01bd-4e40-a6e1-94da71019c1c-new-9": "801b16ca-c991-454c-b97a-b358ab8eea75-new-5"
  },
  "onu_85085774511.json": {
    "69bf6b3a-01bd-4e40-a6e1-94da71019c1c-different-4": "07bf9801-f530-468c-9921-66afca9b2b91-different-3",
    "69bf6b3a-01bd-4e40-a6e1-94da71019c1c-equipped-7": "07bf9801-f530-468c-9921-66afca9b2b91-allowing-15",
    "69bf6b3a-01bd-4e40-a6e1-94da71019c1c-new-9": "07bf9801-f530-468c-9921-66afca9b2b91-new-10"
  },
  "onu_85085774766.json": {
    "NE-ORGANIZATION-Petrobras": "NE-ORGANIZATION-Petrobras",
    "69bf6b3a-01bd-4e40-a6e1-94da71019c1c-many-10": "5c9d47d5-c3a5-4b99-97b0-f55b0ce24e97-many-6",
    "69bf6b3a-01bd-4e40-a6e1-94da71019c1c-turret-5": "5c9d47d5-c3a5-4b99-97b0-f55b0ce24e97-independently-21"
  },
  "onu_85085775194.json": {
    "NE-ORGANIZATION-Petrobras": "NE-ORGANIZATION-Petrobras",
    "69bf6b3a-01bd-4e40-a6e1-94da71019c1c-development-11": "84e4f7e4-b6c1-4975-bd01-e021f5afdff1-development-27",
    "69bf6b3a-01bd-4e40-a6e1-94da71019c1c-converted-2": "84e4f7e4-b6c1-4975-bd01-e021f5afdff1-modified-2",
    "69bf6b3a-01bd-4e40-a6e1-94da71019c1c-turret-5": "84e4f7e4-b6c1-4975-bd01-e021f5afdff1-phase-7",
    "69bf6b3a-01bd-4e40-a6e1-94da71019c1c-paper-2": "84e4f7e4-b6c1-4975-bd01-e021f5afdff1-paper-2"
  },
  "onu_85085775396.json": {},
  "onu_85085775562.json": {
    "69bf6b3a-01bd-4e40-a6e1-94da71019c1c-converted-2": "5e83a3a6-8e89-4b18-8ff5-f69454f22032-adjusting-14",
    "69bf6b3a-01bd-4e40-a6e1-94da71019c1c-equipped-7": "5e83a3a6-8e89-4b18-8ff5-f69454f22032-adjusting-14"
  },
  "onu_85085775753.json": {},
  "onu_85085775962.json": {
    "69bf6b3a-01bd-4e40-a6e1-94da71019c1c-equipped-7": "be473474-e9c1-4908-947b-6970a8bfa756-special-6",
    "69bf6b3a-01bd-4e40-a6e1-94da71019c1c-paper-2": "be473474-e9c1-4908-947b-6970a8bfa756-paper-2"
  },
  "onu_85085776151.json": {
    "NE-ORGANIZATION-Petrobras": "NE-ORGANIZATION-PETROBRAS"
  },
  "onu_85085776159.json": {
    "NE-ORGANIZATION-Petrobras": "NE-ORGANIZATION-Petrobras",
    "69bf6b3a-01bd-4e40-a6e1-94da71019c1c-many-10": "68be5ebe-fea0-40de-b540-0c2b01b2e926-several-47",
    "69bf6b3a-01bd-4e40-a6e1-94da71019c1c-FPSOs-8": "NE-ORGANIZATION-FPSO"
  },
  "onu_85085776356.json": {
    "NE-ORGANIZATION-Petrobras": "NE-ORGANIZATION-Petrobras",
    "69bf6b3a-01bd-4e40-a6e1-94da71019c1c-main-5": "2a540db1-9714-4a1f-b95b-65922ff9ef32-main-10"
  },
  "onu_85085776372.json": {
    "69bf6b3a-01bd-4e40-a6e1-94da71019c1c-different-4": "c59dc365-dd43-4a22-8bcc-877027142262-different-10",
    "69bf6b3a-01bd-4e40-a6e1-94da71019c1c-turret-5": "c59dc365-dd43-4a22-8bcc-877027142262-processes-16",
    "69bf6b3a-01bd-4e40-a6e1-94da71019c1c-wells-33": "c59dc365-dd43-4a22-8bcc-877027142262-wells-12"
  },
  "onu_85085776540.json": {
    "69bf6b3a-01bd-4e40-a6e1-94da71019c1c-equipped-7": "544389f0-af01-489c-a71e-5e23542d32c5-expressive-9"
  },
  "onu_85085776958.json": {
    "69bf6b3a-01bd-4e40-a6e1-94da71019c1c-Semi-Submersibles-3": "6dbb2a6b-d66e-49c3-a7f3-450475d69123-electrical-28-submersible-29-pump-30"
  },
  "onu_85085777009.json": {
    "NE-ORGANIZATION-Petrobras": "NE-ORGANIZATION-Petrobras"
  },
  "onu_85085777884.json": {},
  "onu_85085778037.json": {
    "NE-ORGANIZATION-Petrobras": "NE-ORGANIZATION-Petrobras"
  },
  "onu_85085778412.json": {
    "69bf6b3a-01bd-4e40-a6e1-94da71019c1c-turret-5": "4fb375aa-30f3-49a6-9346-70a70e51f8b9-reasons-20",
    "69bf6b3a-01bd-4e40-a6e1-94da71019c1c-paper-2": "4fb375aa-30f3-49a6-9346-70a70e51f8b9-paper-2"
  },
  "onu_85085778651.json": {
    "69bf6b3a-01bd-4e40-a6e1-94da71019c1c-different-4": "42684b28-71f8-41aa-ada5-b427f3c87f94-Various-1",
    "69bf6b3a-01bd-4e40-a6e1-94da71019c1c-many-10": "42684b28-71f8-41aa-ada5-b427f3c87f94-Various-1",
    "69bf6b3a-01bd-4e40-a6e1-94da71019c1c-equipped-7": "42684b28-71f8-41aa-ada5-b427f3c87f94-capable-13"
  },
  "onu_85085778850.json": {},
  "onu_85085778895.json": {
    "NE-ORGANIZATION-Petrobras": "NE-ORGANIZATION-Petrobras",
    "69bf6b3a-01bd-4e40-a6e1-94da71019c1c-paper-2": "b7a10045-d4c2-447e-907a-820163ea176a-paper-2",
    "69bf6b3a-01bd-4e40-a6e1-94da71019c1c-main-5": "b7a10045-d4c2-447e-907a-820163ea176a-main-8",
    "69bf6b3a-01bd-4e40-a6e1-94da71019c1c-new-9": "b7a10045-d4c2-447e-907a-820163ea176a-new-16"
  },
  "onu_85085779136.json": {
    "NE-ORGANIZATION-Petrobras": "NE-ORGANIZATION-Petrobras"
  },
  "onu_85085779144.json": {},
  "onu_85085780309.json": {
    "69bf6b3a-01bd-4e40-a6e1-94da71019c1c-units-7": "82bdebe1-55d4-4873-9e12-d1e0510312d7-units-12",
    "69bf6b3a-01bd-4e40-a6e1-94da71019c1c-FPSOs-8": "NE-ORGANIZATION-FPSO"
  },
  "onu_85085850094.json": {
    "NE-ORGANIZATION-Petrobras": "NE-ORGANIZATION-Petrobras"
  },
  "onu_85086232639.json": {},
  "onu_85086245971.json": {
    "69bf6b3a-01bd-4e40-a6e1-94da71019c1c-types-5": "5b314478-44cb-4cb9-a631-b9e343125cc4-levels-6",
    "69bf6b3a-01bd-4e40-a6e1-94da71019c1c-different-4": "5b314478-44cb-4cb9-a631-b9e343125cc4-different-5",
    "69bf6b3a-01bd-4e40-a6e1-94da71019c1c-turret-5": "5b314478-44cb-4cb9-a631-b9e343125cc4-highly-7"
  },
  "onu_85086248840.json": {
    "NE-ORGANIZATION-Petrobras": "NE-ORGANIZATION-Petrobras",
    "69bf6b3a-01bd-4e40-a6e1-94da71019c1c-Semi-Submersibles-3": "9634cff3-f7bf-4dd4-9bdd-d4ce051d15e4-Semi-Submersible-9",
    "69bf6b3a-01bd-4e40-a6e1-94da71019c1c-FPSOs-8": "9634cff3-f7bf-4dd4-9bdd-d4ce051d15e4-FPSOs-6",
    "69bf6b3a-01bd-4e40-a6e1-94da71019c1c-paper-2": "9634cff3-f7bf-4dd4-9bdd-d4ce051d15e4-paper-2"
  },
  "onu_85086257600.json": {
    "69bf6b3a-01bd-4e40-a6e1-94da71019c1c-different-4": "0d3a24cc-8410-46ec-8f90-b83b91c14d4f-Different-1",
    "69bf6b3a-01bd-4e40-a6e1-94da71019c1c-turret-5": "0d3a24cc-8410-46ec-8f90-b83b91c14d4f-correctly-9",
    "69bf6b3a-01bd-4e40-a6e1-94da71019c1c-equipped-7": "0d3a24cc-8410-46ec-8f90-b83b91c14d4f-attractive-17"
  },
  "onu_85086355916.json": {
    "69bf6b3a-01bd-4e40-a6e1-94da71019c1c-turret-5": "6a84737e-7f50-43ba-b607-a9cc1e4dcfab-probably-13"
  },
  "onu_85086628030.json": {
    "69bf6b3a-01bd-4e40-a6e1-94da71019c1c-different-4": "a73dc049-c132-4e65-b2aa-4a929784f44d-different-18"
  },
  "onu_85086649140.json": {
    "69bf6b3a-01bd-4e40-a6e1-94da71019c1c-equipped-7": "c9f847a3-c49c-4b1b-a35a-2782aa506380-integrated-2"
  },
  "onu_85086667338.json": {
    "69bf6b3a-01bd-4e40-a6e1-94da71019c1c-units-7": "c26fa3b4-e85d-44f5-a212-fecb246d8968-units-45",
    "69bf6b3a-01bd-4e40-a6e1-94da71019c1c-wells-33": "c26fa3b4-e85d-44f5-a212-fecb246d8968-wells-48"
  },
  "onu_85086808985.json": {
    "69bf6b3a-01bd-4e40-a6e1-94da71019c1c-turret-5": "bf917e90-7343-4ac5-9605-4309e100073a-progressively-27"
  },
  "onu_85086809805.json": {
    "NE-ORGANIZATION-Petrobras": "NE-ORGANIZATION-Petrobras",
    "69bf6b3a-01bd-4e40-a6e1-94da71019c1c-different-4": "6af17be2-6207-49d6-b833-4d7a7d7f3202-different-20",
    "69bf6b3a-01bd-4e40-a6e1-94da71019c1c-FPSOs-8": "6af17be2-6207-49d6-b833-4d7a7d7f3202-FPSOs-11",
    "69bf6b3a-01bd-4e40-a6e1-94da71019c1c-paper-2": "6af17be2-6207-49d6-b833-4d7a7d7f3202-paper-2"
  },
  "onu_85086829622.json": {
    "69bf6b3a-01bd-4e40-a6e1-94da71019c1c-main-5": "b4397664-2f84-441a-a57c-f2048b42eb8c-main-10"
  },
  "onu_85086929987.json": {},
  "onu_85087227840.json": {},
  "onu_85087228205.json": {
    "69bf6b3a-01bd-4e40-a6e1-94da71019c1c-FPSOs-8": "NE-ORGANIZATION-FPSO",
    "69bf6b3a-01bd-4e40-a6e1-94da71019c1c-paper-2": "fb7e8c11-5740-4da0-9139-e7047dada05c-paper-2"
  },
  "onu_85087345946.json": {}
}