{
  "onu_10228776.json": {
    "5988fd69-592d-47e1-9aa6-df9d282706cb-about-5-200,000-6-bpd-7": "8ccf6711-4359-43f1-af56-bff91be221df-about-7-200,000-8-km-9-2-10",
    "NE-COUNTRY-Brazil": "NE-COUNTRY-Brazil"
  },
  "onu_11244281653.json": {
    "NE-ORGANIZATION-Petrobras": "NE-ORGANIZATION-Petrobras",
    "5988fd69-592d-47e1-9aa6-df9d282706cb-output-21": "573197e7-feeb-4bf7-8fc7-347e79223db7-equally-6",
    "5988fd69-592d-47e1-9aa6-df9d282706cb-more-17": "573197e7-feeb-4bf7-8fc7-347e79223db7-more-16",
    "5988fd69-592d-47e1-9aa6-df9d282706cb-impact-4": "573197e7-feeb-4bf7-8fc7-347e79223db7-effect-7"
  },
  "onu_14467639.json": {
    "5988fd69-592d-47e1-9aa6-df9d282706cb-about-5-200,000-6-bpd-7": "04fb19eb-27a3-4c60-b8e1-453f11d0e96b-39,000-59-bpd-60",
    "5988fd69-592d-47e1-9aa6-df9d282706cb-average-22": "04fb19eb-27a3-4c60-b8e1-453f11d0e96b-average-54",
    "NE-ORGANIZATION-Petrobras": "NE-ORGANIZATION-Petrobras",
    "5988fd69-592d-47e1-9aa6-df9d282706cb-173-10-million-11-bbl-12": "04fb19eb-27a3-4c60-b8e1-453f11d0e96b-800-79-million-80-bbl-81",
    "5988fd69-592d-47e1-9aa6-df9d282706cb-offshore-13": "04fb19eb-27a3-4c60-b8e1-453f11d0e96b-offshore-14",
    "NE-COUNTRY-Brazil": "NE-COUNTRY-Brazil"
  },
  "onu_14928592.json": {},
  "onu_1642522078.json": {
    "NE-COUNTRY-Brazil": "NE-COUNTRY-Brazil"
  },
  "onu_16964104.json": {
    "NE-ORGANIZATION-Petrobras": "NE-ORGANIZATION-Petrobras",
    "NE-COUNTRY-Brazil": "NE-COUNTRY-Brazil"
  },
  "onu_17044389842.json": {
    "NE-ORGANIZATION-Petrobras": "NE-ORGANIZATION-Petrobras",
    "5988fd69-592d-47e1-9aa6-df9d282706cb-average-22": "edebe37a-5fca-4c5b-ba53-d854c5cdba5f-northeastern-11",
    "5988fd69-592d-47e1-9aa6-df9d282706cb-1.76-23-million-24-bpd-25": "edebe37a-5fca-4c5b-ba53-d854c5cdba5f-4.5-12-million-13-cu-14-m-15"
  },
  "onu_17144436283.json": {
    "NE-ORGANIZATION-Petrobras": "NE-ORGANIZATION-Petrobras"
  },
  "onu_17344364742.json": {
    "5988fd69-592d-47e1-9aa6-df9d282706cb-1.76-23-million-24-bpd-25": "9904aa2e-63e4-415c-ba81-2791b35da710-1.9-17-million-18-bpd-19",
    "NE-DATE-2003": "NE-DATE-2003",
    "NE-ORGANIZATION-Petrobras": "NE-ORGANIZATION-Petrobras",
    "5988fd69-592d-47e1-9aa6-df9d282706cb-about-5-200,000-6-bpd-7": "9904aa2e-63e4-415c-ba81-2791b35da710-200,000-11-bpd-12",
    "NE-MONEY-$10": "NE-MONEY-$47-million",
    "5988fd69-592d-47e1-9aa6-df9d282706cb-173-10-million-11-bbl-12": "9904aa2e-63e4-415c-ba81-2791b35da710-additional-4-290-5-million-6-bbl-7",
    "NE-DATE-2004": "NE-DATE-2004",
    "5988fd69-592d-47e1-9aa6-df9d282706cb-fields-14": "9904aa2e-63e4-415c-ba81-2791b35da710-fields-17",
    "5988fd69-592d-47e1-9aa6-df9d282706cb-company-6": "9904aa2e-63e4-415c-ba81-2791b35da710-company-2",
    "5988fd69-592d-47e1-9aa6-df9d282706cb-products-3": "9904aa2e-63e4-415c-ba81-2791b35da710-imports-12",
    "5988fd69-592d-47e1-9aa6-df9d282706cb-imported-2": "9904aa2e-63e4-415c-ba81-2791b35da710-imported-16",
    "NE-COUNTRY-Brazil": "NE-COUNTRY-Brazil"
  },
  "onu_1842589247.json": {
    "NE-ORGANIZATION-Petrobras": "NE-ORGANIZATION-Petrobras",
    "5988fd69-592d-47e1-9aa6-df9d282706cb-1.76-23-million-24-bpd-25": "86ce1fc3-c8bf-4c6a-a95c-3d6327b9cd9e-40.8-5-million-6-cu-7-m-8",
    "NE-PERCENT-3.5%": "NE-PERCENT-1.9%",
    "5988fd69-592d-47e1-9aa6-df9d282706cb-crude-9": "86ce1fc3-c8bf-4c6a-a95c-3d6327b9cd9e-crude-2",
    "5988fd69-592d-47e1-9aa6-df9d282706cb-imported-2": "86ce1fc3-c8bf-4c6a-a95c-3d6327b9cd9e-Domestic-1",
    "5988fd69-592d-47e1-9aa6-df9d282706cb-average-22": "86ce1fc3-c8bf-4c6a-a95c-3d6327b9cd9e-less-13",
    "5988fd69-592d-47e1-9aa6-df9d282706cb-about-5-200,000-6-bpd-7": "86ce1fc3-c8bf-4c6a-a95c-3d6327b9cd9e-165,000-6-bpd-7"
  },
  "onu_18944382016.json": {},
  "onu_19586421.json": {
    "NE-ORGANIZATION-Petrobras": "NE-ORGANIZATION-Petrobras",
    "5988fd69-592d-47e1-9aa6-df9d282706cb-remaining-10": "c2834789-0a59-4f09-86f9-adf81755e9d3-remaining-22"
  },
  "onu_20736039.json": {},
  "onu_21575939.json": {},
  "onu_2342418572.json": {
    "5988fd69-592d-47e1-9aa6-df9d282706cb-discussion-2": "dbc773c9-4c74-40cf-bad8-8cad13ba1be9-discussion-2",
    "NE-COUNTRY-Brazil": "NE-COUNTRY-Brazil"
  },
  "onu_2342623297.json": {
    "5988fd69-592d-47e1-9aa6-df9d282706cb-discussion-2": "f25f6215-5192-4162-b2e7-5bee2a7f90d8-discussion-2",
    "NE-ORGANIZATION-Petrobras": "f25f6215-5192-4162-b2e7-5bee2a7f90d8-Petróbras-1",
    "5988fd69-592d-47e1-9aa6-df9d282706cb-1.76-23-million-24-bpd-25": "f25f6215-5192-4162-b2e7-5bee2a7f90d8-11,000-6-million-7-boe-8",
    "NE-COUNTRY-Brazil": "NE-COUNTRY-Brazil"
  },
  "onu_23699043.json": {},
  "onu_23844461981.json": {
    "NE-ORGANIZATION-Petrobras": "NE-ORGANIZATION-Petrobras",
    "5988fd69-592d-47e1-9aa6-df9d282706cb-about-5-200,000-6-bpd-7": "738463bf-612b-462d-abc4-dde0497711de-100,000-8-bpd-9",
    "5988fd69-592d-47e1-9aa6-df9d282706cb-crude-14": "738463bf-612b-462d-abc4-dde0497711de-gas-21",
    "NE-DURATION-3-yr": "NE-DURATION-8-yr"
  },
  "onu_24044508291.json": {
    "5988fd69-592d-47e1-9aa6-df9d282706cb-discussion-2": "172d53b1-9917-4393-8895-7e062ea5429d-discussion-2",
    "NE-ORGANIZATION-Petrobras": "NE-ORGANIZATION-Petrobras",
    "NE-MONEY-$10": "NE-MONEY-$900-million",
    "5988fd69-592d-47e1-9aa6-df9d282706cb-about-5-200,000-6-bpd-7": "172d53b1-9917-4393-8895-7e062ea5429d-30,000-8-bpd-9",
    "5988fd69-592d-47e1-9aa6-df9d282706cb-average-22": "172d53b1-9917-4393-8895-7e062ea5429d-crude-11",
    "5988fd69-592d-47e1-9aa6-df9d282706cb-1.76-23-million-24-bpd-25": "172d53b1-9917-4393-8895-7e062ea5429d-3.6-15-million-16-cu-17-m-18",
    "5988fd69-592d-47e1-9aa6-df9d282706cb-crude-14": "172d53b1-9917-4393-8895-7e062ea5429d-oil-12",
    "NE-PERCENT-3.5%": "NE-PERCENT-25%",
    "5988fd69-592d-47e1-9aa6-df9d282706cb-company-6": "172d53b1-9917-4393-8895-7e062ea5429d-company-2",
    "NE-COUNTRY-Brazil": "NE-COUNTRY-Brazil"
  },
  "onu_24050293.json": {
    "NE-ORGANIZATION-Petrobras": "NE-ORGANIZATION-Petrobras",
    "NE-COUNTRY-Brazil": "NE-COUNTRY-Brazil"
  },
  "onu_242694501.json": {},
  "onu_24662461.json": {},
  "onu_24769642.json": {
    "NE-ORGANIZATION-Petrobras": "NE-ORGANIZATION-Petrobras",
    "NE-COUNTRY-Brazil": "NE-COUNTRY-Brazil"
  },
  "onu_24867907.json": {
    "5988fd69-592d-47e1-9aa6-df9d282706cb-offshore-13": "8164277f-ad39-46b3-a9d9-da61416c08af-offshore-13"
  },
  "onu_25054779.json": {},
  "onu_25144481375.json": {
    "5988fd69-592d-47e1-9aa6-df9d282706cb-end-36": "585f4243-2b9e-4ec6-aef4-0fe54aaaa4ba-end-3"
  },
  "onu_25444510078.json": {
    "NE-ORGANIZATION-Petrobras": "adad3cf5-16ae-4cec-b91d-60c5da9121ac-Petrobras-18-project-19",
    "5988fd69-592d-47e1-9aa6-df9d282706cb-discussion-2": "adad3cf5-16ae-4cec-b91d-60c5da9121ac-discussion-2",
    "5988fd69-592d-47e1-9aa6-df9d282706cb-impact-4": "adad3cf5-16ae-4cec-b91d-60c5da9121ac-influence-6"
  },
  "onu_26244445255.json": {
    "NE-ORGANIZATION-Petrobras": "NE-ORGANIZATION-Petrobras",
    "5988fd69-592d-47e1-9aa6-df9d282706cb-1.76-23-million-24-bpd-25": "56ff964f-2871-425b-84b1-fb6ad329d9e9-3.6-18-million-19-cu-20-m-21",
    "5988fd69-592d-47e1-9aa6-df9d282706cb-about-5-200,000-6-bpd-7": "56ff964f-2871-425b-84b1-fb6ad329d9e9-30,000-5-bpd-6",
    "NE-COUNTRY-Brazil": "NE-COUNTRY-Brazil"
  },
  "onu_26850121.json": {},
  "onu_27744595461.json": {
    "5988fd69-592d-47e1-9aa6-df9d282706cb-about-14": "aaaef65d-ece5-45c4-84f7-99c65719921a-about-11",
    "NE-ORGANIZATION-Petrobras": "NE-ORGANIZATION-PETROBRAS"
  },
  "onu_30311937.json": {
    "NE-ORGANIZATION-Petrobras": "NE-ORGANIZATION-Petrobras"
  },
  "onu_30706349.json": {
    "5988fd69-592d-47e1-9aa6-df9d282706cb-very-28": "c2c1112b-eb03-4a92-92fa-46cb7e40b8cc-very-15",
    "NE-ORGANIZATION-Petrobras": "NE-ORGANIZATION-PETROBRAS"
  },
  "onu_31206995.json": {
    "NE-ORGANIZATION-Petrobras": "NE-ORGANIZATION-Petrobras"
  },
  "onu_31375269.json": {},
  "onu_33293728.json": {},
  "onu_33295123.json": {
    "NE-ORGANIZATION-Petrobras": "NE-ORGANIZATION-PETROBRAS",
    "5988fd69-592d-47e1-9aa6-df9d282706cb-very-28": "0197b3f7-4b35-4e53-9441-4ec6cc6ce4f9-very-6",
    "NE-COUNTRY-Brazil": "NE-COUNTRY-Brazil"
  },
  "onu_33295407.json": {
    "NE-ORGANIZATION-Petrobras": "NE-ORGANIZATION-Petrobras"
  },
  "onu_33644613229.json": {
    "NE-ORGANIZATION-Petrobras": "NE-ORGANIZATION-Petrobras",
    "NE-COUNTRY-Brazil": "NE-COUNTRY-Brazil"
  },
  "onu_33645422493.json": {
    "NE-ORGANIZATION-Petrobras": "NE-ORGANIZATION-Petrobras",
    "5988fd69-592d-47e1-9aa6-df9d282706cb-crude-14": "f8ba7747-a203-4391-9a8f-d06b3caf167c-crude-21"
  },
  "onu_33646023976.json": {
    "NE-ORGANIZATION-Petrobras": "NE-ORGANIZATION-Petrobras"
  },
  "onu_33646035823.json": {
    "NE-ORGANIZATION-Petrobras": "NE-ORGANIZATION-PETROBRAS",
    "5988fd69-592d-47e1-9aa6-df9d282706cb-about-5-200,000-6-bpd-7": "fdf24c0d-8db3-43be-b74d-b05c1bdf85a5-1,300-15-m3-16"
  },
  "onu_33646043488.json": {
    "5988fd69-592d-47e1-9aa6-df9d282706cb-remaining-10": "39c4c261-18a8-4b03-aca4-45d607c671ce-remaining-39"
  },
  "onu_33646056106.json": {
    "NE-ORGANIZATION-Petrobras": "NE-ORGANIZATION-PETROBRAS"
  },
  "onu_33646056405.json": {
    "NE-ORGANIZATION-Petrobras": "NE-ORGANIZATION-Petrobras"
  },
  "onu_33646073069.json": {
    "NE-ORGANIZATION-Petrobras": "NE-ORGANIZATION-PETROBRAS",
    "5988fd69-592d-47e1-9aa6-df9d282706cb-crude-14": "c34753c7-bece-49e6-8cfe-9e17f85cdefc-oil-34"
  },
  "onu_33646452775.json": {
    "NE-COUNTRY-Brazil": "NE-COUNTRY-Brazil",
    "5988fd69-592d-47e1-9aa6-df9d282706cb-should-26-self-31-sufficiency-33": "3e889ffb-ffea-4a6d-ada5-81e76867be02-oil-8-self-9-sufficiency-11",
    "NE-ORGANIZATION-Petrobras": "NE-ORGANIZATION-Petrobras",
    "5988fd69-592d-47e1-9aa6-df9d282706cb-they-23": "3e889ffb-ffea-4a6d-ada5-81e76867be02-They-1"
  },
  "onu_33745228406.json": {
    "NE-ORGANIZATION-Petrobras": "NE-ORGANIZATION-Petrobras",
    "NE-COUNTRY-Brazil": "NE-COUNTRY-Brazil"
  },
  "onu_33745354316.json": {
    "NE-ORGANIZATION-Petrobras": "NE-ORGANIZATION-PETROBRAS",
    "5988fd69-592d-47e1-9aa6-df9d282706cb-very-28": "f284c30b-4d86-45b4-b48d-6a65d84ee416-almost-12"
  },
  "onu_33745713604.json": {
    "NE-ORGANIZATION-Petrobras": "NE-ORGANIZATION-Petrobras",
    "5988fd69-592d-47e1-9aa6-df9d282706cb-about-5-200,000-6-bpd-7": "ce8af812-48d1-4148-a2b4-62388fc22f37-217,150-5-bpd-6"
  },
  "onu_33746039693.json": {
    "NE-ORGANIZATION-Petrobras": "NE-ORGANIZATION-Petrobras"
  },
  "onu_33748460104.json": {
    "NE-ORGANIZATION-Petrobras": "NE-ORGANIZATION-Petrobras",
    "NE-COUNTRY-Brazil": "NE-COUNTRY-Brazil"
  },
  "onu_33749265496.json": {
    "NE-ORGANIZATION-Petrobras": "NE-ORGANIZATION-Petrobras"
  },
  "onu_33751312200.json": {
    "NE-ORGANIZATION-Petrobras": "NE-ORGANIZATION-PETROBRAS"
  },
  "onu_33751315219.json": {
    "NE-ORGANIZATION-Petrobras": "NE-ORGANIZATION-PETROBRAS",
    "5988fd69-592d-47e1-9aa6-df9d282706cb-output-21": "0709a62c-a215-4068-a74c-360cc8510fa9-vortex-15"
  },
  "onu_34250708084.json": {
    "NE-ORGANIZATION-Petrobras": "NE-ORGANIZATION-Petrobras"
  },
  "onu_344309110.json": {
    "NE-ORGANIZATION-Petrobras": "NE-ORGANIZATION-Petrobras"
  },
  "onu_344741441.json": {
    "NE-ORGANIZATION-Petrobras": "NE-ORGANIZATION-Petrobras"
  },
  "onu_345171568.json": {
    "NE-ORGANIZATION-Petrobras": "NE-ORGANIZATION-Petrobras"
  },
  "onu_34531605.json": {
    "NE-ORGANIZATION-Petrobras": "NE-ORGANIZATION-Petrobras",
    "5988fd69-592d-47e1-9aa6-df9d282706cb-output-21": "0f4e8dae-921f-4f9e-8d26-552e9ebde1e1-equally-7"
  },
  "onu_34547893063.json": {
    "NE-ORGANIZATION-Petrobras": "NE-ORGANIZATION-Petrobras",
    "5988fd69-592d-47e1-9aa6-df9d282706cb-output-21": "be5ea7f2-eaf1-4194-82d5-01264cdce152-continuously-5"
  },
  "onu_345603133.json": {
    "NE-COUNTRY-Brazil": "NE-COUNTRY-Brazil"
  },
  "onu_345603650.json": {
    "NE-ORGANIZATION-Petrobras": "NE-ORGANIZATION-PETROBRAS"
  },
  "onu_34686357.json": {
    "NE-ORGANIZATION-Petrobras": "NE-ORGANIZATION-Petrobras",
    "NE-COUNTRY-Brazil": "NE-COUNTRY-Brazil"
  },
  "onu_34984147.json": {
    "NE-ORGANIZATION-Petrobras": "NE-ORGANIZATION-Petrobras"
  },
  "onu_35573581.json": {
    "NE-ORGANIZATION-Petrobras": "NE-ORGANIZATION-PETROBRAS"
  },
  "onu_36768397.json": {
    "NE-ORGANIZATION-Petrobras": "NE-ORGANIZATION-Petrobras",
    "5988fd69-592d-47e1-9aa6-df9d282706cb-prospect-3-of-4-about-5-200,000-6-bpd-7-of-8-crude-9-oil-10-productions-11-from-12-offshore-13-fields-14-operated-15": "20e46fa4-f273-41b1-ba72-0f62ac329290-least-18-estimated-20-recoverable-21-0.6-22-billion-23-bbl-24-of-25-heavy-26-oil-27",
    "5988fd69-592d-47e1-9aa6-df9d282706cb-1.76-23-million-24-bpd-25": "20e46fa4-f273-41b1-ba72-0f62ac329290-0.6-22-billion-23-bbl-24",
    "5988fd69-592d-47e1-9aa6-df9d282706cb-173-10-million-11-bbl-12": "20e46fa4-f273-41b1-ba72-0f62ac329290-3-9-billion-10-bbl-11"
  },
  "onu_37304895.json": {
    "NE-ORGANIZATION-Petrobras": "NE-ORGANIZATION-Petrobras",
    "5988fd69-592d-47e1-9aa6-df9d282706cb-fields-14": "6bacd7ac-6903-41a6-a534-aa3361728c0d-fields-45",
    "NE-COUNTRY-Brazil": "NE-COUNTRY-Brazil"
  },
  "onu_40349089123.json": {
    "NE-ORGANIZATION-Petrobras": "NE-ORGANIZATION-PETROBRAS",
    "5988fd69-592d-47e1-9aa6-df9d282706cb-173-10-million-11-bbl-12": "50180d4d-99ad-4416-b364-8467ab844fae-600,000-9-bbl-10"
  },
  "onu_4043182709.json": {
    "NE-ORGANIZATION-Petrobras": "NE-ORGANIZATION-Petrobras",
    "5988fd69-592d-47e1-9aa6-df9d282706cb-about-5-200,000-6-bpd-7": "6c2893f1-9107-4672-832c-d8ec06508db6-20,000-8-25,000-10-bpd-11",
    "5988fd69-592d-47e1-9aa6-df9d282706cb-1.76-23-million-24-bpd-25": "6c2893f1-9107-4672-832c-d8ec06508db6-1.2-8-million-9-bpd-10",
    "NE-DATE-2003": "NE-DATE-2003",
    "5988fd69-592d-47e1-9aa6-df9d282706cb-crude-14": "6c2893f1-9107-4672-832c-d8ec06508db6-oil-12"
  },
  "onu_41849140524.json": {
    "5988fd69-592d-47e1-9aa6-df9d282706cb-year-6": "d5ee487c-3b46-46fc-a521-837aed5b9969-year-17",
    "NE-COUNTRY-Brazil": "NE-COUNTRY-Brazil"
  },
  "onu_47849110025.json": {
    "NE-ORGANIZATION-Petrobras": "NE-ORGANIZATION-Petrobras",
    "5988fd69-592d-47e1-9aa6-df9d282706cb-company-6": "e25e3ae6-98b4-4157-aebf-c9eed09a289f-company-13",
    "5988fd69-592d-47e1-9aa6-df9d282706cb-173-10-million-11-bbl-12": "e25e3ae6-98b4-4157-aebf-c9eed09a289f-12-23-30-25-billion-26-boe-27",
    "5988fd69-592d-47e1-9aa6-df9d282706cb-crude-14": "e25e3ae6-98b4-4157-aebf-c9eed09a289f-crude-17"
  },
  "onu_50249174640.json": {
    "NE-ORGANIZATION-Petrobras": "NE-ORGANIZATION-Petrobras",
    "NE-DATE-2005": "NE-DATE-2006",
    "5988fd69-592d-47e1-9aa6-df9d282706cb-prospect-3-of-4-about-5-200,000-6-bpd-7-of-8-crude-9-oil-10-productions-11-from-12-offshore-13-fields-14-operated-15": "8fde804f-0525-4f0e-8503-d2317096c0a8-deep-18-waters-19-of-20-about-21-50,000-22-million-23-bbl-24",
    "5988fd69-592d-47e1-9aa6-df9d282706cb-1.76-23-million-24-bpd-25": "8fde804f-0525-4f0e-8503-d2317096c0a8-75,000-5-million-6-bpd-7",
    "5988fd69-592d-47e1-9aa6-df9d282706cb-demand-16": "8fde804f-0525-4f0e-8503-d2317096c0a8-demand-7",
    "5988fd69-592d-47e1-9aa6-df9d282706cb-average-22": "8fde804f-0525-4f0e-8503-d2317096c0a8-crude-9",
    "5988fd69-592d-47e1-9aa6-df9d282706cb-173-10-million-11-bbl-12": "8fde804f-0525-4f0e-8503-d2317096c0a8-60,000-8-million-9-bbl-10",
    "5988fd69-592d-47e1-9aa6-df9d282706cb-crude-14": "8fde804f-0525-4f0e-8503-d2317096c0a8-petroleum-12",
    "NE-COUNTRY-Brazil": "NE-COUNTRY-Brazil"
  },
  "onu_50249181836.json": {
    "NE-ORGANIZATION-Petrobras": "NE-ORGANIZATION-Petrobras",
    "5988fd69-592d-47e1-9aa6-df9d282706cb-crude-9": "cfd50fe9-a146-48f2-a71e-97b5100717b7-crude-26",
    "5988fd69-592d-47e1-9aa6-df9d282706cb-about-5-200,000-6-bpd-7": "cfd50fe9-a146-48f2-a71e-97b5100717b7-300,000-22-bbl-23",
    "NE-DURATION-3-yr": "NE-DURATION-yr",
    "5988fd69-592d-47e1-9aa6-df9d282706cb-173-10-million-11-bbl-12": "cfd50fe9-a146-48f2-a71e-97b5100717b7-about-11-2-12-million-13-bbl-14",
    "NE-COUNTRY-Brazil": "NE-COUNTRY-Brazil"
  },
  "onu_51649098845.json": {
    "5988fd69-592d-47e1-9aa6-df9d282706cb-impact-4": "c91d7476-abfd-4667-90fd-c69e0100550c-impacts-35"
  },
  "onu_52049093008.json": {
    "NE-ORGANIZATION-Petrobras": "NE-ORGANIZATION-Petrobras"
  },
  "onu_52249116622.json": {
    "NE-ORGANIZATION-Petrobras": "NE-ORGANIZATION-Petrobras",
    "NE-PERCENT-3.5%": "NE-PERCENT-10.46%",
    "NE-DURATION-3-yr": "NE-DURATION-yr",
    "NE-COUNTRY-Brazil": "NE-COUNTRY-Brazil"
  },
  "onu_52349109473.json": {
    "NE-ORGANIZATION-Petrobras": "NE-ORGANIZATION-Petrobras",
    "NE-COUNTRY-Brazil": "NE-COUNTRY-Brazil"
  },
  "onu_52849106027.json": {
    "NE-COUNTRY-Brazil": "NE-COUNTRY-Brazil"
  },
  "onu_57649139087.json": {
    "NE-COUNTRY-Brazil": "NE-COUNTRY-Brazil",
    "NE-ORGANIZATION-Petrobras": "NE-ORGANIZATION-Petrobras"
  },
  "onu_58849128774.json": {
    "NE-DATE-2005": "NE-DATE-2007",
    "5988fd69-592d-47e1-9aa6-df9d282706cb-output-21": "405fb23b-a959-4bb4-bed3-b32aa1a95cad-substantially-29",
    "NE-COUNTRY-Brazil": "NE-COUNTRY-Brazil"
  },
  "onu_59649088185.json": {
    "NE-ORGANIZATION-Petrobras": "NE-ORGANIZATION-Petrobras",
    "5988fd69-592d-47e1-9aa6-df9d282706cb-average-22": "b1824a3a-1334-43e1-9b59-e99495d47c65-floating-14"
  },
  "onu_68649086917.json": {
    "NE-ORGANIZATION-Petrobras": "NE-ORGANIZATION-Petrobras",
    "5988fd69-592d-47e1-9aa6-df9d282706cb-1.76-23-million-24-bpd-25": "452ca893-25f2-4bf0-ae58-16ca549811cd-1.76-5-MM-6-bpd-7",
    "5988fd69-592d-47e1-9aa6-df9d282706cb-average-22": "452ca893-25f2-4bf0-ae58-16ca549811cd-average-2",
    "5988fd69-592d-47e1-9aa6-df9d282706cb-173-10-million-11-bbl-12": "452ca893-25f2-4bf0-ae58-16ca549811cd-bbl-12",
    "5988fd69-592d-47e1-9aa6-df9d282706cb-crude-14": "452ca893-25f2-4bf0-ae58-16ca549811cd-petroleum-9",
    "NE-COUNTRY-Brazil": "NE-COUNTRY-Brazil"
  },
  "onu_68649124056.json": {
    "NE-ORGANIZATION-Petrobras": "NE-ORGANIZATION-Petrobras",
    "5988fd69-592d-47e1-9aa6-df9d282706cb-173-10-million-11-bbl-12": "1ddb617f-5d63-4fae-b6e3-3e210eb638a3-14-11-billion-12-bbl-13",
    "5988fd69-592d-47e1-9aa6-df9d282706cb-discussion-2": "1ddb617f-5d63-4fae-b6e3-3e210eb638a3-discussion-2"
  },
  "onu_68649126570.json": {
    "5988fd69-592d-47e1-9aa6-df9d282706cb-end-36": "7c69eb4c-e764-45a7-a7e2-9b6a99b69281-respect-9",
    "5988fd69-592d-47e1-9aa6-df9d282706cb-1.76-23-million-24-bpd-25": "7c69eb4c-e764-45a7-a7e2-9b6a99b69281-282,000-8-bpd-9",
    "5988fd69-592d-47e1-9aa6-df9d282706cb-about-5-200,000-6-bpd-7": "7c69eb4c-e764-45a7-a7e2-9b6a99b69281-180,000-15-bpd-16",
    "5988fd69-592d-47e1-9aa6-df9d282706cb-crude-14": "7c69eb4c-e764-45a7-a7e2-9b6a99b69281-water-11",
    "NE-COUNTRY-Brazil": "NE-COUNTRY-Brazil"
  },
  "onu_70449127482.json": {
    "NE-ORGANIZATION-Petrobras": "NE-ORGANIZATION-Petrobras",
    "NE-DATE-2005": "NE-DATE-2005"
  },
  "onu_70449650835.json": {
    "NE-ORGANIZATION-Petrobras": "NE-ORGANIZATION-Petrobras",
    "NE-COUNTRY-Brazil": "NE-COUNTRY-Brazil"
  },
  "onu_72449143175.json": {
    "NE-ORGANIZATION-Petrobras": "NE-ORGANIZATION-Petrobras"
  },
  "onu_73349086227.json": {
    "NE-ORGANIZATION-Petrobras": "NE-ORGANIZATION-Petrobras",
    "5988fd69-592d-47e1-9aa6-df9d282706cb-offshore-13": "00339ccb-f0dd-47c7-aecb-ae379e27d109-offshore-22",
    "5988fd69-592d-47e1-9aa6-df9d282706cb-prospect-3-of-4-about-5-200,000-6-bpd-7-of-8-crude-9-oil-10-productions-11-from-12-offshore-13-fields-14-operated-15": "00339ccb-f0dd-47c7-aecb-ae379e27d109-large-21-offshore-22-oil-23-discoveries-26"
  },
  "onu_77449138097.json": {
    "NE-ORGANIZATION-Petrobras": "NE-ORGANIZATION-Petrobras",
    "NE-COUNTRY-Brazil": "NE-COUNTRY-Brazil"
  },
  "onu_77955388680.json": {
    "NE-ORGANIZATION-Petrobras": "NE-ORGANIZATION-Petrobras",
    "5988fd69-592d-47e1-9aa6-df9d282706cb-offshore-13": "6853be13-f2b8-4273-b0f4-b628a386d69b-offshore-52"
  },
  "onu_77955408815.json": {
    "NE-ORGANIZATION-Petrobras": "NE-ORGANIZATION-Petrobras",
    "5988fd69-592d-47e1-9aa6-df9d282706cb-offshore-13": "3fbbdd88-8638-4b37-a689-c218c2b9f313-offshore-16"
  },
  "onu_77956543361.json": {
    "NE-ORGANIZATION-Petrobras": "NE-ORGANIZATION-Petrobras",
    "5988fd69-592d-47e1-9aa6-df9d282706cb-remaining-10": "c4702ddf-05e9-4145-8bd7-0d8312bab9e6-remaining-22"
  },
  "onu_77956858304.json": {
    "NE-ORGANIZATION-Petrobras": "NE-ORGANIZATION-Petrobras"
  },
  "onu_77958012173.json": {
    "NE-COUNTRY-Brazil": "NE-COUNTRY-Brazil"
  },
  "onu_78049320828.json": {
    "NE-ORGANIZATION-Petrobras": "NE-ORGANIZATION-Petrobras",
    "5988fd69-592d-47e1-9aa6-df9d282706cb-about-5-200,000-6-bpd-7": "b0408dc9-8c82-423c-98ff-ebbb41b36282-1.24-24-million-25-bpd-26",
    "5988fd69-592d-47e1-9aa6-df9d282706cb-1.76-23-million-24-bpd-25": "b0408dc9-8c82-423c-98ff-ebbb41b36282-1.24-24-million-25-bpd-26",
    "5988fd69-592d-47e1-9aa6-df9d282706cb-company-6": "b0408dc9-8c82-423c-98ff-ebbb41b36282-company-2",
    "NE-COUNTRY-Brazil": "NE-COUNTRY-Brazil"
  },
  "onu_78649387727.json": {
    "NE-ORGANIZATION-Petrobras": "NE-ORGANIZATION-Petrobras",
    "5988fd69-592d-47e1-9aa6-df9d282706cb-1.76-23-million-24-bpd-25": "fb519079-be4d-4927-b352-9904e9f3c03f-3.9-5-million-6-boe-7-d-9",
    "5988fd69-592d-47e1-9aa6-df9d282706cb-crude-14": "fb519079-be4d-4927-b352-9904e9f3c03f-oil-17"
  },
  "onu_78650855754.json": {},
  "onu_79952546010.json": {
    "NE-ORGANIZATION-Petrobras": "NE-ORGANIZATION-Petrobras",
    "5988fd69-592d-47e1-9aa6-df9d282706cb-impact-4": "b40df2ca-cdf7-4284-8597-8f166cac093a-effect-20"
  },
  "onu_79952620223.json": {},
  "onu_79953006622.json": {
    "NE-ORGANIZATION-Petrobras": "NE-ORGANIZATION-Petrobras"
  },
  "onu_79955374293.json": {
    "NE-ORGANIZATION-Petrobras": "NE-ORGANIZATION-PETROBRAS",
    "NE-COUNTRY-Brazil": "NE-COUNTRY-Brazil"
  },
  "onu_79955828033.json": {
    "NE-ORGANIZATION-Petrobras": "NE-ORGANIZATION-Petrobras"
  },
  "onu_79959789184.json": {
    "NE-ORGANIZATION-Petrobras": "NE-ORGANIZATION-Petrobras",
    "5988fd69-592d-47e1-9aa6-df9d282706cb-offshore-13": "2d2c89ac-c79e-412f-8293-e8fdf04c937c-principle-2",
    "5988fd69-592d-47e1-9aa6-df9d282706cb-more-17": "2d2c89ac-c79e-412f-8293-e8fdf04c937c-less-14"
  },
  "onu_80052069671.json": {},
  "onu_80052571318.json": {
    "NE-ORGANIZATION-Petrobras": "NE-ORGANIZATION-Petrobras",
    "NE-COUNTRY-Brazil": "NE-COUNTRY-Brazil"
  },
  "onu_80052582062.json": {
    "NE-ORGANIZATION-Petrobras": "NE-ORGANIZATION-Petrobras",
    "NE-DATE-2005": "NE-DATE-2006",
    "5988fd69-592d-47e1-9aa6-df9d282706cb-173-10-million-11-bbl-12": "NE-MONEY-115-billion-barrels"
  },
  "onu_80052741860.json": {
    "NE-ORGANIZATION-Petrobras": "NE-ORGANIZATION-Petrobras"
  },
  "onu_80053430040.json": {
    "NE-COUNTRY-Brazil": "NE-COUNTRY-Brazil"
  },
  "onu_80053904380.json": {
    "NE-ORGANIZATION-Petrobras": "NE-ORGANIZATION-Petrobras"
  },
  "onu_80053909062.json": {
    "NE-ORGANIZATION-Petrobras": "NE-ORGANIZATION-Petrobras",
    "5988fd69-592d-47e1-9aa6-df9d282706cb-prospect-3-of-4-about-5-200,000-6-bpd-7-of-8-crude-9-oil-10-productions-11-from-12-offshore-13-fields-14-operated-15": "29012263-ab66-4cfb-9814-36127693e867-reserves-6-of-7-light-8-oil-9",
    "5988fd69-592d-47e1-9aa6-df9d282706cb-average-22": "29012263-ab66-4cfb-9814-36127693e867-total-16",
    "5988fd69-592d-47e1-9aa6-df9d282706cb-company-6": "29012263-ab66-4cfb-9814-36127693e867-company-2"
  },
  "onu_80053931244.json": {
    "NE-ORGANIZATION-Petrobras": "NE-ORGANIZATION-Petrobras",
    "NE-COUNTRY-Brazil": "NE-COUNTRY-Brazil"
  },
  "onu_80053961084.json": {},
  "onu_80054757255.json": {
    "NE-ORGANIZATION-Petrobras": "NE-ORGANIZATION-Petrobras"
  },
  "onu_81855167522.json": {
    "NE-ORGANIZATION-Petrobras": "NE-ORGANIZATION-Petrobras",
    "5988fd69-592d-47e1-9aa6-df9d282706cb-discussion-2": "67a11e3d-316d-4504-abb6-d3f419bb7620-overview-2",
    "NE-COUNTRY-Brazil": "NE-COUNTRY-Brazil"
  },
  "onu_82555187024.json": {},
  "onu_83155193342.json": {},
  "onu_84856625676.json": {
    "NE-ORGANIZATION-Petrobras": "NE-ORGANIZATION-Petrobras",
    "5988fd69-592d-47e1-9aa6-df9d282706cb-173-10-million-11-bbl-12": "f46d89ca-ba74-4b07-984b-f55cacc7eb9d-4000-16-bbl-17"
  },
  "onu_84856741449.json": {
    "NE-ORGANIZATION-Petrobras": "NE-ORGANIZATION-PETROBRAS",
    "5988fd69-592d-47e1-9aa6-df9d282706cb-output-21": "6776ee78-01b1-4f8a-8af9-5284efe9468d-flow-32"
  },
  "onu_84857305090.json": {
    "NE-ORGANIZATION-Petrobras": "NE-ORGANIZATION-BR-Petrobras",
    "5988fd69-592d-47e1-9aa6-df9d282706cb-products-3": "6f3e4645-24e4-4349-bbd4-2d20eb367316-equipment-2",
    "5988fd69-592d-47e1-9aa6-df9d282706cb-imported-2": "6f3e4645-24e4-4349-bbd4-2d20eb367316-Supplying-1",
    "NE-COUNTRY-Brazil": "NE-COUNTRY-Brazil"
  },
  "onu_84857324711.json": {
    "NE-ORGANIZATION-Petrobras": "NE-ORGANIZATION-Petrobras",
    "5988fd69-592d-47e1-9aa6-df9d282706cb-they-23": "2ca4e696-bb0f-4ef9-91e4-7a25d65d6ff6-they-15"
  },
  "onu_84857483294.json": {},
  "onu_84861595246.json": {
    "NE-ORGANIZATION-Petrobras": "NE-ORGANIZATION-Petrobras",
    "5988fd69-592d-47e1-9aa6-df9d282706cb-company-6": "204509a8-265c-4397-8149-04982bb962db-company-27",
    "NE-COUNTRY-Brazil": "NE-COUNTRY-Brazil"
  },
  "onu_84864615590.json": {
    "NE-ORGANIZATION-Petrobras": "NE-ORGANIZATION-Petrobras-Business-Plan",
    "5988fd69-592d-47e1-9aa6-df9d282706cb-impact-4": "0b789bcb-4b6a-4e1e-8498-8f681f20a218-influence-7"
  },
  "onu_84864936265.json": {},
  "onu_84865218536.json": {},
  "onu_84865723570.json": {
    "NE-COUNTRY-Brazil": "NE-COUNTRY-Brazil"
  },
  "onu_84869199462.json": {},
  "onu_84870604908.json": {
    "NE-ORGANIZATION-Petrobras": "NE-ORGANIZATION-Petrobras",
    "5988fd69-592d-47e1-9aa6-df9d282706cb-output-21": "3f1a547b-6d66-41b8-8607-95757af4c8cc-efficiently-7",
    "NE-DATE-2004": "NE-DATE-2006",
    "5988fd69-592d-47e1-9aa6-df9d282706cb-crude-14": "3f1a547b-6d66-41b8-8607-95757af4c8cc-liquids-27",
    "NE-COUNTRY-Brazil": "NE-COUNTRY-Brazil"
  },
  "onu_84877857340.json": {
    "NE-COUNTRY-Brazil": "NE-COUNTRY-Brazil"
  },
  "onu_84878941411.json": {
    "NE-COUNTRY-Brazil": "NE-COUNTRY-Brazil"
  },
  "onu_84879432080.json": {
    "NE-ORGANIZATION-Petrobras": "NE-ORGANIZATION-Petrobras",
    "5988fd69-592d-47e1-9aa6-df9d282706cb-very-28": "d22980f2-d1fa-4f87-94aa-ec684269aac1-very-5",
    "NE-COUNTRY-Brazil": "NE-COUNTRY-Brazil"
  },
  "onu_84879955769.json": {
    "5988fd69-592d-47e1-9aa6-df9d282706cb-offshore-13": "bd8c4b54-df1d-43f0-9195-6d54c4148a62-offshore-10"
  },
  "onu_84880007809.json": {},
  "onu_84883765236.json": {
    "NE-COUNTRY-Brazil": "NE-COUNTRY-Brazil"
  },
  "onu_84883765292.json": {},
  "onu_84887507211.json": {
    "NE-COUNTRY-Brazil": "NE-COUNTRY-Brazil"
  },
  "onu_84888845935.json": {},
  "onu_84888934569.json": {
    "5988fd69-592d-47e1-9aa6-df9d282706cb-discussion-2": "1cc8cc5f-b866-4794-9210-470f3608b03d-discussion-2",
    "NE-COUNTRY-Brazil": "NE-COUNTRY-Brazil"
  },
  "onu_84888954344.json": {
    "NE-ORGANIZATION-Petrobras": "NE-ORGANIZATION-PETROBRÁS-Production-Department"
  },
  "onu_84888967977.json": {},
  "onu_84889840418.json": {
    "NE-ORGANIZATION-Petrobras": "NE-ORGANIZATION-Petrobras",
    "NE-DURATION-3-yr": "41959f29-a13c-4064-ae33-3e45571a9a7d-20-27-yr-29-period-30"
  },
  "onu_84891320656.json": {},
  "onu_84891344152.json": {
    "5988fd69-592d-47e1-9aa6-df9d282706cb-average-22": "295c9de1-de4f-46df-baf3-c289fa395145-Average-1"
  },
  "onu_84892632570.json": {},
  "onu_84892860778.json": {
    "NE-PERCENT-3.5%": "e59a2ee4-651e-4626-853a-fff67b8b6ac0-2.5-3"
  },
  "onu_84893052541.json": {
    "NE-ORGANIZATION-Petrobras": "NE-ORGANIZATION-PETROBRAS",
    "5988fd69-592d-47e1-9aa6-df9d282706cb-output-21": "f0e08ada-1ca4-4e31-bda9-3911eddc8016-flow-16"
  },
  "onu_84893062958.json": {
    "NE-ORGANIZATION-Petrobras": "NE-ORGANIZATION-Petrobras",
    "NE-COUNTRY-Brazil": "NE-COUNTRY-Brazil"
  },
  "onu_84893067779.json": {
    "NE-ORGANIZATION-Petrobras": "NE-ORGANIZATION-Petrobras",
    "5988fd69-592d-47e1-9aa6-df9d282706cb-fields-14": "e3239ac2-996c-48c2-a4b9-5b330ad8ca86-fields-16",
    "5988fd69-592d-47e1-9aa6-df9d282706cb-offshore-13": "e3239ac2-996c-48c2-a4b9-5b330ad8ca86-offshore-2"
  },
  "onu_84893090004.json": {
    "NE-COUNTRY-Brazil": "NE-COUNTRY-Brazil"
  },
  "onu_84893361208.json": {
    "NE-ORGANIZATION-Petrobras": "NE-ORGANIZATION-PETROBRAS"
  },
  "onu_84893407222.json": {
    "NE-ORGANIZATION-Petrobras": "NE-ORGANIZATION-Geochemistry-Network-PETROBRAS"
  },
  "onu_84893805098.json": {},
  "onu_84894453276.json": {},
  "onu_84894470550.json": {},
  "onu_84896824358.json": {
    "NE-COUNTRY-Brazil": "NE-COUNTRY-Brazil"
  },
  "onu_84897376128.json": {
    "NE-COUNTRY-Brazil": "NE-COUNTRY-Brazil"
  },
  "onu_84897381844.json": {
    "NE-ORGANIZATION-Petrobras": "NE-ORGANIZATION-Petrobras",
    "5988fd69-592d-47e1-9aa6-df9d282706cb-very-28": "607e16a2-24ab-44ad-a4a3-8273a81253f6-very-8"
  },
  "onu_84897392529.json": {
    "NE-ORGANIZATION-Petrobras": "NE-ORGANIZATION-Petrobras",
    "5988fd69-592d-47e1-9aa6-df9d282706cb-1.76-23-million-24-bpd-25": "21b0b660-404f-436a-867e-af9cbe7f0918-1-35-million-36-barrels-37",
    "5988fd69-592d-47e1-9aa6-df9d282706cb-173-10-million-11-bbl-12": "21b0b660-404f-436a-867e-af9cbe7f0918-23-31-bbl-32",
    "NE-COUNTRY-Brazil": "NE-COUNTRY-Brazil"
  },
  "onu_84897399429.json": {
    "NE-ORGANIZATION-Petrobras": "NE-ORGANIZATION-Petrobras",
    "5988fd69-592d-47e1-9aa6-df9d282706cb-very-28": "898c33c4-d7a3-46cc-94f0-d84c5288fee6-very-7",
    "5988fd69-592d-47e1-9aa6-df9d282706cb-average-22": "898c33c4-d7a3-46cc-94f0-d84c5288fee6-net-13"
  },
  "onu_84897408330.json": {
    "NE-COUNTRY-Brazil": "NE-COUNTRY-Brazil"
  },
  "onu_84897441267.json": {
    "NE-ORGANIZATION-Petrobras": "NE-ORGANIZATION-Petrobras"
  },
  "onu_84897448998.json": {
    "NE-COUNTRY-Brazil": "NE-COUNTRY-Brazil"
  },
  "onu_84897449140.json": {
    "NE-ORGANIZATION-Petrobras": "NE-ORGANIZATION-Petrobras-Pre-Salt"
  },
  "onu_84897461830.json": {},
  "onu_84897465328.json": {
    "NE-ORGANIZATION-Petrobras": "NE-ORGANIZATION-Petrobras"
  },
  "onu_84897470967.json": {
    "NE-COUNTRY-Brazil": "NE-COUNTRY-Brazil"
  },
  "onu_84900305359.json": {},
  "onu_84901784680.json": {},
  "onu_84904394721.json": {
    "NE-ORGANIZATION-Petrobras": "NE-ORGANIZATION-Petrobras",
    "5988fd69-592d-47e1-9aa6-df9d282706cb-offshore-13": "8e2e949b-ad5f-4570-870a-fc20ddc3c8e9-offshore-2",
    "5988fd69-592d-47e1-9aa6-df9d282706cb-reduction-2": "8e2e949b-ad5f-4570-870a-fc20ddc3c8e9-reduction-3"
  },
  "onu_84905748711.json": {
    "5988fd69-592d-47e1-9aa6-df9d282706cb-offshore-13": "dede7ae1-618b-4e69-ba85-b9a4bf191bed-offshore-15",
    "5988fd69-592d-47e1-9aa6-df9d282706cb-average-22": "dede7ae1-618b-4e69-ba85-b9a4bf191bed-atmospheric-15",
    "5988fd69-592d-47e1-9aa6-df9d282706cb-products-3": "dede7ae1-618b-4e69-ba85-b9a4bf191bed-products-7"
  },
  "onu_84907991224.json": {
    "NE-COUNTRY-Brazil": "NE-COUNTRY-Brazil"
  },
  "onu_84918528762.json": {},
  "onu_84925638296.json": {
    "NE-ORGANIZATION-Petrobras": "NE-ORGANIZATION-PETROBRAS"
  },
  "onu_84930513772.json": {
    "5988fd69-592d-47e1-9aa6-df9d282706cb-very-28": "fc8b94b7-0e5d-450a-9054-6f9bf272ae34-very-7"
  },
  "onu_84940864746.json": {
    "NE-ORGANIZATION-Petrobras": "NE-ORGANIZATION-Petrobras"
  },
  "onu_84943289484.json": {},
  "onu_84943328375.json": {
    "NE-ORGANIZATION-Petrobras": "NE-ORGANIZATION-Petrobras"
  },
  "onu_84943338721.json": {
    "NE-ORGANIZATION-Petrobras": "NE-ORGANIZATION-Petrobras",
    "5988fd69-592d-47e1-9aa6-df9d282706cb-prospect-3-of-4-about-5-200,000-6-bpd-7-of-8-crude-9-oil-10-productions-11-from-12-offshore-13-fields-14-operated-15": "83c12324-c60f-4651-9cfb-69111aaba3ef-processing-19-capacity-20-ranging-21-from-22-100k-23-bpd-24-to-25-150k-26-bpd-27-of-28-oil-29",
    "5988fd69-592d-47e1-9aa6-df9d282706cb-very-28": "83c12324-c60f-4651-9cfb-69111aaba3ef-very-25",
    "5988fd69-592d-47e1-9aa6-df9d282706cb-static-11": "83c12324-c60f-4651-9cfb-69111aaba3ef-static-8",
    "5988fd69-592d-47e1-9aa6-df9d282706cb-discussion-2": "83c12324-c60f-4651-9cfb-69111aaba3ef-article-2",
    "NE-COUNTRY-Brazil": "NE-COUNTRY-Brazil"
  },
  "onu_84943339436.json": {
    "5988fd69-592d-47e1-9aa6-df9d282706cb-offshore-13": "3cd768dc-cd71-4749-a45c-61e32e4b3b06-offshore-7",
    "5988fd69-592d-47e1-9aa6-df9d282706cb-output-21": "3cd768dc-cd71-4749-a45c-61e32e4b3b06-paper-9",
    "NE-COUNTRY-Brazil": "NE-COUNTRY-Brazil"
  },
  "onu_84944574757.json": {
    "NE-ORGANIZATION-Petrobras": "NE-ORGANIZATION-Petrobras",
    "NE-COUNTRY-Brazil": "NE-COUNTRY-Brazil"
  },
  "onu_84944593501.json": {},
  "onu_84947326315.json": {
    "5988fd69-592d-47e1-9aa6-df9d282706cb-output-21": "c9348211-c72e-4ea1-9eb9-711dc0c65800-quality-18"
  },
  "onu_84947757002.json": {
    "5988fd69-592d-47e1-9aa6-df9d282706cb-impact-4": "e4f3700a-2016-4bba-b2a4-c67750ed33d4-influence-33"
  },
  "onu_84949266932.json": {},
  "onu_84951918487.json": {
    "NE-ORGANIZATION-Petrobras": "NE-ORGANIZATION-Petrobras",
    "5988fd69-592d-47e1-9aa6-df9d282706cb-end-36": "6d96e98c-77ad-4954-b07a-14307ad74b11-end-34",
    "NE-DATE-2004": "NE-DATE-2006"
  },
  "onu_84954454797.json": {
    "5988fd69-592d-47e1-9aa6-df9d282706cb-1.76-23-million-24-bpd-25": "45dea8c7-5987-4120-9906-0be4e1b2fa35-7.93-16-μg-17-g-18-1-20-sediment-22"
  },
  "onu_84955127995.json": {
    "NE-COUNTRY-Brazil": "NE-COUNTRY-Brazil",
    "NE-ORGANIZATION-Petrobras": "NE-ORGANIZATION-PETROBRAS",
    "5988fd69-592d-47e1-9aa6-df9d282706cb-offshore-13": "04ab6b85-447c-419a-adaf-4533eabeb71e-financial-12",
    "5988fd69-592d-47e1-9aa6-df9d282706cb-output-21": "04ab6b85-447c-419a-adaf-4533eabeb71e-result-14",
    "5988fd69-592d-47e1-9aa6-df9d282706cb-end-36": "04ab6b85-447c-419a-adaf-4533eabeb71e-result-14"
  },
  "onu_84958666405.json": {
    "NE-ORGANIZATION-Petrobras": "NE-ORGANIZATION-Petrobras",
    "NE-COUNTRY-Brazil": "NE-COUNTRY-Brazil"
  },
  "onu_84959478227.json": {
    "NE-COUNTRY-Brazil": "NE-COUNTRY-Brazil"
  },
  "onu_84959561430.json": {
    "NE-COUNTRY-Brazil": "NE-COUNTRY-Brazil"
  },
  "onu_84963819657.json": {
    "NE-COUNTRY-Brazil": "NE-COUNTRY-Brazil"
  },
  "onu_84964700375.json": {
    "NE-ORGANIZATION-Petrobras": "NE-ORGANIZATION-Petrobras"
  },
  "onu_84974574825.json": {},
  "onu_84975761253.json": {
    "NE-COUNTRY-Brazil": "NE-COUNTRY-Brazil"
  },
  "onu_84979574362.json": {},
  "onu_84983465797.json": {
    "5988fd69-592d-47e1-9aa6-df9d282706cb-year-39": "NE-DURATION-year",
    "NE-COUNTRY-Brazil": "NE-COUNTRY-Brazil"
  },
  "onu_84984596158.json": {},
  "onu_84987760544.json": {
    "5988fd69-592d-47e1-9aa6-df9d282706cb-very-28": "586a34af-a858-433d-9bc9-af2c7ac0d2f7-quite-9"
  },
  "onu_84987762471.json": {},
  "onu_84987763922.json": {},
  "onu_84990861431.json": {
    "NE-COUNTRY-Brazil": "NE-COUNTRY-Brazil"
  },
  "onu_84990898401.json": {},
  "onu_84996602559.json": {},
  "onu_85006339618.json": {
    "NE-COUNTRY-Brazil": "NE-COUNTRY-Brazil"
  },
  "onu_85007282651.json": {
    "5988fd69-592d-47e1-9aa6-df9d282706cb-products-3": "21eb6ecf-d102-40bb-a054-1b519100613e-Product-4",
    "NE-COUNTRY-Brazil": "NE-COUNTRY-Brazil"
  },
  "onu_85008198009.json": {},
  "onu_85009177497.json": {
    "5988fd69-592d-47e1-9aa6-df9d282706cb-average-22": "77e3eb37-fc2c-484b-93bf-2c8e40534b57-Average-1",
    "NE-COUNTRY-Brazil": "NE-COUNTRY-Brazil"
  },
  "onu_85009192413.json": {},
  "onu_85009433339.json": {},
  "onu_85012910163.json": {
    "5988fd69-592d-47e1-9aa6-df9d282706cb-very-28": "be4b33fc-ea24-431e-800e-9069afec7afe-especially-24",
    "NE-COUNTRY-Brazil": "NE-COUNTRY-Brazil"
  },
  "onu_85013296221.json": {
    "5988fd69-592d-47e1-9aa6-df9d282706cb-very-28": "68be832a-27b4-49e7-8b72-dcc340ca62d8-very-13",
    "5988fd69-592d-47e1-9aa6-df9d282706cb-year-6": "68be832a-27b4-49e7-8b72-dcc340ca62d8-year-32"
  },
  "onu_85013858173.json": {
    "NE-COUNTRY-Brazil": "NE-COUNTRY-Brazil"
  },
  "onu_85016298905.json": {},
  "onu_85016958402.json": {
    "NE-COUNTRY-Brazil": "NE-COUNTRY-Brazil"
  },
  "onu_85017468089.json": {
    "5988fd69-592d-47e1-9aa6-df9d282706cb-impact-4": "08c3852e-194c-4498-b732-46cf26512128-influence-20",
    "NE-COUNTRY-Brazil": "NE-COUNTRY-Brazil"
  },
  "onu_85020183362.json": {},
  "onu_85026803842.json": {
    "NE-ORGANIZATION-Petrobras": "NE-ORGANIZATION-Petrobras",
    "5988fd69-592d-47e1-9aa6-df9d282706cb-prospect-3-of-4-about-5-200,000-6-bpd-7-of-8-crude-9-oil-10-productions-11-from-12-offshore-13-fields-14-operated-15": "1422e178-cc62-4bf3-acfe-1985781bfe49-Considering-1-reservoirs-5-over-11-400,000-12-bopd-13",
    "5988fd69-592d-47e1-9aa6-df9d282706cb-about-5-200,000-6-bpd-7": "1422e178-cc62-4bf3-acfe-1985781bfe49-Considering-1-reservoirs-5-over-11-400,000-12-bopd-13",
    "NE-COUNTRY-Brazil": "NE-COUNTRY-Brazil"
  },
  "onu_85027233889.json": {
    "NE-COUNTRY-Brazil": "NE-COUNTRY-Brazil"
  },
  "onu_85027401053.json": {
    "5988fd69-592d-47e1-9aa6-df9d282706cb-output-21": "53d0784c-6881-46a8-8607-8473e2e87675-surprisingly-19",
    "5988fd69-592d-47e1-9aa6-df9d282706cb-very-28": "53d0784c-6881-46a8-8607-8473e2e87675-surprisingly-19",
    "NE-COUNTRY-Brazil": "NE-COUNTRY-Brazil"
  },
  "onu_85028240731.json": {
    "NE-COUNTRY-Brazil": "NE-COUNTRY-Brazil"
  },
  "onu_85028278319.json": {
    "NE-ORGANIZATION-Petrobras": "NE-ORGANIZATION-Petrobras",
    "5988fd69-592d-47e1-9aa6-df9d282706cb-offshore-13": "87ea7ee8-fea4-423e-b948-4867cebcb9ad-offshore-17"
  },
  "onu_85028950368.json": {
    "5988fd69-592d-47e1-9aa6-df9d282706cb-demand-16": "e4dae957-4d94-4311-82ad-250e750ae287-demand-29",
    "NE-COUNTRY-Brazil": "NE-COUNTRY-Brazil"
  },
  "onu_85029591872.json": {
    "5988fd69-592d-47e1-9aa6-df9d282706cb-end-36": "b236a4b6-2727-41c8-8cef-67a669027e7b-end-26",
    "NE-COUNTRY-Brazil": "NE-COUNTRY-Brazil"
  },
  "onu_85030830298.json": {
    "NE-ORGANIZATION-Petrobras": "NE-ORGANIZATION-Petrobras",
    "NE-COUNTRY-Brazil": "NE-COUNTRY-Brazil"
  },
  "onu_85030842598.json": {
    "5988fd69-592d-47e1-9aa6-df9d282706cb-output-21": "34e8fac9-66f8-4a6c-8c9c-88ed163b72d7-generally-17",
    "5988fd69-592d-47e1-9aa6-df9d282706cb-very-28": "34e8fac9-66f8-4a6c-8c9c-88ed163b72d7-generally-17",
    "NE-COUNTRY-Brazil": "NE-COUNTRY-Brazil"
  },
  "onu_85031996233.json": {
    "5988fd69-592d-47e1-9aa6-df9d282706cb-about-5-200,000-6-bpd-7": "9d056a4c-d060-45c5-9a52-c7de291d1d6a-close-4-to-5-10,000-6-t-7"
  },
  "onu_85032863710.json": {
    "NE-COUNTRY-Brazil": "NE-COUNTRY-Brazil"
  },
  "onu_85033225585.json": {},
  "onu_85033604891.json": {},
  "onu_85034042710.json": {
    "5988fd69-592d-47e1-9aa6-df9d282706cb-crude-9": "9ccfcbb1-6830-465f-8c28-a81ac0f15a97-crude-16",
    "5988fd69-592d-47e1-9aa6-df9d282706cb-product-6-prices-7": "9ccfcbb1-6830-465f-8c28-a81ac0f15a97-oil-31-price-32",
    "NE-COUNTRY-Brazil": "NE-COUNTRY-Brazil"
  },
  "onu_85035340277.json": {
    "NE-PERCENT-3.5%": "NE-PERCENT-85%"
  },
  "onu_85037355639.json": {
    "NE-COUNTRY-Brazil": "NE-COUNTRY-Brazil"
  },
  "onu_85037590262.json": {},
  "onu_85039546750.json": {},
  "onu_85040381710.json": {},
  "onu_85040498521.json": {},
  "onu_85040888184.json": {
    "NE-COUNTRY-Brazil": "NE-COUNTRY-Brazil"
  },
  "onu_85041142849.json": {
    "NE-COUNTRY-Brazil": "NE-COUNTRY-Brazil"
  },
  "onu_85041154400.json": {
    "NE-ORGANIZATION-Petrobras": "NE-ORGANIZATION-Petrobras",
    "NE-DURATION-3-yr": "NE-DURATION-30yr",
    "5988fd69-592d-47e1-9aa6-df9d282706cb-company-6": "ddf75f7d-eeae-4801-8fc1-646f269a7ce4-company-5"
  },
  "onu_85041277142.json": {
    "NE-PERCENT-3.5%": "NE-PERCENT-30%"
  },
  "onu_85041698761.json": {
    "5988fd69-592d-47e1-9aa6-df9d282706cb-impact-4": "1dd7ab3c-34f0-431f-a8d1-984e6b3578c5-impact-6",
    "NE-COUNTRY-Brazil": "NE-COUNTRY-Brazil"
  },
  "onu_85043311576.json": {
    "5988fd69-592d-47e1-9aa6-df9d282706cb-output-21": "da2b11af-b7ea-4c98-b476-6f6e9363fa80-inputs-10"
  },
  "onu_85043324954.json": {
    "NE-COUNTRY-Brazil": "NE-COUNTRY-Brazil"
  },
  "onu_85044192214.json": {},
  "onu_85044397080.json": {
    "NE-ORGANIZATION-Petrobras": "76c80483-4d1b-4d0c-a46e-c47ac52d12dd-one-22-PETROBRAS-23-oil-24-pipeline-25",
    "NE-DATE-2005": "NE-DATE-2005",
    "NE-DATE-2004": "NE-DATE-2005"
  },
  "onu_85044462127.json": {
    "NE-COUNTRY-Brazil": "NE-COUNTRY-Brazil"
  },
  "onu_85044530973.json": {
    "NE-COUNTRY-Brazil": "NE-COUNTRY-Brazil"
  },
  "onu_85044596303.json": {
    "5988fd69-592d-47e1-9aa6-df9d282706cb-output-21": "99512cc4-b35c-4f65-be28-93092a3cf0fc-scales-16"
  },
  "onu_85045186297.json": {},
  "onu_85046290497.json": {},
  "onu_85046379273.json": {
    "NE-ORGANIZATION-Petrobras": "NE-ORGANIZATION-PETROBRAS"
  },
  "onu_85047299670.json": {
    "5988fd69-592d-47e1-9aa6-df9d282706cb-year-6": "7e13bfab-9226-403e-bf1d-cce401dd3b64-year-25"
  },
  "onu_85047354188.json": {
    "NE-ORGANIZATION-Petrobras": "NE-ORGANIZATION-Petrobras"
  },
  "onu_85047409861.json": {},
  "onu_85048345043.json": {},
  "onu_85048862831.json": {
    "NE-PERCENT-3.5%": "ce5ac8f6-f3ea-41f4-9b38-2b3858cfc4b8-5.3-18-m3-19"
  },
  "onu_85049552088.json": {},
  "onu_85050512775.json": {
    "5988fd69-592d-47e1-9aa6-df9d282706cb-very-28": "d456d187-3df8-4b64-8a11-6d3acdc976bf-very-21",
    "NE-COUNTRY-Brazil": "NE-COUNTRY-Brazil"
  },
  "onu_85050528173.json": {
    "NE-ORGANIZATION-Petrobras": "NE-ORGANIZATION-Petrobras"
  },
  "onu_85050539655.json": {
    "NE-ORGANIZATION-Petrobras": "NE-ORGANIZATION-Petrobras",
    "5988fd69-592d-47e1-9aa6-df9d282706cb-fields-14": "e1000620-b18e-4098-9293-16b6e83cec81-fields-8",
    "5988fd69-592d-47e1-9aa6-df9d282706cb-company-6": "e1000620-b18e-4098-9293-16b6e83cec81-Company-14"
  },
  "onu_85050551470.json": {},
  "onu_85050561554.json": {
    "NE-ORGANIZATION-Petrobras": "NE-ORGANIZATION-Petrobras"
  },
  "onu_85050643252.json": {
    "NE-ORGANIZATION-Petrobras": "NE-ORGANIZATION-Petrobras"
  },
  "onu_85050674553.json": {
    "NE-ORGANIZATION-Petrobras": "NE-ORGANIZATION-Petrobras",
    "5988fd69-592d-47e1-9aa6-df9d282706cb-discussion-2": "36dbe77c-4321-4bf2-aee4-2e7bf595abe8-article-2"
  },
  "onu_85050680089.json": {
    "5988fd69-592d-47e1-9aa6-df9d282706cb-output-21": "7736a11e-550b-4406-bcac-140ec203a8cf-regimes-10",
    "5988fd69-592d-47e1-9aa6-df9d282706cb-remaining-10": "7736a11e-550b-4406-bcac-140ec203a8cf-remaining-7",
    "5988fd69-592d-47e1-9aa6-df9d282706cb-173-10-million-11-bbl-12": "NE-MONEY-5-billion-barrels",
    "5988fd69-592d-47e1-9aa6-df9d282706cb-impact-4": "7736a11e-550b-4406-bcac-140ec203a8cf-dynamics-31",
    "NE-COUNTRY-Brazil": "NE-COUNTRY-Brazil"
  },
  "onu_85051633827.json": {
    "NE-ORGANIZATION-Petrobras": "NE-ORGANIZATION-Petrobras",
    "5988fd69-592d-47e1-9aa6-df9d282706cb-output-21": "c685c5a5-bc59-4451-bee6-87f7a8810b95-successfully-8"
  },
  "onu_85051644896.json": {
    "5988fd69-592d-47e1-9aa6-df9d282706cb-very-28": "12c1d79e-73bd-481c-bdb8-1d4727843a15-very-9",
    "5988fd69-592d-47e1-9aa6-df9d282706cb-discussion-2": "12c1d79e-73bd-481c-bdb8-1d4727843a15-discussion-19",
    "NE-COUNTRY-Brazil": "NE-COUNTRY-Brazil"
  },
  "onu_85051649253.json": {
    "NE-COUNTRY-Brazil": "NE-COUNTRY-Brazil"
  },
  "onu_85051653660.json": {
    "5988fd69-592d-47e1-9aa6-df9d282706cb-very-28": "9514bd0e-068b-4f1a-97f0-dc1fd3c046dc-very-25",
    "5988fd69-592d-47e1-9aa6-df9d282706cb-discussion-2": "9514bd0e-068b-4f1a-97f0-dc1fd3c046dc-work-2"
  },
  "onu_85051673888.json": {
    "NE-COUNTRY-Brazil": "NE-COUNTRY-Brazil"
  },
  "onu_85052069920.json": {
    "NE-COUNTRY-Brazil": "NE-COUNTRY-Brazil"
  },
  "onu_85052748036.json": {},
  "onu_85052916893.json": {
    "5988fd69-592d-47e1-9aa6-df9d282706cb-products-3": "390e8152-252c-4c33-856b-035e5f48ed3e-products-20",
    "NE-COUNTRY-Brazil": "NE-COUNTRY-Brazil"
  },
  "onu_85053143769.json": {
    "NE-COUNTRY-Brazil": "NE-COUNTRY-Brazil"
  },
  "onu_85053593980.json": {},
  "onu_85053770238.json": {},
  "onu_85054086297.json": {},
  "onu_85054504118.json": {
    "NE-ORGANIZATION-Petrobras": "NE-ORGANIZATION-PETROBRAS",
    "5988fd69-592d-47e1-9aa6-df9d282706cb-about-5-200,000-6-bpd-7": "b1326d03-e928-4f17-a698-2f5bc600a0ed-nearly-30-200,000-31-bopd-32"
  },
  "onu_85054783545.json": {
    "NE-COUNTRY-Brazil": "NE-COUNTRY-Brazil"
  },
  "onu_85054941296.json": {},
  "onu_85055025955.json": {
    "NE-ORGANIZATION-Petrobras": "NE-ORGANIZATION-Petrobras",
    "NE-COUNTRY-Brazil": "NE-COUNTRY-Brazil"
  },
  "onu_85055027444.json": {
    "NE-ORGANIZATION-Petrobras": "NE-ORGANIZATION-Petrobras"
  },
  "onu_85055027692.json": {
    "NE-ORGANIZATION-Petrobras": "NE-ORGANIZATION-Petrobras",
    "NE-COUNTRY-Brazil": "NE-COUNTRY-Brazil"
  },
  "onu_85055036761.json": {
    "NE-ORGANIZATION-Petrobras": "NE-ORGANIZATION-PETROBRÁS"
  },
  "onu_85055255571.json": {
    "NE-ORGANIZATION-Petrobras": "NE-ORGANIZATION-PETROBRÁS",
    "5988fd69-592d-47e1-9aa6-df9d282706cb-offshore-13": "ea17f87e-0664-4177-bfa0-06cf4ccdf30b-offshore-17",
    "5988fd69-592d-47e1-9aa6-df9d282706cb-company-6": "ea17f87e-0664-4177-bfa0-06cf4ccdf30b-company-16",
    "NE-COUNTRY-Brazil": "NE-COUNTRY-Brazil"
  },
  "onu_85055263465.json": {},
  "onu_85055528846.json": {},
  "onu_85055864923.json": {
    "NE-ORGANIZATION-Petrobras": "c183a578-8a5f-4228-b35b-5651f319641f-Petrobras-7"
  },
  "onu_85055908781.json": {},
  "onu_85056094176.json": {
    "NE-ORGANIZATION-Petrobras": "NE-ORGANIZATION-Petrobras",
    "5988fd69-592d-47e1-9aa6-df9d282706cb-offshore-13": "0ddfca10-cdbf-4166-ae46-860624694346-offshore-10"
  },
  "onu_85056110569.json": {
    "NE-ORGANIZATION-Petrobras": "1a82d70b-0282-4199-a560-d0aab9c27373-Petrobras-2-experience-3",
    "5988fd69-592d-47e1-9aa6-df9d282706cb-offshore-13": "1a82d70b-0282-4199-a560-d0aab9c27373-offshore-11",
    "5988fd69-592d-47e1-9aa6-df9d282706cb-discussion-2": "1a82d70b-0282-4199-a560-d0aab9c27373-paper-2",
    "NE-COUNTRY-Brazil": "NE-COUNTRY-Brazil"
  },
  "onu_85056183083.json": {
    "NE-COUNTRY-Brazil": "NE-COUNTRY-Brazil"
  },
  "onu_85056566136.json": {
    "5988fd69-592d-47e1-9aa6-df9d282706cb-impact-4": "0f98ad10-7fd1-45a1-89ad-5f39f225e33c-effects-10"
  },
  "onu_85056605886.json": {},
  "onu_85056605922.json": {
    "NE-COUNTRY-Brazil": "NE-COUNTRY-Brazil"
  },
  "onu_85056794099.json": {
    "5988fd69-592d-47e1-9aa6-df9d282706cb-very-28": "95c32260-b2d3-4c86-a803-d3bf8befb654-very-6",
    "NE-COUNTRY-Brazil": "NE-COUNTRY-Brazil"
  },
  "onu_85057560805.json": {},
  "onu_85057883234.json": {
    "NE-ORGANIZATION-Petrobras": "NE-ORGANIZATION-PETROBRAS"
  },
  "onu_85059143234.json": {
    "NE-COUNTRY-Brazil": "NE-COUNTRY-Brazil"
  },
  "onu_85059218520.json": {
    "NE-ORGANIZATION-Petrobras": "NE-ORGANIZATION-Petrobras",
    "NE-COUNTRY-Brazil": "NE-COUNTRY-Brazil"
  },
  "onu_85059436090.json": {},
  "onu_85060083816.json": {},
  "onu_85060443361.json": {
    "5988fd69-592d-47e1-9aa6-df9d282706cb-output-21": "d28d3e39-9b1c-4b91-ad0e-2d9bdd1b0299-completely-9",
    "5988fd69-592d-47e1-9aa6-df9d282706cb-very-28": "d28d3e39-9b1c-4b91-ad0e-2d9bdd1b0299-completely-9"
  },
  "onu_85061179665.json": {},
  "onu_85061498967.json": {
    "NE-COUNTRY-Brazil": "NE-COUNTRY-Brazil"
  },
  "onu_85061767810.json": {},
  "onu_85061823653.json": {
    "5988fd69-592d-47e1-9aa6-df9d282706cb-very-28": "7ea51696-389a-44d4-ba97-778d27509475-very-6"
  },
  "onu_85062013573.json": {
    "NE-DATE-2004": "NE-DATE-2004",
    "NE-COUNTRY-Brazil": "NE-COUNTRY-Brazil"
  },
  "onu_85062607406.json": {
    "NE-COUNTRY-Brazil": "NE-COUNTRY-Brazil"
  },
  "onu_85062717506.json": {
    "5988fd69-592d-47e1-9aa6-df9d282706cb-discussion-2": "bcabff6e-52d1-41ef-96da-c7a9bc0a3423-article-2"
  },
  "onu_85063263863.json": {},
  "onu_85063689284.json": {
    "NE-COUNTRY-Brazil": "NE-COUNTRY-Brazil"
  },
  "onu_85064764902.json": {},
  "onu_85064808857.json": {},
  "onu_85064983703.json": {
    "5988fd69-592d-47e1-9aa6-df9d282706cb-very-28": "bec7d85d-54cb-44c8-9c29-2e9ea01ad31f-particularly-15"
  },
  "onu_85065180012.json": {},
  "onu_85065623080.json": {},
  "onu_85065912337.json": {
    "NE-COUNTRY-Brazil": "NE-COUNTRY-Brazil"
  },
  "onu_85066600751.json": {
    "5988fd69-592d-47e1-9aa6-df9d282706cb-prospect-3-of-4-about-5-200,000-6-bpd-7-of-8-crude-9-oil-10-productions-11-from-12-offshore-13-fields-14-operated-15": "1b3efd75-ecd6-4314-81c9-3d9d5c84453d-Offshore-1-oil-2-production-3",
    "5988fd69-592d-47e1-9aa6-df9d282706cb-demand-16": "1b3efd75-ecd6-4314-81c9-3d9d5c84453d-number-12"
  },
  "onu_85066617192.json": {
    "NE-ORGANIZATION-Petrobras": "NE-ORGANIZATION-Petrobras",
    "5988fd69-592d-47e1-9aa6-df9d282706cb-discussion-2": "09790547-3df0-4ca2-b3ad-f36ed5f66b04-article-2"
  },
  "onu_85066623384.json": {
    "NE-ORGANIZATION-Petrobras": "NE-ORGANIZATION-Petrobras"
  },
  "onu_85067965170.json": {},
  "onu_85068049608.json": {
    "5988fd69-592d-47e1-9aa6-df9d282706cb-discussion-2": "198e827a-9847-428e-9646-a76213d2c09d-chapter-2",
    "NE-COUNTRY-Brazil": "NE-COUNTRY-Brazil"
  },
  "onu_85068387773.json": {
    "5988fd69-592d-47e1-9aa6-df9d282706cb-added-19": "a5cffccf-1536-473d-9270-6167576d70ec-added-9",
    "NE-COUNTRY-Brazil": "NE-COUNTRY-Brazil"
  },
  "onu_85068453742.json": {},
  "onu_85070554647.json": {},
  "onu_85070704005.json": {
    "NE-COUNTRY-Brazil": "NE-COUNTRY-Brazil"
  },
  "onu_85070853924.json": {
    "5988fd69-592d-47e1-9aa6-df9d282706cb-average-22": "6dc1853a-1825-449e-9547-d497b3114adb-average-2",
    "NE-PERCENT-3.5%": "NE-PERCENT-72.7%"
  },
  "onu_85070991202.json": {},
  "onu_85071023764.json": {
    "NE-COUNTRY-Brazil": "NE-COUNTRY-Brazil"
  },
  "onu_85071488896.json": {
    "5988fd69-592d-47e1-9aa6-df9d282706cb-output-21": "e1dda441-4298-491b-bdb2-2ecdaa8e7a55-constantly-7",
    "NE-PERCENT-3.5%": "NE-PERCENT-72.7%"
  },
  "onu_85071542084.json": {},
  "onu_85071847548.json": {
    "5988fd69-592d-47e1-9aa6-df9d282706cb-crude-9": "22ebbe07-c4ca-45f2-a073-3b4a9bbb83f6-inverted-5",
    "NE-COUNTRY-Brazil": "NE-COUNTRY-Brazil"
  },
  "onu_85072725932.json": {},
  "onu_85072834829.json": {
    "5988fd69-592d-47e1-9aa6-df9d282706cb-very-28": "f46f17d1-e7ee-43a7-b27f-8001a220449a-very-28"
  },
  "onu_85073705401.json": {},
  "onu_85073706024.json": {
    "NE-ORGANIZATION-Petrobras": "NE-ORGANIZATION-Petrobras",
    "NE-PERCENT-3.5%": "NE-PERCENT-10%"
  },
  "onu_85073935907.json": {},
  "onu_85074489503.json": {},
  "onu_85074632793.json": {
    "NE-COUNTRY-Brazil": "NE-COUNTRY-Brazil"
  },
  "onu_85074778611.json": {
    "5988fd69-592d-47e1-9aa6-df9d282706cb-impact-4": "87ac9c72-56d9-42ed-9706-bf7a1853f8ed-impacts-10",
    "NE-COUNTRY-Brazil": "NE-COUNTRY-Brazil"
  },
  "onu_85075350522.json": {},
  "onu_85075421341.json": {},
  "onu_85075661667.json": {},
  "onu_85075827903.json": {
    "NE-ORGANIZATION-Petrobras": "NE-ORGANIZATION-Petrobras"
  },
  "onu_85075828327.json": {
    "NE-ORGANIZATION-Petrobras": "NE-ORGANIZATION-Petrobras",
    "5988fd69-592d-47e1-9aa6-df9d282706cb-impact-4": "76be24f2-9662-45c7-a95c-63c0f1d47d2c-impact-21"
  },
  "onu_85075831363.json": {
    "NE-PERCENT-3.5%": "c6187c05-69fa-4993-ac86-f7154dd67053-4.0-3"
  },
  "onu_85075835330.json": {
    "5988fd69-592d-47e1-9aa6-df9d282706cb-about-5-200,000-6-bpd-7": "f0f4bf07-c1ed-4d46-a167-48acf173b05d-150,000-18-barrels-19",
    "NE-COUNTRY-Brazil": "NE-COUNTRY-Brazil"
  },
  "onu_85075843438.json": {},
  "onu_85075879935.json": {
    "NE-COUNTRY-Brazil": "NE-COUNTRY-Brazil"
  },
  "onu_85075941856.json": {
    "5988fd69-592d-47e1-9aa6-df9d282706cb-very-28": "5971aa89-f51c-4cd0-bb74-6b65ebf6bfe1-very-14"
  },
  "onu_85075951728.json": {},
  "onu_85075997043.json": {
    "NE-COUNTRY-Brazil": "NE-COUNTRY-Brazil"
  },
  "onu_85076246665.json": {
    "5988fd69-592d-47e1-9aa6-df9d282706cb-impact-4": "e0b07107-d3d9-440f-ac94-05597132db4b-impact-6"
  },
  "onu_85076560202.json": {
    "NE-PERCENT-3.5%": "NE-PERCENT-15.9%",
    "NE-COUNTRY-Brazil": "NE-COUNTRY-Brazil"
  },
  "onu_85076775401.json": {},
  "onu_85076896265.json": {
    "5988fd69-592d-47e1-9aa6-df9d282706cb-impact-4": "f07a1b94-895b-4621-b0f2-4f24bbd8ed12-influence-30",
    "NE-COUNTRY-Brazil": "NE-COUNTRY-Brazil"
  },
  "onu_85077234208.json": {
    "NE-COUNTRY-Brazil": "NE-COUNTRY-Brazil"
  },
  "onu_85077945350.json": {
    "5988fd69-592d-47e1-9aa6-df9d282706cb-about-14": "e5183355-b1b6-474b-bef3-dcc000293be4-here-34"
  },
  "onu_85078010553.json": {
    "5988fd69-592d-47e1-9aa6-df9d282706cb-impact-4": "8b856b86-bebe-4ded-9624-c946c2d1bff7-impacts-7"
  },
  "onu_85078233209.json": {
    "NE-COUNTRY-Brazil": "NE-COUNTRY-Brazil"
  },
  "onu_85079351203.json": {
    "5988fd69-592d-47e1-9aa6-df9d282706cb-output-21": "da566f30-68dc-4ed8-990f-a0817cb9497f-vertically-17",
    "NE-COUNTRY-Brazil": "NE-COUNTRY-Brazil"
  },
  "onu_85079784581.json": {
    "NE-COUNTRY-Brazil": "NE-COUNTRY-Brazil"
  },
  "onu_85080813467.json": {
    "5988fd69-592d-47e1-9aa6-df9d282706cb-about-5-200,000-6-bpd-7": "9e4dd2b4-cdb0-41c5-ae48-7b455a7cfc9f-150,000-12-tourists-13",
    "NE-COUNTRY-Brazil": "NE-COUNTRY-Brazil"
  },
  "onu_85083240666.json": {},
  "onu_85083341760.json": {},
  "onu_85084024263.json": {
    "NE-COUNTRY-Brazil": "NE-COUNTRY-Brazil"
  },
  "onu_85084454298.json": {},
  "onu_85084634006.json": {},
  "onu_85084667903.json": {},
  "onu_85084945361.json": {
    "NE-COUNTRY-Brazil": "NE-COUNTRY-Brazil"
  },
  "onu_85085054148.json": {},
  "onu_85085298469.json": {},
  "onu_85085408490.json": {
    "NE-ORGANIZATION-Petrobras": "47bed0cf-53f1-4cbc-8757-a9c45441f91a-PETROBRÁS-1"
  },
  "onu_85085473397.json": {},
  "onu_85085492342.json": {
    "NE-PERCENT-3.5%": "9b5ef88f-0237-4d61-abb2-7580cab31fbb-99.6-11"
  },
  "onu_85085773523.json": {
    "NE-ORGANIZATION-Petrobras": "NE-ORGANIZATION-Petrobras",
    "5988fd69-592d-47e1-9aa6-df9d282706cb-fields-14": "ab307ab9-374d-477f-9d96-1a0fda460239-fields-16",
    "5988fd69-592d-47e1-9aa6-df9d282706cb-discussion-2": "ab307ab9-374d-477f-9d96-1a0fda460239-discussion-2"
  },
  "onu_85085773731.json": {
    "NE-ORGANIZATION-Petrobras": "NE-ORGANIZATION-Petrobras"
  },
  "onu_85085773745.json": {
    "5988fd69-592d-47e1-9aa6-df9d282706cb-offshore-13": "21225434-c8fc-441d-b277-65da424c77e7-offshore-20",
    "5988fd69-592d-47e1-9aa6-df9d282706cb-output-21": "21225434-c8fc-441d-b277-65da424c77e7-highly-4",
    "5988fd69-592d-47e1-9aa6-df9d282706cb-very-28": "21225434-c8fc-441d-b277-65da424c77e7-highly-4",
    "5988fd69-592d-47e1-9aa6-df9d282706cb-oil-10-productions-11": "21225434-c8fc-441d-b277-65da424c77e7-oil-18-production-19",
    "5988fd69-592d-47e1-9aa6-df9d282706cb-impact-4": "21225434-c8fc-441d-b277-65da424c77e7-impact-26"
  },
  "onu_85085773825.json": {},
  "onu_85085773875.json": {
    "5988fd69-592d-47e1-9aa6-df9d282706cb-very-28": "d606c7b3-ce98-4023-8a39-196528dd3002-very-5",
    "5988fd69-592d-47e1-9aa6-df9d282706cb-product-6-prices-7": "d606c7b3-ce98-4023-8a39-196528dd3002-oil-4-prices-5"
  },
  "onu_85085774498.json": {
    "NE-COUNTRY-Brazil": "NE-COUNTRY-Brazil",
    "NE-ORGANIZATION-Petrobras": "NE-ORGANIZATION-Petrobras",
    "5988fd69-592d-47e1-9aa6-df9d282706cb-offshore-13": "801b16ca-c991-454c-b97a-b358ab8eea75-offshore-3"
  },
  "onu_85085774511.json": {
    "NE-COUNTRY-Brazil": "NE-COUNTRY-Brazil"
  },
  "onu_85085774766.json": {
    "NE-ORGANIZATION-Petrobras": "NE-ORGANIZATION-Petrobras",
    "5988fd69-592d-47e1-9aa6-df9d282706cb-very-28": "5c9d47d5-c3a5-4b99-97b0-f55b0ce24e97-very-13"
  },
  "onu_85085775194.json": {
    "NE-ORGANIZATION-Petrobras": "NE-ORGANIZATION-Petrobras"
  },
  "onu_85085775396.json": {
    "NE-COUNTRY-Brazil": "NE-COUNTRY-Brazil"
  },
  "onu_85085775562.json": {
    "5988fd69-592d-47e1-9aa6-df9d282706cb-output-21": "5e83a3a6-8e89-4b18-8ff5-f69454f22032-processing-9"
  },
  "onu_85085775753.json": {
    "5988fd69-592d-47e1-9aa6-df9d282706cb-1.76-23-million-24-bpd-25": "72eacda2-592b-43b1-a3c6-ae79db1d0a06-139.78-17-mL.kg-18-1dw-20",
    "5988fd69-592d-47e1-9aa6-df9d282706cb-average-22": "72eacda2-592b-43b1-a3c6-ae79db1d0a06-average-8"
  },
  "onu_85085775962.json": {},
  "onu_85085776151.json": {
    "NE-ORGANIZATION-Petrobras": "NE-ORGANIZATION-PETROBRAS"
  },
  "onu_85085776159.json": {
    "NE-ORGANIZATION-Petrobras": "NE-ORGANIZATION-Petrobras"
  },
  "onu_85085776356.json": {
    "NE-ORGANIZATION-Petrobras": "NE-ORGANIZATION-Petrobras",
    "NE-COUNTRY-Brazil": "NE-COUNTRY-Brazil"
  },
  "onu_85085776372.json": {
    "5988fd69-592d-47e1-9aa6-df9d282706cb-output-21": "c59dc365-dd43-4a22-8bcc-877027142262-processes-16"
  },
  "onu_85085776540.json": {
    "5988fd69-592d-47e1-9aa6-df9d282706cb-output-21": "544389f0-af01-489c-a71e-5e23542d32c5-Therefore-1",
    "5988fd69-592d-47e1-9aa6-df9d282706cb-very-28": "544389f0-af01-489c-a71e-5e23542d32c5-very-8"
  },
  "onu_85085776958.json": {
    "5988fd69-592d-47e1-9aa6-df9d282706cb-they-23": "6dbb2a6b-d66e-49c3-a7f3-450475d69123-they-5",
    "NE-COUNTRY-Brazil": "NE-COUNTRY-Brazil"
  },
  "onu_85085777009.json": {
    "NE-ORGANIZATION-Petrobras": "NE-ORGANIZATION-Petrobras"
  },
  "onu_85085777884.json": {
    "5988fd69-592d-47e1-9aa6-df9d282706cb-impact-4": "943cc533-ce82-452e-94d0-14fafa0d4754-impacts-27",
    "NE-COUNTRY-Brazil": "NE-COUNTRY-Brazil"
  },
  "onu_85085778037.json": {
    "NE-ORGANIZATION-Petrobras": "NE-ORGANIZATION-Petrobras"
  },
  "onu_85085778412.json": {},
  "onu_85085778651.json": {},
  "onu_85085778850.json": {
    "5988fd69-592d-47e1-9aa6-df9d282706cb-offshore-13": "aefa100b-fd33-476c-8121-310d23ec4cbc-drilling-5"
  },
  "onu_85085778895.json": {
    "NE-ORGANIZATION-Petrobras": "NE-ORGANIZATION-Petrobras"
  },
  "onu_85085779136.json": {
    "NE-ORGANIZATION-Petrobras": "NE-ORGANIZATION-Petrobras",
    "5988fd69-592d-47e1-9aa6-df9d282706cb-fields-14": "242b3b58-d08d-46cf-9db1-3ced34a59265-fields-7"
  },
  "onu_85085779144.json": {
    "5988fd69-592d-47e1-9aa6-df9d282706cb-offshore-13": "be3e799c-8e30-4190-9f13-a88110e85837-offshore-24",
    "NE-COUNTRY-Brazil": "NE-COUNTRY-Brazil"
  },
  "onu_85085780309.json": {},
  "onu_85085850094.json": {
    "NE-ORGANIZATION-Petrobras": "NE-ORGANIZATION-Petrobras",
    "NE-MONEY-$10": "NE-MONEY-US$-40-billion",
    "NE-DATE-2003": "NE-DATE-2003",
    "NE-COUNTRY-Brazil": "NE-COUNTRY-Brazil"
  },
  "onu_85086232639.json": {
    "NE-COUNTRY-Brazil": "NE-COUNTRY-Brazil"
  },
  "onu_85086245971.json": {
    "5988fd69-592d-47e1-9aa6-df9d282706cb-offshore-13": "5b314478-44cb-4cb9-a631-b9e343125cc4-offshore-11"
  },
  "onu_85086248840.json": {
    "NE-ORGANIZATION-Petrobras": "NE-ORGANIZATION-Petrobras",
    "NE-COUNTRY-Brazil": "NE-COUNTRY-Brazil"
  },
  "onu_85086257600.json": {},
  "onu_85086355916.json": {
    "NE-COUNTRY-Brazil": "NE-COUNTRY-Brazil"
  },
  "onu_85086628030.json": {},
  "onu_85086649140.json": {
    "5988fd69-592d-47e1-9aa6-df9d282706cb-output-21": "c9f847a3-c49c-4b1b-a35a-2782aa506380-rapidly-28"
  },
  "onu_85086667338.json": {},
  "onu_85086808985.json": {
    "5988fd69-592d-47e1-9aa6-df9d282706cb-fields-14": "bf917e90-7343-4ac5-9605-4309e100073a-fields-26",
    "5988fd69-592d-47e1-9aa6-df9d282706cb-discussion-2": "bf917e90-7343-4ac5-9605-4309e100073a-discussion-2"
  },
  "onu_85086809805.json": {
    "NE-ORGANIZATION-Petrobras": "NE-ORGANIZATION-Petrobras",
    "5988fd69-592d-47e1-9aa6-df9d282706cb-very-28": "6af17be2-6207-49d6-b833-4d7a7d7f3202-very-13",
    "NE-COUNTRY-Brazil": "NE-COUNTRY-Brazil"
  },
  "onu_85086829622.json": {
    "NE-COUNTRY-Brazil": "NE-COUNTRY-Brazil"
  },
  "onu_85086929987.json": {},
  "onu_85087227840.json": {},
  "onu_85087228205.json": {
    "5988fd69-592d-47e1-9aa6-df9d282706cb-offshore-13": "fb7e8c11-5740-4da0-9139-e7047dada05c-offshore-10",
    "5988fd69-592d-47e1-9aa6-df9d282706cb-reduction-2": "fb7e8c11-5740-4da0-9139-e7047dada05c-reduction-47",
    "NE-MONEY-$10": "NE-MONEY-$7-million",
    "NE-COUNTRY-Brazil": "NE-COUNTRY-Brazil"
  },
  "onu_85087345946.json": {
    "5988fd69-592d-47e1-9aa6-df9d282706cb-very-28": "ecbc98e9-efbb-4ae9-83bd-05ad8cc1b6e9-very-4",
    "NE-COUNTRY-Brazil": "NE-COUNTRY-Brazil"
  }
}