{
  "onu_10228776.json": {
    "919869c7-27ec-44eb-bc21-ebd2300438cf-paper-2": "8ccf6711-4359-43f1-af56-bff91be221df-paper-2"
  },
  "onu_11244281653.json": {
    "NE-ORGANIZATION-PETROBRAS": "NE-ORGANIZATION-Petrobras"
  },
  "onu_14467639.json": {
    "NE-ORGANIZATION-PETROBRAS": "NE-ORGANIZATION-Petrobras"
  },
  "onu_14928592.json": {
    "NE-CITY-Bay": "NE-CITY-Bay"
  },
  "onu_1642522078.json": {
    "919869c7-27ec-44eb-bc21-ebd2300438cf-paper-2": "4e1ac6e0-5aee-4eb0-9ad0-694f3ac8f48a-paper-2"
  },
  "onu_16964104.json": {
    "NE-ORGANIZATION-PETROBRAS": "NE-ORGANIZATION-Petrobras",
    "919869c7-27ec-44eb-bc21-ebd2300438cf-paper-2": "e73719d8-439a-4c06-a2a0-fc90e94e87eb-article-2"
  },
  "onu_17044389842.json": {
    "NE-ORGANIZATION-PETROBRAS": "NE-ORGANIZATION-Petrobras"
  },
  "onu_17144436283.json": {
    "919869c7-27ec-44eb-bc21-ebd2300438cf-water-15-surface-16": "98101f72-00fb-4f23-a31d-93a1ed4242cc-water-15-fields-16",
    "919869c7-27ec-44eb-bc21-ebd2300438cf-paper-2": "98101f72-00fb-4f23-a31d-93a1ed4242cc-paper-2",
    "NE-ORGANIZATION-PETROBRAS": "NE-ORGANIZATION-Petrobras"
  },
  "onu_17344364742.json": {
    "NE-ORGANIZATION-PETROBRAS": "NE-ORGANIZATION-Petrobras",
    "NE-CITY-Bay": "9904aa2e-63e4-415c-ba81-2791b35da710-bay-12",
    "919869c7-27ec-44eb-bc21-ebd2300438cf-oil-9": "9904aa2e-63e4-415c-ba81-2791b35da710-mainly-5",
    "919869c7-27ec-44eb-bc21-ebd2300438cf-areas-12": "9904aa2e-63e4-415c-ba81-2791b35da710-areas-7"
  },
  "onu_1842589247.json": {
    "NE-ORGANIZATION-PETROBRAS": "NE-ORGANIZATION-Petrobras",
    "919869c7-27ec-44eb-bc21-ebd2300438cf-oil-9": "86ce1fc3-c8bf-4c6a-a95c-3d6327b9cd9e-offshore-22"
  },
  "onu_18944382016.json": {
    "919869c7-27ec-44eb-bc21-ebd2300438cf-oil-9": "fb88d818-da09-4532-84e1-3afecd911792-reservoir-26"
  },
  "onu_19586421.json": {
    "NE-ORGANIZATION-PETROBRAS": "NE-ORGANIZATION-Petrobras"
  },
  "onu_20736039.json": {},
  "onu_21575939.json": {},
  "onu_2342418572.json": {
    "919869c7-27ec-44eb-bc21-ebd2300438cf-paper-2": "dbc773c9-4c74-40cf-bad8-8cad13ba1be9-article-2"
  },
  "onu_2342623297.json": {
    "NE-ORGANIZATION-PETROBRAS": "f25f6215-5192-4162-b2e7-5bee2a7f90d8-Petróbras-1",
    "919869c7-27ec-44eb-bc21-ebd2300438cf-oil-9": "f25f6215-5192-4162-b2e7-5bee2a7f90d8-oil-117"
  },
  "onu_23699043.json": {},
  "onu_23844461981.json": {
    "NE-ORGANIZATION-PETROBRAS": "NE-ORGANIZATION-Petrobras"
  },
  "onu_24044508291.json": {
    "919869c7-27ec-44eb-bc21-ebd2300438cf-oil-9": "172d53b1-9917-4393-8895-7e062ea5429d-well-7",
    "NE-ORGANIZATION-PETROBRAS": "NE-ORGANIZATION-Petrobras",
    "NE-CITY-Bay": "NE-CITY-Bay"
  },
  "onu_24050293.json": {
    "NE-ORGANIZATION-PETROBRAS": "NE-ORGANIZATION-Petrobras"
  },
  "onu_242694501.json": {
    "919869c7-27ec-44eb-bc21-ebd2300438cf-oil-4-detection-5": "99dd1d4b-cba2-437d-bebf-f7012dc3111a-oil-9-fields-10"
  },
  "onu_24662461.json": {},
  "onu_24769642.json": {
    "NE-ORGANIZATION-PETROBRAS": "NE-ORGANIZATION-Petrobras"
  },
  "onu_24867907.json": {},
  "onu_25054779.json": {},
  "onu_25144481375.json": {},
  "onu_25444510078.json": {
    "NE-CITY-Bay": "adad3cf5-16ae-4cec-b91d-60c5da9121ac-shores-15",
    "NE-ORGANIZATION-PETROBRAS": "adad3cf5-16ae-4cec-b91d-60c5da9121ac-Petrobras-18-project-19"
  },
  "onu_26244445255.json": {
    "919869c7-27ec-44eb-bc21-ebd2300438cf-oil-4-detection-5": "56ff964f-2871-425b-84b1-fb6ad329d9e9-oil-10-field-11",
    "NE-ORGANIZATION-PETROBRAS": "NE-ORGANIZATION-Petrobras"
  },
  "onu_26850121.json": {},
  "onu_27744595461.json": {
    "NE-ORGANIZATION-PETROBRAS": "NE-ORGANIZATION-PETROBRAS"
  },
  "onu_30311937.json": {
    "NE-ORGANIZATION-PETROBRAS": "NE-ORGANIZATION-Petrobras",
    "919869c7-27ec-44eb-bc21-ebd2300438cf-paper-2": "007fd580-5ecb-4536-a243-38b5370a241f-paper-2",
    "919869c7-27ec-44eb-bc21-ebd2300438cf-application-5": "007fd580-5ecb-4536-a243-38b5370a241f-application-6"
  },
  "onu_30706349.json": {
    "919869c7-27ec-44eb-bc21-ebd2300438cf-oil-11-spill-12-monitoring-13": "c2c1112b-eb03-4a92-92fa-46cb7e40b8cc-oil-4-exploration-5",
    "NE-ORGANIZATION-PETROBRAS": "NE-ORGANIZATION-PETROBRAS"
  },
  "onu_31206995.json": {
    "NE-ORGANIZATION-PETROBRAS": "NE-ORGANIZATION-Petrobras"
  },
  "onu_31375269.json": {
    "919869c7-27ec-44eb-bc21-ebd2300438cf-paper-2": "5cee35a4-a50e-4d54-932a-8a8e57e575cd-paper-2",
    "919869c7-27ec-44eb-bc21-ebd2300438cf-have-4-utilized-6": "5cee35a4-a50e-4d54-932a-8a8e57e575cd-have-5-proposed-7"
  },
  "onu_32444448833.json": {
    "NE-ORGANIZATION-PETROBRAS": "NE-ORGANIZATION-Petrobras"
  },
  "onu_33293728.json": {
    "919869c7-27ec-44eb-bc21-ebd2300438cf-paper-2": "cfd050f2-67ba-42f7-a36c-18e221b0e3a7-paper-2"
  },
  "onu_33295123.json": {
    "919869c7-27ec-44eb-bc21-ebd2300438cf-water-15-surface-16": "0197b3f7-4b35-4e53-9441-4ec6cc6ce4f9-water-20-masses-21",
    "919869c7-27ec-44eb-bc21-ebd2300438cf-paper-2": "0197b3f7-4b35-4e53-9441-4ec6cc6ce4f9-paper-2",
    "NE-ORGANIZATION-PETROBRAS": "NE-ORGANIZATION-PETROBRAS"
  },
  "onu_33295407.json": {
    "NE-ORGANIZATION-PETROBRAS": "NE-ORGANIZATION-Petrobras",
    "919869c7-27ec-44eb-bc21-ebd2300438cf-paper-2": "69bf6b3a-01bd-4e40-a6e1-94da71019c1c-paper-2"
  },
  "onu_33644613229.json": {
    "919869c7-27ec-44eb-bc21-ebd2300438cf-oil-11-spill-12-monitoring-13": "20e89570-d632-400e-b304-ad0e644f1a32-offshore-10-oil-11-resources-12",
    "NE-ORGANIZATION-PETROBRAS": "NE-ORGANIZATION-Petrobras"
  },
  "onu_33645422493.json": {
    "NE-ORGANIZATION-PETROBRAS": "NE-ORGANIZATION-Petrobras"
  },
  "onu_33646023976.json": {
    "919869c7-27ec-44eb-bc21-ebd2300438cf-paper-2": "4d5d6714-e3d6-4798-a96f-5279e7b9359d-paper-2",
    "919869c7-27ec-44eb-bc21-ebd2300438cf-oil-11-spill-12-monitoring-13": "4d5d6714-e3d6-4798-a96f-5279e7b9359d-oil-34-contamination-35",
    "919869c7-27ec-44eb-bc21-ebd2300438cf-areas-12": "4d5d6714-e3d6-4798-a96f-5279e7b9359d-area-41",
    "NE-CITY-Bay": "NE-CITY-Bay",
    "NE-LOCATION-Guanabara": "NE-LOCATION-Guanabara",
    "919869c7-27ec-44eb-bc21-ebd2300438cf-covered-11": "4d5d6714-e3d6-4798-a96f-5279e7b9359d-affected-15"
  },
  "onu_33646035823.json": {
    "NE-LOCATION-Guanabara": "NE-LOCATION-Guanabara",
    "NE-CITY-Bay": "NE-CITY-Bay",
    "919869c7-27ec-44eb-bc21-ebd2300438cf-Image-1-classification-2-procedures-3": "fdf24c0d-8db3-43be-b74d-b05c1bdf85a5-classification-3-procedure-4",
    "919869c7-27ec-44eb-bc21-ebd2300438cf-areas-12": "fdf24c0d-8db3-43be-b74d-b05c1bdf85a5-areas-11",
    "919869c7-27ec-44eb-bc21-ebd2300438cf-covered-11": "fdf24c0d-8db3-43be-b74d-b05c1bdf85a5-covered-42",
    "919869c7-27ec-44eb-bc21-ebd2300438cf-oil-9": "fdf24c0d-8db3-43be-b74d-b05c1bdf85a5-oil-8",
    "919869c7-27ec-44eb-bc21-ebd2300438cf-water-15-surface-16": "fdf24c0d-8db3-43be-b74d-b05c1bdf85a5-water-14-surface-15",
    "919869c7-27ec-44eb-bc21-ebd2300438cf-Ambiguities-1": "fdf24c0d-8db3-43be-b74d-b05c1bdf85a5-Ambiguities-1",
    "919869c7-27ec-44eb-bc21-ebd2300438cf-aid-10": "fdf24c0d-8db3-43be-b74d-b05c1bdf85a5-aid-10",
    "919869c7-27ec-44eb-bc21-ebd2300438cf-ancillary-12": "fdf24c0d-8db3-43be-b74d-b05c1bdf85a5-ancillary-12",
    "919869c7-27ec-44eb-bc21-ebd2300438cf-information-13": "fdf24c0d-8db3-43be-b74d-b05c1bdf85a5-information-13",
    "919869c7-27ec-44eb-bc21-ebd2300438cf-oil-4-detection-5": "fdf24c0d-8db3-43be-b74d-b05c1bdf85a5-oil-4-detection-5",
    "NE-ORGANIZATION-PETROBRAS": "NE-ORGANIZATION-PETROBRAS",
    "919869c7-27ec-44eb-bc21-ebd2300438cf-emergency-9-response-10-procedures-11": "fdf24c0d-8db3-43be-b74d-b05c1bdf85a5-emergency-9-response-10-procedures-11"
  },
  "onu_33646043488.json": {
    "919869c7-27ec-44eb-bc21-ebd2300438cf-oil-11-spill-12-monitoring-13": "39c4c261-18a8-4b03-aca4-45d607c671ce-oil-8-spill-9",
    "919869c7-27ec-44eb-bc21-ebd2300438cf-emergency-9-response-10-procedures-11": "39c4c261-18a8-4b03-aca4-45d607c671ce-emergency-3-response-4-effort-5",
    "919869c7-27ec-44eb-bc21-ebd2300438cf-covered-11": "39c4c261-18a8-4b03-aca4-45d607c671ce-impacted-14"
  },
  "onu_33646056106.json": {
    "NE-CITY-Bay": "NE-CITY-Bay",
    "NE-LOCATION-Guanabara": "NE-LOCATION-Guanabara",
    "NE-ORGANIZATION-PETROBRAS": "NE-ORGANIZATION-PETROBRAS",
    "919869c7-27ec-44eb-bc21-ebd2300438cf-paper-2": "3f9b434e-048b-4cc7-9f64-90faa942c0b7-paper-2"
  },
  "onu_33646056405.json": {
    "NE-ORGANIZATION-PETROBRAS": "NE-ORGANIZATION-Petrobras",
    "NE-CITY-Bay": "NE-CITY-Bay",
    "NE-LOCATION-Guanabara": "NE-LOCATION-Guanabara"
  },
  "onu_33646073069.json": {
    "919869c7-27ec-44eb-bc21-ebd2300438cf-oil-11-spill-12-monitoring-13": "c34753c7-bece-49e6-8cfe-9e17f85cdefc-oil-9-spill-10",
    "NE-ORGANIZATION-PETROBRAS": "NE-ORGANIZATION-PETROBRAS",
    "919869c7-27ec-44eb-bc21-ebd2300438cf-paper-2": "c34753c7-bece-49e6-8cfe-9e17f85cdefc-paper-2"
  },
  "onu_33646452775.json": {
    "NE-ORGANIZATION-PETROBRAS": "NE-ORGANIZATION-Petrobras"
  },
  "onu_33745228406.json": {
    "NE-ORGANIZATION-PETROBRAS": "NE-ORGANIZATION-Petrobras"
  },
  "onu_33745354316.json": {
    "NE-ORGANIZATION-PETROBRAS": "NE-ORGANIZATION-PETROBRAS"
  },
  "onu_33745713604.json": {
    "NE-ORGANIZATION-PETROBRAS": "NE-ORGANIZATION-Petrobras",
    "919869c7-27ec-44eb-bc21-ebd2300438cf-paper-2": "ce8af812-48d1-4148-a2b4-62388fc22f37-paper-2"
  },
  "onu_33746039693.json": {
    "NE-CITY-Bay": "6a2b057a-9342-42a7-9a7b-03480bcc5bd7-continent-27",
    "NE-ORGANIZATION-PETROBRAS": "NE-ORGANIZATION-Petrobras"
  },
  "onu_33748460104.json": {
    "919869c7-27ec-44eb-bc21-ebd2300438cf-oil-9": "920d8eef-1ebb-4cab-8288-cea4cd878488-offshore-15",
    "NE-ORGANIZATION-PETROBRAS": "NE-ORGANIZATION-Petrobras"
  },
  "onu_33749265496.json": {
    "NE-ORGANIZATION-PETROBRAS": "NE-ORGANIZATION-Petrobras"
  },
  "onu_33751312200.json": {
    "919869c7-27ec-44eb-bc21-ebd2300438cf-have-4-utilized-6": "0c8feb86-ed53-4518-8929-20e43783eecc-have-6-used-8",
    "NE-ORGANIZATION-PETROBRAS": "NE-ORGANIZATION-PETROBRAS"
  },
  "onu_33751315219.json": {
    "NE-ORGANIZATION-PETROBRAS": "NE-ORGANIZATION-PETROBRAS",
    "919869c7-27ec-44eb-bc21-ebd2300438cf-areas-12": "0709a62c-a215-4068-a74c-360cc8510fa9-areas-7"
  },
  "onu_34250708084.json": {
    "NE-ORGANIZATION-PETROBRAS": "NE-ORGANIZATION-Petrobras"
  },
  "onu_344309110.json": {
    "NE-ORGANIZATION-PETROBRAS": "NE-ORGANIZATION-Petrobras",
    "919869c7-27ec-44eb-bc21-ebd2300438cf-data-9": "8fb8097e-c81f-447a-a4d8-43a43dba6438-data-8",
    "919869c7-27ec-44eb-bc21-ebd2300438cf-paper-2": "8fb8097e-c81f-447a-a4d8-43a43dba6438-paper-2"
  },
  "onu_344741441.json": {
    "NE-ORGANIZATION-PETROBRAS": "NE-ORGANIZATION-Petrobras",
    "919869c7-27ec-44eb-bc21-ebd2300438cf-have-4-utilized-6": "1de3c47d-c84d-4a38-b042-489e5b30b72e-have-3-developed-7",
    "919869c7-27ec-44eb-bc21-ebd2300438cf-paper-2": "1de3c47d-c84d-4a38-b042-489e5b30b72e-paper-19"
  },
  "onu_345171568.json": {
    "NE-ORGANIZATION-PETROBRAS": "NE-ORGANIZATION-Petrobras"
  },
  "onu_34531605.json": {
    "919869c7-27ec-44eb-bc21-ebd2300438cf-remote-7": "0f4e8dae-921f-4f9e-8d26-552e9ebde1e1-intelligent-10",
    "NE-ORGANIZATION-PETROBRAS": "NE-ORGANIZATION-Petrobras"
  },
  "onu_34547893063.json": {
    "919869c7-27ec-44eb-bc21-ebd2300438cf-paper-2": "be5ea7f2-eaf1-4194-82d5-01264cdce152-paper-2",
    "NE-ORGANIZATION-PETROBRAS": "NE-ORGANIZATION-Petrobras"
  },
  "onu_345603133.json": {},
  "onu_345603650.json": {
    "NE-ORGANIZATION-PETROBRAS": "NE-ORGANIZATION-PETROBRAS"
  },
  "onu_34686357.json": {
    "NE-ORGANIZATION-PETROBRAS": "NE-ORGANIZATION-Petrobras"
  },
  "onu_34984147.json": {
    "NE-ORGANIZATION-PETROBRAS": "NE-ORGANIZATION-Petrobras"
  },
  "onu_36768397.json": {
    "NE-ORGANIZATION-PETROBRAS": "NE-ORGANIZATION-Petrobras"
  },
  "onu_37304895.json": {
    "919869c7-27ec-44eb-bc21-ebd2300438cf-paper-2": "6bacd7ac-6903-41a6-a534-aa3361728c0d-paper-2",
    "919869c7-27ec-44eb-bc21-ebd2300438cf-water-15-surface-16": "6bacd7ac-6903-41a6-a534-aa3361728c0d-water-12-reservoirs-13",
    "NE-ORGANIZATION-PETROBRAS": "NE-ORGANIZATION-Petrobras"
  },
  "onu_40349089123.json": {
    "919869c7-27ec-44eb-bc21-ebd2300438cf-paper-2": "50180d4d-99ad-4416-b364-8467ab844fae-paper-2",
    "919869c7-27ec-44eb-bc21-ebd2300438cf-data-9": "50180d4d-99ad-4416-b364-8467ab844fae-technologies-12",
    "NE-ORGANIZATION-PETROBRAS": "NE-ORGANIZATION-PETROBRAS"
  },
  "onu_4043182709.json": {
    "NE-ORGANIZATION-PETROBRAS": "NE-ORGANIZATION-Petrobras"
  },
  "onu_41849140524.json": {
    "NE-CITY-Bay": "d5ee487c-3b46-46fc-a521-837aed5b9969-bay-97",
    "919869c7-27ec-44eb-bc21-ebd2300438cf-data-9": "d5ee487c-3b46-46fc-a521-837aed5b9969-data-9",
    "919869c7-27ec-44eb-bc21-ebd2300438cf-water-15-surface-16": "d5ee487c-3b46-46fc-a521-837aed5b9969-water-23-properties-24"
  },
  "onu_47849110025.json": {
    "NE-ORGANIZATION-PETROBRAS": "NE-ORGANIZATION-Petrobras"
  },
  "onu_50249174640.json": {
    "NE-ORGANIZATION-PETROBRAS": "NE-ORGANIZATION-Petrobras"
  },
  "onu_50249181836.json": {
    "NE-ORGANIZATION-PETROBRAS": "NE-ORGANIZATION-Petrobras"
  },
  "onu_51649098845.json": {},
  "onu_52049093008.json": {
    "NE-ORGANIZATION-PETROBRAS": "NE-ORGANIZATION-Petrobras"
  },
  "onu_52249116622.json": {
    "NE-CITY-Bay": "NE-CITY-Bay",
    "NE-LOCATION-Guanabara": "NE-LOCATION-of-Guanabara",
    "NE-ORGANIZATION-PETROBRAS": "NE-ORGANIZATION-Petrobras"
  },
  "onu_52349109473.json": {
    "919869c7-27ec-44eb-bc21-ebd2300438cf-oil-11-spill-12-monitoring-13": "69eb9371-1b92-4f24-801d-8748c6728bc5-oil-15-production-18",
    "919869c7-27ec-44eb-bc21-ebd2300438cf-water-15-surface-16": "69eb9371-1b92-4f24-801d-8748c6728bc5-water-21-depth-22",
    "NE-ORGANIZATION-PETROBRAS": "NE-ORGANIZATION-Petrobras"
  },
  "onu_52849106027.json": {
    "919869c7-27ec-44eb-bc21-ebd2300438cf-paper-2": "35a41731-8e50-4777-9d82-156d471c0ae7-paper-2"
  },
  "onu_57649139087.json": {},
  "onu_58849128774.json": {
    "919869c7-27ec-44eb-bc21-ebd2300438cf-paper-2": "405fb23b-a959-4bb4-bed3-b32aa1a95cad-paper-2"
  },
  "onu_59649088185.json": {
    "NE-CITY-Bay": "NE-CITY-Bay",
    "NE-LOCATION-Guanabara": "NE-LOCATION-Guanabara",
    "NE-ORGANIZATION-PETROBRAS": "NE-ORGANIZATION-Petrobras"
  },
  "onu_68649086917.json": {
    "NE-ORGANIZATION-PETROBRAS": "NE-ORGANIZATION-Petrobras"
  },
  "onu_68649124056.json": {
    "919869c7-27ec-44eb-bc21-ebd2300438cf-water-15-surface-16": "1ddb617f-5d63-4fae-b6e3-3e210eb638a3-water-28-depth-29",
    "NE-ORGANIZATION-PETROBRAS": "NE-ORGANIZATION-Petrobras"
  },
  "onu_68649126570.json": {
    "919869c7-27ec-44eb-bc21-ebd2300438cf-oil-11-spill-12-monitoring-13": "7c69eb4c-e764-45a7-a7e2-9b6a99b69281-water-3-injection-4-wells-5"
  },
  "onu_70449127482.json": {
    "919869c7-27ec-44eb-bc21-ebd2300438cf-paper-2": "5082c4a7-cf6e-45cd-b5f9-5834141f90b5-paper-2",
    "919869c7-27ec-44eb-bc21-ebd2300438cf-environment-22": "5082c4a7-cf6e-45cd-b5f9-5834141f90b5-Environment-32",
    "NE-ORGANIZATION-PETROBRAS": "NE-ORGANIZATION-Petrobras"
  },
  "onu_70449650835.json": {
    "919869c7-27ec-44eb-bc21-ebd2300438cf-oil-9": "fa7eba80-2962-449f-ab5e-c7372a6dd9af-well-11",
    "NE-ORGANIZATION-PETROBRAS": "NE-ORGANIZATION-Petrobras"
  },
  "onu_72449143175.json": {
    "NE-ORGANIZATION-PETROBRAS": "NE-ORGANIZATION-Petrobras"
  },
  "onu_73349086227.json": {
    "NE-ORGANIZATION-PETROBRAS": "NE-ORGANIZATION-Petrobras"
  },
  "onu_77449138097.json": {
    "NE-ORGANIZATION-PETROBRAS": "NE-ORGANIZATION-Petrobras"
  },
  "onu_77955388680.json": {
    "919869c7-27ec-44eb-bc21-ebd2300438cf-paper-2": "6853be13-f2b8-4273-b0f4-b628a386d69b-paper-2",
    "NE-ORGANIZATION-PETROBRAS": "NE-ORGANIZATION-Petrobras"
  },
  "onu_77955408815.json": {
    "919869c7-27ec-44eb-bc21-ebd2300438cf-paper-2": "3fbbdd88-8638-4b37-a689-c218c2b9f313-paper-2",
    "919869c7-27ec-44eb-bc21-ebd2300438cf-application-5": "3fbbdd88-8638-4b37-a689-c218c2b9f313-application-7",
    "919869c7-27ec-44eb-bc21-ebd2300438cf-sensing-8": "3fbbdd88-8638-4b37-a689-c218c2b9f313-practical-6",
    "919869c7-27ec-44eb-bc21-ebd2300438cf-remote-7": "3fbbdd88-8638-4b37-a689-c218c2b9f313-accomplished-13",
    "NE-ORGANIZATION-PETROBRAS": "NE-ORGANIZATION-Petrobras"
  },
  "onu_77956543361.json": {
    "919869c7-27ec-44eb-bc21-ebd2300438cf-areas-12": "c4702ddf-05e9-4145-8bd7-0d8312bab9e6-area-19",
    "NE-ORGANIZATION-PETROBRAS": "NE-ORGANIZATION-Petrobras"
  },
  "onu_77956858304.json": {
    "NE-ORGANIZATION-PETROBRAS": "NE-ORGANIZATION-Petrobras"
  },
  "onu_77958012173.json": {},
  "onu_78049320828.json": {
    "919869c7-27ec-44eb-bc21-ebd2300438cf-oil-11-spill-12-monitoring-13": "b0408dc9-8c82-423c-98ff-ebbb41b36282-oil-6-discovery-7",
    "NE-ORGANIZATION-PETROBRAS": "NE-ORGANIZATION-Petrobras"
  },
  "onu_78649387727.json": {
    "NE-ORGANIZATION-PETROBRAS": "NE-ORGANIZATION-Petrobras"
  },
  "onu_78650855754.json": {},
  "onu_79952546010.json": {
    "919869c7-27ec-44eb-bc21-ebd2300438cf-paper-2": "b40df2ca-cdf7-4284-8597-8f166cac093a-paper-2",
    "NE-ORGANIZATION-PETROBRAS": "NE-ORGANIZATION-Petrobras"
  },
  "onu_79952620223.json": {
    "919869c7-27ec-44eb-bc21-ebd2300438cf-paper-2": "c65b6b38-5933-4677-bdf7-2b10f3833625-paper-2",
    "919869c7-27ec-44eb-bc21-ebd2300438cf-application-5": "c65b6b38-5933-4677-bdf7-2b10f3833625-application-25"
  },
  "onu_79953006622.json": {
    "NE-ORGANIZATION-PETROBRAS": "NE-ORGANIZATION-Petrobras"
  },
  "onu_79955374293.json": {
    "919869c7-27ec-44eb-bc21-ebd2300438cf-paper-2": "fdf01418-b90d-4c3b-8f26-604224b4b6fb-paper-2",
    "NE-ORGANIZATION-PETROBRAS": "NE-ORGANIZATION-PETROBRAS"
  },
  "onu_79955828033.json": {
    "919869c7-27ec-44eb-bc21-ebd2300438cf-paper-2": "070900c0-3683-4838-8adf-7fc9280ff95b-paper-2",
    "919869c7-27ec-44eb-bc21-ebd2300438cf-oil-11-spill-12-monitoring-13": "070900c0-3683-4838-8adf-7fc9280ff95b-oil-8-development-9"
  },
  "onu_79959789184.json": {
    "NE-ORGANIZATION-PETROBRAS": "NE-ORGANIZATION-Petrobras"
  },
  "onu_80052069671.json": {},
  "onu_80052571318.json": {
    "919869c7-27ec-44eb-bc21-ebd2300438cf-paper-2": "6c5a99a3-587c-4891-b93a-3283c2d031e2-paper-2",
    "919869c7-27ec-44eb-bc21-ebd2300438cf-oil-11-spill-12-monitoring-13": "6c5a99a3-587c-4891-b93a-3283c2d031e2-oil-7-production-8",
    "919869c7-27ec-44eb-bc21-ebd2300438cf-oil-9": "6c5a99a3-587c-4891-b93a-3283c2d031e2-offshore-21",
    "NE-ORGANIZATION-PETROBRAS": "NE-ORGANIZATION-Petrobras"
  },
  "onu_80052582062.json": {
    "919869c7-27ec-44eb-bc21-ebd2300438cf-data-9": "7a7f6f9c-3356-4943-af08-ffb5a792d414-data-10",
    "NE-ORGANIZATION-PETROBRAS": "NE-ORGANIZATION-Petrobras"
  },
  "onu_80052741860.json": {
    "NE-CITY-Bay": "NE-CITY-Bay",
    "NE-LOCATION-Guanabara": "NE-LOCATION-Guanabara",
    "NE-ORGANIZATION-PETROBRAS": "NE-ORGANIZATION-Petrobras"
  },
  "onu_80053430040.json": {
    "NE-LOCATION-Guanabara": "NE-CITY-Guara"
  },
  "onu_80053904380.json": {
    "NE-ORGANIZATION-PETROBRAS": "NE-ORGANIZATION-Petrobras"
  },
  "onu_80053909062.json": {
    "NE-CITY-Bay": "29012263-ab66-4cfb-9814-36127693e867-region-37",
    "NE-ORGANIZATION-PETROBRAS": "NE-ORGANIZATION-Petrobras"
  },
  "onu_80053931244.json": {
    "919869c7-27ec-44eb-bc21-ebd2300438cf-have-4-utilized-6": "9e4d781b-b75d-4d08-a406-e18605539fdf-have-16-invited-18",
    "NE-ORGANIZATION-PETROBRAS": "NE-ORGANIZATION-Petrobras"
  },
  "onu_80053961084.json": {
    "919869c7-27ec-44eb-bc21-ebd2300438cf-aid-10": "00386aed-2baf-4b8b-a186-2dcd3e2dfe13-aid-13",
    "919869c7-27ec-44eb-bc21-ebd2300438cf-information-13": "00386aed-2baf-4b8b-a186-2dcd3e2dfe13-software-16"
  },
  "onu_80054757255.json": {
    "NE-ORGANIZATION-PETROBRAS": "NE-ORGANIZATION-Petrobras"
  },
  "onu_81855167522.json": {
    "919869c7-27ec-44eb-bc21-ebd2300438cf-data-9": "67a11e3d-316d-4504-abb6-d3f419bb7620-data-13",
    "NE-ORGANIZATION-PETROBRAS": "NE-ORGANIZATION-Petrobras"
  },
  "onu_82555187024.json": {},
  "onu_83155193342.json": {
    "919869c7-27ec-44eb-bc21-ebd2300438cf-application-5": "e3af93b2-aa60-45e5-8d24-87a91ead4a60-software-17",
    "919869c7-27ec-44eb-bc21-ebd2300438cf-sensing-8": "e3af93b2-aa60-45e5-8d24-87a91ead4a60-friendly-16",
    "919869c7-27ec-44eb-bc21-ebd2300438cf-remote-7": "e3af93b2-aa60-45e5-8d24-87a91ead4a60-friendly-16"
  },
  "onu_84856625676.json": {
    "NE-CITY-Bay": "NE-LOCATION-Gulf-of",
    "919869c7-27ec-44eb-bc21-ebd2300438cf-oil-9": "f46d89ca-ba74-4b07-984b-f55cacc7eb9d-not-21",
    "919869c7-27ec-44eb-bc21-ebd2300438cf-water-15-surface-16": "f46d89ca-ba74-4b07-984b-f55cacc7eb9d-water-8-depths-9",
    "NE-ORGANIZATION-PETROBRAS": "NE-ORGANIZATION-Petrobras"
  },
  "onu_84856741449.json": {
    "919869c7-27ec-44eb-bc21-ebd2300438cf-have-4-utilized-6": "6776ee78-01b1-4f8a-8af9-5284efe9468d-have-22-used-24",
    "NE-ORGANIZATION-PETROBRAS": "NE-ORGANIZATION-PETROBRAS"
  },
  "onu_84857305090.json": {
    "919869c7-27ec-44eb-bc21-ebd2300438cf-paper-2": "6f3e4645-24e4-4349-bbd4-2d20eb367316-paper-2",
    "NE-ORGANIZATION-PETROBRAS": "NE-ORGANIZATION-BR-Petrobras"
  },
  "onu_84857324711.json": {
    "919869c7-27ec-44eb-bc21-ebd2300438cf-sensing-8": "2ca4e696-bb0f-4ef9-91e4-7a25d65d6ff6-sensing-27",
    "NE-ORGANIZATION-PETROBRAS": "NE-ORGANIZATION-Petrobras"
  },
  "onu_84857483294.json": {},
  "onu_84861595246.json": {
    "919869c7-27ec-44eb-bc21-ebd2300438cf-paper-2": "204509a8-265c-4397-8149-04982bb962db-paper-2",
    "919869c7-27ec-44eb-bc21-ebd2300438cf-application-5": "204509a8-265c-4397-8149-04982bb962db-implementation-5",
    "919869c7-27ec-44eb-bc21-ebd2300438cf-data-9": "204509a8-265c-4397-8149-04982bb962db-application-22",
    "919869c7-27ec-44eb-bc21-ebd2300438cf-remote-7": "204509a8-265c-4397-8149-04982bb962db-practical-19",
    "919869c7-27ec-44eb-bc21-ebd2300438cf-have-4-utilized-6": "204509a8-265c-4397-8149-04982bb962db-have-4-exercised-6",
    "NE-ORGANIZATION-PETROBRAS": "NE-ORGANIZATION-Petrobras"
  },
  "onu_84864615590.json": {
    "919869c7-27ec-44eb-bc21-ebd2300438cf-paper-2": "0b789bcb-4b6a-4e1e-8498-8f681f20a218-paper-2",
    "NE-ORGANIZATION-PETROBRAS": "NE-ORGANIZATION-Petrobras-Business-Plan"
  },
  "onu_84864936265.json": {
    "919869c7-27ec-44eb-bc21-ebd2300438cf-have-4-utilized-6": "5635ba94-7921-4b3b-8f49-dd87f763feb9-have-18-considered-20"
  },
  "onu_84865218536.json": {
    "919869c7-27ec-44eb-bc21-ebd2300438cf-paper-2": "e955921c-620b-4103-a481-8613fc75bad6-paper-21"
  },
  "onu_84865723570.json": {
    "919869c7-27ec-44eb-bc21-ebd2300438cf-paper-2": "ee5c2e54-d5c3-4267-b45d-c2d38fa079f1-paper-2",
    "919869c7-27ec-44eb-bc21-ebd2300438cf-remote-7": "ee5c2e54-d5c3-4267-b45d-c2d38fa079f1-efficient-2"
  },
  "onu_84869199462.json": {
    "919869c7-27ec-44eb-bc21-ebd2300438cf-oil-4-detection-5": "86788da6-b594-49e1-ac23-94a6a03306a4-oil-27-fields-30"
  },
  "onu_84870604908.json": {
    "NE-ORGANIZATION-PETROBRAS": "NE-ORGANIZATION-Petrobras"
  },
  "onu_84877857340.json": {},
  "onu_84878941411.json": {
    "919869c7-27ec-44eb-bc21-ebd2300438cf-water-15-surface-16": "358ea47e-b418-4525-b65c-3998ab882728-surface-10"
  },
  "onu_84879432080.json": {
    "919869c7-27ec-44eb-bc21-ebd2300438cf-paper-2": "d22980f2-d1fa-4f87-94aa-ec684269aac1-paper-2",
    "919869c7-27ec-44eb-bc21-ebd2300438cf-remote-7": "d22980f2-d1fa-4f87-94aa-ec684269aac1-cold-7",
    "NE-ORGANIZATION-PETROBRAS": "NE-ORGANIZATION-Petrobras"
  },
  "onu_84879955769.json": {},
  "onu_84880007809.json": {
    "919869c7-27ec-44eb-bc21-ebd2300438cf-areas-12": "d4de0e22-c401-432d-9110-81f5c296679b-area-17",
    "919869c7-27ec-44eb-bc21-ebd2300438cf-oil-9": "d4de0e22-c401-432d-9110-81f5c296679b-highly-13"
  },
  "onu_84883765236.json": {
    "919869c7-27ec-44eb-bc21-ebd2300438cf-paper-2": "f3fa1d9f-bec4-4fe9-a45b-abc6d74b2e5a-study-2",
    "NE-CITY-Bay": "NE-CITY-Bay"
  },
  "onu_84883765292.json": {
    "NE-CITY-Bay": "NE-CITY-Bay"
  },
  "onu_84887507211.json": {
    "919869c7-27ec-44eb-bc21-ebd2300438cf-paper-2": "9aa61b6b-268d-41fb-a9cc-799d32a8079c-paper-2"
  },
  "onu_84888845935.json": {
    "919869c7-27ec-44eb-bc21-ebd2300438cf-areas-12": "08983aea-212e-4ede-98cd-be137c97ff19-areas-5",
    "919869c7-27ec-44eb-bc21-ebd2300438cf-covered-11": "08983aea-212e-4ede-98cd-be137c97ff19-deep-3"
  },
  "onu_84888934569.json": {},
  "onu_84888954344.json": {
    "919869c7-27ec-44eb-bc21-ebd2300438cf-oil-4-detection-5": "bede67c1-2219-4ecb-94db-aba0e79b294c-oil-49-production-50",
    "NE-ORGANIZATION-PETROBRAS": "NE-ORGANIZATION-PETROBRÁS-Production-Department"
  },
  "onu_84888967977.json": {
    "919869c7-27ec-44eb-bc21-ebd2300438cf-have-4-utilized-6": "4a2c3fd7-38bd-45be-9b1c-b83fa27f372d-have-25-addressed-28"
  },
  "onu_84889840418.json": {},
  "onu_84891320656.json": {
    "919869c7-27ec-44eb-bc21-ebd2300438cf-oil-11-spill-12-monitoring-13": "1309746e-bd51-453c-8893-8fb38d7af7ab-oil-9-production-12",
    "919869c7-27ec-44eb-bc21-ebd2300438cf-oil-4-detection-5": "1309746e-bd51-453c-8893-8fb38d7af7ab-oil-9-production-12"
  },
  "onu_84891344152.json": {},
  "onu_84892632570.json": {
    "919869c7-27ec-44eb-bc21-ebd2300438cf-application-5": "6dec9498-a5f9-44bc-9e98-a6457ad68d76-application-7",
    "919869c7-27ec-44eb-bc21-ebd2300438cf-data-9": "6dec9498-a5f9-44bc-9e98-a6457ad68d76-technology-10",
    "919869c7-27ec-44eb-bc21-ebd2300438cf-remote-7": "6dec9498-a5f9-44bc-9e98-a6457ad68d76-sophisticated-13",
    "919869c7-27ec-44eb-bc21-ebd2300438cf-Image-1-classification-2-procedures-3": "6dec9498-a5f9-44bc-9e98-a6457ad68d76-event-3-sequence-4-diagrams-5"
  },
  "onu_84892860778.json": {
    "919869c7-27ec-44eb-bc21-ebd2300438cf-data-9": "e59a2ee4-651e-4626-853a-fff67b8b6ac0-applications-44"
  },
  "onu_84893052541.json": {
    "919869c7-27ec-44eb-bc21-ebd2300438cf-paper-2": "f0e08ada-1ca4-4e31-bda9-3911eddc8016-paper-2",
    "919869c7-27ec-44eb-bc21-ebd2300438cf-have-4-utilized-6": "f0e08ada-1ca4-4e31-bda9-3911eddc8016-have-26-studied-28",
    "919869c7-27ec-44eb-bc21-ebd2300438cf-water-15-surface-16": "f0e08ada-1ca4-4e31-bda9-3911eddc8016-water-15-circuit-16",
    "NE-ORGANIZATION-PETROBRAS": "NE-ORGANIZATION-PETROBRAS"
  },
  "onu_84893062958.json": {
    "NE-ORGANIZATION-PETROBRAS": "NE-ORGANIZATION-Petrobras"
  },
  "onu_84893067779.json": {
    "919869c7-27ec-44eb-bc21-ebd2300438cf-paper-2": "e3239ac2-996c-48c2-a4b9-5b330ad8ca86-paper-2",
    "919869c7-27ec-44eb-bc21-ebd2300438cf-application-5": "e3239ac2-996c-48c2-a4b9-5b330ad8ca86-application-5",
    "NE-ORGANIZATION-PETROBRAS": "NE-ORGANIZATION-Petrobras"
  },
  "onu_84893090004.json": {
    "919869c7-27ec-44eb-bc21-ebd2300438cf-oil-11-spill-12-monitoring-13": "108bb058-270a-4059-b632-02b04115a0a7-oil-8-recovery-9",
    "919869c7-27ec-44eb-bc21-ebd2300438cf-water-15-surface-16": "108bb058-270a-4059-b632-02b04115a0a7-sea-7-water-8"
  },
  "onu_84893361208.json": {
    "919869c7-27ec-44eb-bc21-ebd2300438cf-paper-2": "9867dde6-b627-4c95-aa08-5793f95d79f9-paper-3",
    "NE-ORGANIZATION-PETROBRAS": "NE-ORGANIZATION-PETROBRAS"
  },
  "onu_84893407222.json": {
    "NE-ORGANIZATION-PETROBRAS": "NE-ORGANIZATION-Geochemistry-Network-PETROBRAS"
  },
  "onu_84893805098.json": {},
  "onu_84894453276.json": {},
  "onu_84894470550.json": {},
  "onu_84896824358.json": {},
  "onu_84897376128.json": {
    "919869c7-27ec-44eb-bc21-ebd2300438cf-paper-2": "6634b230-b55b-42f5-b6bf-e9764410d504-paper-2",
    "919869c7-27ec-44eb-bc21-ebd2300438cf-application-5": "6634b230-b55b-42f5-b6bf-e9764410d504-application-3"
  },
  "onu_84897381844.json": {
    "NE-ORGANIZATION-PETROBRAS": "NE-ORGANIZATION-Petrobras"
  },
  "onu_84897392529.json": {
    "919869c7-27ec-44eb-bc21-ebd2300438cf-data-9": "21b0b660-404f-436a-867e-af9cbe7f0918-data-5",
    "919869c7-27ec-44eb-bc21-ebd2300438cf-remote-7": "21b0b660-404f-436a-867e-af9cbe7f0918-reliable-18",
    "919869c7-27ec-44eb-bc21-ebd2300438cf-oil-9": "21b0b660-404f-436a-867e-af9cbe7f0918-newly-3",
    "NE-ORGANIZATION-PETROBRAS": "NE-ORGANIZATION-Petrobras"
  },
  "onu_84897399429.json": {
    "919869c7-27ec-44eb-bc21-ebd2300438cf-application-5": "898c33c4-d7a3-46cc-94f0-d84c5288fee6-application-2",
    "919869c7-27ec-44eb-bc21-ebd2300438cf-oil-9": "898c33c4-d7a3-46cc-94f0-d84c5288fee6-offshore-15",
    "NE-ORGANIZATION-PETROBRAS": "NE-ORGANIZATION-Petrobras"
  },
  "onu_84897408330.json": {
    "919869c7-27ec-44eb-bc21-ebd2300438cf-paper-2": "b19e19ff-a5c9-48e8-bb16-bce5beab0ca2-paper-2",
    "919869c7-27ec-44eb-bc21-ebd2300438cf-have-4-utilized-6": "b19e19ff-a5c9-48e8-bb16-bce5beab0ca2-have-4-evaluated-6"
  },
  "onu_84897441267.json": {
    "919869c7-27ec-44eb-bc21-ebd2300438cf-paper-2": "6386a9ef-0016-45d5-9431-03b779673c2b-paper-2",
    "NE-ORGANIZATION-PETROBRAS": "NE-ORGANIZATION-Petrobras"
  },
  "onu_84897448998.json": {
    "919869c7-27ec-44eb-bc21-ebd2300438cf-paper-2": "ebed93b1-9b44-42bf-a267-aebdc3f48887-paper-9",
    "919869c7-27ec-44eb-bc21-ebd2300438cf-oil-11-spill-12-monitoring-13": "ebed93b1-9b44-42bf-a267-aebdc3f48887-oil-16-spills-17"
  },
  "onu_84897449140.json": {
    "919869c7-27ec-44eb-bc21-ebd2300438cf-paper-2": "b829cc46-eb44-4769-8923-e94eb353af76-paper-2",
    "919869c7-27ec-44eb-bc21-ebd2300438cf-sensing-8": "b829cc46-eb44-4769-8923-e94eb353af76-sensing-14"
  },
  "onu_84897461830.json": {
    "919869c7-27ec-44eb-bc21-ebd2300438cf-paper-2": "6d4e9725-03d3-4734-9822-6feb56c5d4d5-paper-2"
  },
  "onu_84897465328.json": {
    "919869c7-27ec-44eb-bc21-ebd2300438cf-paper-2": "7e19d608-90b6-4fc3-afea-623202a7f587-paper-2",
    "NE-ORGANIZATION-PETROBRAS": "NE-ORGANIZATION-Petrobras"
  },
  "onu_84897470967.json": {
    "919869c7-27ec-44eb-bc21-ebd2300438cf-covered-11": "7f6f47ca-cfad-4483-ba7b-011e5564f245-studied-2"
  },
  "onu_84900305359.json": {},
  "onu_84901784680.json": {},
  "onu_84904394721.json": {
    "NE-ORGANIZATION-PETROBRAS": "NE-ORGANIZATION-Petrobras"
  },
  "onu_84905748711.json": {
    "919869c7-27ec-44eb-bc21-ebd2300438cf-paper-2": "dede7ae1-618b-4e69-ba85-b9a4bf191bed-paper-2",
    "919869c7-27ec-44eb-bc21-ebd2300438cf-application-5": "dede7ae1-618b-4e69-ba85-b9a4bf191bed-applications-16"
  },
  "onu_84907991224.json": {},
  "onu_84918528762.json": {
    "919869c7-27ec-44eb-bc21-ebd2300438cf-data-9": "521f5922-1c3e-4c36-9fd5-536f42356eaf-data-29"
  },
  "onu_84925638296.json": {
    "NE-ORGANIZATION-PETROBRAS": "NE-ORGANIZATION-PETROBRAS"
  },
  "onu_84930513772.json": {
    "NE-CITY-Bay": "NE-CITY-Bay"
  },
  "onu_84940864746.json": {
    "NE-ORGANIZATION-PETROBRAS": "NE-ORGANIZATION-Petrobras"
  },
  "onu_84943289484.json": {},
  "onu_84943328375.json": {
    "919869c7-27ec-44eb-bc21-ebd2300438cf-paper-2": "959feb1f-0a32-411d-bb1a-fe07e8dd3be3-paper-2",
    "NE-ORGANIZATION-PETROBRAS": "NE-ORGANIZATION-Petrobras"
  },
  "onu_84943338721.json": {
    "919869c7-27ec-44eb-bc21-ebd2300438cf-paper-2": "83c12324-c60f-4651-9cfb-69111aaba3ef-article-2",
    "919869c7-27ec-44eb-bc21-ebd2300438cf-remote-7": "83c12324-c60f-4651-9cfb-69111aaba3ef-dynamic-10",
    "919869c7-27ec-44eb-bc21-ebd2300438cf-environment-22": "83c12324-c60f-4651-9cfb-69111aaba3ef-environment-19"
  },
  "onu_84943339436.json": {
    "919869c7-27ec-44eb-bc21-ebd2300438cf-paper-2": "3cd768dc-cd71-4749-a45c-61e32e4b3b06-paper-2",
    "919869c7-27ec-44eb-bc21-ebd2300438cf-remote-7": "3cd768dc-cd71-4749-a45c-61e32e4b3b06-automatic-22"
  },
  "onu_84944574757.json": {
    "919869c7-27ec-44eb-bc21-ebd2300438cf-paper-2": "d0d3f522-daa5-46df-9fd9-95491816b5d6-paper-2",
    "919869c7-27ec-44eb-bc21-ebd2300438cf-have-4-utilized-6": "d0d3f522-daa5-46df-9fd9-95491816b5d6-has-4-applied-6"
  },
  "onu_84944593501.json": {},
  "onu_84947326315.json": {
    "919869c7-27ec-44eb-bc21-ebd2300438cf-sensing-8": "c9348211-c72e-4ea1-9eb9-711dc0c65800-sensing-7",
    "919869c7-27ec-44eb-bc21-ebd2300438cf-remote-7": "c9348211-c72e-4ea1-9eb9-711dc0c65800-remote-6"
  },
  "onu_84947757002.json": {
    "919869c7-27ec-44eb-bc21-ebd2300438cf-paper-2": "e4f3700a-2016-4bba-b2a4-c67750ed33d4-paper-28",
    "919869c7-27ec-44eb-bc21-ebd2300438cf-have-4-utilized-6": "e4f3700a-2016-4bba-b2a4-c67750ed33d4-have-16-taken-18"
  },
  "onu_84949266932.json": {},
  "onu_84951918487.json": {
    "919869c7-27ec-44eb-bc21-ebd2300438cf-paper-2": "6d96e98c-77ad-4954-b07a-14307ad74b11-paper-2",
    "NE-ORGANIZATION-PETROBRAS": "NE-ORGANIZATION-Petrobras"
  },
  "onu_84954454797.json": {},
  "onu_84955127995.json": {
    "NE-ORGANIZATION-PETROBRAS": "NE-ORGANIZATION-PETROBRAS"
  },
  "onu_84958666405.json": {
    "NE-ORGANIZATION-PETROBRAS": "NE-ORGANIZATION-Petrobras"
  },
  "onu_84959478227.json": {
    "919869c7-27ec-44eb-bc21-ebd2300438cf-remote-7": "1f3dc02a-457f-4c60-95e7-899b6c972eb8-remote-5"
  },
  "onu_84959561430.json": {
    "919869c7-27ec-44eb-bc21-ebd2300438cf-paper-2": "c9b0cc1d-e1ac-4a3e-8cb4-ffafc327a1c8-paper-2"
  },
  "onu_84963819657.json": {},
  "onu_84964700375.json": {
    "919869c7-27ec-44eb-bc21-ebd2300438cf-application-5": "69c6bb79-fae8-43da-8f18-3e03cea59fec-application-2",
    "919869c7-27ec-44eb-bc21-ebd2300438cf-oil-9": "69c6bb79-fae8-43da-8f18-3e03cea59fec-Remotely-15",
    "NE-ORGANIZATION-PETROBRAS": "NE-ORGANIZATION-Petrobras"
  },
  "onu_84974574825.json": {},
  "onu_84975761253.json": {},
  "onu_84979574362.json": {},
  "onu_84983465797.json": {},
  "onu_84984596158.json": {
    "NE-CITY-Bay": "NE-CITY-Bay"
  },
  "onu_84987760544.json": {},
  "onu_84987762471.json": {
    "919869c7-27ec-44eb-bc21-ebd2300438cf-areas-12": "840af40f-bba4-4cee-94e2-23552f1a02dd-areas-16",
    "919869c7-27ec-44eb-bc21-ebd2300438cf-GIS-16": "NE-MISC-GIS"
  },
  "onu_84987763922.json": {},
  "onu_84990861431.json": {
    "919869c7-27ec-44eb-bc21-ebd2300438cf-data-9": "668f68ee-8de7-45d9-9784-b0893545fc9d-data-14"
  },
  "onu_84990898401.json": {
    "919869c7-27ec-44eb-bc21-ebd2300438cf-water-15-surface-16": "9d3f7157-a5f4-4c28-968c-5311617f432d-water-5-masses-6"
  },
  "onu_84996602559.json": {
    "919869c7-27ec-44eb-bc21-ebd2300438cf-paper-2": "f9da6858-73d7-45a6-a4cd-7e3dd9efc0ea-study-2"
  },
  "onu_85006339618.json": {
    "919869c7-27ec-44eb-bc21-ebd2300438cf-areas-12": "ebc129db-d75f-475f-bc23-246f6cc145ee-environment-45-areas-46"
  },
  "onu_85007282651.json": {
    "919869c7-27ec-44eb-bc21-ebd2300438cf-areas-12": "21eb6ecf-d102-40bb-a054-1b519100613e-areas-12"
  },
  "onu_85008198009.json": {
    "919869c7-27ec-44eb-bc21-ebd2300438cf-areas-12": "80129f0b-a3c4-407d-9de2-a53c1612d9dd-areas-12",
    "919869c7-27ec-44eb-bc21-ebd2300438cf-covered-11": "80129f0b-a3c4-407d-9de2-a53c1612d9dd-coastal-11"
  },
  "onu_85009177497.json": {
    "919869c7-27ec-44eb-bc21-ebd2300438cf-remote-7": "77e3eb37-fc2c-484b-93bf-2c8e40534b57-Remote-1",
    "NE-CITY-Bay": "NE-CITY-Bay"
  },
  "onu_85009192413.json": {
    "919869c7-27ec-44eb-bc21-ebd2300438cf-data-9": "1fa51d3a-829d-4c50-9899-89265ff2e400-data-5",
    "919869c7-27ec-44eb-bc21-ebd2300438cf-areas-12": "1fa51d3a-829d-4c50-9899-89265ff2e400-areas-24",
    "919869c7-27ec-44eb-bc21-ebd2300438cf-covered-11": "1fa51d3a-829d-4c50-9899-89265ff2e400-rough-6"
  },
  "onu_85009433339.json": {},
  "onu_85012910163.json": {
    "919869c7-27ec-44eb-bc21-ebd2300438cf-areas-12": "be4b33fc-ea24-431e-800e-9069afec7afe-zones-14"
  },
  "onu_85013296221.json": {
    "919869c7-27ec-44eb-bc21-ebd2300438cf-paper-2": "68be832a-27b4-49e7-8b72-dcc340ca62d8-paper-2",
    "919869c7-27ec-44eb-bc21-ebd2300438cf-application-5": "68be832a-27b4-49e7-8b72-dcc340ca62d8-use-4",
    "919869c7-27ec-44eb-bc21-ebd2300438cf-sensing-8": "68be832a-27b4-49e7-8b72-dcc340ca62d8-Modeling-9"
  },
  "onu_85013858173.json": {},
  "onu_85016298905.json": {
    "919869c7-27ec-44eb-bc21-ebd2300438cf-areas-12": "3a1c0afe-860d-43e4-8160-8731acebad0d-areas-26",
    "919869c7-27ec-44eb-bc21-ebd2300438cf-covered-11": "3a1c0afe-860d-43e4-8160-8731acebad0d-distant-25"
  },
  "onu_85016958402.json": {
    "919869c7-27ec-44eb-bc21-ebd2300438cf-paper-2": "caf1ea25-a32b-433b-bb7d-3960560de634-paper-2"
  },
  "onu_85017468089.json": {
    "919869c7-27ec-44eb-bc21-ebd2300438cf-application-5": "08c3852e-194c-4498-b732-46cf26512128-approach-4",
    "919869c7-27ec-44eb-bc21-ebd2300438cf-oil-11-spill-12-monitoring-13": "08c3852e-194c-4498-b732-46cf26512128-oil-19---20-water-21-and-22-oil-23---24-gas-25-substitutions-26",
    "919869c7-27ec-44eb-bc21-ebd2300438cf-areas-12": "08c3852e-194c-4498-b732-46cf26512128-areas-18",
    "919869c7-27ec-44eb-bc21-ebd2300438cf-water-15-surface-16": "08c3852e-194c-4498-b732-46cf26512128-water-20-injection-23"
  },
  "onu_85020183362.json": {
    "919869c7-27ec-44eb-bc21-ebd2300438cf-application-5": "b39a3cd5-61c9-463a-a2eb-9913aee3b9ca-application-5",
    "919869c7-27ec-44eb-bc21-ebd2300438cf-data-9": "b39a3cd5-61c9-463a-a2eb-9913aee3b9ca-technology-8",
    "919869c7-27ec-44eb-bc21-ebd2300438cf-remote-7": "b39a3cd5-61c9-463a-a2eb-9913aee3b9ca-successful-4"
  },
  "onu_85026803842.json": {
    "919869c7-27ec-44eb-bc21-ebd2300438cf-paper-2": "1422e178-cc62-4bf3-acfe-1985781bfe49-paper-2",
    "919869c7-27ec-44eb-bc21-ebd2300438cf-water-15-surface-16": "1422e178-cc62-4bf3-acfe-1985781bfe49-reservoir-17-fluids-18",
    "NE-ORGANIZATION-PETROBRAS": "NE-ORGANIZATION-Petrobras"
  },
  "onu_85027233889.json": {},
  "onu_85027401053.json": {
    "NE-CITY-Bay": "53d0784c-6881-46a8-8607-8473e2e87675-bay-13",
    "919869c7-27ec-44eb-bc21-ebd2300438cf-areas-12": "53d0784c-6881-46a8-8607-8473e2e87675-areas-10"
  },
  "onu_85028240731.json": {
    "919869c7-27ec-44eb-bc21-ebd2300438cf-areas-12": "acaa2c9d-be80-416b-98b2-8bc5effea785-areas-7"
  },
  "onu_85028278319.json": {
    "919869c7-27ec-44eb-bc21-ebd2300438cf-paper-2": "87ea7ee8-fea4-423e-b948-4867cebcb9ad-paper-2",
    "919869c7-27ec-44eb-bc21-ebd2300438cf-oil-9": "87ea7ee8-fea4-423e-b948-4867cebcb9ad-potentially-12",
    "NE-ORGANIZATION-PETROBRAS": "NE-ORGANIZATION-Petrobras"
  },
  "onu_85028950368.json": {
    "919869c7-27ec-44eb-bc21-ebd2300438cf-paper-2": "e4dae957-4d94-4311-82ad-250e750ae287-paper-2",
    "919869c7-27ec-44eb-bc21-ebd2300438cf-remote-7": "e4dae957-4d94-4311-82ad-250e750ae287-tidal-11",
    "919869c7-27ec-44eb-bc21-ebd2300438cf-have-4-utilized-6": "e4dae957-4d94-4311-82ad-250e750ae287-have-7-conducted-9"
  },
  "onu_85029591872.json": {},
  "onu_85030830298.json": {
    "NE-ORGANIZATION-PETROBRAS": "NE-ORGANIZATION-Petrobras"
  },
  "onu_85030842598.json": {
    "919869c7-27ec-44eb-bc21-ebd2300438cf-paper-2": "34e8fac9-66f8-4a6c-8c9c-88ed163b72d7-paper-4"
  },
  "onu_85031996233.json": {
    "919869c7-27ec-44eb-bc21-ebd2300438cf-paper-2": "9d056a4c-d060-45c5-9a52-c7de291d1d6a-Paper-2"
  },
  "onu_85032863710.json": {
    "919869c7-27ec-44eb-bc21-ebd2300438cf-remote-7": "59d300b8-aa39-45a5-a859-541819eebb68-remote-5"
  },
  "onu_85033225585.json": {
    "919869c7-27ec-44eb-bc21-ebd2300438cf-paper-2": "7de64ed0-3f58-45d8-9cc8-eef825191710-paper-2",
    "919869c7-27ec-44eb-bc21-ebd2300438cf-water-15-surface-16": "7de64ed0-3f58-45d8-9cc8-eef825191710-water-10-data-11"
  },
  "onu_85033604891.json": {},
  "onu_85034042710.json": {
    "919869c7-27ec-44eb-bc21-ebd2300438cf-application-5": "9ccfcbb1-6830-465f-8c28-a81ac0f15a97-application-2",
    "919869c7-27ec-44eb-bc21-ebd2300438cf-remote-7": "9ccfcbb1-6830-465f-8c28-a81ac0f15a97-necessary-11",
    "919869c7-27ec-44eb-bc21-ebd2300438cf-oil-4-detection-5": "9ccfcbb1-6830-465f-8c28-a81ac0f15a97-oil-31-price-32"
  },
  "onu_85035340277.json": {
    "NE-CITY-Bay": "NE-CITY-Bay",
    "NE-LOCATION-Guanabara": "NE-LOCATION-Guanabara",
    "919869c7-27ec-44eb-bc21-ebd2300438cf-areas-12": "fadde164-41d0-44e5-aec4-1fa2a5359b66-regions-15",
    "919869c7-27ec-44eb-bc21-ebd2300438cf-covered-11": "fadde164-41d0-44e5-aec4-1fa2a5359b66-confined-12",
    "919869c7-27ec-44eb-bc21-ebd2300438cf-oil-9": "fadde164-41d0-44e5-aec4-1fa2a5359b66-waters-20"
  },
  "onu_85037355639.json": {},
  "onu_85037590262.json": {
    "NE-CITY-Bay": "89b62d5c-0c1f-4db0-8d6f-319dc39bffde-bay-10"
  },
  "onu_85039546750.json": {},
  "onu_85040381710.json": {},
  "onu_85040498521.json": {},
  "onu_85040888184.json": {
    "919869c7-27ec-44eb-bc21-ebd2300438cf-areas-12": "dc91afd4-7f4f-4273-97d8-fa5739754d4a-areas-10"
  },
  "onu_85041142849.json": {
    "919869c7-27ec-44eb-bc21-ebd2300438cf-paper-2": "6b251826-cf79-4973-a63d-ae11b18be0c9-paper-2"
  },
  "onu_85041154400.json": {
    "NE-ORGANIZATION-PETROBRAS": "NE-ORGANIZATION-Petrobras"
  },
  "onu_85041277142.json": {},
  "onu_85041698761.json": {
    "919869c7-27ec-44eb-bc21-ebd2300438cf-areas-12": "1dd7ab3c-34f0-431f-a8d1-984e6b3578c5-areas-9",
    "919869c7-27ec-44eb-bc21-ebd2300438cf-covered-11": "1dd7ab3c-34f0-431f-a8d1-984e6b3578c5-impacted-8"
  },
  "onu_85043311576.json": {
    "919869c7-27ec-44eb-bc21-ebd2300438cf-data-9": "da2b11af-b7ea-4c98-b476-6f6e9363fa80-data-4",
    "919869c7-27ec-44eb-bc21-ebd2300438cf-areas-12": "da2b11af-b7ea-4c98-b476-6f6e9363fa80-areas-5",
    "919869c7-27ec-44eb-bc21-ebd2300438cf-water-15-surface-16": "da2b11af-b7ea-4c98-b476-6f6e9363fa80-water-22-column-23"
  },
  "onu_85043324954.json": {
    "919869c7-27ec-44eb-bc21-ebd2300438cf-water-15-surface-16": "70bd8463-25b3-4fd2-8bcd-c7bc8c417fbb-water-50-environment-51"
  },
  "onu_85044192214.json": {},
  "onu_85044397080.json": {
    "NE-LOCATION-Guanabara": "NE-LOCATION-Guanabara",
    "NE-CITY-Bay": "NE-CITY-Bay"
  },
  "onu_85044462127.json": {
    "919869c7-27ec-44eb-bc21-ebd2300438cf-paper-2": "77be762f-bb9c-4142-a04f-af0145a57575-paper-2"
  },
  "onu_85044530973.json": {},
  "onu_85044596303.json": {
    "919869c7-27ec-44eb-bc21-ebd2300438cf-data-9": "99512cc4-b35c-4f65-be28-93092a3cf0fc-data-8"
  },
  "onu_85045186297.json": {},
  "onu_85046290497.json": {},
  "onu_85046379273.json": {
    "919869c7-27ec-44eb-bc21-ebd2300438cf-paper-2": "02efe9bb-4889-4bbe-974d-5c2dff0e35fa-paper-4",
    "NE-ORGANIZATION-PETROBRAS": "NE-ORGANIZATION-PETROBRAS"
  },
  "onu_85047299670.json": {
    "919869c7-27ec-44eb-bc21-ebd2300438cf-paper-2": "7e13bfab-9226-403e-bf1d-cce401dd3b64-paper-16"
  },
  "onu_85047354188.json": {
    "NE-ORGANIZATION-PETROBRAS": "NE-ORGANIZATION-Petrobras"
  },
  "onu_85047409861.json": {
    "919869c7-27ec-44eb-bc21-ebd2300438cf-oil-9": "1f1cc693-d744-4327-ae3a-26acd92c5117-densely-17"
  },
  "onu_85048345043.json": {},
  "onu_85048862831.json": {},
  "onu_85049552088.json": {},
  "onu_85050512775.json": {
    "919869c7-27ec-44eb-bc21-ebd2300438cf-have-4-utilized-6": "d456d187-3df8-4b64-8a11-6d3acdc976bf-had-4-demonstrated-6"
  },
  "onu_85050528173.json": {
    "919869c7-27ec-44eb-bc21-ebd2300438cf-paper-2": "d59c3d19-b470-43cc-aef7-3fa793b9d284-paper-2",
    "NE-ORGANIZATION-PETROBRAS": "NE-ORGANIZATION-Petrobras"
  },
  "onu_85050539655.json": {
    "NE-ORGANIZATION-PETROBRAS": "NE-ORGANIZATION-Petrobras"
  },
  "onu_85050551470.json": {
    "919869c7-27ec-44eb-bc21-ebd2300438cf-remote-7": "54866368-b614-4ef4-9fab-faa48a38f22d-unique-8"
  },
  "onu_85050561554.json": {
    "919869c7-27ec-44eb-bc21-ebd2300438cf-paper-2": "a1d0a6b1-9550-43c9-a812-f8a99d9763d6-paper-2",
    "NE-ORGANIZATION-PETROBRAS": "NE-ORGANIZATION-Petrobras"
  },
  "onu_85050643252.json": {
    "NE-ORGANIZATION-PETROBRAS": "NE-ORGANIZATION-Petrobras"
  },
  "onu_85050674553.json": {
    "919869c7-27ec-44eb-bc21-ebd2300438cf-paper-2": "36dbe77c-4321-4bf2-aee4-2e7bf595abe8-article-2",
    "919869c7-27ec-44eb-bc21-ebd2300438cf-have-4-utilized-6": "36dbe77c-4321-4bf2-aee4-2e7bf595abe8-have-9-created-11",
    "NE-ORGANIZATION-PETROBRAS": "NE-ORGANIZATION-Petrobras"
  },
  "onu_85050680089.json": {
    "919869c7-27ec-44eb-bc21-ebd2300438cf-oil-4-detection-5": "7736a11e-550b-4406-bcac-140ec203a8cf-oil-29-projects-32"
  },
  "onu_85051633827.json": {
    "NE-ORGANIZATION-PETROBRAS": "NE-ORGANIZATION-Petrobras"
  },
  "onu_85051644896.json": {
    "919869c7-27ec-44eb-bc21-ebd2300438cf-paper-2": "12c1d79e-73bd-481c-bdb8-1d4727843a15-paper-2",
    "919869c7-27ec-44eb-bc21-ebd2300438cf-remote-7": "12c1d79e-73bd-481c-bdb8-1d4727843a15-dynamic-32"
  },
  "onu_85051649253.json": {
    "919869c7-27ec-44eb-bc21-ebd2300438cf-sensing-8": "676e7e95-336a-48ca-8815-930a8e2851b0-seismic-19"
  },
  "onu_85051653660.json": {},
  "onu_85051673888.json": {
    "919869c7-27ec-44eb-bc21-ebd2300438cf-oil-4-detection-5": "e872f4cb-a7b5-4cad-b4c9-ddb031864494-oil-16-price-17"
  },
  "onu_85052069920.json": {
    "919869c7-27ec-44eb-bc21-ebd2300438cf-areas-12": "6019aafd-17a7-4b19-be78-72fdb72b948b-areas-16",
    "919869c7-27ec-44eb-bc21-ebd2300438cf-have-4-utilized-6": "6019aafd-17a7-4b19-be78-72fdb72b948b-have-5-proposed-7",
    "919869c7-27ec-44eb-bc21-ebd2300438cf-water-15-surface-16": "6019aafd-17a7-4b19-be78-72fdb72b948b-water-21-temperatures-22"
  },
  "onu_85052748036.json": {
    "919869c7-27ec-44eb-bc21-ebd2300438cf-application-5": "d5172811-4956-4cc3-bcce-2ec97a8402f1-approach-4"
  },
  "onu_85052916893.json": {
    "919869c7-27ec-44eb-bc21-ebd2300438cf-sensing-8": "390e8152-252c-4c33-856b-035e5f48ed3e-sensing-19",
    "919869c7-27ec-44eb-bc21-ebd2300438cf-remote-7": "390e8152-252c-4c33-856b-035e5f48ed3e-remote-18",
    "919869c7-27ec-44eb-bc21-ebd2300438cf-Image-1-classification-2-procedures-3": "390e8152-252c-4c33-856b-035e5f48ed3e-Digital-1-Image-2-Processing-3-techniques-4",
    "919869c7-27ec-44eb-bc21-ebd2300438cf-oil-9": "390e8152-252c-4c33-856b-035e5f48ed3e-especially-15"
  },
  "onu_85053143769.json": {},
  "onu_85053593980.json": {
    "919869c7-27ec-44eb-bc21-ebd2300438cf-application-5": "8db3c934-1816-4c07-9f83-706b0c2a1f16-vulnerability-8"
  },
  "onu_85053770238.json": {
    "919869c7-27ec-44eb-bc21-ebd2300438cf-have-4-utilized-6": "5d5a4a2a-3f55-45ca-bd91-6a4532bf1f9c-has-8-studied-11"
  },
  "onu_85054086297.json": {},
  "onu_85054504118.json": {
    "919869c7-27ec-44eb-bc21-ebd2300438cf-paper-2": "b1326d03-e928-4f17-a698-2f5bc600a0ed-paper-2",
    "919869c7-27ec-44eb-bc21-ebd2300438cf-water-15-surface-16": "b1326d03-e928-4f17-a698-2f5bc600a0ed-water-8-depths-9",
    "NE-ORGANIZATION-PETROBRAS": "NE-ORGANIZATION-PETROBRAS"
  },
  "onu_85054783545.json": {
    "919869c7-27ec-44eb-bc21-ebd2300438cf-Image-1-classification-2-procedures-3": "54174e41-4460-4ede-8ffd-225b7817ab76-quality-10-image-12-log-13-data-14"
  },
  "onu_85054941296.json": {},
  "onu_85055025955.json": {
    "919869c7-27ec-44eb-bc21-ebd2300438cf-paper-2": "6bb8a4f9-6b1c-4ed2-896e-13fd8f3d1045-paper-2",
    "NE-ORGANIZATION-PETROBRAS": "NE-ORGANIZATION-Petrobras"
  },
  "onu_85055027444.json": {
    "NE-ORGANIZATION-PETROBRAS": "NE-ORGANIZATION-Petrobras"
  },
  "onu_85055027692.json": {
    "919869c7-27ec-44eb-bc21-ebd2300438cf-oil-9": "9b3bcee7-dcb0-43b2-b05a-e1658aa22322-waters-12",
    "919869c7-27ec-44eb-bc21-ebd2300438cf-water-15-surface-16": "9b3bcee7-dcb0-43b2-b05a-e1658aa22322-water-16-depths-17",
    "NE-ORGANIZATION-PETROBRAS": "NE-ORGANIZATION-Petrobras"
  },
  "onu_85055036761.json": {},
  "onu_85055255571.json": {
    "919869c7-27ec-44eb-bc21-ebd2300438cf-paper-2": "ea17f87e-0664-4177-bfa0-06cf4ccdf30b-paper-2",
    "919869c7-27ec-44eb-bc21-ebd2300438cf-areas-12": "ea17f87e-0664-4177-bfa0-06cf4ccdf30b-areas-8",
    "919869c7-27ec-44eb-bc21-ebd2300438cf-oil-9": "ea17f87e-0664-4177-bfa0-06cf4ccdf30b-offshore-14",
    "NE-ORGANIZATION-PETROBRAS": "NE-ORGANIZATION-PETROBRÁS"
  },
  "onu_85055263465.json": {},
  "onu_85055528846.json": {
    "919869c7-27ec-44eb-bc21-ebd2300438cf-application-5": "2970e996-64cc-47e6-bc5c-fb3d99195396-application-4"
  },
  "onu_85055864923.json": {
    "919869c7-27ec-44eb-bc21-ebd2300438cf-have-4-utilized-6": "c183a578-8a5f-4228-b35b-5651f319641f-has-3-developed-5",
    "NE-ORGANIZATION-PETROBRAS": "c183a578-8a5f-4228-b35b-5651f319641f-Petrobras-7"
  },
  "onu_85055908781.json": {},
  "onu_85056094176.json": {
    "919869c7-27ec-44eb-bc21-ebd2300438cf-oil-11-spill-12-monitoring-13": "0ddfca10-cdbf-4166-ae46-860624694346-water-13-oil-14-fields-15-production-16-development-17",
    "919869c7-27ec-44eb-bc21-ebd2300438cf-water-15-surface-16": "0ddfca10-cdbf-4166-ae46-860624694346-water-11-depths-12",
    "NE-ORGANIZATION-PETROBRAS": "NE-ORGANIZATION-Petrobras"
  },
  "onu_85056110569.json": {
    "919869c7-27ec-44eb-bc21-ebd2300438cf-paper-2": "1a82d70b-0282-4199-a560-d0aab9c27373-paper-2",
    "919869c7-27ec-44eb-bc21-ebd2300438cf-oil-9": "1a82d70b-0282-4199-a560-d0aab9c27373-economically-18",
    "NE-ORGANIZATION-PETROBRAS": "1a82d70b-0282-4199-a560-d0aab9c27373-Petrobras-2-experience-3"
  },
  "onu_85056183083.json": {
    "919869c7-27ec-44eb-bc21-ebd2300438cf-paper-2": "65c625f5-7d94-4126-a6cf-9208777c80b5-paper-2"
  },
  "onu_85056566136.json": {},
  "onu_85056605886.json": {},
  "onu_85056605922.json": {},
  "onu_85056794099.json": {
    "919869c7-27ec-44eb-bc21-ebd2300438cf-water-15-surface-16": "95c32260-b2d3-4c86-a803-d3bf8befb654-water-13-circulation-14"
  },
  "onu_85057560805.json": {
    "919869c7-27ec-44eb-bc21-ebd2300438cf-paper-2": "bb2572d0-017a-4510-9d70-32e7ab55c722-work-2"
  },
  "onu_85057883234.json": {
    "NE-ORGANIZATION-PETROBRAS": "NE-ORGANIZATION-PETROBRAS"
  },
  "onu_85059143234.json": {
    "919869c7-27ec-44eb-bc21-ebd2300438cf-data-9": "c547213a-e858-4f59-a98b-991221b44a08-data-11"
  },
  "onu_85059218520.json": {
    "NE-ORGANIZATION-PETROBRAS": "NE-ORGANIZATION-Petrobras"
  },
  "onu_85059436090.json": {
    "919869c7-27ec-44eb-bc21-ebd2300438cf-application-5": "132c6e60-d817-4725-b4ba-810203ca0e70-use-9"
  },
  "onu_85060083816.json": {
    "NE-CITY-Bay": "NE-CITY-Bay",
    "NE-LOCATION-Guanabara": "NE-LOCATION-Guanabara"
  },
  "onu_85060443361.json": {},
  "onu_85061179665.json": {},
  "onu_85061498967.json": {},
  "onu_85061767810.json": {
    "919869c7-27ec-44eb-bc21-ebd2300438cf-oil-9": "bdad7821-0e2d-46c7-8388-e86e3ce77f6a-faults-11",
    "919869c7-27ec-44eb-bc21-ebd2300438cf-water-15-surface-16": "bdad7821-0e2d-46c7-8388-e86e3ce77f6a-lake-10-water-11-chemistry-12"
  },
  "onu_85061823653.json": {},
  "onu_85062013573.json": {},
  "onu_85062607406.json": {
    "NE-CITY-Bay": "NE-CITY-Bay"
  },
  "onu_85062717506.json": {
    "919869c7-27ec-44eb-bc21-ebd2300438cf-paper-2": "bcabff6e-52d1-41ef-96da-c7a9bc0a3423-article-2"
  },
  "onu_85063263863.json": {
    "NE-CITY-Bay": "NE-CITY-Bay"
  },
  "onu_85063689284.json": {
    "NE-CITY-Bay": "NE-CITY-Bay"
  },
  "onu_85064764902.json": {
    "919869c7-27ec-44eb-bc21-ebd2300438cf-water-15-surface-16": "11cdb5e6-cecf-4388-bb5e-cd624208f6f9-sea-17-surface-18-temperature-19"
  },
  "onu_85064808857.json": {
    "919869c7-27ec-44eb-bc21-ebd2300438cf-sensing-8": "4879b8b6-7193-4b71-96e2-28fc820267e0-Acoustic-1"
  },
  "onu_85064983703.json": {},
  "onu_85065180012.json": {
    "919869c7-27ec-44eb-bc21-ebd2300438cf-application-5": "13f75155-d6c6-4b97-9145-c113a876f2e7-contribution-13",
    "NE-CITY-Bay": "NE-CITY-Bay",
    "919869c7-27ec-44eb-bc21-ebd2300438cf-sensing-8": "13f75155-d6c6-4b97-9145-c113a876f2e7-tracking-13"
  },
  "onu_85065623080.json": {
    "919869c7-27ec-44eb-bc21-ebd2300438cf-areas-12": "bf6993e6-8f4e-4b68-8ce1-f51cc4cacd95-area-4"
  },
  "onu_85065912337.json": {
    "919869c7-27ec-44eb-bc21-ebd2300438cf-application-5": "2143f721-d959-4556-9126-5be2b6ca65c9-functionality-14",
    "919869c7-27ec-44eb-bc21-ebd2300438cf-data-9": "2143f721-d959-4556-9126-5be2b6ca65c9-data-27"
  },
  "onu_85066600751.json": {
    "919869c7-27ec-44eb-bc21-ebd2300438cf-paper-2": "1b3efd75-ecd6-4314-81c9-3d9d5c84453d-paper-2",
    "919869c7-27ec-44eb-bc21-ebd2300438cf-application-5": "1b3efd75-ecd6-4314-81c9-3d9d5c84453d-use-8",
    "919869c7-27ec-44eb-bc21-ebd2300438cf-oil-11-spill-12-monitoring-13": "1b3efd75-ecd6-4314-81c9-3d9d5c84453d-Offshore-1-oil-2-production-3",
    "919869c7-27ec-44eb-bc21-ebd2300438cf-oil-4-detection-5": "1b3efd75-ecd6-4314-81c9-3d9d5c84453d-oil-8-fields-9"
  },
  "onu_85066617192.json": {
    "919869c7-27ec-44eb-bc21-ebd2300438cf-paper-2": "09790547-3df0-4ca2-b3ad-f36ed5f66b04-paper-2",
    "919869c7-27ec-44eb-bc21-ebd2300438cf-oil-11-spill-12-monitoring-13": "09790547-3df0-4ca2-b3ad-f36ed5f66b04-Offshore-1-oil-2-development-3-projects-4",
    "NE-ORGANIZATION-PETROBRAS": "NE-ORGANIZATION-Petrobras"
  },
  "onu_85066623384.json": {
    "919869c7-27ec-44eb-bc21-ebd2300438cf-paper-2": "63257db0-7292-4593-96e1-aae426bbf829-paper-2",
    "NE-ORGANIZATION-PETROBRAS": "NE-ORGANIZATION-Petrobras"
  },
  "onu_85067965170.json": {},
  "onu_85068049608.json": {
    "919869c7-27ec-44eb-bc21-ebd2300438cf-oil-9": "198e827a-9847-428e-9646-a76213d2c09d-supply-56"
  },
  "onu_85068387773.json": {
    "919869c7-27ec-44eb-bc21-ebd2300438cf-paper-2": "a5cffccf-1536-473d-9270-6167576d70ec-work-2"
  },
  "onu_85068453742.json": {
    "919869c7-27ec-44eb-bc21-ebd2300438cf-data-9": "68bdd8d5-6a51-46de-917a-9d40eb6db15d-data-5"
  },
  "onu_85070554647.json": {
    "919869c7-27ec-44eb-bc21-ebd2300438cf-oil-4-detection-5": "72b63001-9050-46f3-a364-f3ec8d862ef0-oil-9-fields-10"
  },
  "onu_85070704005.json": {
    "919869c7-27ec-44eb-bc21-ebd2300438cf-areas-12": "b4a8b90d-7253-4581-99da-486e61291b69-areas-10",
    "919869c7-27ec-44eb-bc21-ebd2300438cf-covered-11": "b4a8b90d-7253-4581-99da-486e61291b69-continental-14"
  },
  "onu_85070853924.json": {},
  "onu_85070991202.json": {},
  "onu_85071023764.json": {
    "919869c7-27ec-44eb-bc21-ebd2300438cf-remote-7": "4b6be8a5-593e-4815-b72c-34ca1cda4d13-safe-35"
  },
  "onu_85071488896.json": {},
  "onu_85071542084.json": {},
  "onu_85071847548.json": {
    "919869c7-27ec-44eb-bc21-ebd2300438cf-data-9": "22ebbe07-c4ca-45f2-a073-3b4a9bbb83f6-data-5",
    "919869c7-27ec-44eb-bc21-ebd2300438cf-oil-9": "22ebbe07-c4ca-45f2-a073-3b4a9bbb83f6-highly-7"
  },
  "onu_85072725932.json": {},
  "onu_85072834829.json": {
    "919869c7-27ec-44eb-bc21-ebd2300438cf-oil-9": "f46f17d1-e7ee-43a7-b27f-8001a220449a-calcium-30"
  },
  "onu_85073705401.json": {
    "NE-CITY-Bay": "NE-CITY-Bay"
  },
  "onu_85073706024.json": {
    "919869c7-27ec-44eb-bc21-ebd2300438cf-oil-9": "fad0be37-f5f4-4a0f-bcad-6a82a846f841-well-5",
    "919869c7-27ec-44eb-bc21-ebd2300438cf-oil-4-detection-5": "fad0be37-f5f4-4a0f-bcad-6a82a846f841-oil-22-wells-23",
    "NE-ORGANIZATION-PETROBRAS": "NE-ORGANIZATION-Petrobras"
  },
  "onu_85073935907.json": {
    "919869c7-27ec-44eb-bc21-ebd2300438cf-data-9": "bc946871-1090-4025-8672-8089752cc34e-data-21"
  },
  "onu_85074489503.json": {},
  "onu_85074632793.json": {
    "919869c7-27ec-44eb-bc21-ebd2300438cf-oil-9": "e96160f9-afe1-4286-9ca9-11f35229455a-wind-10"
  },
  "onu_85074778611.json": {},
  "onu_85075350522.json": {},
  "onu_85075421341.json": {},
  "onu_85075661667.json": {},
  "onu_85075827903.json": {
    "NE-ORGANIZATION-PETROBRAS": "NE-ORGANIZATION-Petrobras"
  },
  "onu_85075828327.json": {
    "919869c7-27ec-44eb-bc21-ebd2300438cf-paper-2": "76be24f2-9662-45c7-a95c-63c0f1d47d2c-paper-2",
    "919869c7-27ec-44eb-bc21-ebd2300438cf-water-15-surface-16": "76be24f2-9662-45c7-a95c-63c0f1d47d2c-water-40-depth-41",
    "NE-ORGANIZATION-PETROBRAS": "NE-ORGANIZATION-Petrobras"
  },
  "onu_85075831363.json": {
    "919869c7-27ec-44eb-bc21-ebd2300438cf-paper-2": "c6187c05-69fa-4993-ac86-f7154dd67053-paper-2",
    "919869c7-27ec-44eb-bc21-ebd2300438cf-application-5": "c6187c05-69fa-4993-ac86-f7154dd67053-application-5",
    "919869c7-27ec-44eb-bc21-ebd2300438cf-remote-7": "c6187c05-69fa-4993-ac86-f7154dd67053-supervised-7"
  },
  "onu_85075835330.json": {},
  "onu_85075843438.json": {
    "919869c7-27ec-44eb-bc21-ebd2300438cf-paper-2": "b11303f1-e8e0-4420-9932-569d3ac87ff2-paper-2"
  },
  "onu_85075879935.json": {},
  "onu_85075941856.json": {
    "919869c7-27ec-44eb-bc21-ebd2300438cf-oil-9": "5971aa89-f51c-4cd0-bb74-6b65ebf6bfe1-sand-16"
  },
  "onu_85075951728.json": {},
  "onu_85075997043.json": {},
  "onu_85076246665.json": {
    "919869c7-27ec-44eb-bc21-ebd2300438cf-oil-11-spill-12-monitoring-13": "e0b07107-d3d9-440f-ac94-05597132db4b-oil-8-generation-9",
    "919869c7-27ec-44eb-bc21-ebd2300438cf-oil-4-detection-5": "e0b07107-d3d9-440f-ac94-05597132db4b-oil-8-generation-9",
    "NE-ORGANIZATION-PETROBRAS": "e0b07107-d3d9-440f-ac94-05597132db4b-Petrographic-1"
  },
  "onu_85076560202.json": {
    "919869c7-27ec-44eb-bc21-ebd2300438cf-data-9": "53c04a5e-53a6-40d4-b9a2-52a4bd0480d8-data-6"
  },
  "onu_85076775401.json": {
    "NE-CITY-Bay": "NE-CITY-Bay",
    "919869c7-27ec-44eb-bc21-ebd2300438cf-areas-12": "3fa508a4-4944-4cc2-a966-5bc0da835729-zones-10"
  },
  "onu_85076896265.json": {
    "NE-CITY-Bay": "NE-CITY-Bay",
    "NE-LOCATION-Guanabara": "NE-LOCATION-Guanabara"
  },
  "onu_85077234208.json": {},
  "onu_85077945350.json": {},
  "onu_85078010553.json": {
    "NE-CITY-Bay": "NE-CITY-Bay",
    "919869c7-27ec-44eb-bc21-ebd2300438cf-oil-9": "8b856b86-bebe-4ded-9624-c946c2d1bff7-especially-32",
    "919869c7-27ec-44eb-bc21-ebd2300438cf-water-15-surface-16": "8b856b86-bebe-4ded-9624-c946c2d1bff7-water-12-diversion-13-channel-14"
  },
  "onu_85078233209.json": {
    "919869c7-27ec-44eb-bc21-ebd2300438cf-environment-22": "d100c63f-0f5d-41fb-88da-fdd2d50ddb5f-environment-20"
  },
  "onu_85079351203.json": {
    "919869c7-27ec-44eb-bc21-ebd2300438cf-have-4-utilized-6": "da566f30-68dc-4ed8-990f-a0817cb9497f-have-3-interpreted-6",
    "919869c7-27ec-44eb-bc21-ebd2300438cf-oil-9": "da566f30-68dc-4ed8-990f-a0817cb9497f-vertically-24"
  },
  "onu_85079784581.json": {
    "919869c7-27ec-44eb-bc21-ebd2300438cf-sensing-8": "1062b9a2-c1d7-4c95-a533-f3f7c7961c33-modelling-9"
  },
  "onu_85080813467.json": {},
  "onu_85083240666.json": {
    "NE-CITY-Bay": "NE-CITY-Bay"
  },
  "onu_85083341760.json": {},
  "onu_85084024263.json": {},
  "onu_85084454298.json": {
    "NE-CITY-Bay": "NE-CITY-Bay"
  },
  "onu_85084634006.json": {},
  "onu_85084667903.json": {
    "919869c7-27ec-44eb-bc21-ebd2300438cf-oil-9": "ced88bac-1112-43b7-819e-42b702c4146b-basin-18"
  },
  "onu_85084945361.json": {},
  "onu_85085054148.json": {},
  "onu_85085298469.json": {
    "919869c7-27ec-44eb-bc21-ebd2300438cf-data-9": "4519eb5f-aa7d-4b0a-9a81-fe0bce2be361-core-14-data-17",
    "919869c7-27ec-44eb-bc21-ebd2300438cf-information-13": "4519eb5f-aa7d-4b0a-9a81-fe0bce2be361-information-22"
  },
  "onu_85085408490.json": {
    "919869c7-27ec-44eb-bc21-ebd2300438cf-paper-2": "47bed0cf-53f1-4cbc-8757-a9c45441f91a-paper-2",
    "NE-ORGANIZATION-PETROBRAS": "47bed0cf-53f1-4cbc-8757-a9c45441f91a-PETROBRÁS-1"
  },
  "onu_85085473397.json": {
    "919869c7-27ec-44eb-bc21-ebd2300438cf-sensing-8": "934e19c7-1772-4795-a581-05b674220676-sensing-33",
    "919869c7-27ec-44eb-bc21-ebd2300438cf-remote-7": "934e19c7-1772-4795-a581-05b674220676-remote-32"
  },
  "onu_85085492342.json": {},
  "onu_85085773523.json": {
    "919869c7-27ec-44eb-bc21-ebd2300438cf-application-5": "ab307ab9-374d-477f-9d96-1a0fda460239-application-22",
    "NE-ORGANIZATION-PETROBRAS": "NE-ORGANIZATION-Petrobras"
  },
  "onu_85085773731.json": {
    "919869c7-27ec-44eb-bc21-ebd2300438cf-paper-2": "4b172916-f0f5-46a4-9792-7936dc9ba4f9-paper-2",
    "919869c7-27ec-44eb-bc21-ebd2300438cf-oil-9": "4b172916-f0f5-46a4-9792-7936dc9ba4f9-oil-16",
    "919869c7-27ec-44eb-bc21-ebd2300438cf-water-15-surface-16": "4b172916-f0f5-46a4-9792-7936dc9ba4f9-water-16-oil-18",
    "919869c7-27ec-44eb-bc21-ebd2300438cf-oil-4-detection-5": "4b172916-f0f5-46a4-9792-7936dc9ba4f9-oil-16",
    "NE-ORGANIZATION-PETROBRAS": "NE-ORGANIZATION-Petrobras"
  },
  "onu_85085773745.json": {
    "919869c7-27ec-44eb-bc21-ebd2300438cf-oil-11-spill-12-monitoring-13": "21225434-c8fc-441d-b277-65da424c77e7-oil-18-production-19",
    "919869c7-27ec-44eb-bc21-ebd2300438cf-oil-9": "21225434-c8fc-441d-b277-65da424c77e7-oil-7"
  },
  "onu_85085773825.json": {
    "919869c7-27ec-44eb-bc21-ebd2300438cf-remote-7": "e9189042-c2fa-4b5e-a9da-3d50e8f4c891-lazy-11"
  },
  "onu_85085773875.json": {
    "919869c7-27ec-44eb-bc21-ebd2300438cf-paper-2": "d606c7b3-ce98-4023-8a39-196528dd3002-paper-2",
    "919869c7-27ec-44eb-bc21-ebd2300438cf-oil-11-spill-12-monitoring-13": "d606c7b3-ce98-4023-8a39-196528dd3002-increasing-38-oil-39-recovery-40"
  },
  "onu_85085774498.json": {
    "919869c7-27ec-44eb-bc21-ebd2300438cf-paper-2": "801b16ca-c991-454c-b97a-b358ab8eea75-paper-5"
  },
  "onu_85085774511.json": {},
  "onu_85085774766.json": {
    "NE-ORGANIZATION-PETROBRAS": "NE-ORGANIZATION-Petrobras"
  },
  "onu_85085775194.json": {
    "919869c7-27ec-44eb-bc21-ebd2300438cf-paper-2": "84e4f7e4-b6c1-4975-bd01-e021f5afdff1-paper-2",
    "919869c7-27ec-44eb-bc21-ebd2300438cf-oil-11-spill-12-monitoring-13": "84e4f7e4-b6c1-4975-bd01-e021f5afdff1-oil-10-wells-11",
    "NE-ORGANIZATION-PETROBRAS": "NE-ORGANIZATION-Petrobras"
  },
  "onu_85085775396.json": {
    "919869c7-27ec-44eb-bc21-ebd2300438cf-water-15-surface-16": "ee817b7d-8183-4633-9141-28578ef8eeaa-water-20-environments-21",
    "919869c7-27ec-44eb-bc21-ebd2300438cf-ancillary-12": "ee817b7d-8183-4633-9141-28578ef8eeaa-ancillary-7"
  },
  "onu_85085775562.json": {
    "919869c7-27ec-44eb-bc21-ebd2300438cf-data-9": "5e83a3a6-8e89-4b18-8ff5-f69454f22032-data-11",
    "919869c7-27ec-44eb-bc21-ebd2300438cf-information-13": "5e83a3a6-8e89-4b18-8ff5-f69454f22032-data-11"
  },
  "onu_85085775753.json": {},
  "onu_85085775962.json": {
    "919869c7-27ec-44eb-bc21-ebd2300438cf-paper-2": "be473474-e9c1-4908-947b-6970a8bfa756-paper-2"
  },
  "onu_85085776151.json": {
    "919869c7-27ec-44eb-bc21-ebd2300438cf-application-5": "5bd9eda6-5812-4578-ab2b-6a61cf688e44-application-6",
    "919869c7-27ec-44eb-bc21-ebd2300438cf-oil-4-detection-5": "5bd9eda6-5812-4578-ab2b-6a61cf688e44-Gas-9-Oil-11-Ratio-12",
    "NE-ORGANIZATION-PETROBRAS": "NE-ORGANIZATION-PETROBRAS"
  },
  "onu_85085776159.json": {
    "919869c7-27ec-44eb-bc21-ebd2300438cf-oil-11-spill-12-monitoring-13": "68be5ebe-fea0-40de-b540-0c2b01b2e926-offshore-16-oil-17-production-20-facility-21-surface-23-installations-24",
    "NE-ORGANIZATION-PETROBRAS": "NE-ORGANIZATION-Petrobras"
  },
  "onu_85085776356.json": {
    "919869c7-27ec-44eb-bc21-ebd2300438cf-paper-2": "NE-TITLE-author",
    "919869c7-27ec-44eb-bc21-ebd2300438cf-oil-4-detection-5": "2a540db1-9714-4a1f-b95b-65922ff9ef32-Oil-9-industry-12",
    "NE-ORGANIZATION-PETROBRAS": "NE-ORGANIZATION-Petrobras"
  },
  "onu_85085776372.json": {
    "919869c7-27ec-44eb-bc21-ebd2300438cf-application-5": "c59dc365-dd43-4a22-8bcc-877027142262-applications-5"
  },
  "onu_85085776540.json": {
    "919869c7-27ec-44eb-bc21-ebd2300438cf-application-5": "544389f0-af01-489c-a71e-5e23542d32c5-application-22",
    "919869c7-27ec-44eb-bc21-ebd2300438cf-oil-11-spill-12-monitoring-13": "544389f0-af01-489c-a71e-5e23542d32c5-oil-17-production-18",
    "919869c7-27ec-44eb-bc21-ebd2300438cf-oil-4-detection-5": "544389f0-af01-489c-a71e-5e23542d32c5-oil-24-fields-25"
  },
  "onu_85085776958.json": {},
  "onu_85085777009.json": {
    "919869c7-27ec-44eb-bc21-ebd2300438cf-application-5": "d32271d8-792a-4672-97e1-b4c138d6d351-implementation-14",
    "919869c7-27ec-44eb-bc21-ebd2300438cf-oil-9": "d32271d8-792a-4672-97e1-b4c138d6d351-already-35",
    "NE-ORGANIZATION-PETROBRAS": "NE-ORGANIZATION-Petrobras"
  },
  "onu_85085777884.json": {},
  "onu_85085778037.json": {
    "919869c7-27ec-44eb-bc21-ebd2300438cf-remote-7": "2dd1a90e-7412-4b7d-ac70-cba9b0380628-remote-10",
    "919869c7-27ec-44eb-bc21-ebd2300438cf-have-4-utilized-6": "2dd1a90e-7412-4b7d-ac70-cba9b0380628-have-26-analyzed-28",
    "919869c7-27ec-44eb-bc21-ebd2300438cf-oil-9": "2dd1a90e-7412-4b7d-ac70-cba9b0380628-offshore-7",
    "919869c7-27ec-44eb-bc21-ebd2300438cf-oil-4-detection-5": "2dd1a90e-7412-4b7d-ac70-cba9b0380628-oilfield-45",
    "NE-ORGANIZATION-PETROBRAS": "NE-ORGANIZATION-Petrobras"
  },
  "onu_85085778412.json": {
    "919869c7-27ec-44eb-bc21-ebd2300438cf-paper-2": "4fb375aa-30f3-49a6-9346-70a70e51f8b9-paper-2"
  },
  "onu_85085778651.json": {
    "919869c7-27ec-44eb-bc21-ebd2300438cf-oil-9": "42684b28-71f8-41aa-ada5-b427f3c87f94-water-20"
  },
  "onu_85085778850.json": {
    "919869c7-27ec-44eb-bc21-ebd2300438cf-paper-2": "aefa100b-fd33-476c-8121-310d23ec4cbc-work-2",
    "919869c7-27ec-44eb-bc21-ebd2300438cf-application-5": "aefa100b-fd33-476c-8121-310d23ec4cbc-application-6"
  },
  "onu_85085778895.json": {
    "919869c7-27ec-44eb-bc21-ebd2300438cf-paper-2": "b7a10045-d4c2-447e-907a-820163ea176a-paper-2",
    "919869c7-27ec-44eb-bc21-ebd2300438cf-oil-4-detection-5": "b7a10045-d4c2-447e-907a-820163ea176a-drilling-30-fluids-31",
    "NE-ORGANIZATION-PETROBRAS": "NE-ORGANIZATION-Petrobras"
  },
  "onu_85085779136.json": {
    "NE-ORGANIZATION-PETROBRAS": "NE-ORGANIZATION-Petrobras"
  },
  "onu_85085779144.json": {
    "919869c7-27ec-44eb-bc21-ebd2300438cf-have-4-utilized-6": "be3e799c-8e30-4190-9f13-a88110e85837-have-3-performed-6"
  },
  "onu_85085780309.json": {
    "919869c7-27ec-44eb-bc21-ebd2300438cf-oil-9": "82bdebe1-55d4-4873-9e12-d1e0510312d7-water-14"
  },
  "onu_85085850094.json": {
    "919869c7-27ec-44eb-bc21-ebd2300438cf-have-4-utilized-6": "44a03514-5795-44e8-9d1b-fd93129ad66f-have-5-developed-7",
    "NE-ORGANIZATION-PETROBRAS": "NE-ORGANIZATION-Petrobras"
  },
  "onu_85086232639.json": {
    "919869c7-27ec-44eb-bc21-ebd2300438cf-have-4-utilized-6": "1560ca69-ffef-4249-b357-976be0472af8-have-2-noted-4"
  },
  "onu_85086245971.json": {
    "919869c7-27ec-44eb-bc21-ebd2300438cf-data-9": "5b314478-44cb-4cb9-a631-b9e343125cc4-data-12",
    "919869c7-27ec-44eb-bc21-ebd2300438cf-oil-9": "5b314478-44cb-4cb9-a631-b9e343125cc4-highly-7"
  },
  "onu_85086248840.json": {
    "919869c7-27ec-44eb-bc21-ebd2300438cf-paper-2": "9634cff3-f7bf-4dd4-9bdd-d4ce051d15e4-paper-2",
    "919869c7-27ec-44eb-bc21-ebd2300438cf-application-5": "9634cff3-f7bf-4dd4-9bdd-d4ce051d15e4-implementation-15",
    "919869c7-27ec-44eb-bc21-ebd2300438cf-remote-7": "9634cff3-f7bf-4dd4-9bdd-d4ce051d15e4-learned-18",
    "NE-ORGANIZATION-PETROBRAS": "NE-ORGANIZATION-Petrobras"
  },
  "onu_85086257600.json": {},
  "onu_85086355916.json": {},
  "onu_85086628030.json": {},
  "onu_85086649140.json": {
    "919869c7-27ec-44eb-bc21-ebd2300438cf-remote-7": "c9f847a3-c49c-4b1b-a35a-2782aa506380-simple-8"
  },
  "onu_85086667338.json": {
    "919869c7-27ec-44eb-bc21-ebd2300438cf-water-15-surface-16": "c26fa3b4-e85d-44f5-a212-fecb246d8968-shallow-21-water-22-platform-23-environment-24"
  },
  "onu_85086808985.json": {
    "919869c7-27ec-44eb-bc21-ebd2300438cf-oil-9": "bf917e90-7343-4ac5-9605-4309e100073a-progressively-27"
  },
  "onu_85086809805.json": {
    "919869c7-27ec-44eb-bc21-ebd2300438cf-paper-2": "6af17be2-6207-49d6-b833-4d7a7d7f3202-paper-2",
    "919869c7-27ec-44eb-bc21-ebd2300438cf-application-5": "6af17be2-6207-49d6-b833-4d7a7d7f3202-applications-21",
    "919869c7-27ec-44eb-bc21-ebd2300438cf-sensing-8": "6af17be2-6207-49d6-b833-4d7a7d7f3202-technological-12",
    "919869c7-27ec-44eb-bc21-ebd2300438cf-remote-7": "6af17be2-6207-49d6-b833-4d7a7d7f3202-technological-12",
    "919869c7-27ec-44eb-bc21-ebd2300438cf-oil-4-detection-5": "6af17be2-6207-49d6-b833-4d7a7d7f3202-deep-4-water-6-Oil-7-operations-10",
    "NE-ORGANIZATION-PETROBRAS": "NE-ORGANIZATION-Petrobras"
  },
  "onu_85086829622.json": {},
  "onu_85086929987.json": {},
  "onu_85087227840.json": {},
  "onu_85087228205.json": {
    "919869c7-27ec-44eb-bc21-ebd2300438cf-paper-2": "fb7e8c11-5740-4da0-9139-e7047dada05c-paper-2",
    "919869c7-27ec-44eb-bc21-ebd2300438cf-application-5": "fb7e8c11-5740-4da0-9139-e7047dada05c-applications-11"
  },
  "onu_85087345946.json": {}
}