{
  "onu_10228776.json": {
    "8fb8097e-c81f-447a-a4d8-43a43dba6438-paper-2": "8ccf6711-4359-43f1-af56-bff91be221df-paper-2"
  },
  "onu_11244281653.json": {
    "8fb8097e-c81f-447a-a4d8-43a43dba6438-bottles-10": "573197e7-feeb-4bf7-8fc7-347e79223db7-pipes-14",
    "8fb8097e-c81f-447a-a4d8-43a43dba6438-synchronized-5": "573197e7-feeb-4bf7-8fc7-347e79223db7-floating-9",
    "NE-ORGANIZATION-Petrobras": "NE-ORGANIZATION-Petrobras",
    "8fb8097e-c81f-447a-a4d8-43a43dba6438-910-24-m-25-water-26-depth-27": "573197e7-feeb-4bf7-8fc7-347e79223db7-m-15"
  },
  "onu_14467639.json": {
    "NE-ORGANIZATION-Petrobras": "NE-ORGANIZATION-Petrobras",
    "8fb8097e-c81f-447a-a4d8-43a43dba6438-910-24-m-25-water-26-depth-27": "04fb19eb-27a3-4c60-b8e1-453f11d0e96b-about-25-6000-26-m-27-thickness-28"
  },
  "onu_14928592.json": {},
  "onu_1642522078.json": {
    "8fb8097e-c81f-447a-a4d8-43a43dba6438-riser-12-design-13-methodology-14": "4e1ac6e0-5aee-4eb0-9ad0-694f3ac8f48a-risers-9",
    "8fb8097e-c81f-447a-a4d8-43a43dba6438-paper-2": "4e1ac6e0-5aee-4eb0-9ad0-694f3ac8f48a-paper-2",
    "8fb8097e-c81f-447a-a4d8-43a43dba6438-monitoring-7-system-8": "4e1ac6e0-5aee-4eb0-9ad0-694f3ac8f48a-production-5-system-6"
  },
  "onu_16964104.json": {
    "NE-ORGANIZATION-Petrobras": "NE-ORGANIZATION-Petrobras",
    "8fb8097e-c81f-447a-a4d8-43a43dba6438-paper-2": "e73719d8-439a-4c06-a2a0-fc90e94e87eb-article-2",
    "NE-ORDINAL-first": "NE-ORDINAL-first"
  },
  "onu_17044389842.json": {
    "NE-ORGANIZATION-Petrobras": "NE-ORGANIZATION-Petrobras"
  },
  "onu_17144436283.json": {
    "8fb8097e-c81f-447a-a4d8-43a43dba6438-paper-2": "98101f72-00fb-4f23-a31d-93a1ed4242cc-paper-2",
    "NE-ORGANIZATION-Petrobras": "NE-ORGANIZATION-Petrobras"
  },
  "onu_17344364742.json": {
    "NE-ORGANIZATION-Petrobras": "NE-ORGANIZATION-Petrobras",
    "NE-DATE-current": "9904aa2e-63e4-415c-ba81-2791b35da710-Initial-1",
    "8fb8097e-c81f-447a-a4d8-43a43dba6438-systems-3": "9904aa2e-63e4-415c-ba81-2791b35da710-installations-7",
    "NE-LOCATION-Marlim-Field": "9904aa2e-63e4-415c-ba81-2791b35da710-Marlim-25-basin-26"
  },
  "onu_1842589247.json": {
    "NE-ORGANIZATION-Petrobras": "NE-ORGANIZATION-Petrobras"
  },
  "onu_18944382016.json": {
    "NE-ORDINAL-first": "NE-ORDINAL-first",
    "NE-LOCATION-Marlim-Field": "NE-LOCATION-Marlim-Sul-Field"
  },
  "onu_19586421.json": {
    "NE-ORGANIZATION-Petrobras": "NE-ORGANIZATION-Petrobras",
    "8fb8097e-c81f-447a-a4d8-43a43dba6438-monitoring-7-system-8": "c2834789-0a59-4f09-86f9-adf81755e9d3-loading-12-tower-13"
  },
  "onu_20736039.json": {},
  "onu_21575939.json": {},
  "onu_2342418572.json": {
    "8fb8097e-c81f-447a-a4d8-43a43dba6438-riser-12-design-13-methodology-14": "dbc773c9-4c74-40cf-bad8-8cad13ba1be9-gravel-13-pack-14-design-15"
  },
  "onu_2342623297.json": {
    "NE-ORGANIZATION-Petrobras": "f25f6215-5192-4162-b2e7-5bee2a7f90d8-Petróbras-1",
    "NE-DATE-current": "NE-DATE-present",
    "NE-ORDINAL-first": "NE-ORDINAL-first",
    "8fb8097e-c81f-447a-a4d8-43a43dba6438-sensors-19": "f25f6215-5192-4162-b2e7-5bee2a7f90d8-well-12",
    "8fb8097e-c81f-447a-a4d8-43a43dba6438-VIV-5-monitoring-6-system-7": "f25f6215-5192-4162-b2e7-5bee2a7f90d8-5-13-yr-15-development-16-project-17"
  },
  "onu_23699043.json": {},
  "onu_23844461981.json": {
    "NE-ORGANIZATION-Petrobras": "NE-ORGANIZATION-Petrobras"
  },
  "onu_24044508291.json": {
    "NE-ORDINAL-first": "NE-ORDINAL-first",
    "NE-ORGANIZATION-Petrobras": "NE-ORGANIZATION-Petrobras"
  },
  "onu_24050293.json": {
    "8fb8097e-c81f-447a-a4d8-43a43dba6438-semi-submersible-16": "48013ad7-c8d2-4d31-94ea-36fc2cde40cb-world-2-largest-4-semi-submersible-5-crane-6-vessel-7-Micoperi-10",
    "NE-ORDINAL-first": "NE-ORDINAL-first",
    "NE-ORGANIZATION-Petrobras": "NE-ORGANIZATION-Petrobras"
  },
  "onu_242694501.json": {},
  "onu_24662461.json": {},
  "onu_24769642.json": {
    "NE-ORGANIZATION-Petrobras": "NE-ORGANIZATION-Petrobras",
    "NE-DATE-current": "NE-DATE-current"
  },
  "onu_24867907.json": {},
  "onu_25054779.json": {},
  "onu_25144481375.json": {},
  "onu_25444510078.json": {
    "NE-ORGANIZATION-Petrobras": "adad3cf5-16ae-4cec-b91d-60c5da9121ac-Petrobras-18-project-19"
  },
  "onu_26244445255.json": {
    "NE-ORGANIZATION-Petrobras": "NE-ORGANIZATION-Petrobras",
    "NE-ORDINAL-first": "NE-ORDINAL-first"
  },
  "onu_26850121.json": {
    "NE-DATE-Current": "NE-DATE-Current"
  },
  "onu_27744595461.json": {
    "NE-ORGANIZATION-Petrobras": "NE-ORGANIZATION-PETROBRAS"
  },
  "onu_30311937.json": {
    "8fb8097e-c81f-447a-a4d8-43a43dba6438-steel-8-catenary-9-riser-10": "007fd580-5ecb-4536-a243-38b5370a241f-Steel-1-catenary-2-risers-3",
    "NE-ORGANIZATION-Petrobras": "NE-ORGANIZATION-Petrobras",
    "8fb8097e-c81f-447a-a4d8-43a43dba6438-910-24-m-25-water-26-depth-27": "007fd580-5ecb-4536-a243-38b5370a241f-910-29-meters-30",
    "NE-LOCATION-Marlim-Field": "NE-LOCATION-Marlim-Field",
    "8fb8097e-c81f-447a-a4d8-43a43dba6438-riser-6": "007fd580-5ecb-4536-a243-38b5370a241f-riser-2",
    "8fb8097e-c81f-447a-a4d8-43a43dba6438-P-13-18-15-platform-17": "007fd580-5ecb-4536-a243-38b5370a241f-P-12-XXVI-14-platform-15",
    "8fb8097e-c81f-447a-a4d8-43a43dba6438-paper-2": "007fd580-5ecb-4536-a243-38b5370a241f-paper-2",
    "NE-ORDINAL-first": "NE-ORDINAL-first"
  },
  "onu_30706349.json": {
    "NE-ORGANIZATION-Petrobras": "NE-ORGANIZATION-PETROBRAS"
  },
  "onu_31206995.json": {
    "NE-ORGANIZATION-Petrobras": "NE-ORGANIZATION-Petrobras",
    "NE-DATE-Current": "860bf7ae-3012-4871-96d2-1e758b1a6d53-new-11"
  },
  "onu_31375269.json": {
    "8fb8097e-c81f-447a-a4d8-43a43dba6438-steel-8-catenary-9-riser-10": "5cee35a4-a50e-4d54-932a-8a8e57e575cd-risers-23-connection-24-deck-25",
    "8fb8097e-c81f-447a-a4d8-43a43dba6438-paper-2": "5cee35a4-a50e-4d54-932a-8a8e57e575cd-paper-2",
    "8fb8097e-c81f-447a-a4d8-43a43dba6438-riser-12-design-13-methodology-14": "5cee35a4-a50e-4d54-932a-8a8e57e575cd-riser-27"
  },
  "onu_32444448833.json": {
    "NE-ORGANIZATION-Petrobras": "NE-ORGANIZATION-Petrobras"
  },
  "onu_33293728.json": {
    "8fb8097e-c81f-447a-a4d8-43a43dba6438-910-24-m-25-water-26-depth-27": "cfd050f2-67ba-42f7-a36c-18e221b0e3a7-780-22-meters-23-of-24-water-25",
    "8fb8097e-c81f-447a-a4d8-43a43dba6438-paper-2": "cfd050f2-67ba-42f7-a36c-18e221b0e3a7-paper-2",
    "8fb8097e-c81f-447a-a4d8-43a43dba6438-used-17": "cfd050f2-67ba-42f7-a36c-18e221b0e3a7-used-25",
    "8fb8097e-c81f-447a-a4d8-43a43dba6438-steel-8-catenary-9-riser-10": "cfd050f2-67ba-42f7-a36c-18e221b0e3a7-catenary-13-configuration-14"
  },
  "onu_33295123.json": {
    "8fb8097e-c81f-447a-a4d8-43a43dba6438-surface-22-value-25": "0197b3f7-4b35-4e53-9441-4ec6cc6ce4f9-surface-2-flow-3",
    "8fb8097e-c81f-447a-a4d8-43a43dba6438-different-15": "0197b3f7-4b35-4e53-9441-4ec6cc6ce4f9-different-9",
    "8fb8097e-c81f-447a-a4d8-43a43dba6438-paper-2": "0197b3f7-4b35-4e53-9441-4ec6cc6ce4f9-paper-2",
    "NE-ORGANIZATION-Petrobras": "NE-ORGANIZATION-PETROBRAS",
    "NE-DATE-current": "NE-DATE-current",
    "NE-DATE-Current": "NE-DATE-Current"
  },
  "onu_33295407.json": {
    "NE-ORGANIZATION-Petrobras": "NE-ORGANIZATION-Petrobras",
    "NE-LOCATION-Marlim-Field": "NE-LOCATION-Marlim-Field",
    "8fb8097e-c81f-447a-a4d8-43a43dba6438-different-15": "69bf6b3a-01bd-4e40-a6e1-94da71019c1c-different-4",
    "8fb8097e-c81f-447a-a4d8-43a43dba6438-semi-submersible-16": "69bf6b3a-01bd-4e40-a6e1-94da71019c1c-Semi-Submersibles-3",
    "8fb8097e-c81f-447a-a4d8-43a43dba6438-sensors-19": "69bf6b3a-01bd-4e40-a6e1-94da71019c1c-turret-5",
    "8fb8097e-c81f-447a-a4d8-43a43dba6438-paper-2": "69bf6b3a-01bd-4e40-a6e1-94da71019c1c-paper-2"
  },
  "onu_33644613229.json": {
    "NE-ORGANIZATION-Petrobras": "NE-ORGANIZATION-Petrobras"
  },
  "onu_33645422493.json": {
    "NE-ORGANIZATION-Petrobras": "NE-ORGANIZATION-Petrobras",
    "8fb8097e-c81f-447a-a4d8-43a43dba6438-910-24-m-25-water-26-depth-27": "f8ba7747-a203-4391-9a8f-d06b3caf167c-2000-11-m-13-water-14-depth-15",
    "8fb8097e-c81f-447a-a4d8-43a43dba6438-riser-12-design-13-methodology-14": "f8ba7747-a203-4391-9a8f-d06b3caf167c-production-17-riser-18",
    "8fb8097e-c81f-447a-a4d8-43a43dba6438-synchronized-5": "f8ba7747-a203-4391-9a8f-d06b3caf167c-floating-18"
  },
  "onu_33646023976.json": {
    "8fb8097e-c81f-447a-a4d8-43a43dba6438-paper-2": "4d5d6714-e3d6-4798-a96f-5279e7b9359d-paper-2",
    "NE-ORGANIZATION-Petrobras": "NE-ORGANIZATION-Petrobras"
  },
  "onu_33646035823.json": {
    "NE-ORGANIZATION-Petrobras": "NE-ORGANIZATION-PETROBRAS"
  },
  "onu_33646043488.json": {
    "8fb8097e-c81f-447a-a4d8-43a43dba6438-other-2": "39c4c261-18a8-4b03-aca4-45d607c671ce-various-4"
  },
  "onu_33646056106.json": {
    "NE-ORGANIZATION-Petrobras": "NE-ORGANIZATION-PETROBRAS",
    "8fb8097e-c81f-447a-a4d8-43a43dba6438-paper-2": "3f9b434e-048b-4cc7-9f64-90faa942c0b7-paper-2"
  },
  "onu_33646056405.json": {
    "NE-ORGANIZATION-Petrobras": "NE-ORGANIZATION-Petrobras"
  },
  "onu_33646073069.json": {
    "NE-ORGANIZATION-Petrobras": "NE-ORGANIZATION-PETROBRAS",
    "8fb8097e-c81f-447a-a4d8-43a43dba6438-paper-2": "c34753c7-bece-49e6-8cfe-9e17f85cdefc-paper-2"
  },
  "onu_33646452775.json": {
    "NE-ORGANIZATION-Petrobras": "NE-ORGANIZATION-Petrobras"
  },
  "onu_33745228406.json": {
    "NE-ORGANIZATION-Petrobras": "NE-ORGANIZATION-Petrobras",
    "8fb8097e-c81f-447a-a4d8-43a43dba6438-other-2": "d3db82f4-2fdf-42aa-a482-edab5edcb94e-various-16",
    "8fb8097e-c81f-447a-a4d8-43a43dba6438-decided-3": "d3db82f4-2fdf-42aa-a482-edab5edcb94e-designed-4"
  },
  "onu_33745354316.json": {
    "NE-ORGANIZATION-Petrobras": "NE-ORGANIZATION-PETROBRAS",
    "8fb8097e-c81f-447a-a4d8-43a43dba6438-different-15": "f284c30b-4d86-45b4-b48d-6a65d84ee416-different-28",
    "8fb8097e-c81f-447a-a4d8-43a43dba6438-used-17": "f284c30b-4d86-45b4-b48d-6a65d84ee416-used-12",
    "8fb8097e-c81f-447a-a4d8-43a43dba6438-sensors-19": "f284c30b-4d86-45b4-b48d-6a65d84ee416-regardless-16"
  },
  "onu_33745713604.json": {
    "NE-ORGANIZATION-Petrobras": "NE-ORGANIZATION-Petrobras",
    "NE-LOCATION-Marlim-Field": "NE-LOCATION-Marlim-Field",
    "8fb8097e-c81f-447a-a4d8-43a43dba6438-paper-2": "ce8af812-48d1-4148-a2b4-62388fc22f37-paper-2"
  },
  "onu_33746039693.json": {
    "NE-ORGANIZATION-Petrobras": "NE-ORGANIZATION-Petrobras"
  },
  "onu_33748460104.json": {
    "NE-ORGANIZATION-Petrobras": "NE-ORGANIZATION-Petrobras"
  },
  "onu_33749265496.json": {
    "NE-ORGANIZATION-Petrobras": "NE-ORGANIZATION-Petrobras",
    "NE-ORDINAL-first": "0f252e1f-8e80-468b-9631-d74e26200948-first-9"
  },
  "onu_33751312200.json": {
    "NE-ORGANIZATION-Petrobras": "NE-ORGANIZATION-PETROBRAS"
  },
  "onu_33751315219.json": {
    "NE-DATE-current": "NE-DATE-current",
    "8fb8097e-c81f-447a-a4d8-43a43dba6438-including-16-Vortex-17-Induced-18-Vibrations-19": "0709a62c-a215-4068-a74c-360cc8510fa9-induced-17-vibration-18",
    "8fb8097e-c81f-447a-a4d8-43a43dba6438-sensors-19": "0709a62c-a215-4068-a74c-360cc8510fa9-vortex-15",
    "NE-ORGANIZATION-Petrobras": "NE-ORGANIZATION-PETROBRAS",
    "8fb8097e-c81f-447a-a4d8-43a43dba6438-VIV-2-monitoring-3": "0709a62c-a215-4068-a74c-360cc8510fa9-VIM-16-behavior-17",
    "8fb8097e-c81f-447a-a4d8-43a43dba6438-different-15": "0709a62c-a215-4068-a74c-360cc8510fa9-different-19"
  },
  "onu_34250708084.json": {
    "NE-ORGANIZATION-Petrobras": "NE-ORGANIZATION-Petrobras"
  },
  "onu_344741441.json": {
    "NE-ORGANIZATION-Petrobras": "NE-ORGANIZATION-Petrobras",
    "8fb8097e-c81f-447a-a4d8-43a43dba6438-different-15": "1de3c47d-c84d-4a38-b042-489e5b30b72e-different-25",
    "8fb8097e-c81f-447a-a4d8-43a43dba6438-synchronized-5": "1de3c47d-c84d-4a38-b042-489e5b30b72e-stationary-38",
    "8fb8097e-c81f-447a-a4d8-43a43dba6438-paper-2": "1de3c47d-c84d-4a38-b042-489e5b30b72e-paper-19"
  },
  "onu_345171568.json": {
    "NE-ORGANIZATION-Petrobras": "NE-ORGANIZATION-Petrobras"
  },
  "onu_34531605.json": {
    "NE-ORGANIZATION-Petrobras": "NE-ORGANIZATION-Petrobras",
    "NE-ORDINAL-first": "NE-ORDINAL-first",
    "8fb8097e-c81f-447a-a4d8-43a43dba6438-other-2": "0f4e8dae-921f-4f9e-8d26-552e9ebde1e1-other-5",
    "8fb8097e-c81f-447a-a4d8-43a43dba6438-synchronized-5": "0f4e8dae-921f-4f9e-8d26-552e9ebde1e1-hydraulic-9"
  },
  "onu_34547893063.json": {
    "NE-ORGANIZATION-Petrobras": "NE-ORGANIZATION-Petrobras",
    "NE-ORDINAL-first": "NE-ORDINAL-first",
    "8fb8097e-c81f-447a-a4d8-43a43dba6438-paper-2": "be5ea7f2-eaf1-4194-82d5-01264cdce152-paper-2"
  },
  "onu_345603133.json": {
    "8fb8097e-c81f-447a-a4d8-43a43dba6438-910-24-m-25-water-26-depth-27": "83f8226e-eaff-474f-8c4b-070d79533224-m-30",
    "NE-DATE-current": "NE-DATE-current",
    "NE-DATE-Current": "NE-DATE-current"
  },
  "onu_345603650.json": {
    "NE-ORGANIZATION-Petrobras": "NE-ORGANIZATION-PETROBRAS",
    "8fb8097e-c81f-447a-a4d8-43a43dba6438-semi-submersible-16": "03f9bd13-9d39-41a8-8125-8924075f6e7b-semi-submersible-36",
    "NE-DATE-Current": "03f9bd13-9d39-41a8-8125-8924075f6e7b-new-2"
  },
  "onu_34686357.json": {
    "NE-ORGANIZATION-Petrobras": "NE-ORGANIZATION-Petrobras"
  },
  "onu_34984147.json": {
    "NE-ORGANIZATION-Petrobras": "NE-ORGANIZATION-Petrobras",
    "NE-ORDINAL-first": "NE-ORDINAL-first"
  },
  "onu_35573581.json": {
    "NE-ORGANIZATION-Petrobras": "NE-ORGANIZATION-PETROBRAS",
    "8fb8097e-c81f-447a-a4d8-43a43dba6438-data-8": "919869c7-27ec-44eb-bc21-ebd2300438cf-data-9",
    "8fb8097e-c81f-447a-a4d8-43a43dba6438-paper-2": "919869c7-27ec-44eb-bc21-ebd2300438cf-paper-2"
  },
  "onu_36768397.json": {
    "NE-ORGANIZATION-Petrobras": "NE-ORGANIZATION-Petrobras"
  },
  "onu_37304895.json": {
    "NE-ORGANIZATION-Petrobras": "NE-ORGANIZATION-Petrobras",
    "NE-ORDINAL-first": "NE-ORDINAL-first",
    "NE-DATE-current": "6bacd7ac-6903-41a6-a534-aa3361728c0d-seismic-46",
    "NE-DATE-Current": "NE-DATE-future",
    "8fb8097e-c81f-447a-a4d8-43a43dba6438-paper-2": "6bacd7ac-6903-41a6-a534-aa3361728c0d-paper-2"
  },
  "onu_40349089123.json": {
    "NE-ORGANIZATION-Petrobras": "NE-ORGANIZATION-PETROBRAS",
    "8fb8097e-c81f-447a-a4d8-43a43dba6438-paper-2": "50180d4d-99ad-4416-b364-8467ab844fae-paper-2"
  },
  "onu_4043182709.json": {
    "NE-ORGANIZATION-Petrobras": "NE-ORGANIZATION-Petrobras",
    "NE-LOCATION-Marlim-Field": "6c2893f1-9107-4672-832c-d8ec06508db6-Marlim-17-Sul-18-field-19",
    "8fb8097e-c81f-447a-a4d8-43a43dba6438-buoy-9": "6c2893f1-9107-4672-832c-d8ec06508db6-Buoy-11-Moorings-12"
  },
  "onu_41849140524.json": {
    "NE-ORDINAL-first": "NE-ORDINAL-first",
    "8fb8097e-c81f-447a-a4d8-43a43dba6438-other-2": "d5ee487c-3b46-46fc-a521-837aed5b9969-other-3",
    "8fb8097e-c81f-447a-a4d8-43a43dba6438-data-8": "d5ee487c-3b46-46fc-a521-837aed5b9969-data-9"
  },
  "onu_47849110025.json": {
    "NE-ORGANIZATION-Petrobras": "NE-ORGANIZATION-Petrobras"
  },
  "onu_50249174640.json": {
    "NE-ORGANIZATION-Petrobras": "NE-ORGANIZATION-Petrobras"
  },
  "onu_50249181836.json": {
    "NE-ORGANIZATION-Petrobras": "NE-ORGANIZATION-Petrobras",
    "NE-ORDINAL-first": "NE-ORDINAL-first",
    "8fb8097e-c81f-447a-a4d8-43a43dba6438-910-24-m-25-water-26-depth-27": "cfd50fe9-a146-48f2-a71e-97b5100717b7-1,450-24-m-25-depth-26",
    "8fb8097e-c81f-447a-a4d8-43a43dba6438-other-2": "cfd50fe9-a146-48f2-a71e-97b5100717b7-other-8"
  },
  "onu_51649098845.json": {},
  "onu_52049093008.json": {
    "NE-ORGANIZATION-Petrobras": "NE-ORGANIZATION-Petrobras"
  },
  "onu_52249116622.json": {
    "NE-ORGANIZATION-Petrobras": "NE-ORGANIZATION-Petrobras",
    "8fb8097e-c81f-447a-a4d8-43a43dba6438-systems-3": "2954cb55-b229-4b18-865f-d99a89fef52a-terminals-2"
  },
  "onu_52349109473.json": {
    "NE-ORGANIZATION-Petrobras": "NE-ORGANIZATION-Petrobras",
    "8fb8097e-c81f-447a-a4d8-43a43dba6438-910-24-m-25-water-26-depth-27": "69eb9371-1b92-4f24-801d-8748c6728bc5-water-21-depth-22",
    "8fb8097e-c81f-447a-a4d8-43a43dba6438-time-14": "69eb9371-1b92-4f24-801d-8748c6728bc5-time-31"
  },
  "onu_52849106027.json": {
    "8fb8097e-c81f-447a-a4d8-43a43dba6438-paper-2": "35a41731-8e50-4777-9d82-156d471c0ae7-paper-2"
  },
  "onu_57649139087.json": {
    "8fb8097e-c81f-447a-a4d8-43a43dba6438-other-2": "672bb03e-fe5c-4375-b8ca-4305ca86562f-other-7",
    "NE-DATE-current": "NE-DATE-current",
    "NE-DATE-Current": "NE-DATE-current",
    "NE-ORGANIZATION-Petrobras": "NE-ORGANIZATION-Petrobras"
  },
  "onu_58849128774.json": {
    "8fb8097e-c81f-447a-a4d8-43a43dba6438-phase-14-correction-15-blended-16-with-17-inertial-18-sensors-19": "405fb23b-a959-4bb4-bed3-b32aa1a95cad-option-22-using-23-in-26-oleic-28-phase-29",
    "8fb8097e-c81f-447a-a4d8-43a43dba6438-paper-2": "405fb23b-a959-4bb4-bed3-b32aa1a95cad-paper-2"
  },
  "onu_59649088185.json": {
    "NE-ORGANIZATION-Petrobras": "NE-ORGANIZATION-Petrobras",
    "NE-ORDINAL-first": "NE-ORDINAL-first",
    "8fb8097e-c81f-447a-a4d8-43a43dba6438-sensors-19": "b1824a3a-1334-43e1-9b59-e99495d47c65-vessel-27"
  },
  "onu_68649086917.json": {
    "NE-ORGANIZATION-Petrobras": "NE-ORGANIZATION-Petrobras"
  },
  "onu_68649124056.json": {
    "NE-ORGANIZATION-Petrobras": "NE-ORGANIZATION-Petrobras",
    "8fb8097e-c81f-447a-a4d8-43a43dba6438-910-24-m-25-water-26-depth-27": "1ddb617f-5d63-4fae-b6e3-3e210eb638a3-water-28-depth-29"
  },
  "onu_68649126570.json": {
    "NE-LOCATION-Marlim-Field": "7c69eb4c-e764-45a7-a7e2-9b6a99b69281-Marlim-13-Sul-14-field-15"
  },
  "onu_70449127482.json": {
    "NE-ORGANIZATION-Petrobras": "NE-ORGANIZATION-Petrobras",
    "8fb8097e-c81f-447a-a4d8-43a43dba6438-different-15": "5082c4a7-cf6e-45cd-b5f9-5834141f90b5-different-12",
    "8fb8097e-c81f-447a-a4d8-43a43dba6438-other-2": "5082c4a7-cf6e-45cd-b5f9-5834141f90b5-other-4",
    "8fb8097e-c81f-447a-a4d8-43a43dba6438-blended-16": "5082c4a7-cf6e-45cd-b5f9-5834141f90b5-customized-8"
  },
  "onu_70449650835.json": {
    "NE-ORGANIZATION-Petrobras": "NE-ORGANIZATION-Petrobras",
    "8fb8097e-c81f-447a-a4d8-43a43dba6438-used-17": "fa7eba80-2962-449f-ab5e-c7372a6dd9af-practiced-14"
  },
  "onu_72449143175.json": {
    "NE-ORGANIZATION-Petrobras": "NE-ORGANIZATION-Petrobras"
  },
  "onu_73349086227.json": {
    "NE-ORGANIZATION-Petrobras": "NE-ORGANIZATION-Petrobras"
  },
  "onu_77449138097.json": {
    "NE-ORGANIZATION-Petrobras": "NE-ORGANIZATION-Petrobras"
  },
  "onu_77955388680.json": {
    "NE-ORGANIZATION-Petrobras": "NE-ORGANIZATION-Petrobras",
    "8fb8097e-c81f-447a-a4d8-43a43dba6438-monitoring-7-system-8": "6853be13-f2b8-4273-b0f4-b628a386d69b-loading-22-system-23",
    "8fb8097e-c81f-447a-a4d8-43a43dba6438-positioning-4-system-5": "6853be13-f2b8-4273-b0f4-b628a386d69b-loading-22-system-23",
    "8fb8097e-c81f-447a-a4d8-43a43dba6438-paper-2": "6853be13-f2b8-4273-b0f4-b628a386d69b-paper-2"
  },
  "onu_77955408815.json": {
    "NE-ORGANIZATION-Petrobras": "NE-ORGANIZATION-Petrobras",
    "NE-ORDINAL-first": "NE-ORDINAL-first",
    "NE-DATE-Current": "NE-DATE-future",
    "8fb8097e-c81f-447a-a4d8-43a43dba6438-blended-16": "3fbbdd88-8638-4b37-a689-c218c2b9f313-bonded-15",
    "8fb8097e-c81f-447a-a4d8-43a43dba6438-synchronized-5": "3fbbdd88-8638-4b37-a689-c218c2b9f313-floating-11",
    "8fb8097e-c81f-447a-a4d8-43a43dba6438-paper-2": "3fbbdd88-8638-4b37-a689-c218c2b9f313-paper-2"
  },
  "onu_77956543361.json": {
    "NE-ORGANIZATION-Petrobras": "NE-ORGANIZATION-Petrobras"
  },
  "onu_77956858304.json": {
    "NE-ORGANIZATION-Petrobras": "NE-ORGANIZATION-Petrobras",
    "8fb8097e-c81f-447a-a4d8-43a43dba6438-blended-16": "NE-TITLE-mobile"
  },
  "onu_77958012173.json": {
    "8fb8097e-c81f-447a-a4d8-43a43dba6438-sophisticated-12-accelerometers-13": "82dfb525-fe3c-44b8-a079-56355943e3c5-accelerometers-18",
    "8fb8097e-c81f-447a-a4d8-43a43dba6438-different-15": "82dfb525-fe3c-44b8-a079-56355943e3c5-different-13",
    "8fb8097e-c81f-447a-a4d8-43a43dba6438-blended-16": "82dfb525-fe3c-44b8-a079-56355943e3c5-launching-23"
  },
  "onu_78049320828.json": {
    "NE-ORGANIZATION-Petrobras": "NE-ORGANIZATION-Petrobras",
    "NE-ORDINAL-first": "b0408dc9-8c82-423c-98ff-ebbb41b36282-new-7",
    "NE-LOCATION-Marlim-Field": "NE-LOCATION-Marlim-Field",
    "8fb8097e-c81f-447a-a4d8-43a43dba6438-910-24-m-25-water-26-depth-27": "b0408dc9-8c82-423c-98ff-ebbb41b36282-648-23-m-24-of-25-water-26",
    "8fb8097e-c81f-447a-a4d8-43a43dba6438-other-2": "b0408dc9-8c82-423c-98ff-ebbb41b36282-various-6",
    "8fb8097e-c81f-447a-a4d8-43a43dba6438-blended-16": "b0408dc9-8c82-423c-98ff-ebbb41b36282-seismic-20"
  },
  "onu_78649387727.json": {
    "NE-ORGANIZATION-Petrobras": "NE-ORGANIZATION-Petrobras"
  },
  "onu_78650855754.json": {},
  "onu_79952546010.json": {
    "NE-ORGANIZATION-Petrobras": "NE-ORGANIZATION-Petrobras",
    "8fb8097e-c81f-447a-a4d8-43a43dba6438-points-16": "b40df2ca-cdf7-4284-8597-8f166cac093a-point-12",
    "8fb8097e-c81f-447a-a4d8-43a43dba6438-paper-2": "b40df2ca-cdf7-4284-8597-8f166cac093a-paper-2"
  },
  "onu_79952620223.json": {
    "8fb8097e-c81f-447a-a4d8-43a43dba6438-paper-2": "c65b6b38-5933-4677-bdf7-2b10f3833625-paper-2",
    "8fb8097e-c81f-447a-a4d8-43a43dba6438-used-17": "c65b6b38-5933-4677-bdf7-2b10f3833625-used-9"
  },
  "onu_79953006622.json": {
    "NE-ORGANIZATION-Petrobras": "NE-ORGANIZATION-Petrobras",
    "8fb8097e-c81f-447a-a4d8-43a43dba6438-other-2": "6e0ae093-c13e-410d-9aa0-41775ea6f017-other-4",
    "8fb8097e-c81f-447a-a4d8-43a43dba6438-same-11": "6e0ae093-c13e-410d-9aa0-41775ea6f017-same-8"
  },
  "onu_79955374293.json": {
    "NE-ORGANIZATION-Petrobras": "NE-ORGANIZATION-PETROBRAS",
    "8fb8097e-c81f-447a-a4d8-43a43dba6438-other-2": "fdf01418-b90d-4c3b-8f26-604224b4b6fb-other-31",
    "8fb8097e-c81f-447a-a4d8-43a43dba6438-paper-2": "fdf01418-b90d-4c3b-8f26-604224b4b6fb-paper-2"
  },
  "onu_79955828033.json": {
    "NE-ORDINAL-first": "NE-ORDINAL-first",
    "8fb8097e-c81f-447a-a4d8-43a43dba6438-blended-16": "070900c0-3683-4838-8adf-7fc9280ff95b-converted-7",
    "8fb8097e-c81f-447a-a4d8-43a43dba6438-systems-3": "070900c0-3683-4838-8adf-7fc9280ff95b-technologies-45",
    "8fb8097e-c81f-447a-a4d8-43a43dba6438-paper-2": "070900c0-3683-4838-8adf-7fc9280ff95b-paper-2",
    "NE-ORGANIZATION-Petrobras": "NE-ORGANIZATION-Petrobras"
  },
  "onu_79959789184.json": {
    "NE-ORGANIZATION-Petrobras": "NE-ORGANIZATION-Petrobras"
  },
  "onu_80052069671.json": {},
  "onu_80052571318.json": {
    "NE-ORGANIZATION-Petrobras": "NE-ORGANIZATION-Petrobras",
    "8fb8097e-c81f-447a-a4d8-43a43dba6438-points-16": "6c5a99a3-587c-4891-b93a-3283c2d031e2-points-20",
    "8fb8097e-c81f-447a-a4d8-43a43dba6438-paper-2": "6c5a99a3-587c-4891-b93a-3283c2d031e2-paper-2"
  },
  "onu_80052582062.json": {
    "NE-ORGANIZATION-Petrobras": "NE-ORGANIZATION-Petrobras",
    "NE-ORDINAL-first": "NE-ORDINAL-first",
    "NE-DATE-current": "NE-DATE-current",
    "NE-DATE-Current": "NE-DATE-current",
    "8fb8097e-c81f-447a-a4d8-43a43dba6438-data-8": "7a7f6f9c-3356-4943-af08-ffb5a792d414-data-10",
    "8fb8097e-c81f-447a-a4d8-43a43dba6438-used-17": "7a7f6f9c-3356-4943-af08-ffb5a792d414-used-4"
  },
  "onu_80052741860.json": {
    "NE-ORGANIZATION-Petrobras": "NE-ORGANIZATION-Petrobras"
  },
  "onu_80053430040.json": {
    "8fb8097e-c81f-447a-a4d8-43a43dba6438-other-2": "6662d10a-a02c-4d87-88ea-e983eff2d48c-other-10"
  },
  "onu_80053904380.json": {
    "NE-ORGANIZATION-Petrobras": "NE-ORGANIZATION-Petrobras",
    "8fb8097e-c81f-447a-a4d8-43a43dba6438-910-24-m-25-water-26-depth-27": "b3a7d84e-f49d-44a6-94ef-f5d57da13419-899-15-m-16-water-17-depth-18",
    "8fb8097e-c81f-447a-a4d8-43a43dba6438-VIV-5-monitoring-6-system-7": "b3a7d84e-f49d-44a6-94ef-f5d57da13419-subsea-2-separation-3-system-10"
  },
  "onu_80053909062.json": {
    "NE-ORGANIZATION-Petrobras": "NE-ORGANIZATION-Petrobras",
    "NE-ORDINAL-first": "NE-ORDINAL-first"
  },
  "onu_80053931244.json": {
    "NE-ORGANIZATION-Petrobras": "NE-ORGANIZATION-Petrobras",
    "NE-ORDINAL-first": "NE-ORDINAL-first"
  },
  "onu_80053961084.json": {
    "8fb8097e-c81f-447a-a4d8-43a43dba6438-semi-submersible-16": "00386aed-2baf-4b8b-a186-2dcd3e2dfe13-semi-submersible-6",
    "8fb8097e-c81f-447a-a4d8-43a43dba6438-used-17": "00386aed-2baf-4b8b-a186-2dcd3e2dfe13-used-3"
  },
  "onu_80054757255.json": {
    "NE-ORGANIZATION-Petrobras": "NE-ORGANIZATION-Petrobras"
  },
  "onu_81855167522.json": {
    "NE-ORGANIZATION-Petrobras": "NE-ORGANIZATION-Petrobras",
    "8fb8097e-c81f-447a-a4d8-43a43dba6438-910-24-m-25-water-26-depth-27": "67a11e3d-316d-4504-abb6-d3f419bb7620-240-25-m-26",
    "8fb8097e-c81f-447a-a4d8-43a43dba6438-data-8": "67a11e3d-316d-4504-abb6-d3f419bb7620-data-13"
  },
  "onu_82555187024.json": {
    "8fb8097e-c81f-447a-a4d8-43a43dba6438-semi-submersible-16": "eb9c758a-7531-4399-b6bc-8350a275ef69-semi-submersible-3",
    "8fb8097e-c81f-447a-a4d8-43a43dba6438-different-15": "eb9c758a-7531-4399-b6bc-8350a275ef69-Different-1",
    "8fb8097e-c81f-447a-a4d8-43a43dba6438-surface-22-value-25": "eb9c758a-7531-4399-b6bc-8350a275ef69-surface-18-components-20"
  },
  "onu_83155193342.json": {
    "8fb8097e-c81f-447a-a4d8-43a43dba6438-instrumented-8": "e3af93b2-aa60-45e5-8d24-87a91ead4a60-instrumented-4",
    "8fb8097e-c81f-447a-a4d8-43a43dba6438-systems-3": "e3af93b2-aa60-45e5-8d24-87a91ead4a60-systems-21",
    "8fb8097e-c81f-447a-a4d8-43a43dba6438-synchronized-5": "e3af93b2-aa60-45e5-8d24-87a91ead4a60-based-4",
    "8fb8097e-c81f-447a-a4d8-43a43dba6438-VIV-5-monitoring-6-system-7": "e3af93b2-aa60-45e5-8d24-87a91ead4a60-monitoring-3-program-4"
  },
  "onu_84856625676.json": {
    "NE-ORGANIZATION-Petrobras": "NE-ORGANIZATION-Petrobras",
    "NE-ORDINAL-first": "NE-ORDINAL-first",
    "8fb8097e-c81f-447a-a4d8-43a43dba6438-910-24-m-25-water-26-depth-27": "f46d89ca-ba74-4b07-984b-f55cacc7eb9d-water-8-depths-9-of-10-670m-11",
    "8fb8097e-c81f-447a-a4d8-43a43dba6438-used-17": "f46d89ca-ba74-4b07-984b-f55cacc7eb9d-used-3"
  },
  "onu_84856741449.json": {
    "NE-ORGANIZATION-Petrobras": "NE-ORGANIZATION-PETROBRAS"
  },
  "onu_84857305090.json": {
    "NE-ORGANIZATION-Petrobras": "NE-ORGANIZATION-BR-Petrobras",
    "8fb8097e-c81f-447a-a4d8-43a43dba6438-blended-16": "6f3e4645-24e4-4349-bbd4-2d20eb367316-Supplying-1",
    "8fb8097e-c81f-447a-a4d8-43a43dba6438-paper-2": "6f3e4645-24e4-4349-bbd4-2d20eb367316-paper-2"
  },
  "onu_84857324711.json": {
    "NE-ORGANIZATION-Petrobras": "NE-ORGANIZATION-Petrobras",
    "8fb8097e-c81f-447a-a4d8-43a43dba6438-steel-8-catenary-9-riser-10": "2ca4e696-bb0f-4ef9-91e4-7a25d65d6ff6-fiber-10-downhole-12-flowmeters-13",
    "NE-DATE-Current": "2ca4e696-bb0f-4ef9-91e4-7a25d65d6ff6-permanent-9",
    "8fb8097e-c81f-447a-a4d8-43a43dba6438-time-14": "2ca4e696-bb0f-4ef9-91e4-7a25d65d6ff6-time-20"
  },
  "onu_84857483294.json": {
    "8fb8097e-c81f-447a-a4d8-43a43dba6438-same-11": "b961c7ef-4284-431b-b6b0-8870832647c0-same-10"
  },
  "onu_84861595246.json": {
    "NE-ORGANIZATION-Petrobras": "NE-ORGANIZATION-Petrobras",
    "8fb8097e-c81f-447a-a4d8-43a43dba6438-paper-2": "204509a8-265c-4397-8149-04982bb962db-paper-2"
  },
  "onu_84864615590.json": {
    "NE-ORGANIZATION-Petrobras": "NE-ORGANIZATION-Petrobras-Business-Plan",
    "8fb8097e-c81f-447a-a4d8-43a43dba6438-different-15": "0b789bcb-4b6a-4e1e-8498-8f681f20a218-different-28",
    "NE-DATE-current": "NE-DATE-current",
    "NE-DATE-Current": "NE-DATE-current",
    "8fb8097e-c81f-447a-a4d8-43a43dba6438-paper-2": "0b789bcb-4b6a-4e1e-8498-8f681f20a218-paper-2"
  },
  "onu_84864936265.json": {
    "8fb8097e-c81f-447a-a4d8-43a43dba6438-time-14": "NE-DATE-time"
  },
  "onu_84865218536.json": {
    "8fb8097e-c81f-447a-a4d8-43a43dba6438-synchronized-5": "e955921c-620b-4103-a481-8613fc75bad6-seismic-6",
    "8fb8097e-c81f-447a-a4d8-43a43dba6438-paper-2": "e955921c-620b-4103-a481-8613fc75bad6-paper-21"
  },
  "onu_84865723570.json": {
    "8fb8097e-c81f-447a-a4d8-43a43dba6438-semi-submersible-16": "ee5c2e54-d5c3-4267-b45d-c2d38fa079f1-semi-submersible-2",
    "8fb8097e-c81f-447a-a4d8-43a43dba6438-wind-30-Profiles-39": "ee5c2e54-d5c3-4267-b45d-c2d38fa079f1-wind-2-tunnel-3-tests-4",
    "8fb8097e-c81f-447a-a4d8-43a43dba6438-blended-16": "ee5c2e54-d5c3-4267-b45d-c2d38fa079f1-efficient-2",
    "8fb8097e-c81f-447a-a4d8-43a43dba6438-synchronized-5": "ee5c2e54-d5c3-4267-b45d-c2d38fa079f1-floating-15",
    "8fb8097e-c81f-447a-a4d8-43a43dba6438-same-11": "ee5c2e54-d5c3-4267-b45d-c2d38fa079f1-same-29",
    "8fb8097e-c81f-447a-a4d8-43a43dba6438-paper-2": "ee5c2e54-d5c3-4267-b45d-c2d38fa079f1-paper-2"
  },
  "onu_84869199462.json": {},
  "onu_84870604908.json": {
    "NE-ORGANIZATION-Petrobras": "NE-ORGANIZATION-Petrobras",
    "8fb8097e-c81f-447a-a4d8-43a43dba6438-blended-16": "3f1a547b-6d66-41b8-8607-95757af4c8cc-combined-6",
    "8fb8097e-c81f-447a-a4d8-43a43dba6438-systems-3": "3f1a547b-6d66-41b8-8607-95757af4c8cc-systems-2",
    "8fb8097e-c81f-447a-a4d8-43a43dba6438-synchronized-5": "3f1a547b-6d66-41b8-8607-95757af4c8cc-designed-4",
    "8fb8097e-c81f-447a-a4d8-43a43dba6438-VIV-5-monitoring-6-system-7": "3f1a547b-6d66-41b8-8607-95757af4c8cc-Velocys-5-SMR-7-FT-9-system-10"
  },
  "onu_84877857340.json": {},
  "onu_84878941411.json": {
    "8fb8097e-c81f-447a-a4d8-43a43dba6438-oceanographic-8": "358ea47e-b418-4525-b65c-3998ab882728-oceanographic-25",
    "8fb8097e-c81f-447a-a4d8-43a43dba6438-surface-22-value-25": "358ea47e-b418-4525-b65c-3998ab882728-surface-7-temperature-8-minima-9",
    "8fb8097e-c81f-447a-a4d8-43a43dba6438-sensors-19": "358ea47e-b418-4525-b65c-3998ab882728-winds-33",
    "8fb8097e-c81f-447a-a4d8-43a43dba6438-used-17": "358ea47e-b418-4525-b65c-3998ab882728-used-14",
    "NE-DATE-Current": "NE-DATE-Current"
  },
  "onu_84879432080.json": {
    "NE-ORGANIZATION-Petrobras": "NE-ORGANIZATION-Petrobras",
    "8fb8097e-c81f-447a-a4d8-43a43dba6438-bottles-10": "d22980f2-d1fa-4f87-94aa-ec684269aac1-pipes-36",
    "8fb8097e-c81f-447a-a4d8-43a43dba6438-different-15": "d22980f2-d1fa-4f87-94aa-ec684269aac1-different-6"
  },
  "onu_84879955769.json": {
    "8fb8097e-c81f-447a-a4d8-43a43dba6438-wind-30-Profiles-39": "bd8c4b54-df1d-43f0-9195-6d54c4148a62-ocean-13-wind-14-map-15"
  },
  "onu_84880007809.json": {},
  "onu_84883765236.json": {},
  "onu_84883765292.json": {},
  "onu_84887507211.json": {
    "8fb8097e-c81f-447a-a4d8-43a43dba6438-synchronized-5": "9aa61b6b-268d-41fb-a9cc-799d32a8079c-Floating-24",
    "8fb8097e-c81f-447a-a4d8-43a43dba6438-paper-2": "9aa61b6b-268d-41fb-a9cc-799d32a8079c-paper-2"
  },
  "onu_84888845935.json": {
    "8fb8097e-c81f-447a-a4d8-43a43dba6438-different-15": "08983aea-212e-4ede-98cd-be137c97ff19-different-5",
    "8fb8097e-c81f-447a-a4d8-43a43dba6438-other-2": "08983aea-212e-4ede-98cd-be137c97ff19-other-2"
  },
  "onu_84888934569.json": {
    "8fb8097e-c81f-447a-a4d8-43a43dba6438-semi-submersible-16": "1cc8cc5f-b866-4794-9210-470f3608b03d-semi-submersible-11-vessel-12",
    "NE-DATE-Current": "1cc8cc5f-b866-4794-9210-470f3608b03d-New-1"
  },
  "onu_84888954344.json": {
    "NE-ORGANIZATION-Petrobras": "NE-ORGANIZATION-PETROBRÁS-Production-Department",
    "8fb8097e-c81f-447a-a4d8-43a43dba6438-other-2": "bede67c1-2219-4ecb-94db-aba0e79b294c-various-2"
  },
  "onu_84888967977.json": {
    "8fb8097e-c81f-447a-a4d8-43a43dba6438-used-17": "4a2c3fd7-38bd-45be-9b1c-b83fa27f372d-used-22"
  },
  "onu_84889840418.json": {
    "NE-ORGANIZATION-Petrobras": "NE-ORGANIZATION-Petrobras"
  },
  "onu_84891320656.json": {
    "8fb8097e-c81f-447a-a4d8-43a43dba6438-riser-6": "1309746e-bd51-453c-8893-8fb38d7af7ab-riser-9",
    "8fb8097e-c81f-447a-a4d8-43a43dba6438-used-17": "1309746e-bd51-453c-8893-8fb38d7af7ab-used-6"
  },
  "onu_84891344152.json": {
    "NE-ORDINAL-first": "NE-ORDINAL-first",
    "NE-DATE-Current": "NE-DATE-future"
  },
  "onu_84892632570.json": {},
  "onu_84892860778.json": {
    "8fb8097e-c81f-447a-a4d8-43a43dba6438-different-15": "e59a2ee4-651e-4626-853a-fff67b8b6ac0-different-13",
    "8fb8097e-c81f-447a-a4d8-43a43dba6438-oceanographic-8": "e59a2ee4-651e-4626-853a-fff67b8b6ac0-oceanographic-8"
  },
  "onu_84893052541.json": {
    "NE-ORGANIZATION-Petrobras": "NE-ORGANIZATION-PETROBRAS",
    "8fb8097e-c81f-447a-a4d8-43a43dba6438-steel-8-catenary-9-riser-10": "f0e08ada-1ca4-4e31-bda9-3911eddc8016-riser-35-heating-36-system-37",
    "8fb8097e-c81f-447a-a4d8-43a43dba6438-monitoring-7-system-8": "f0e08ada-1ca4-4e31-bda9-3911eddc8016-water-40-injection-41-system-42",
    "8fb8097e-c81f-447a-a4d8-43a43dba6438-riser-12-design-13-methodology-14": "f0e08ada-1ca4-4e31-bda9-3911eddc8016-riser-35-heating-36-system-37",
    "8fb8097e-c81f-447a-a4d8-43a43dba6438-monitoring-3-systems-4-installed-5": "f0e08ada-1ca4-4e31-bda9-3911eddc8016-heating-21-systems-22",
    "8fb8097e-c81f-447a-a4d8-43a43dba6438-other-2": "f0e08ada-1ca4-4e31-bda9-3911eddc8016-other-20",
    "8fb8097e-c81f-447a-a4d8-43a43dba6438-paper-2": "f0e08ada-1ca4-4e31-bda9-3911eddc8016-paper-2"
  },
  "onu_84893062958.json": {
    "NE-ORGANIZATION-Petrobras": "NE-ORGANIZATION-Petrobras"
  },
  "onu_84893067779.json": {
    "NE-ORGANIZATION-Petrobras": "NE-ORGANIZATION-Petrobras",
    "NE-ORDINAL-first": "NE-ORDINAL-first",
    "8fb8097e-c81f-447a-a4d8-43a43dba6438-sensors-19": "e3239ac2-996c-48c2-a4b9-5b330ad8ca86-vessel-11",
    "8fb8097e-c81f-447a-a4d8-43a43dba6438-blended-16": "e3239ac2-996c-48c2-a4b9-5b330ad8ca86-delivering-9",
    "8fb8097e-c81f-447a-a4d8-43a43dba6438-paper-2": "e3239ac2-996c-48c2-a4b9-5b330ad8ca86-paper-2",
    "8fb8097e-c81f-447a-a4d8-43a43dba6438-used-17": "e3239ac2-996c-48c2-a4b9-5b330ad8ca86-used-11"
  },
  "onu_84893090004.json": {},
  "onu_84893361208.json": {
    "NE-ORGANIZATION-Petrobras": "NE-ORGANIZATION-PETROBRAS",
    "8fb8097e-c81f-447a-a4d8-43a43dba6438-other-2": "9867dde6-b627-4c95-aa08-5793f95d79f9-other-20"
  },
  "onu_84893407222.json": {
    "NE-ORGANIZATION-Petrobras": "NE-ORGANIZATION-Geochemistry-Network-PETROBRAS",
    "NE-DATE-current": "NE-DATE-current",
    "NE-DATE-Current": "NE-DATE-current",
    "8fb8097e-c81f-447a-a4d8-43a43dba6438-same-11": "44b1d4b9-1d34-4364-a8fe-c3fcc69d0615-same-2"
  },
  "onu_84893805098.json": {
    "8fb8097e-c81f-447a-a4d8-43a43dba6438-different-15": "c9cc11fc-8719-4e06-8c6b-99c7f538df16-different-16",
    "8fb8097e-c81f-447a-a4d8-43a43dba6438-data-8": "c9cc11fc-8719-4e06-8c6b-99c7f538df16-data-15"
  },
  "onu_84894453276.json": {},
  "onu_84894470550.json": {},
  "onu_84896824358.json": {},
  "onu_84897376128.json": {
    "NE-ORDINAL-first": "NE-ORDINAL-first",
    "8fb8097e-c81f-447a-a4d8-43a43dba6438-paper-2": "6634b230-b55b-42f5-b6bf-e9764410d504-paper-2"
  },
  "onu_84897381844.json": {
    "NE-ORGANIZATION-Petrobras": "NE-ORGANIZATION-Petrobras",
    "8fb8097e-c81f-447a-a4d8-43a43dba6438-systems-3": "607e16a2-24ab-44ad-a4a3-8273a81253f6-software-6"
  },
  "onu_84897392529.json": {
    "NE-ORGANIZATION-Petrobras": "NE-ORGANIZATION-Petrobras",
    "NE-DATE-current": "NE-DATE-current",
    "NE-DATE-Current": "NE-DATE-current",
    "8fb8097e-c81f-447a-a4d8-43a43dba6438-data-8": "21b0b660-404f-436a-867e-af9cbe7f0918-data-15",
    "8fb8097e-c81f-447a-a4d8-43a43dba6438-used-17": "21b0b660-404f-436a-867e-af9cbe7f0918-used-4"
  },
  "onu_84897399429.json": {
    "NE-ORGANIZATION-Petrobras": "NE-ORGANIZATION-Petrobras",
    "8fb8097e-c81f-447a-a4d8-43a43dba6438-910-24-m-25-water-26-depth-27": "898c33c4-d7a3-46cc-94f0-d84c5288fee6-140m-15-pay-18-in-19-2,129-20-m-21-water-22-depth-23",
    "8fb8097e-c81f-447a-a4d8-43a43dba6438-other-2": "898c33c4-d7a3-46cc-94f0-d84c5288fee6-other-17"
  },
  "onu_84897408330.json": {
    "NE-DATE-current": "NE-DATE-current",
    "NE-DATE-Current": "NE-DATE-current",
    "8fb8097e-c81f-447a-a4d8-43a43dba6438-same-11": "b19e19ff-a5c9-48e8-bb16-bce5beab0ca2-same-16",
    "8fb8097e-c81f-447a-a4d8-43a43dba6438-paper-2": "b19e19ff-a5c9-48e8-bb16-bce5beab0ca2-paper-2"
  },
  "onu_84897441267.json": {
    "NE-ORGANIZATION-Petrobras": "NE-ORGANIZATION-Petrobras",
    "8fb8097e-c81f-447a-a4d8-43a43dba6438-same-11": "6386a9ef-0016-45d5-9431-03b779673c2b-same-15",
    "8fb8097e-c81f-447a-a4d8-43a43dba6438-paper-2": "6386a9ef-0016-45d5-9431-03b779673c2b-paper-2"
  },
  "onu_84897448998.json": {
    "8fb8097e-c81f-447a-a4d8-43a43dba6438-time-14": "ebed93b1-9b44-42bf-a267-aebdc3f48887-time-12",
    "8fb8097e-c81f-447a-a4d8-43a43dba6438-paper-2": "ebed93b1-9b44-42bf-a267-aebdc3f48887-paper-9"
  },
  "onu_84897449140.json": {
    "NE-ORGANIZATION-Petrobras": "NE-ORGANIZATION-Petrobras-Pre-Salt",
    "8fb8097e-c81f-447a-a4d8-43a43dba6438-monitoring-7-system-8": "b829cc46-eb44-4769-8923-e94eb353af76-monitoring-16-tools-17",
    "8fb8097e-c81f-447a-a4d8-43a43dba6438-monitoring-3-systems-4-installed-5": "b829cc46-eb44-4769-8923-e94eb353af76-monitoring-16-tools-17",
    "NE-DATE-Current": "NE-DATE-current",
    "8fb8097e-c81f-447a-a4d8-43a43dba6438-paper-2": "b829cc46-eb44-4769-8923-e94eb353af76-paper-2",
    "NE-DATE-current": "NE-DATE-current"
  },
  "onu_84897461830.json": {
    "8fb8097e-c81f-447a-a4d8-43a43dba6438-different-15": "6d4e9725-03d3-4734-9822-6feb56c5d4d5-different-29",
    "8fb8097e-c81f-447a-a4d8-43a43dba6438-paper-2": "6d4e9725-03d3-4734-9822-6feb56c5d4d5-paper-2"
  },
  "onu_84897465328.json": {
    "NE-ORGANIZATION-Petrobras": "NE-ORGANIZATION-Petrobras",
    "NE-ORDINAL-first": "NE-ORDINAL-first",
    "8fb8097e-c81f-447a-a4d8-43a43dba6438-sensors-19": "7e19d608-90b6-4fc3-afea-623202a7f587-pipes-11",
    "8fb8097e-c81f-447a-a4d8-43a43dba6438-paper-2": "7e19d608-90b6-4fc3-afea-623202a7f587-paper-2"
  },
  "onu_84897470967.json": {},
  "onu_84900305359.json": {
    "8fb8097e-c81f-447a-a4d8-43a43dba6438-data-8": "97531c44-64fa-4fe3-bfde-d9c5843dc485-data-34"
  },
  "onu_84901784680.json": {},
  "onu_84904394721.json": {
    "NE-ORGANIZATION-Petrobras": "NE-ORGANIZATION-Petrobras"
  },
  "onu_84905748711.json": {
    "8fb8097e-c81f-447a-a4d8-43a43dba6438-paper-2": "dede7ae1-618b-4e69-ba85-b9a4bf191bed-paper-2"
  },
  "onu_84907991224.json": {
    "NE-ORDINAL-first": "NE-ORDINAL-first",
    "8fb8097e-c81f-447a-a4d8-43a43dba6438-oceanographic-8": "aa0f11b2-51d8-47d3-b008-1f8084ee1df7-oceanographic-13"
  },
  "onu_84918528762.json": {
    "NE-ORDINAL-first": "NE-ORDINAL-first",
    "8fb8097e-c81f-447a-a4d8-43a43dba6438-data-8": "521f5922-1c3e-4c36-9fd5-536f42356eaf-data-29"
  },
  "onu_84925638296.json": {
    "NE-ORGANIZATION-Petrobras": "NE-ORGANIZATION-PETROBRAS",
    "NE-DATE-1998": "NE-DATE-1992",
    "8fb8097e-c81f-447a-a4d8-43a43dba6438-other-2": "b21e4bce-3e9b-4d90-a83b-1abdd0c22319-other-5"
  },
  "onu_84930513772.json": {
    "8fb8097e-c81f-447a-a4d8-43a43dba6438-time-14": "fc8b94b7-0e5d-450a-9054-6f9bf272ae34-time-13",
    "NE-ORDINAL-first": "NE-ORDINAL-first"
  },
  "onu_84940864746.json": {
    "NE-ORGANIZATION-Petrobras": "NE-ORGANIZATION-Petrobras"
  },
  "onu_84943289484.json": {
    "8fb8097e-c81f-447a-a4d8-43a43dba6438-other-2": "a318701e-6951-43b5-ab6d-2b3deb57fa16-various-2",
    "8fb8097e-c81f-447a-a4d8-43a43dba6438-phase-14-correction-15": "a318701e-6951-43b5-ab6d-2b3deb57fa16-including-17-control-22-measurement-23",
    "8fb8097e-c81f-447a-a4d8-43a43dba6438-including-9-system-12-description-13": "a318701e-6951-43b5-ab6d-2b3deb57fa16-including-17-control-22-measurement-23"
  },
  "onu_84943328375.json": {
    "NE-ORGANIZATION-Petrobras": "NE-ORGANIZATION-Petrobras",
    "8fb8097e-c81f-447a-a4d8-43a43dba6438-steel-8-catenary-9-riser-10": "959feb1f-0a32-411d-bb1a-fe07e8dd3be3-27-61-Steel-62-Catenary-63-Risers-64",
    "8fb8097e-c81f-447a-a4d8-43a43dba6438-riser-12-design-13-methodology-14": "959feb1f-0a32-411d-bb1a-fe07e8dd3be3-Risers-4-system-8-concept-9",
    "8fb8097e-c81f-447a-a4d8-43a43dba6438-decided-3": "959feb1f-0a32-411d-bb1a-fe07e8dd3be3-decided-18",
    "8fb8097e-c81f-447a-a4d8-43a43dba6438-sensors-19": "959feb1f-0a32-411d-bb1a-fe07e8dd3be3-mechanically-21",
    "8fb8097e-c81f-447a-a4d8-43a43dba6438-paper-2": "959feb1f-0a32-411d-bb1a-fe07e8dd3be3-paper-2",
    "8fb8097e-c81f-447a-a4d8-43a43dba6438-including-9-system-12-description-13": "959feb1f-0a32-411d-bb1a-fe07e8dd3be3-system-11-behaviour-12"
  },
  "onu_84943338721.json": {
    "NE-ORGANIZATION-Petrobras": "NE-ORGANIZATION-Petrobras",
    "NE-ORDINAL-first": "NE-ORDINAL-first",
    "NE-DATE-current": "83c12324-c60f-4651-9cfb-69111aaba3ef-dynamic-10",
    "8fb8097e-c81f-447a-a4d8-43a43dba6438-synchronized-5": "83c12324-c60f-4651-9cfb-69111aaba3ef-dynamic-10",
    "8fb8097e-c81f-447a-a4d8-43a43dba6438-paper-2": "83c12324-c60f-4651-9cfb-69111aaba3ef-article-2"
  },
  "onu_84943339436.json": {
    "8fb8097e-c81f-447a-a4d8-43a43dba6438-910-24-m-25-water-26-depth-27": "3cd768dc-cd71-4749-a45c-61e32e4b3b06-water-19-depth-20",
    "8fb8097e-c81f-447a-a4d8-43a43dba6438-synchronized-5": "3cd768dc-cd71-4749-a45c-61e32e4b3b06-automatic-22",
    "8fb8097e-c81f-447a-a4d8-43a43dba6438-paper-2": "3cd768dc-cd71-4749-a45c-61e32e4b3b06-paper-2"
  },
  "onu_84944574757.json": {
    "NE-ORGANIZATION-Petrobras": "NE-ORGANIZATION-Petrobras",
    "NE-ORDINAL-first": "NE-ORDINAL-first",
    "NE-LOCATION-Marlim-Field": "d0d3f522-daa5-46df-9fd9-95491816b5d6-MarlimSul-37-field-38",
    "8fb8097e-c81f-447a-a4d8-43a43dba6438-910-24-m-25-water-26-depth-27": "d0d3f522-daa5-46df-9fd9-95491816b5d6-water-30-depth-31",
    "8fb8097e-c81f-447a-a4d8-43a43dba6438-paper-2": "d0d3f522-daa5-46df-9fd9-95491816b5d6-paper-2"
  },
  "onu_84944593501.json": {
    "8fb8097e-c81f-447a-a4d8-43a43dba6438-points-16": "ddbb976f-3682-4d4d-964c-c8f97d044879-points-20",
    "8fb8097e-c81f-447a-a4d8-43a43dba6438-different-15": "ddbb976f-3682-4d4d-964c-c8f97d044879-different-12"
  },
  "onu_84947326315.json": {
    "8fb8097e-c81f-447a-a4d8-43a43dba6438-different-15": "c9348211-c72e-4ea1-9eb9-711dc0c65800-different-12",
    "8fb8097e-c81f-447a-a4d8-43a43dba6438-wind-30-Profiles-39": "c9348211-c72e-4ea1-9eb9-711dc0c65800-wind-2-speed-3"
  },
  "onu_84947757002.json": {
    "8fb8097e-c81f-447a-a4d8-43a43dba6438-semi-submersible-16": "e4f3700a-2016-4bba-b2a4-c67750ed33d4-semi-submersibles-5",
    "8fb8097e-c81f-447a-a4d8-43a43dba6438-different-15": "e4f3700a-2016-4bba-b2a4-c67750ed33d4-different-14",
    "8fb8097e-c81f-447a-a4d8-43a43dba6438-paper-2": "e4f3700a-2016-4bba-b2a4-c67750ed33d4-paper-28"
  },
  "onu_84949266932.json": {
    "8fb8097e-c81f-447a-a4d8-43a43dba6438-different-15": "42b505ba-f41a-4c4d-afef-28084be680c7-different-15",
    "8fb8097e-c81f-447a-a4d8-43a43dba6438-used-17": "42b505ba-f41a-4c4d-afef-28084be680c7-used-9"
  },
  "onu_84951918487.json": {
    "NE-ORGANIZATION-Petrobras": "NE-ORGANIZATION-Petrobras",
    "8fb8097e-c81f-447a-a4d8-43a43dba6438-monitoring-7-system-8": "6d96e98c-77ad-4954-b07a-14307ad74b11-system-27",
    "8fb8097e-c81f-447a-a4d8-43a43dba6438-paper-2": "6d96e98c-77ad-4954-b07a-14307ad74b11-paper-2",
    "8fb8097e-c81f-447a-a4d8-43a43dba6438-including-9-system-12-description-13": "6d96e98c-77ad-4954-b07a-14307ad74b11-system-27"
  },
  "onu_84954454797.json": {
    "8fb8097e-c81f-447a-a4d8-43a43dba6438-other-2": "45dea8c7-5987-4120-9906-0be4e1b2fa35-other-28",
    "8fb8097e-c81f-447a-a4d8-43a43dba6438-systems-3": "45dea8c7-5987-4120-9906-0be4e1b2fa35-systems-3"
  },
  "onu_84955127995.json": {
    "NE-ORGANIZATION-Petrobras": "NE-ORGANIZATION-PETROBRAS"
  },
  "onu_84958666405.json": {
    "NE-ORGANIZATION-Petrobras": "NE-ORGANIZATION-Petrobras"
  },
  "onu_84959478227.json": {},
  "onu_84959561430.json": {
    "8fb8097e-c81f-447a-a4d8-43a43dba6438-different-15": "c9b0cc1d-e1ac-4a3e-8cb4-ffafc327a1c8-different-20",
    "8fb8097e-c81f-447a-a4d8-43a43dba6438-other-2": "c9b0cc1d-e1ac-4a3e-8cb4-ffafc327a1c8-Other-1",
    "8fb8097e-c81f-447a-a4d8-43a43dba6438-paper-2": "c9b0cc1d-e1ac-4a3e-8cb4-ffafc327a1c8-paper-2"
  },
  "onu_84963819657.json": {},
  "onu_84964700375.json": {
    "NE-ORGANIZATION-Petrobras": "NE-ORGANIZATION-Petrobras",
    "8fb8097e-c81f-447a-a4d8-43a43dba6438-other-2": "69c6bb79-fae8-43da-8f18-3e03cea59fec-various-7",
    "8fb8097e-c81f-447a-a4d8-43a43dba6438-sensors-19": "69c6bb79-fae8-43da-8f18-3e03cea59fec-Remotely-15"
  },
  "onu_84974574825.json": {
    "8fb8097e-c81f-447a-a4d8-43a43dba6438-different-15": "bd331931-0124-4a50-84bf-199162a52f3f-different-12",
    "8fb8097e-c81f-447a-a4d8-43a43dba6438-used-17": "bd331931-0124-4a50-84bf-199162a52f3f-used-8"
  },
  "onu_84975761253.json": {},
  "onu_84979574362.json": {},
  "onu_84983465797.json": {
    "8fb8097e-c81f-447a-a4d8-43a43dba6438-including-9-system-12-description-13": "29e71a86-d6f9-4b04-935d-d2cff0962e21-system-13-design-14"
  },
  "onu_84984596158.json": {},
  "onu_84987760544.json": {
    "8fb8097e-c81f-447a-a4d8-43a43dba6438-period-12": "586a34af-a858-433d-9bc9-af2c7ac0d2f7-period-3"
  },
  "onu_84987762471.json": {
    "8fb8097e-c81f-447a-a4d8-43a43dba6438-other-2": "840af40f-bba4-4cee-94e2-23552f1a02dd-other-3",
    "8fb8097e-c81f-447a-a4d8-43a43dba6438-same-11": "840af40f-bba4-4cee-94e2-23552f1a02dd-similar-15"
  },
  "onu_84987763922.json": {},
  "onu_84990861431.json": {
    "8fb8097e-c81f-447a-a4d8-43a43dba6438-data-8": "668f68ee-8de7-45d9-9784-b0893545fc9d-data-14"
  },
  "onu_84990898401.json": {
    "8fb8097e-c81f-447a-a4d8-43a43dba6438-different-15": "9d3f7157-a5f4-4c28-968c-5311617f432d-different-4",
    "8fb8097e-c81f-447a-a4d8-43a43dba6438-other-2": "9d3f7157-a5f4-4c28-968c-5311617f432d-other-3"
  },
  "onu_84996602559.json": {
    "8fb8097e-c81f-447a-a4d8-43a43dba6438-different-15": "f9da6858-73d7-45a6-a4cd-7e3dd9efc0ea-different-47",
    "8fb8097e-c81f-447a-a4d8-43a43dba6438-velocity-49": "f9da6858-73d7-45a6-a4cd-7e3dd9efc0ea-scale-9-velocity-11",
    "8fb8097e-c81f-447a-a4d8-43a43dba6438-systems-3": "f9da6858-73d7-45a6-a4cd-7e3dd9efc0ea-systems-8"
  },
  "onu_85006339618.json": {},
  "onu_85007282651.json": {},
  "onu_85008198009.json": {
    "8fb8097e-c81f-447a-a4d8-43a43dba6438-monitoring-7-system-8": "80129f0b-a3c4-407d-9de2-a53c1612d9dd-system-9"
  },
  "onu_85009177497.json": {
    "8fb8097e-c81f-447a-a4d8-43a43dba6438-used-17": "77e3eb37-fc2c-484b-93bf-2c8e40534b57-used-8"
  },
  "onu_85009192413.json": {
    "8fb8097e-c81f-447a-a4d8-43a43dba6438-different-15": "1fa51d3a-829d-4c50-9899-89265ff2e400-different-18",
    "NE-DATE-Current": "NE-DATE-future",
    "8fb8097e-c81f-447a-a4d8-43a43dba6438-data-8": "1fa51d3a-829d-4c50-9899-89265ff2e400-data-5",
    "NE-ORDINAL-first": "NE-ORDINAL-first"
  },
  "onu_85009433339.json": {},
  "onu_85012910163.json": {
    "8fb8097e-c81f-447a-a4d8-43a43dba6438-surface-22-value-25": "be4b33fc-ea24-431e-800e-9069afec7afe-base-9-geometry-14",
    "8fb8097e-c81f-447a-a4d8-43a43dba6438-used-17": "be4b33fc-ea24-431e-800e-9069afec7afe-used-13"
  },
  "onu_85013296221.json": {
    "NE-DATE-current": "NE-DATE-Current",
    "NE-DATE-Current": "NE-DATE-Current"
  },
  "onu_85013858173.json": {
    "NE-DATE-Current": "9f50d251-7e41-4765-8a72-6be967b48838-recent-2"
  },
  "onu_85016298905.json": {},
  "onu_85016958402.json": {
    "8fb8097e-c81f-447a-a4d8-43a43dba6438-paper-2": "caf1ea25-a32b-433b-bb7d-3960560de634-paper-2"
  },
  "onu_85017468089.json": {
    "NE-DATE-current": "08c3852e-194c-4498-b732-46cf26512128-seismic-33"
  },
  "onu_85020183362.json": {},
  "onu_85026803842.json": {
    "NE-ORGANIZATION-Petrobras": "NE-ORGANIZATION-Petrobras",
    "8fb8097e-c81f-447a-a4d8-43a43dba6438-other-2": "1422e178-cc62-4bf3-acfe-1985781bfe49-Other-1",
    "NE-DATE-current": "1422e178-cc62-4bf3-acfe-1985781bfe49-variable-7",
    "8fb8097e-c81f-447a-a4d8-43a43dba6438-paper-2": "1422e178-cc62-4bf3-acfe-1985781bfe49-paper-2",
    "NE-ORDINAL-first": "NE-ORDINAL-first"
  },
  "onu_85027233889.json": {},
  "onu_85027401053.json": {
    "NE-ORDINAL-first": "NE-ORDINAL-first",
    "8fb8097e-c81f-447a-a4d8-43a43dba6438-oceanographic-8": "53d0784c-6881-46a8-8607-8473e2e87675-oceanographic-3",
    "NE-DATE-current": "53d0784c-6881-46a8-8607-8473e2e87675-tidal-17",
    "8fb8097e-c81f-447a-a4d8-43a43dba6438-synchronized-5": "53d0784c-6881-46a8-8607-8473e2e87675-physical-2",
    "8fb8097e-c81f-447a-a4d8-43a43dba6438-same-11": "53d0784c-6881-46a8-8607-8473e2e87675-same-13"
  },
  "onu_85028240731.json": {
    "8fb8097e-c81f-447a-a4d8-43a43dba6438-used-17": "acaa2c9d-be80-416b-98b2-8bc5effea785-used-12"
  },
  "onu_85028278319.json": {
    "NE-ORGANIZATION-Petrobras": "NE-ORGANIZATION-Petrobras",
    "NE-ORDINAL-first": "NE-ORDINAL-first",
    "8fb8097e-c81f-447a-a4d8-43a43dba6438-paper-2": "87ea7ee8-fea4-423e-b948-4867cebcb9ad-paper-2"
  },
  "onu_85028950368.json": {
    "8fb8097e-c81f-447a-a4d8-43a43dba6438-surface-22-value-25": "e4dae957-4d94-4311-82ad-250e750ae287-potential-25-value-26",
    "NE-DATE-current": "e4dae957-4d94-4311-82ad-250e750ae287-tidal-11",
    "NE-DATE-Current": "e4dae957-4d94-4311-82ad-250e750ae287-tidal-11",
    "8fb8097e-c81f-447a-a4d8-43a43dba6438-synchronized-5": "e4dae957-4d94-4311-82ad-250e750ae287-tidal-11",
    "8fb8097e-c81f-447a-a4d8-43a43dba6438-paper-2": "e4dae957-4d94-4311-82ad-250e750ae287-paper-2"
  },
  "onu_85029591872.json": {},
  "onu_85030830298.json": {
    "NE-ORGANIZATION-Petrobras": "NE-ORGANIZATION-Petrobras",
    "NE-ORDINAL-first": "NE-ORDINAL-first",
    "8fb8097e-c81f-447a-a4d8-43a43dba6438-910-24-m-25-water-26-depth-27": "7c4c08d7-08a1-49b5-9442-d72738d202b1-water-33-depth-34",
    "8fb8097e-c81f-447a-a4d8-43a43dba6438-monitoring-7-system-8": "7c4c08d7-08a1-49b5-9442-d72738d202b1-production-14-system-15"
  },
  "onu_85030842598.json": {
    "8fb8097e-c81f-447a-a4d8-43a43dba6438-paper-2": "34e8fac9-66f8-4a6c-8c9c-88ed163b72d7-paper-4"
  },
  "onu_85031996233.json": {
    "NE-DATE-current": "NE-DATE-current",
    "NE-DATE-Current": "NE-DATE-current",
    "8fb8097e-c81f-447a-a4d8-43a43dba6438-paper-2": "9d056a4c-d060-45c5-9a52-c7de291d1d6a-Paper-2",
    "8fb8097e-c81f-447a-a4d8-43a43dba6438-used-17": "9d056a4c-d060-45c5-9a52-c7de291d1d6a-used-12"
  },
  "onu_85032863710.json": {},
  "onu_85033225585.json": {
    "NE-DATE-current": "7de64ed0-3f58-45d8-9cc8-eef825191710-correct-20",
    "NE-DATE-Current": "7de64ed0-3f58-45d8-9cc8-eef825191710-new-5",
    "8fb8097e-c81f-447a-a4d8-43a43dba6438-sensors-19": "7de64ed0-3f58-45d8-9cc8-eef825191710-approach-14",
    "8fb8097e-c81f-447a-a4d8-43a43dba6438-paper-2": "7de64ed0-3f58-45d8-9cc8-eef825191710-paper-2",
    "8fb8097e-c81f-447a-a4d8-43a43dba6438-used-17": "7de64ed0-3f58-45d8-9cc8-eef825191710-effective-14"
  },
  "onu_85033604891.json": {
    "8fb8097e-c81f-447a-a4d8-43a43dba6438-used-17": "19e83c8d-6a15-405b-9872-15221efe1cac-used-14"
  },
  "onu_85034042710.json": {
    "8fb8097e-c81f-447a-a4d8-43a43dba6438-data-8": "9ccfcbb1-6830-465f-8c28-a81ac0f15a97-data-23",
    "8fb8097e-c81f-447a-a4d8-43a43dba6438-used-17": "9ccfcbb1-6830-465f-8c28-a81ac0f15a97-used-14"
  },
  "onu_85035340277.json": {
    "8fb8097e-c81f-447a-a4d8-43a43dba6438-period-12": "fadde164-41d0-44e5-aec4-1fa2a5359b66-period-22"
  },
  "onu_85037355639.json": {
    "8fb8097e-c81f-447a-a4d8-43a43dba6438-other-2": "f2532b6a-23e5-4ee4-b23c-b14a66103885-Other-1",
    "8fb8097e-c81f-447a-a4d8-43a43dba6438-synchronized-5": "f2532b6a-23e5-4ee4-b23c-b14a66103885-compatible-7"
  },
  "onu_85037590262.json": {
    "NE-ORDINAL-first": "NE-ORDINAL-first",
    "8fb8097e-c81f-447a-a4d8-43a43dba6438-oceanographic-8": "89b62d5c-0c1f-4db0-8d6f-319dc39bffde-oceanographic-10"
  },
  "onu_85039546750.json": {
    "8fb8097e-c81f-447a-a4d8-43a43dba6438-different-15": "1b5c2e54-dca5-4773-b611-862793e6f292-different-41",
    "8fb8097e-c81f-447a-a4d8-43a43dba6438-sensors-19": "1b5c2e54-dca5-4773-b611-862793e6f292-database-22"
  },
  "onu_85040381710.json": {
    "8fb8097e-c81f-447a-a4d8-43a43dba6438-oceanographic-8": "342a0635-fe75-43e7-baff-7051c191187f-Oceanographic-1",
    "8fb8097e-c81f-447a-a4d8-43a43dba6438-surface-22-value-25": "342a0635-fe75-43e7-baff-7051c191187f-Surface-1-temperature-2-intervals-3"
  },
  "onu_85040498521.json": {
    "8fb8097e-c81f-447a-a4d8-43a43dba6438-used-17": "4372788a-b01b-4c08-a40d-5e901fddf4a5-used-6"
  },
  "onu_85040888184.json": {
    "8fb8097e-c81f-447a-a4d8-43a43dba6438-systems-3": "dc91afd4-7f4f-4273-97d8-fa5739754d4a-systems-5"
  },
  "onu_85041142849.json": {
    "8fb8097e-c81f-447a-a4d8-43a43dba6438-paper-2": "6b251826-cf79-4973-a63d-ae11b18be0c9-paper-2"
  },
  "onu_85041154400.json": {
    "NE-ORGANIZATION-Petrobras": "NE-ORGANIZATION-Petrobras"
  },
  "onu_85041277142.json": {},
  "onu_85041698761.json": {},
  "onu_85043311576.json": {
    "8fb8097e-c81f-447a-a4d8-43a43dba6438-period-12": "da2b11af-b7ea-4c98-b476-6f6e9363fa80-periods-7",
    "8fb8097e-c81f-447a-a4d8-43a43dba6438-data-8": "da2b11af-b7ea-4c98-b476-6f6e9363fa80-data-4"
  },
  "onu_85043324954.json": {
    "8fb8097e-c81f-447a-a4d8-43a43dba6438-wind-30-Profiles-39": "70bd8463-25b3-4fd2-8bcd-c7bc8c417fbb-speed-44-fields-45"
  },
  "onu_85044192214.json": {},
  "onu_85044397080.json": {
    "NE-ORGANIZATION-Petrobras": "76c80483-4d1b-4d0c-a46e-c47ac52d12dd-one-22-PETROBRAS-23-oil-24-pipeline-25"
  },
  "onu_85044462127.json": {
    "8fb8097e-c81f-447a-a4d8-43a43dba6438-paper-2": "77be762f-bb9c-4142-a04f-af0145a57575-paper-2"
  },
  "onu_85044530973.json": {
    "8fb8097e-c81f-447a-a4d8-43a43dba6438-used-17": "2d2c9121-9db0-47fd-913b-f722bc62e245-used-29"
  },
  "onu_85044596303.json": {
    "8fb8097e-c81f-447a-a4d8-43a43dba6438-different-15": "99512cc4-b35c-4f65-be28-93092a3cf0fc-different-14",
    "8fb8097e-c81f-447a-a4d8-43a43dba6438-synchronized-5": "99512cc4-b35c-4f65-be28-93092a3cf0fc-result-9",
    "8fb8097e-c81f-447a-a4d8-43a43dba6438-data-8": "99512cc4-b35c-4f65-be28-93092a3cf0fc-data-8"
  },
  "onu_85045186297.json": {
    "8fb8097e-c81f-447a-a4d8-43a43dba6438-910-24-m-25-water-26-depth-27": "b0e39309-9053-480f-94c5-a92d9375374d-25-31-3000-33-m-34-water-35-depth-36",
    "8fb8097e-c81f-447a-a4d8-43a43dba6438-oceanographic-8": "b0e39309-9053-480f-94c5-a92d9375374d-oceanographic-13",
    "NE-DATE-Current": "NE-DATE-Current"
  },
  "onu_85046290497.json": {},
  "onu_85046379273.json": {
    "NE-ORGANIZATION-Petrobras": "NE-ORGANIZATION-PETROBRAS",
    "NE-ORDINAL-first": "NE-ORDINAL-first"
  },
  "onu_85047299670.json": {
    "8fb8097e-c81f-447a-a4d8-43a43dba6438-paper-2": "7e13bfab-9226-403e-bf1d-cce401dd3b64-paper-16"
  },
  "onu_85047354188.json": {
    "NE-ORGANIZATION-Petrobras": "NE-ORGANIZATION-Petrobras"
  },
  "onu_85047409861.json": {},
  "onu_85048345043.json": {},
  "onu_85048862831.json": {
    "8fb8097e-c81f-447a-a4d8-43a43dba6438-monitoring-7-system-8": "ce5ac8f6-f3ea-41f4-9b38-2b3858cfc4b8-disposal-23-system-24",
    "8fb8097e-c81f-447a-a4d8-43a43dba6438-used-17": "ce5ac8f6-f3ea-41f4-9b38-2b3858cfc4b8-used-3"
  },
  "onu_85049552088.json": {},
  "onu_85050512775.json": {
    "8fb8097e-c81f-447a-a4d8-43a43dba6438-steel-8-catenary-9-riser-10": "d456d187-3df8-4b64-8a11-6d3acdc976bf-catenary-26-configuration-27",
    "8fb8097e-c81f-447a-a4d8-43a43dba6438-riser-12-design-13-methodology-14": "d456d187-3df8-4b64-8a11-6d3acdc976bf-Riser-10-system-11",
    "8fb8097e-c81f-447a-a4d8-43a43dba6438-VIV-5-monitoring-6-system-7": "d456d187-3df8-4b64-8a11-6d3acdc976bf-Riser-10-system-11",
    "8fb8097e-c81f-447a-a4d8-43a43dba6438-used-17": "d456d187-3df8-4b64-8a11-6d3acdc976bf-installed-36"
  },
  "onu_85050528173.json": {
    "NE-ORGANIZATION-Petrobras": "NE-ORGANIZATION-Petrobras",
    "8fb8097e-c81f-447a-a4d8-43a43dba6438-blended-16": "d59c3d19-b470-43cc-aef7-3fa793b9d284-integrated-11",
    "8fb8097e-c81f-447a-a4d8-43a43dba6438-synchronized-5": "d59c3d19-b470-43cc-aef7-3fa793b9d284-internal-4"
  },
  "onu_85050539655.json": {
    "NE-ORGANIZATION-Petrobras": "NE-ORGANIZATION-Petrobras",
    "8fb8097e-c81f-447a-a4d8-43a43dba6438-time-14": "e1000620-b18e-4098-9293-16b6e83cec81-time-28"
  },
  "onu_85050551470.json": {
    "NE-ORDINAL-first": "NE-ORDINAL-first",
    "8fb8097e-c81f-447a-a4d8-43a43dba6438-decided-3": "54866368-b614-4ef4-9fab-faa48a38f22d-conceived-4"
  },
  "onu_85050561554.json": {
    "NE-ORGANIZATION-Petrobras": "NE-ORGANIZATION-Petrobras",
    "8fb8097e-c81f-447a-a4d8-43a43dba6438-paper-2": "a1d0a6b1-9550-43c9-a812-f8a99d9763d6-paper-2"
  },
  "onu_85050643252.json": {
    "NE-ORGANIZATION-Petrobras": "NE-ORGANIZATION-Petrobras",
    "NE-DATE-Current": "16159eb1-d977-41b1-977d-b5a0d90c3d46-definitive-5",
    "NE-ORDINAL-first": "NE-ORDINAL-first"
  },
  "onu_85050674553.json": {
    "NE-ORGANIZATION-Petrobras": "NE-ORGANIZATION-Petrobras",
    "8fb8097e-c81f-447a-a4d8-43a43dba6438-riser-12-design-13-methodology-14": "36dbe77c-4321-4bf2-aee4-2e7bf595abe8-cost-6-methodology-7",
    "NE-DATE-current": "NE-DATE-Current",
    "NE-DATE-Current": "NE-DATE-Current",
    "8fb8097e-c81f-447a-a4d8-43a43dba6438-paper-2": "36dbe77c-4321-4bf2-aee4-2e7bf595abe8-article-2"
  },
  "onu_85050680089.json": {
    "8fb8097e-c81f-447a-a4d8-43a43dba6438-riser-12-design-13-methodology-14": "7736a11e-550b-4406-bcac-140ec203a8cf-12-9-step-11-decision-13-analysis-14-methodology-15",
    "8fb8097e-c81f-447a-a4d8-43a43dba6438-different-15": "7736a11e-550b-4406-bcac-140ec203a8cf-different-8"
  },
  "onu_85051633827.json": {
    "NE-ORGANIZATION-Petrobras": "NE-ORGANIZATION-Petrobras",
    "8fb8097e-c81f-447a-a4d8-43a43dba6438-other-2": "c685c5a5-bc59-4451-bee6-87f7a8810b95-Other-1"
  },
  "onu_85051644896.json": {
    "NE-ORDINAL-first": "NE-ORDINAL-first",
    "8fb8097e-c81f-447a-a4d8-43a43dba6438-monitoring-7-system-8": "12c1d79e-73bd-481c-bdb8-1d4727843a15-system-29",
    "8fb8097e-c81f-447a-a4d8-43a43dba6438-other-2": "12c1d79e-73bd-481c-bdb8-1d4727843a15-other-35",
    "NE-DATE-current": "12c1d79e-73bd-481c-bdb8-1d4727843a15-dynamic-32",
    "NE-DATE-Current": "12c1d79e-73bd-481c-bdb8-1d4727843a15-dynamic-32",
    "8fb8097e-c81f-447a-a4d8-43a43dba6438-synchronized-5": "12c1d79e-73bd-481c-bdb8-1d4727843a15-dynamic-32"
  },
  "onu_85051649253.json": {},
  "onu_85051653660.json": {
    "8fb8097e-c81f-447a-a4d8-43a43dba6438-other-2": "9514bd0e-068b-4f1a-97f0-dc1fd3c046dc-other-2"
  },
  "onu_85051673888.json": {},
  "onu_85052069920.json": {
    "8fb8097e-c81f-447a-a4d8-43a43dba6438-910-24-m-25-water-26-depth-27": "6019aafd-17a7-4b19-be78-72fdb72b948b-m-36",
    "8fb8097e-c81f-447a-a4d8-43a43dba6438-sensors-19": "6019aafd-17a7-4b19-be78-72fdb72b948b-features-28"
  },
  "onu_85052748036.json": {
    "8fb8097e-c81f-447a-a4d8-43a43dba6438-different-15": "d5172811-4956-4cc3-bcce-2ec97a8402f1-different-10"
  },
  "onu_85052916893.json": {
    "8fb8097e-c81f-447a-a4d8-43a43dba6438-synchronized-5": "390e8152-252c-4c33-856b-035e5f48ed3e-remote-18",
    "8fb8097e-c81f-447a-a4d8-43a43dba6438-used-17": "390e8152-252c-4c33-856b-035e5f48ed3e-used-6"
  },
  "onu_85053143769.json": {
    "8fb8097e-c81f-447a-a4d8-43a43dba6438-different-15": "9e6b17de-d2c6-4ae1-9b58-a24d3e3ed90e-different-10",
    "8fb8097e-c81f-447a-a4d8-43a43dba6438-wind-30-Profiles-39": "9e6b17de-d2c6-4ae1-9b58-a24d3e3ed90e-wind-6-deficit-7",
    "8fb8097e-c81f-447a-a4d8-43a43dba6438-sensors-19": "9e6b17de-d2c6-4ae1-9b58-a24d3e3ed90e-terrain-18"
  },
  "onu_85053593980.json": {
    "NE-DATE-current": "NE-DATE-current",
    "NE-DATE-Current": "NE-DATE-current",
    "8fb8097e-c81f-447a-a4d8-43a43dba6438-same-11": "8db3c934-1816-4c07-9f83-706b0c2a1f16-similar-30"
  },
  "onu_85053770238.json": {
    "8fb8097e-c81f-447a-a4d8-43a43dba6438-other-2": "5d5a4a2a-3f55-45ca-bd91-6a4532bf1f9c-other-17",
    "8fb8097e-c81f-447a-a4d8-43a43dba6438-synchronized-5": "5d5a4a2a-3f55-45ca-bd91-6a4532bf1f9c-dynamic-13"
  },
  "onu_85054086297.json": {
    "NE-ORDINAL-first": "NE-ORDINAL-first"
  },
  "onu_85054504118.json": {
    "NE-ORGANIZATION-Petrobras": "NE-ORGANIZATION-PETROBRAS",
    "NE-ORDINAL-first": "NE-ORDINAL-first",
    "8fb8097e-c81f-447a-a4d8-43a43dba6438-paper-2": "b1326d03-e928-4f17-a698-2f5bc600a0ed-paper-2"
  },
  "onu_85054783545.json": {
    "8fb8097e-c81f-447a-a4d8-43a43dba6438-used-17": "54174e41-4460-4ede-8ffd-225b7817ab76-used-17"
  },
  "onu_85054941296.json": {},
  "onu_85055025955.json": {
    "NE-ORGANIZATION-Petrobras": "NE-ORGANIZATION-Petrobras",
    "8fb8097e-c81f-447a-a4d8-43a43dba6438-paper-2": "6bb8a4f9-6b1c-4ed2-896e-13fd8f3d1045-paper-2"
  },
  "onu_85055027444.json": {
    "NE-ORGANIZATION-Petrobras": "NE-ORGANIZATION-Petrobras"
  },
  "onu_85055027692.json": {
    "NE-ORGANIZATION-Petrobras": "NE-ORGANIZATION-Petrobras",
    "8fb8097e-c81f-447a-a4d8-43a43dba6438-semi-submersible-16": "9b3bcee7-dcb0-43b2-b05a-e1658aa22322-Electrical-17-Submersible-18-Pumps-19"
  },
  "onu_85055036761.json": {
    "NE-ORGANIZATION-Petrobras": "NE-ORGANIZATION-PETROBRÁS"
  },
  "onu_85055255571.json": {
    "NE-ORGANIZATION-Petrobras": "NE-ORGANIZATION-PETROBRÁS",
    "NE-DATE-Current": "ea17f87e-0664-4177-bfa0-06cf4ccdf30b-new-25",
    "8fb8097e-c81f-447a-a4d8-43a43dba6438-paper-2": "ea17f87e-0664-4177-bfa0-06cf4ccdf30b-paper-2"
  },
  "onu_85055263465.json": {},
  "onu_85055528846.json": {
    "8fb8097e-c81f-447a-a4d8-43a43dba6438-riser-12-design-13-methodology-14": "2970e996-64cc-47e6-bc5c-fb3d99195396-riser-8-analysis-9",
    "8fb8097e-c81f-447a-a4d8-43a43dba6438-direction-27": "2970e996-64cc-47e6-bc5c-fb3d99195396-trajectory-25"
  },
  "onu_85055864923.json": {
    "NE-ORGANIZATION-Petrobras": "c183a578-8a5f-4228-b35b-5651f319641f-Petrobras-7",
    "NE-ORDINAL-first": "NE-ORDINAL-first",
    "8fb8097e-c81f-447a-a4d8-43a43dba6438-910-24-m-25-water-26-depth-27": "c183a578-8a5f-4228-b35b-5651f319641f-m-20-water-21-depth-22",
    "8fb8097e-c81f-447a-a4d8-43a43dba6438-decided-3": "c183a578-8a5f-4228-b35b-5651f319641f-chosen-6",
    "8fb8097e-c81f-447a-a4d8-43a43dba6438-riser-6": "c183a578-8a5f-4228-b35b-5651f319641f-risers-23",
    "8fb8097e-c81f-447a-a4d8-43a43dba6438-buoy-9": "c183a578-8a5f-4228-b35b-5651f319641f-buoy-9"
  },
  "onu_85055908781.json": {
    "NE-DATE-current": "NE-DATE-current",
    "NE-DATE-Current": "NE-DATE-current"
  },
  "onu_85056094176.json": {
    "NE-ORGANIZATION-Petrobras": "NE-ORGANIZATION-Petrobras",
    "NE-DATE-current": "0ddfca10-cdbf-4166-ae46-860624694346-Floating-16"
  },
  "onu_85056110569.json": {
    "NE-ORGANIZATION-Petrobras": "1a82d70b-0282-4199-a560-d0aab9c27373-Petrobras-2-experience-3",
    "8fb8097e-c81f-447a-a4d8-43a43dba6438-paper-2": "1a82d70b-0282-4199-a560-d0aab9c27373-paper-2"
  },
  "onu_85056183083.json": {
    "8fb8097e-c81f-447a-a4d8-43a43dba6438-systems-3": "65c625f5-7d94-4126-a6cf-9208777c80b5-systems-2"
  },
  "onu_85056566136.json": {},
  "onu_85056605886.json": {
    "8fb8097e-c81f-447a-a4d8-43a43dba6438-time-14": "15cdb331-caf0-496d-9b06-1af75ece78c3-time-12",
    "8fb8097e-c81f-447a-a4d8-43a43dba6438-used-17": "15cdb331-caf0-496d-9b06-1af75ece78c3-used-5",
    "NE-ORDINAL-first": "NE-ORDINAL-first"
  },
  "onu_85056605922.json": {
    "NE-DATE-current": "0b1e47c2-f111-42c8-ab95-5bf9a8d86713-seismic-4",
    "8fb8097e-c81f-447a-a4d8-43a43dba6438-synchronized-5": "0b1e47c2-f111-42c8-ab95-5bf9a8d86713-spatial-6",
    "8fb8097e-c81f-447a-a4d8-43a43dba6438-used-17": "0b1e47c2-f111-42c8-ab95-5bf9a8d86713-used-26"
  },
  "onu_85056794099.json": {
    "8fb8097e-c81f-447a-a4d8-43a43dba6438-synchronized-5": "95c32260-b2d3-4c86-a803-d3bf8befb654-complementary-7"
  },
  "onu_85057560805.json": {
    "8fb8097e-c81f-447a-a4d8-43a43dba6438-different-15": "bb2572d0-017a-4510-9d70-32e7ab55c722-different-10",
    "8fb8097e-c81f-447a-a4d8-43a43dba6438-wind-30-Profiles-39": "bb2572d0-017a-4510-9d70-32e7ab55c722-profiles-12",
    "NE-DATE-Current": "bb2572d0-017a-4510-9d70-32e7ab55c722-regional-5",
    "8fb8097e-c81f-447a-a4d8-43a43dba6438-synchronized-5": "bb2572d0-017a-4510-9d70-32e7ab55c722-seismic-16",
    "8fb8097e-c81f-447a-a4d8-43a43dba6438-paper-2": "bb2572d0-017a-4510-9d70-32e7ab55c722-work-2"
  },
  "onu_85057883234.json": {
    "NE-ORGANIZATION-Petrobras": "NE-ORGANIZATION-PETROBRAS",
    "8fb8097e-c81f-447a-a4d8-43a43dba6438-points-16": "14e946a7-3108-404c-a068-13eb8cc66620-points-5",
    "8fb8097e-c81f-447a-a4d8-43a43dba6438-bottles-10": "14e946a7-3108-404c-a068-13eb8cc66620-pipes-10",
    "8fb8097e-c81f-447a-a4d8-43a43dba6438-different-15": "14e946a7-3108-404c-a068-13eb8cc66620-Different-1"
  },
  "onu_85059143234.json": {
    "8fb8097e-c81f-447a-a4d8-43a43dba6438-data-8": "c547213a-e858-4f59-a98b-991221b44a08-data-11"
  },
  "onu_85059218520.json": {
    "NE-ORGANIZATION-Petrobras": "NE-ORGANIZATION-Petrobras"
  },
  "onu_85059436090.json": {},
  "onu_85060083816.json": {
    "8fb8097e-c81f-447a-a4d8-43a43dba6438-different-15": "1dffa5b8-1e2e-4c52-9656-c5c66af49cc3-different-23",
    "8fb8097e-c81f-447a-a4d8-43a43dba6438-other-2": "1dffa5b8-1e2e-4c52-9656-c5c66af49cc3-other-6",
    "8fb8097e-c81f-447a-a4d8-43a43dba6438-data-8": "1dffa5b8-1e2e-4c52-9656-c5c66af49cc3-data-8"
  },
  "onu_85060443361.json": {
    "8fb8097e-c81f-447a-a4d8-43a43dba6438-910-24-m-25-water-26-depth-27": "d28d3e39-9b1c-4b91-ad0e-2d9bdd1b0299-17-40-m-41-DHN-42",
    "NE-DATE-current": "NE-DATE-current",
    "NE-DATE-Current": "NE-DATE-current"
  },
  "onu_85061179665.json": {
    "8fb8097e-c81f-447a-a4d8-43a43dba6438-surface-22-value-25": "17e2d2d4-078d-47cf-b582-655e5774143c-slope-9-angle-10",
    "NE-DATE-Current": "17e2d2d4-078d-47cf-b582-655e5774143c-new-3"
  },
  "onu_85061498967.json": {},
  "onu_85061767810.json": {},
  "onu_85061823653.json": {},
  "onu_85062013573.json": {
    "8fb8097e-c81f-447a-a4d8-43a43dba6438-synchronized-5": "28afef62-c426-44a2-9215-bf6b45551070-Dynamic-1",
    "8fb8097e-c81f-447a-a4d8-43a43dba6438-period-12": "28afef62-c426-44a2-9215-bf6b45551070-period-7"
  },
  "onu_85062607406.json": {},
  "onu_85062717506.json": {},
  "onu_85063263863.json": {
    "8fb8097e-c81f-447a-a4d8-43a43dba6438-different-15": "ab194025-e2bc-497c-a6f0-daf5e0bd615a-different-11",
    "8fb8097e-c81f-447a-a4d8-43a43dba6438-used-17": "ab194025-e2bc-497c-a6f0-daf5e0bd615a-used-25"
  },
  "onu_85063689284.json": {
    "8fb8097e-c81f-447a-a4d8-43a43dba6438-period-12": "67b5ee09-3e9b-4ee7-8c97-16a32349a345-period-28"
  },
  "onu_85064764902.json": {},
  "onu_85064808857.json": {
    "8fb8097e-c81f-447a-a4d8-43a43dba6438-synchronized-5": "4879b8b6-7193-4b71-96e2-28fc820267e0-Acoustic-1"
  },
  "onu_85064983703.json": {
    "NE-ORDINAL-first": "bec7d85d-54cb-44c8-9c29-2e9ea01ad31f-main-10"
  },
  "onu_85065180012.json": {
    "NE-DATE-current": "NE-DATE-current",
    "NE-DATE-Current": "NE-DATE-current"
  },
  "onu_85065623080.json": {
    "8fb8097e-c81f-447a-a4d8-43a43dba6438-other-2": "bf6993e6-8f4e-4b68-8ce1-f51cc4cacd95-other-15"
  },
  "onu_85065912337.json": {
    "8fb8097e-c81f-447a-a4d8-43a43dba6438-velocity-49": "2143f721-d959-4556-9126-5be2b6ca65c9-velocity-13",
    "NE-DATE-current": "2143f721-d959-4556-9126-5be2b6ca65c9-seismic-6",
    "8fb8097e-c81f-447a-a4d8-43a43dba6438-data-8": "2143f721-d959-4556-9126-5be2b6ca65c9-data-27"
  },
  "onu_85066600751.json": {
    "8fb8097e-c81f-447a-a4d8-43a43dba6438-monitoring-7-system-8": "1b3efd75-ecd6-4314-81c9-3d9d5c84453d-system-24",
    "8fb8097e-c81f-447a-a4d8-43a43dba6438-buoy-9": "1b3efd75-ecd6-4314-81c9-3d9d5c84453d-buoy-10-application-11",
    "8fb8097e-c81f-447a-a4d8-43a43dba6438-paper-2": "1b3efd75-ecd6-4314-81c9-3d9d5c84453d-paper-2",
    "8fb8097e-c81f-447a-a4d8-43a43dba6438-including-9-system-12-description-13": "1b3efd75-ecd6-4314-81c9-3d9d5c84453d-system-24"
  },
  "onu_85066617192.json": {
    "NE-ORGANIZATION-Petrobras": "NE-ORGANIZATION-Petrobras",
    "8fb8097e-c81f-447a-a4d8-43a43dba6438-other-2": "09790547-3df0-4ca2-b3ad-f36ed5f66b04-other-24",
    "8fb8097e-c81f-447a-a4d8-43a43dba6438-paper-2": "09790547-3df0-4ca2-b3ad-f36ed5f66b04-paper-2"
  },
  "onu_85066623384.json": {
    "NE-ORGANIZATION-Petrobras": "NE-ORGANIZATION-Petrobras",
    "8fb8097e-c81f-447a-a4d8-43a43dba6438-paper-2": "63257db0-7292-4593-96e1-aae426bbf829-paper-2"
  },
  "onu_85067965170.json": {},
  "onu_85068049608.json": {},
  "onu_85068387773.json": {
    "8fb8097e-c81f-447a-a4d8-43a43dba6438-other-2": "a5cffccf-1536-473d-9270-6167576d70ec-other-3",
    "8fb8097e-c81f-447a-a4d8-43a43dba6438-sensors-19": "a5cffccf-1536-473d-9270-6167576d70ec-proximity-12",
    "8fb8097e-c81f-447a-a4d8-43a43dba6438-systems-3": "a5cffccf-1536-473d-9270-6167576d70ec-systems-23",
    "8fb8097e-c81f-447a-a4d8-43a43dba6438-used-17": "a5cffccf-1536-473d-9270-6167576d70ec-used-19"
  },
  "onu_85068453742.json": {
    "8fb8097e-c81f-447a-a4d8-43a43dba6438-data-8": "68bdd8d5-6a51-46de-917a-9d40eb6db15d-data-5",
    "8fb8097e-c81f-447a-a4d8-43a43dba6438-used-17": "68bdd8d5-6a51-46de-917a-9d40eb6db15d-used-10"
  },
  "onu_85070554647.json": {},
  "onu_85070704005.json": {
    "NE-ORDINAL-first": "NE-ORDINAL-first",
    "8fb8097e-c81f-447a-a4d8-43a43dba6438-other-2": "b4a8b90d-7253-4581-99da-486e61291b69-other-9",
    "NE-DATE-current": "NE-ORDINAL-second"
  },
  "onu_85070853924.json": {
    "8fb8097e-c81f-447a-a4d8-43a43dba6438-wind-30-Profiles-39": "6dc1853a-1825-449e-9547-d497b3114adb-wind-3-speed-4",
    "8fb8097e-c81f-447a-a4d8-43a43dba6438-systems-3": "6dc1853a-1825-449e-9547-d497b3114adb-systems-13",
    "8fb8097e-c81f-447a-a4d8-43a43dba6438-used-17": "6dc1853a-1825-449e-9547-d497b3114adb-used-28"
  },
  "onu_85070991202.json": {
    "8fb8097e-c81f-447a-a4d8-43a43dba6438-surface-22-value-25": "e4582df4-682d-4820-a6cd-b5346f3f75b5-phase-21-velocity-22",
    "8fb8097e-c81f-447a-a4d8-43a43dba6438-phase-14-correction-15-blended-16-with-17-inertial-18-sensors-19": "e4582df4-682d-4820-a6cd-b5346f3f75b5-frequency-13-close-14-inertial-17-frequency-18",
    "8fb8097e-c81f-447a-a4d8-43a43dba6438-inertial-18": "e4582df4-682d-4820-a6cd-b5346f3f75b5-inertial-3"
  },
  "onu_85071023764.json": {
    "8fb8097e-c81f-447a-a4d8-43a43dba6438-monitoring-7-system-8": "4b6be8a5-593e-4815-b72c-34ca1cda4d13-navigation-36-system-37",
    "8fb8097e-c81f-447a-a4d8-43a43dba6438-different-15": "4b6be8a5-593e-4815-b72c-34ca1cda4d13-different-18",
    "8fb8097e-c81f-447a-a4d8-43a43dba6438-positioning-4-system-5": "4b6be8a5-593e-4815-b72c-34ca1cda4d13-navigation-36-system-37",
    "8fb8097e-c81f-447a-a4d8-43a43dba6438-blended-16": "4b6be8a5-593e-4815-b72c-34ca1cda4d13-sophisticated-4",
    "8fb8097e-c81f-447a-a4d8-43a43dba6438-synchronized-5": "4b6be8a5-593e-4815-b72c-34ca1cda4d13-sophisticated-4"
  },
  "onu_85071488896.json": {},
  "onu_85071542084.json": {
    "8fb8097e-c81f-447a-a4d8-43a43dba6438-different-15": "03bb4e36-65c4-4faa-889c-f08a60c33d08-different-26",
    "NE-DATE-current": "03bb4e36-65c4-4faa-889c-f08a60c33d08-thermal-67",
    "8fb8097e-c81f-447a-a4d8-43a43dba6438-sensors-19": "03bb4e36-65c4-4faa-889c-f08a60c33d08-channels-29",
    "8fb8097e-c81f-447a-a4d8-43a43dba6438-same-11": "03bb4e36-65c4-4faa-889c-f08a60c33d08-different-26"
  },
  "onu_85071847548.json": {
    "NE-DATE-current": "22ebbe07-c4ca-45f2-a073-3b4a9bbb83f6-inverted-5",
    "8fb8097e-c81f-447a-a4d8-43a43dba6438-data-8": "22ebbe07-c4ca-45f2-a073-3b4a9bbb83f6-data-5"
  },
  "onu_85072725932.json": {
    "8fb8097e-c81f-447a-a4d8-43a43dba6438-different-15": "1ab71fc9-c997-4543-9ccf-5bbfb6b3579e-different-25",
    "8fb8097e-c81f-447a-a4d8-43a43dba6438-oceanographic-8": "1ab71fc9-c997-4543-9ccf-5bbfb6b3579e-oceanographic-5",
    "8fb8097e-c81f-447a-a4d8-43a43dba6438-same-11": "1ab71fc9-c997-4543-9ccf-5bbfb6b3579e-different-25"
  },
  "onu_85072834829.json": {
    "NE-ORDINAL-first": "NE-ORDINAL-first",
    "8fb8097e-c81f-447a-a4d8-43a43dba6438-other-2": "f46f17d1-e7ee-43a7-b27f-8001a220449a-other-11",
    "8fb8097e-c81f-447a-a4d8-43a43dba6438-surface-22-value-25": "f46f17d1-e7ee-43a7-b27f-8001a220449a-surface-35-processes-36"
  },
  "onu_85073705401.json": {},
  "onu_85073706024.json": {
    "NE-ORGANIZATION-Petrobras": "NE-ORGANIZATION-Petrobras"
  },
  "onu_85073935907.json": {
    "8fb8097e-c81f-447a-a4d8-43a43dba6438-other-2": "bc946871-1090-4025-8672-8089752cc34e-other-3",
    "8fb8097e-c81f-447a-a4d8-43a43dba6438-data-8": "bc946871-1090-4025-8672-8089752cc34e-data-21"
  },
  "onu_85074489503.json": {
    "8fb8097e-c81f-447a-a4d8-43a43dba6438-910-24-m-25-water-26-depth-27": "e9b97ebc-e3cf-4546-849d-66298a1876a5-basement-7-depth-8",
    "8fb8097e-c81f-447a-a4d8-43a43dba6438-different-15": "e9b97ebc-e3cf-4546-849d-66298a1876a5-different-11",
    "NE-DATE-Current": "e9b97ebc-e3cf-4546-849d-66298a1876a5-new-10",
    "8fb8097e-c81f-447a-a4d8-43a43dba6438-synchronized-5": "e9b97ebc-e3cf-4546-849d-66298a1876a5-seismic-21"
  },
  "onu_85074632793.json": {
    "8fb8097e-c81f-447a-a4d8-43a43dba6438-wind-30-Profiles-39": "e96160f9-afe1-4286-9ca9-11f35229455a-wind-20-stress-21",
    "8fb8097e-c81f-447a-a4d8-43a43dba6438-other-2": "e96160f9-afe1-4286-9ca9-11f35229455a-other-8",
    "8fb8097e-c81f-447a-a4d8-43a43dba6438-used-17": "e96160f9-afe1-4286-9ca9-11f35229455a-used-25"
  },
  "onu_85074778611.json": {},
  "onu_85075350522.json": {},
  "onu_85075421341.json": {},
  "onu_85075661667.json": {
    "8fb8097e-c81f-447a-a4d8-43a43dba6438-other-2": "8eb22610-755f-4d77-aaca-50d08c2064c5-other-19",
    "NE-DATE-current": "8eb22610-755f-4d77-aaca-50d08c2064c5-initial-6"
  },
  "onu_85075827903.json": {
    "NE-ORGANIZATION-Petrobras": "NE-ORGANIZATION-Petrobras"
  },
  "onu_85075828327.json": {
    "NE-ORGANIZATION-Petrobras": "NE-ORGANIZATION-Petrobras",
    "8fb8097e-c81f-447a-a4d8-43a43dba6438-steel-8-catenary-9-riser-10": "76be24f2-9662-45c7-a95c-63c0f1d47d2c-rigid-7-riser-8-design-9",
    "8fb8097e-c81f-447a-a4d8-43a43dba6438-910-24-m-25-water-26-depth-27": "76be24f2-9662-45c7-a95c-63c0f1d47d2c-water-40-depth-41",
    "8fb8097e-c81f-447a-a4d8-43a43dba6438-riser-12-design-13-methodology-14": "76be24f2-9662-45c7-a95c-63c0f1d47d2c-riser-25-design-26",
    "8fb8097e-c81f-447a-a4d8-43a43dba6438-riser-6": "76be24f2-9662-45c7-a95c-63c0f1d47d2c-riser-48-insulation-51",
    "8fb8097e-c81f-447a-a4d8-43a43dba6438-surface-22-value-25": "76be24f2-9662-45c7-a95c-63c0f1d47d2c-variable-9-amplitude-10-loading-11-spectra-12",
    "8fb8097e-c81f-447a-a4d8-43a43dba6438-paper-2": "76be24f2-9662-45c7-a95c-63c0f1d47d2c-paper-2"
  },
  "onu_85075831363.json": {
    "8fb8097e-c81f-447a-a4d8-43a43dba6438-period-12": "c6187c05-69fa-4993-ac86-f7154dd67053-period-12",
    "8fb8097e-c81f-447a-a4d8-43a43dba6438-time-14": "c6187c05-69fa-4993-ac86-f7154dd67053-time-21",
    "8fb8097e-c81f-447a-a4d8-43a43dba6438-paper-2": "c6187c05-69fa-4993-ac86-f7154dd67053-paper-2"
  },
  "onu_85075835330.json": {
    "NE-ORDINAL-first": "NE-ORDINAL-first",
    "8fb8097e-c81f-447a-a4d8-43a43dba6438-semi-submersible-16": "f0f4bf07-c1ed-4d46-a167-48acf173b05d-semi-submersible-7",
    "8fb8097e-c81f-447a-a4d8-43a43dba6438-other-2": "f0f4bf07-c1ed-4d46-a167-48acf173b05d-other-9",
    "8fb8097e-c81f-447a-a4d8-43a43dba6438-blended-16": "f0f4bf07-c1ed-4d46-a167-48acf173b05d-anchored-2",
    "8fb8097e-c81f-447a-a4d8-43a43dba6438-synchronized-5": "f0f4bf07-c1ed-4d46-a167-48acf173b05d-floating-14"
  },
  "onu_85075843438.json": {
    "8fb8097e-c81f-447a-a4d8-43a43dba6438-different-15": "b11303f1-e8e0-4420-9932-569d3ac87ff2-different-5",
    "8fb8097e-c81f-447a-a4d8-43a43dba6438-paper-2": "b11303f1-e8e0-4420-9932-569d3ac87ff2-paper-2"
  },
  "onu_85075879935.json": {
    "NE-DATE-current": "9f2751f5-49bb-46b4-86f5-39c3c6ccf7ed-climatic-13"
  },
  "onu_85075941856.json": {},
  "onu_85075951728.json": {
    "8fb8097e-c81f-447a-a4d8-43a43dba6438-used-17": "ddb3c75a-c68b-4ad3-8673-4c7520fc72ba-used-13"
  },
  "onu_85075997043.json": {},
  "onu_85076246665.json": {
    "NE-ORGANIZATION-Petrobras": "e0b07107-d3d9-440f-ac94-05597132db4b-Petrographic-1",
    "8fb8097e-c81f-447a-a4d8-43a43dba6438-other-2": "e0b07107-d3d9-440f-ac94-05597132db4b-other-27"
  },
  "onu_85076560202.json": {
    "8fb8097e-c81f-447a-a4d8-43a43dba6438-systems-3": "53c04a5e-53a6-40d4-b9a2-52a4bd0480d8-system-3",
    "8fb8097e-c81f-447a-a4d8-43a43dba6438-data-8": "53c04a5e-53a6-40d4-b9a2-52a4bd0480d8-data-6"
  },
  "onu_85076775401.json": {},
  "onu_85076896265.json": {},
  "onu_85077234208.json": {},
  "onu_85077945350.json": {
    "NE-DATE-Current": "e5183355-b1b6-474b-bef3-dcc000293be4-new-4"
  },
  "onu_85078010553.json": {
    "8fb8097e-c81f-447a-a4d8-43a43dba6438-period-12": "8b856b86-bebe-4ded-9624-c946c2d1bff7-periods-35"
  },
  "onu_85078233209.json": {
    "8fb8097e-c81f-447a-a4d8-43a43dba6438-same-11": "d100c63f-0f5d-41fb-88da-fdd2d50ddb5f-same-21"
  },
  "onu_85079351203.json": {
    "8fb8097e-c81f-447a-a4d8-43a43dba6438-sensors-19": "da566f30-68dc-4ed8-990f-a0817cb9497f-vertically-24"
  },
  "onu_85079784581.json": {
    "8fb8097e-c81f-447a-a4d8-43a43dba6438-sensors-19": "1062b9a2-c1d7-4c95-a533-f3f7c7961c33-presence-17",
    "8fb8097e-c81f-447a-a4d8-43a43dba6438-used-17": "1062b9a2-c1d7-4c95-a533-f3f7c7961c33-used-9"
  },
  "onu_85080813467.json": {
    "NE-DATE-current": "NE-DATE-current",
    "NE-DATE-Current": "NE-DATE-current"
  },
  "onu_85083240666.json": {
    "8fb8097e-c81f-447a-a4d8-43a43dba6438-blended-16": "980011b1-e588-4f4d-83ab-b8b5f5238ca0-enhanced-22",
    "8fb8097e-c81f-447a-a4d8-43a43dba6438-used-17": "980011b1-e588-4f4d-83ab-b8b5f5238ca0-used-37"
  },
  "onu_85083341760.json": {
    "NE-ORDINAL-first": "NE-ORDINAL-first",
    "8fb8097e-c81f-447a-a4d8-43a43dba6438-different-15": "9393b61e-5555-44d0-943e-1eb43fe808ac-different-16",
    "8fb8097e-c81f-447a-a4d8-43a43dba6438-sensors-19": "9393b61e-5555-44d0-943e-1eb43fe808ac-lenses-21"
  },
  "onu_85084024263.json": {},
  "onu_85084454298.json": {
    "8fb8097e-c81f-447a-a4d8-43a43dba6438-used-17": "3bcc13d2-58e5-46ad-9c94-b4605d24268c-used-12"
  },
  "onu_85084634006.json": {
    "8fb8097e-c81f-447a-a4d8-43a43dba6438-different-15": "a407c16e-080e-4100-9fc2-914500db52e5-different-17",
    "NE-DATE-current": "NE-DATE-current",
    "NE-DATE-Current": "NE-DATE-current",
    "8fb8097e-c81f-447a-a4d8-43a43dba6438-used-17": "a407c16e-080e-4100-9fc2-914500db52e5-used-4"
  },
  "onu_85084667903.json": {
    "8fb8097e-c81f-447a-a4d8-43a43dba6438-different-15": "ced88bac-1112-43b7-819e-42b702c4146b-different-5",
    "8fb8097e-c81f-447a-a4d8-43a43dba6438-surface-22-value-25": "ced88bac-1112-43b7-819e-42b702c4146b-amplitude-12-layers-14",
    "8fb8097e-c81f-447a-a4d8-43a43dba6438-synchronized-5": "ced88bac-1112-43b7-819e-42b702c4146b-parallel-13"
  },
  "onu_85084945361.json": {
    "8fb8097e-c81f-447a-a4d8-43a43dba6438-blended-16": "bb0ac139-3982-432a-8400-729a5c19c126-customized-2",
    "8fb8097e-c81f-447a-a4d8-43a43dba6438-synchronized-5": "bb0ac139-3982-432a-8400-729a5c19c126-hydraulic-10",
    "8fb8097e-c81f-447a-a4d8-43a43dba6438-used-17": "bb0ac139-3982-432a-8400-729a5c19c126-used-6"
  },
  "onu_85085054148.json": {
    "NE-ORDINAL-first": "NE-ORDINAL-first"
  },
  "onu_85085298469.json": {
    "NE-DATE-current": "4519eb5f-aa7d-4b0a-9a81-fe0bce2be361-previous-20"
  },
  "onu_85085408490.json": {
    "NE-ORGANIZATION-Petrobras": "47bed0cf-53f1-4cbc-8757-a9c45441f91a-PETROBRÁS-1"
  },
  "onu_85085473397.json": {
    "8fb8097e-c81f-447a-a4d8-43a43dba6438-other-2": "934e19c7-1772-4795-a581-05b674220676-other-7",
    "8fb8097e-c81f-447a-a4d8-43a43dba6438-synchronized-5": "934e19c7-1772-4795-a581-05b674220676-remote-32"
  },
  "onu_85085492342.json": {
    "8fb8097e-c81f-447a-a4d8-43a43dba6438-other-2": "9b5ef88f-0237-4d61-abb2-7580cab31fbb-other-3"
  },
  "onu_85085773523.json": {
    "NE-ORGANIZATION-Petrobras": "NE-ORGANIZATION-Petrobras",
    "8fb8097e-c81f-447a-a4d8-43a43dba6438-points-16": "ab307ab9-374d-477f-9d96-1a0fda460239-point-4",
    "8fb8097e-c81f-447a-a4d8-43a43dba6438-used-17": "ab307ab9-374d-477f-9d96-1a0fda460239-used-5"
  },
  "onu_85085773731.json": {
    "NE-ORGANIZATION-Petrobras": "NE-ORGANIZATION-Petrobras",
    "NE-LOCATION-Marlim-Field": "NE-ORGANIZATION-Petrobras-Marlim-Crude-Oil",
    "8fb8097e-c81f-447a-a4d8-43a43dba6438-points-16": "4b172916-f0f5-46a4-9792-7936dc9ba4f9-points-7",
    "8fb8097e-c81f-447a-a4d8-43a43dba6438-paper-2": "4b172916-f0f5-46a4-9792-7936dc9ba4f9-paper-2"
  },
  "onu_85085773745.json": {
    "8fb8097e-c81f-447a-a4d8-43a43dba6438-riser-12-design-13-methodology-14": "21225434-c8fc-441d-b277-65da424c77e7-design-5-optimization-6",
    "8fb8097e-c81f-447a-a4d8-43a43dba6438-sensors-19": "21225434-c8fc-441d-b277-65da424c77e7-extremely-17",
    "8fb8097e-c81f-447a-a4d8-43a43dba6438-used-17": "21225434-c8fc-441d-b277-65da424c77e7-used-9"
  },
  "onu_85085773825.json": {
    "8fb8097e-c81f-447a-a4d8-43a43dba6438-steel-8-catenary-9-riser-10": "e9189042-c2fa-4b5e-a9da-3d50e8f4c891-rigid-13-risers-14",
    "NE-ORDINAL-first": "NE-ORDINAL-first",
    "8fb8097e-c81f-447a-a4d8-43a43dba6438-surface-22-value-25": "e9189042-c2fa-4b5e-a9da-3d50e8f4c891-likely-11-riser-12-angle-13-absolute-15-value-16",
    "8fb8097e-c81f-447a-a4d8-43a43dba6438-synchronized-5": "e9189042-c2fa-4b5e-a9da-3d50e8f4c891-lazy-11",
    "8fb8097e-c81f-447a-a4d8-43a43dba6438-same-11": "e9189042-c2fa-4b5e-a9da-3d50e8f4c891-same-13"
  },
  "onu_85085773875.json": {
    "8fb8097e-c81f-447a-a4d8-43a43dba6438-period-12": "d606c7b3-ce98-4023-8a39-196528dd3002-time-4",
    "8fb8097e-c81f-447a-a4d8-43a43dba6438-same-11": "d606c7b3-ce98-4023-8a39-196528dd3002-same-3",
    "8fb8097e-c81f-447a-a4d8-43a43dba6438-paper-2": "d606c7b3-ce98-4023-8a39-196528dd3002-paper-2"
  },
  "onu_85085774498.json": {
    "NE-ORGANIZATION-Petrobras": "NE-ORGANIZATION-Petrobras",
    "NE-DATE-current": "NE-DATE-current",
    "NE-DATE-Current": "NE-DATE-current"
  },
  "onu_85085774511.json": {
    "NE-ORDINAL-first": "NE-ORDINAL-first",
    "8fb8097e-c81f-447a-a4d8-43a43dba6438-different-15": "07bf9801-f530-468c-9921-66afca9b2b91-different-3",
    "8fb8097e-c81f-447a-a4d8-43a43dba6438-wind-30-Profiles-39": "07bf9801-f530-468c-9921-66afca9b2b91-wind-15-direction-16",
    "8fb8097e-c81f-447a-a4d8-43a43dba6438-sensors-19": "07bf9801-f530-468c-9921-66afca9b2b91-remotely-5",
    "8fb8097e-c81f-447a-a4d8-43a43dba6438-same-11": "07bf9801-f530-468c-9921-66afca9b2b91-different-3"
  },
  "onu_85085774766.json": {
    "NE-ORGANIZATION-Petrobras": "NE-ORGANIZATION-Petrobras",
    "8fb8097e-c81f-447a-a4d8-43a43dba6438-other-2": "5c9d47d5-c3a5-4b99-97b0-f55b0ce24e97-other-10",
    "8fb8097e-c81f-447a-a4d8-43a43dba6438-used-17": "5c9d47d5-c3a5-4b99-97b0-f55b0ce24e97-used-4"
  },
  "onu_85085775194.json": {
    "NE-ORGANIZATION-Petrobras": "NE-ORGANIZATION-Petrobras",
    "8fb8097e-c81f-447a-a4d8-43a43dba6438-same-11": "84e4f7e4-b6c1-4975-bd01-e021f5afdff1-same-11",
    "8fb8097e-c81f-447a-a4d8-43a43dba6438-paper-2": "84e4f7e4-b6c1-4975-bd01-e021f5afdff1-paper-2"
  },
  "onu_85085775396.json": {
    "8fb8097e-c81f-447a-a4d8-43a43dba6438-steel-8-catenary-9-riser-10": "ee817b7d-8183-4633-9141-28578ef8eeaa-catenary-26-configuration-27",
    "8fb8097e-c81f-447a-a4d8-43a43dba6438-riser-12-design-13-methodology-14": "ee817b7d-8183-4633-9141-28578ef8eeaa-Riser-10-system-11",
    "8fb8097e-c81f-447a-a4d8-43a43dba6438-VIV-5-monitoring-6-system-7": "ee817b7d-8183-4633-9141-28578ef8eeaa-Riser-10-system-11",
    "8fb8097e-c81f-447a-a4d8-43a43dba6438-used-17": "ee817b7d-8183-4633-9141-28578ef8eeaa-installed-29"
  },
  "onu_85085775562.json": {
    "8fb8097e-c81f-447a-a4d8-43a43dba6438-sophisticated-12-accelerometers-13": "5e83a3a6-8e89-4b18-8ff5-f69454f22032-vector-27-Z-28-accelerometer-29-variation-30",
    "NE-DATE-current": "5e83a3a6-8e89-4b18-8ff5-f69454f22032-adjusting-14",
    "8fb8097e-c81f-447a-a4d8-43a43dba6438-sensors-19": "5e83a3a6-8e89-4b18-8ff5-f69454f22032-speeds-9",
    "8fb8097e-c81f-447a-a4d8-43a43dba6438-period-12": "5e83a3a6-8e89-4b18-8ff5-f69454f22032-period-37",
    "8fb8097e-c81f-447a-a4d8-43a43dba6438-same-11": "5e83a3a6-8e89-4b18-8ff5-f69454f22032-same-33"
  },
  "onu_85085775753.json": {},
  "onu_85085775962.json": {
    "8fb8097e-c81f-447a-a4d8-43a43dba6438-blended-16": "be473474-e9c1-4908-947b-6970a8bfa756-enhanced-12",
    "8fb8097e-c81f-447a-a4d8-43a43dba6438-paper-2": "be473474-e9c1-4908-947b-6970a8bfa756-paper-2"
  },
  "onu_85085776151.json": {
    "NE-ORGANIZATION-Petrobras": "NE-ORGANIZATION-PETROBRAS",
    "8fb8097e-c81f-447a-a4d8-43a43dba6438-phase-14-correction-15-blended-16-with-17-inertial-18-sensors-19": "5bd9eda6-5812-4578-ab2b-6a61cf688e44-phase-16-separation-17-technology-18",
    "8fb8097e-c81f-447a-a4d8-43a43dba6438-phase-14-correction-15": "5bd9eda6-5812-4578-ab2b-6a61cf688e44-phase-16-separation-17-technology-18"
  },
  "onu_85085776159.json": {
    "NE-ORGANIZATION-Petrobras": "NE-ORGANIZATION-Petrobras",
    "8fb8097e-c81f-447a-a4d8-43a43dba6438-riser-12-design-13-methodology-14": "68be5ebe-fea0-40de-b540-0c2b01b2e926-constructability-13-analysis-14"
  },
  "onu_85085776356.json": {
    "NE-ORGANIZATION-Petrobras": "NE-ORGANIZATION-Petrobras",
    "8fb8097e-c81f-447a-a4d8-43a43dba6438-VIV-2-monitoring-3": "2a540db1-9714-4a1f-b95b-65922ff9ef32-JV-22-agreements-23"
  },
  "onu_85085776372.json": {
    "NE-ORDINAL-first": "NE-ORDINAL-first",
    "8fb8097e-c81f-447a-a4d8-43a43dba6438-different-15": "c59dc365-dd43-4a22-8bcc-877027142262-different-10",
    "NE-DATE-current": "c59dc365-dd43-4a22-8bcc-877027142262-mean-14",
    "8fb8097e-c81f-447a-a4d8-43a43dba6438-data-8": "c59dc365-dd43-4a22-8bcc-877027142262-data-7"
  },
  "onu_85085776540.json": {},
  "onu_85085776958.json": {
    "8fb8097e-c81f-447a-a4d8-43a43dba6438-steel-8-catenary-9-riser-10": "6dbb2a6b-d66e-49c3-a7f3-450475d69123-annulus-39-diverter-40-valve-41",
    "8fb8097e-c81f-447a-a4d8-43a43dba6438-phase-14-correction-15-blended-16-with-17-inertial-18-sensors-19": "6dbb2a6b-d66e-49c3-a7f3-450475d69123-autonomous-11-inflow-12-control-13-devices-14"
  },
  "onu_85085777009.json": {
    "NE-ORGANIZATION-Petrobras": "NE-ORGANIZATION-Petrobras",
    "8fb8097e-c81f-447a-a4d8-43a43dba6438-other-2": "d32271d8-792a-4672-97e1-b4c138d6d351-other-39"
  },
  "onu_85085777884.json": {},
  "onu_85085778037.json": {
    "NE-ORGANIZATION-Petrobras": "NE-ORGANIZATION-Petrobras",
    "NE-ORDINAL-first": "NE-ORDINAL-first",
    "8fb8097e-c81f-447a-a4d8-43a43dba6438-blended-16": "2dd1a90e-7412-4b7d-ac70-cba9b0380628-remote-10",
    "8fb8097e-c81f-447a-a4d8-43a43dba6438-used-17": "2dd1a90e-7412-4b7d-ac70-cba9b0380628-used-5"
  },
  "onu_85085778412.json": {
    "NE-DATE-current": "4fb375aa-30f3-49a6-9346-70a70e51f8b9-unique-6",
    "8fb8097e-c81f-447a-a4d8-43a43dba6438-paper-2": "4fb375aa-30f3-49a6-9346-70a70e51f8b9-paper-2"
  },
  "onu_85085778651.json": {
    "8fb8097e-c81f-447a-a4d8-43a43dba6438-910-24-m-25-water-26-depth-27": "NE-MISC-Measured-Depth",
    "8fb8097e-c81f-447a-a4d8-43a43dba6438-systems-3": "42684b28-71f8-41aa-ada5-b427f3c87f94-systems-14"
  },
  "onu_85085778850.json": {
    "NE-DATE-Current": "aefa100b-fd33-476c-8121-310d23ec4cbc-previous-10",
    "8fb8097e-c81f-447a-a4d8-43a43dba6438-paper-2": "aefa100b-fd33-476c-8121-310d23ec4cbc-work-2",
    "8fb8097e-c81f-447a-a4d8-43a43dba6438-used-17": "aefa100b-fd33-476c-8121-310d23ec4cbc-used-12"
  },
  "onu_85085778895.json": {
    "NE-ORGANIZATION-Petrobras": "NE-ORGANIZATION-Petrobras",
    "8fb8097e-c81f-447a-a4d8-43a43dba6438-points-16": "b7a10045-d4c2-447e-907a-820163ea176a-points-13",
    "8fb8097e-c81f-447a-a4d8-43a43dba6438-paper-2": "b7a10045-d4c2-447e-907a-820163ea176a-paper-2"
  },
  "onu_85085779136.json": {
    "NE-ORGANIZATION-Petrobras": "NE-ORGANIZATION-Petrobras",
    "8fb8097e-c81f-447a-a4d8-43a43dba6438-bottles-10": "242b3b58-d08d-46cf-9db1-3ced34a59265-pipes-10"
  },
  "onu_85085779144.json": {
    "8fb8097e-c81f-447a-a4d8-43a43dba6438-monitoring-7-system-8": "be3e799c-8e30-4190-9f13-a88110e85837-insulation-5-system-6",
    "8fb8097e-c81f-447a-a4d8-43a43dba6438-riser-12-design-13-methodology-14": "be3e799c-8e30-4190-9f13-a88110e85837-flow-8-assurance-9-coating-10-technology-11",
    "8fb8097e-c81f-447a-a4d8-43a43dba6438-monitoring-3-systems-4-installed-5": "be3e799c-8e30-4190-9f13-a88110e85837-thermal-8-insulation-9-system-10-systems-5",
    "8fb8097e-c81f-447a-a4d8-43a43dba6438-blended-16": "be3e799c-8e30-4190-9f13-a88110e85837-bonded-10",
    "8fb8097e-c81f-447a-a4d8-43a43dba6438-synchronized-5": "be3e799c-8e30-4190-9f13-a88110e85837-wet-13",
    "8fb8097e-c81f-447a-a4d8-43a43dba6438-VIV-5-monitoring-6-system-7": "be3e799c-8e30-4190-9f13-a88110e85837-insulation-5-system-6"
  },
  "onu_85085780309.json": {
    "8fb8097e-c81f-447a-a4d8-43a43dba6438-including-16-Vortex-17-Induced-18-Vibrations-19": "82bdebe1-55d4-4873-9e12-d1e0510312d7-complex-10-flow-11-behavior-12"
  },
  "onu_85085850094.json": {
    "NE-ORGANIZATION-Petrobras": "NE-ORGANIZATION-Petrobras"
  },
  "onu_85086232639.json": {
    "8fb8097e-c81f-447a-a4d8-43a43dba6438-monitoring-7-system-8": "1560ca69-ffef-4249-b357-976be0472af8-safety-26-management-27-system-28",
    "8fb8097e-c81f-447a-a4d8-43a43dba6438-monitoring-3-systems-4-installed-5": "1560ca69-ffef-4249-b357-976be0472af8-safety-26-management-27-system-28",
    "8fb8097e-c81f-447a-a4d8-43a43dba6438-other-2": "1560ca69-ffef-4249-b357-976be0472af8-other-33",
    "NE-DATE-Current": "1560ca69-ffef-4249-b357-976be0472af8-new-9",
    "8fb8097e-c81f-447a-a4d8-43a43dba6438-positioning-4-system-5": "1560ca69-ffef-4249-b357-976be0472af8-safety-26-management-27-system-28",
    "8fb8097e-c81f-447a-a4d8-43a43dba6438-including-9-system-12-description-13": "1560ca69-ffef-4249-b357-976be0472af8-Subsea-51-Systems-52-Safety-54-Management-55-System-56"
  },
  "onu_85086245971.json": {
    "8fb8097e-c81f-447a-a4d8-43a43dba6438-different-15": "5b314478-44cb-4cb9-a631-b9e343125cc4-different-5",
    "8fb8097e-c81f-447a-a4d8-43a43dba6438-data-8": "5b314478-44cb-4cb9-a631-b9e343125cc4-data-8",
    "8fb8097e-c81f-447a-a4d8-43a43dba6438-used-17": "5b314478-44cb-4cb9-a631-b9e343125cc4-used-9"
  },
  "onu_85086248840.json": {
    "NE-ORGANIZATION-Petrobras": "NE-ORGANIZATION-Petrobras",
    "NE-ORDINAL-first": "NE-ORDINAL-first",
    "8fb8097e-c81f-447a-a4d8-43a43dba6438-semi-submersible-16": "9634cff3-f7bf-4dd4-9bdd-d4ce051d15e4-Semi-Submersible-9",
    "8fb8097e-c81f-447a-a4d8-43a43dba6438-paper-2": "9634cff3-f7bf-4dd4-9bdd-d4ce051d15e4-paper-2"
  },
  "onu_85086257600.json": {
    "8fb8097e-c81f-447a-a4d8-43a43dba6438-different-15": "0d3a24cc-8410-46ec-8f90-b83b91c14d4f-Different-1",
    "8fb8097e-c81f-447a-a4d8-43a43dba6438-sensors-19": "0d3a24cc-8410-46ec-8f90-b83b91c14d4f-correctly-9",
    "8fb8097e-c81f-447a-a4d8-43a43dba6438-used-17": "0d3a24cc-8410-46ec-8f90-b83b91c14d4f-used-5"
  },
  "onu_85086355916.json": {
    "8fb8097e-c81f-447a-a4d8-43a43dba6438-oceanographic-8": "6a84737e-7f50-43ba-b607-a9cc1e4dcfab-Oceanographic-1",
    "8fb8097e-c81f-447a-a4d8-43a43dba6438-sensors-19": "6a84737e-7f50-43ba-b607-a9cc1e4dcfab-indicators-17"
  },
  "onu_85086628030.json": {
    "8fb8097e-c81f-447a-a4d8-43a43dba6438-monitoring-7-system-8": "a73dc049-c132-4e65-b2aa-4a929784f44d-monitoring-11",
    "8fb8097e-c81f-447a-a4d8-43a43dba6438-different-15": "a73dc049-c132-4e65-b2aa-4a929784f44d-different-18"
  },
  "onu_85086649140.json": {},
  "onu_85086667338.json": {
    "8fb8097e-c81f-447a-a4d8-43a43dba6438-same-11": "c26fa3b4-e85d-44f5-a212-fecb246d8968-same-9"
  },
  "onu_85086808985.json": {
    "NE-ORDINAL-first": "NE-ORDINAL-first",
    "8fb8097e-c81f-447a-a4d8-43a43dba6438-synchronized-5": "bf917e90-7343-4ac5-9605-4309e100073a-dynamic-15"
  },
  "onu_85086809805.json": {
    "NE-ORGANIZATION-Petrobras": "NE-ORGANIZATION-Petrobras",
    "8fb8097e-c81f-447a-a4d8-43a43dba6438-different-15": "6af17be2-6207-49d6-b833-4d7a7d7f3202-different-20",
    "8fb8097e-c81f-447a-a4d8-43a43dba6438-systems-3": "6af17be2-6207-49d6-b833-4d7a7d7f3202-systems-2",
    "8fb8097e-c81f-447a-a4d8-43a43dba6438-paper-2": "6af17be2-6207-49d6-b833-4d7a7d7f3202-paper-2"
  },
  "onu_85086829622.json": {
    "NE-ORDINAL-first": "NE-ORDINAL-first"
  },
  "onu_85086929987.json": {
    "8fb8097e-c81f-447a-a4d8-43a43dba6438-phase-14-correction-15-blended-16-with-17-inertial-18-sensors-19": "bf00c9a7-3a6c-4c86-8963-d608a1190c8b-flame-9-ionization-10-detector-11"
  },
  "onu_85087227840.json": {
    "NE-ORDINAL-first": "NE-ORDINAL-first"
  },
  "onu_85087228205.json": {
    "8fb8097e-c81f-447a-a4d8-43a43dba6438-systems-3": "fb7e8c11-5740-4da0-9139-e7047dada05c-operators-10",
    "8fb8097e-c81f-447a-a4d8-43a43dba6438-paper-2": "fb7e8c11-5740-4da0-9139-e7047dada05c-paper-2"
  },
  "onu_85087345946.json": {
    "8fb8097e-c81f-447a-a4d8-43a43dba6438-systems-3": "ecbc98e9-efbb-4ae9-83bd-05ad8cc1b6e9-systems-2"
  }
}