{
  "onu_10228776.json": {
    "98101f72-00fb-4f23-a31d-93a1ed4242cc-paper-2": "8ccf6711-4359-43f1-af56-bff91be221df-paper-2",
    "98101f72-00fb-4f23-a31d-93a1ed4242cc-deep-14": "8ccf6711-4359-43f1-af56-bff91be221df-deep-32",
    "98101f72-00fb-4f23-a31d-93a1ed4242cc-main-12": "8ccf6711-4359-43f1-af56-bff91be221df-main-17"
  },
  "onu_11244281653.json": {
    "98101f72-00fb-4f23-a31d-93a1ed4242cc-deep-14": "573197e7-feeb-4bf7-8fc7-347e79223db7-deep-7",
    "NE-ORGANIZATION-Petrobras": "NE-ORGANIZATION-Petrobras",
    "98101f72-00fb-4f23-a31d-93a1ed4242cc-important-7": "573197e7-feeb-4bf7-8fc7-347e79223db7-significant-24"
  },
  "onu_14467639.json": {
    "98101f72-00fb-4f23-a31d-93a1ed4242cc-deep-14": "04fb19eb-27a3-4c60-b8e1-453f11d0e96b-offshore-14",
    "98101f72-00fb-4f23-a31d-93a1ed4242cc-important-6": "04fb19eb-27a3-4c60-b8e1-453f11d0e96b-remarkable-7",
    "NE-ORGANIZATION-Petrobras": "NE-ORGANIZATION-Petrobras",
    "98101f72-00fb-4f23-a31d-93a1ed4242cc-most-5": "04fb19eb-27a3-4c60-b8e1-453f11d0e96b-most-18"
  },
  "onu_14928592.json": {},
  "onu_1642522078.json": {
    "98101f72-00fb-4f23-a31d-93a1ed4242cc-paper-2": "4e1ac6e0-5aee-4eb0-9ad0-694f3ac8f48a-paper-2",
    "98101f72-00fb-4f23-a31d-93a1ed4242cc-application-15-niches-16": "4e1ac6e0-5aee-4eb0-9ad0-694f3ac8f48a-manifolds-18",
    "98101f72-00fb-4f23-a31d-93a1ed4242cc-following-2": "4e1ac6e0-5aee-4eb0-9ad0-694f3ac8f48a-following-10"
  },
  "onu_16964104.json": {
    "98101f72-00fb-4f23-a31d-93a1ed4242cc-subsea-16-use-17": "e73719d8-439a-4c06-a2a0-fc90e94e87eb-subsea-15-techniques-16",
    "NE-ORGANIZATION-Petrobras": "NE-ORGANIZATION-Petrobras",
    "98101f72-00fb-4f23-a31d-93a1ed4242cc-paper-2": "e73719d8-439a-4c06-a2a0-fc90e94e87eb-article-2"
  },
  "onu_17044389842.json": {
    "NE-ORGANIZATION-Petrobras": "NE-ORGANIZATION-Petrobras"
  },
  "onu_17344364742.json": {
    "NE-ORGANIZATION-Petrobras": "NE-ORGANIZATION-Petrobras"
  },
  "onu_1842589247.json": {
    "NE-ORGANIZATION-Petrobras": "NE-ORGANIZATION-Petrobras"
  },
  "onu_18944382016.json": {},
  "onu_19586421.json": {
    "NE-ORGANIZATION-Petrobras": "NE-ORGANIZATION-Petrobras"
  },
  "onu_20736039.json": {},
  "onu_21575939.json": {},
  "onu_2342418572.json": {},
  "onu_2342623297.json": {
    "98101f72-00fb-4f23-a31d-93a1ed4242cc-exploitation-11": "f25f6215-5192-4162-b2e7-5bee2a7f90d8-exploitation-11",
    "98101f72-00fb-4f23-a31d-93a1ed4242cc-deep-14": "f25f6215-5192-4162-b2e7-5bee2a7f90d8-deep-16",
    "NE-ORGANIZATION-Petrobras": "NE-ORGANIZATION-Petrobras"
  },
  "onu_23699043.json": {},
  "onu_23844461981.json": {
    "NE-ORGANIZATION-Petrobras": "NE-ORGANIZATION-Petrobras"
  },
  "onu_24044508291.json": {
    "NE-ORGANIZATION-Petrobras": "NE-ORGANIZATION-Petrobras"
  },
  "onu_24050293.json": {
    "98101f72-00fb-4f23-a31d-93a1ed4242cc-artificial-7-lift-8-methods-9": "48013ad7-c8d2-4d31-94ea-36fc2cde40cb-lift-11-capability-12",
    "NE-ORGANIZATION-Petrobras": "NE-ORGANIZATION-Petrobras"
  },
  "onu_242694501.json": {
    "98101f72-00fb-4f23-a31d-93a1ed4242cc-water-15-fields-16": "99dd1d4b-cba2-437d-bebf-f7012dc3111a-oil-9-fields-10"
  },
  "onu_24662461.json": {
    "98101f72-00fb-4f23-a31d-93a1ed4242cc-main-12": "a33dbe39-f837-43e6-a660-479c5769090b-various-5"
  },
  "onu_24769642.json": {
    "98101f72-00fb-4f23-a31d-93a1ed4242cc-most-5": "42f39395-5b68-4c17-9005-43fdaf9b688d-most-6",
    "NE-ORGANIZATION-Petrobras": "NE-ORGANIZATION-Petrobras"
  },
  "onu_24867907.json": {},
  "onu_25054779.json": {},
  "onu_25144481375.json": {
    "98101f72-00fb-4f23-a31d-93a1ed4242cc-deep-14": "585f4243-2b9e-4ec6-aef4-0fe54aaaa4ba-shallow-7",
    "98101f72-00fb-4f23-a31d-93a1ed4242cc-main-12": "585f4243-2b9e-4ec6-aef4-0fe54aaaa4ba-main-2"
  },
  "onu_25444510078.json": {
    "98101f72-00fb-4f23-a31d-93a1ed4242cc-deep-14": "adad3cf5-16ae-4cec-b91d-60c5da9121ac-Shallow-1",
    "NE-ORGANIZATION-Petrobras": "adad3cf5-16ae-4cec-b91d-60c5da9121ac-Petrobras-18-project-19"
  },
  "onu_26244445255.json": {
    "NE-ORGANIZATION-Petrobras": "NE-ORGANIZATION-Petrobras"
  },
  "onu_26850121.json": {},
  "onu_27744595461.json": {
    "NE-ORGANIZATION-Petrobras": "NE-ORGANIZATION-PETROBRAS"
  },
  "onu_30311937.json": {
    "98101f72-00fb-4f23-a31d-93a1ed4242cc-important-6": "007fd580-5ecb-4536-a243-38b5370a241f-Important-1",
    "98101f72-00fb-4f23-a31d-93a1ed4242cc-paper-2": "007fd580-5ecb-4536-a243-38b5370a241f-paper-2",
    "NE-ORGANIZATION-Petrobras": "NE-ORGANIZATION-Petrobras"
  },
  "onu_30706349.json": {
    "98101f72-00fb-4f23-a31d-93a1ed4242cc-main-12": "c2c1112b-eb03-4a92-92fa-46cb7e40b8cc-main-2",
    "NE-ORGANIZATION-Petrobras": "NE-ORGANIZATION-PETROBRAS"
  },
  "onu_31206995.json": {
    "NE-ORGANIZATION-Petrobras": "NE-ORGANIZATION-Petrobras"
  },
  "onu_31375269.json": {
    "98101f72-00fb-4f23-a31d-93a1ed4242cc-paper-2": "5cee35a4-a50e-4d54-932a-8a8e57e575cd-paper-2"
  },
  "onu_32444448833.json": {
    "NE-ORGANIZATION-Petrobras": "NE-ORGANIZATION-Petrobras"
  },
  "onu_33293728.json": {
    "98101f72-00fb-4f23-a31d-93a1ed4242cc-paper-2": "cfd050f2-67ba-42f7-a36c-18e221b0e3a7-paper-2"
  },
  "onu_33295123.json": {
    "98101f72-00fb-4f23-a31d-93a1ed4242cc-water-15-fields-16": "0197b3f7-4b35-4e53-9441-4ec6cc6ce4f9-oil-3-fields-4",
    "98101f72-00fb-4f23-a31d-93a1ed4242cc-deep-14": "0197b3f7-4b35-4e53-9441-4ec6cc6ce4f9-deep-25",
    "98101f72-00fb-4f23-a31d-93a1ed4242cc-paper-2": "0197b3f7-4b35-4e53-9441-4ec6cc6ce4f9-paper-2",
    "NE-ORGANIZATION-Petrobras": "NE-ORGANIZATION-PETROBRAS"
  },
  "onu_33295407.json": {
    "98101f72-00fb-4f23-a31d-93a1ed4242cc-paper-2": "69bf6b3a-01bd-4e40-a6e1-94da71019c1c-paper-2",
    "98101f72-00fb-4f23-a31d-93a1ed4242cc-main-12": "69bf6b3a-01bd-4e40-a6e1-94da71019c1c-main-5",
    "NE-ORGANIZATION-Petrobras": "NE-ORGANIZATION-Petrobras"
  },
  "onu_33644613229.json": {
    "98101f72-00fb-4f23-a31d-93a1ed4242cc-water-15-fields-16": "20e89570-d632-400e-b304-ad0e644f1a32-oil-11-resources-12",
    "NE-ORGANIZATION-Petrobras": "NE-ORGANIZATION-Petrobras"
  },
  "onu_33645422493.json": {
    "NE-ORGANIZATION-Petrobras": "NE-ORGANIZATION-Petrobras"
  },
  "onu_33646023976.json": {
    "98101f72-00fb-4f23-a31d-93a1ed4242cc-water-15-fields-16": "4d5d6714-e3d6-4798-a96f-5279e7b9359d-oil-34-contamination-35",
    "98101f72-00fb-4f23-a31d-93a1ed4242cc-paper-2": "4d5d6714-e3d6-4798-a96f-5279e7b9359d-paper-2",
    "NE-ORGANIZATION-Petrobras": "NE-ORGANIZATION-Petrobras"
  },
  "onu_33646035823.json": {
    "98101f72-00fb-4f23-a31d-93a1ed4242cc-water-15-fields-16": "fdf24c0d-8db3-43be-b74d-b05c1bdf85a5-water-14-surface-15",
    "NE-ORGANIZATION-Petrobras": "NE-ORGANIZATION-PETROBRAS"
  },
  "onu_33646043488.json": {},
  "onu_33646056106.json": {
    "98101f72-00fb-4f23-a31d-93a1ed4242cc-water-15-fields-16": "3f9b434e-048b-4cc7-9f64-90faa942c0b7-oil-16-terminal-17",
    "98101f72-00fb-4f23-a31d-93a1ed4242cc-paper-2": "3f9b434e-048b-4cc7-9f64-90faa942c0b7-paper-2",
    "NE-ORGANIZATION-Petrobras": "NE-ORGANIZATION-PETROBRAS"
  },
  "onu_33646056405.json": {
    "98101f72-00fb-4f23-a31d-93a1ed4242cc-important-6": "84216c5e-4b64-4443-b98d-66b70adb98df-important-12",
    "NE-ORGANIZATION-Petrobras": "NE-ORGANIZATION-Petrobras"
  },
  "onu_33646073069.json": {
    "98101f72-00fb-4f23-a31d-93a1ed4242cc-paper-2": "c34753c7-bece-49e6-8cfe-9e17f85cdefc-paper-2",
    "98101f72-00fb-4f23-a31d-93a1ed4242cc-important-6": "c34753c7-bece-49e6-8cfe-9e17f85cdefc-major-2",
    "NE-ORGANIZATION-Petrobras": "NE-ORGANIZATION-PETROBRAS"
  },
  "onu_33646452775.json": {
    "NE-ORGANIZATION-Petrobras": "NE-ORGANIZATION-Petrobras"
  },
  "onu_33745228406.json": {
    "NE-ORGANIZATION-Petrobras": "NE-ORGANIZATION-Petrobras"
  },
  "onu_33745354316.json": {
    "98101f72-00fb-4f23-a31d-93a1ed4242cc-important-6": "f284c30b-4d86-45b4-b48d-6a65d84ee416-important-9",
    "NE-ORGANIZATION-Petrobras": "NE-ORGANIZATION-PETROBRAS"
  },
  "onu_33745713604.json": {
    "98101f72-00fb-4f23-a31d-93a1ed4242cc-paper-2": "ce8af812-48d1-4148-a2b4-62388fc22f37-paper-2",
    "NE-ORGANIZATION-Petrobras": "NE-ORGANIZATION-Petrobras",
    "98101f72-00fb-4f23-a31d-93a1ed4242cc-subsea-16-use-17": "ce8af812-48d1-4148-a2b4-62388fc22f37-subsea-6-completion-7"
  },
  "onu_33746039693.json": {
    "NE-ORGANIZATION-Petrobras": "NE-ORGANIZATION-Petrobras"
  },
  "onu_33748460104.json": {
    "98101f72-00fb-4f23-a31d-93a1ed4242cc-water-15-fields-16": "920d8eef-1ebb-4cab-8288-cea4cd878488-oil-8-field-9",
    "NE-ORGANIZATION-Petrobras": "NE-ORGANIZATION-Petrobras"
  },
  "onu_33749265496.json": {
    "NE-ORGANIZATION-Petrobras": "NE-ORGANIZATION-Petrobras"
  },
  "onu_33751312200.json": {
    "NE-ORGANIZATION-Petrobras": "NE-ORGANIZATION-PETROBRAS"
  },
  "onu_33751315219.json": {
    "NE-ORGANIZATION-Petrobras": "NE-ORGANIZATION-PETROBRAS"
  },
  "onu_34250708084.json": {
    "NE-ORGANIZATION-Petrobras": "NE-ORGANIZATION-Petrobras"
  },
  "onu_344309110.json": {
    "98101f72-00fb-4f23-a31d-93a1ed4242cc-paper-2": "8fb8097e-c81f-447a-a4d8-43a43dba6438-paper-2",
    "NE-ORGANIZATION-Petrobras": "NE-ORGANIZATION-Petrobras"
  },
  "onu_344741441.json": {
    "98101f72-00fb-4f23-a31d-93a1ed4242cc-exploitation-11": "1de3c47d-c84d-4a38-b042-489e5b30b72e-exploitation-38",
    "98101f72-00fb-4f23-a31d-93a1ed4242cc-water-15-fields-16": "1de3c47d-c84d-4a38-b042-489e5b30b72e-oil-13-fields-14",
    "98101f72-00fb-4f23-a31d-93a1ed4242cc-deep-14": "1de3c47d-c84d-4a38-b042-489e5b30b72e-deep-42",
    "98101f72-00fb-4f23-a31d-93a1ed4242cc-paper-2": "1de3c47d-c84d-4a38-b042-489e5b30b72e-paper-19",
    "98101f72-00fb-4f23-a31d-93a1ed4242cc-main-12": "1de3c47d-c84d-4a38-b042-489e5b30b72e-main-26",
    "NE-ORGANIZATION-Petrobras": "NE-ORGANIZATION-Petrobras"
  },
  "onu_345171568.json": {
    "98101f72-00fb-4f23-a31d-93a1ed4242cc-essential-9": "d7e4bb8e-83ad-427b-a6a5-b4c0506bc6dc-structural-21",
    "NE-ORGANIZATION-Petrobras": "NE-ORGANIZATION-Petrobras"
  },
  "onu_34531605.json": {
    "NE-ORGANIZATION-Petrobras": "NE-ORGANIZATION-Petrobras"
  },
  "onu_34547893063.json": {
    "98101f72-00fb-4f23-a31d-93a1ed4242cc-paper-2": "be5ea7f2-eaf1-4194-82d5-01264cdce152-paper-2",
    "NE-ORGANIZATION-Petrobras": "NE-ORGANIZATION-Petrobras",
    "98101f72-00fb-4f23-a31d-93a1ed4242cc-following-2": "be5ea7f2-eaf1-4194-82d5-01264cdce152-following-15"
  },
  "onu_345603133.json": {},
  "onu_345603650.json": {
    "98101f72-00fb-4f23-a31d-93a1ed4242cc-deep-14": "03f9bd13-9d39-41a8-8125-8924075f6e7b-deep-4",
    "NE-ORGANIZATION-Petrobras": "NE-ORGANIZATION-PETROBRAS"
  },
  "onu_34686357.json": {
    "NE-ORGANIZATION-Petrobras": "NE-ORGANIZATION-Petrobras"
  },
  "onu_34984147.json": {
    "NE-ORGANIZATION-Petrobras": "NE-ORGANIZATION-Petrobras"
  },
  "onu_35573581.json": {
    "98101f72-00fb-4f23-a31d-93a1ed4242cc-water-15-fields-16": "919869c7-27ec-44eb-bc21-ebd2300438cf-water-15-surface-16",
    "98101f72-00fb-4f23-a31d-93a1ed4242cc-paper-2": "919869c7-27ec-44eb-bc21-ebd2300438cf-paper-2",
    "NE-ORGANIZATION-Petrobras": "NE-ORGANIZATION-PETROBRAS"
  },
  "onu_36768397.json": {
    "NE-ORGANIZATION-Petrobras": "NE-ORGANIZATION-Petrobras"
  },
  "onu_37304895.json": {
    "98101f72-00fb-4f23-a31d-93a1ed4242cc-water-15-fields-16": "6bacd7ac-6903-41a6-a534-aa3361728c0d-water-19-fields-20",
    "98101f72-00fb-4f23-a31d-93a1ed4242cc-deep-14": "6bacd7ac-6903-41a6-a534-aa3361728c0d-deep-17",
    "98101f72-00fb-4f23-a31d-93a1ed4242cc-paper-2": "6bacd7ac-6903-41a6-a534-aa3361728c0d-paper-2",
    "NE-ORGANIZATION-Petrobras": "NE-ORGANIZATION-Petrobras"
  },
  "onu_40349089123.json": {
    "98101f72-00fb-4f23-a31d-93a1ed4242cc-important-6": "50180d4d-99ad-4416-b364-8467ab844fae-important-10",
    "98101f72-00fb-4f23-a31d-93a1ed4242cc-deep-14": "50180d4d-99ad-4416-b364-8467ab844fae-deep-32",
    "98101f72-00fb-4f23-a31d-93a1ed4242cc-paper-2": "50180d4d-99ad-4416-b364-8467ab844fae-paper-2",
    "NE-ORGANIZATION-Petrobras": "NE-ORGANIZATION-PETROBRAS"
  },
  "onu_4043182709.json": {
    "NE-ORGANIZATION-Petrobras": "NE-ORGANIZATION-Petrobras"
  },
  "onu_41849140524.json": {
    "98101f72-00fb-4f23-a31d-93a1ed4242cc-water-15-fields-16": "d5ee487c-3b46-46fc-a521-837aed5b9969-water-23-properties-24",
    "98101f72-00fb-4f23-a31d-93a1ed4242cc-main-12": "d5ee487c-3b46-46fc-a521-837aed5b9969-oceanic-10"
  },
  "onu_47849110025.json": {
    "NE-ORGANIZATION-Petrobras": "NE-ORGANIZATION-Petrobras"
  },
  "onu_50249174640.json": {
    "98101f72-00fb-4f23-a31d-93a1ed4242cc-deep-14": "8fde804f-0525-4f0e-8503-d2317096c0a8-deep-23",
    "NE-ORGANIZATION-Petrobras": "NE-ORGANIZATION-Petrobras"
  },
  "onu_50249181836.json": {
    "NE-ORGANIZATION-Petrobras": "NE-ORGANIZATION-Petrobras"
  },
  "onu_51649098845.json": {
    "98101f72-00fb-4f23-a31d-93a1ed4242cc-main-12": "c91d7476-abfd-4667-90fd-c69e0100550c-main-2"
  },
  "onu_52049093008.json": {
    "98101f72-00fb-4f23-a31d-93a1ed4242cc-water-15-fields-16": "83994fff-4d3b-468e-9bed-d467b6149c25-oil-6-fields-9",
    "NE-ORGANIZATION-Petrobras": "NE-ORGANIZATION-Petrobras"
  },
  "onu_52249116622.json": {
    "NE-ORGANIZATION-Petrobras": "NE-ORGANIZATION-Petrobras"
  },
  "onu_52349109473.json": {
    "98101f72-00fb-4f23-a31d-93a1ed4242cc-water-15-fields-16": "69eb9371-1b92-4f24-801d-8748c6728bc5-water-21-depth-22",
    "NE-ORGANIZATION-Petrobras": "NE-ORGANIZATION-Petrobras"
  },
  "onu_52849106027.json": {
    "98101f72-00fb-4f23-a31d-93a1ed4242cc-water-15-fields-16": "35a41731-8e50-4777-9d82-156d471c0ae7-water-8-scenario-9",
    "98101f72-00fb-4f23-a31d-93a1ed4242cc-deep-14": "35a41731-8e50-4777-9d82-156d471c0ae7-deep-7",
    "98101f72-00fb-4f23-a31d-93a1ed4242cc-paper-2": "35a41731-8e50-4777-9d82-156d471c0ae7-paper-2"
  },
  "onu_57649139087.json": {
    "NE-ORGANIZATION-Petrobras": "NE-ORGANIZATION-Petrobras"
  },
  "onu_58849128774.json": {
    "98101f72-00fb-4f23-a31d-93a1ed4242cc-water-15-fields-16": "405fb23b-a959-4bb4-bed3-b32aa1a95cad-oil-4-fields-5",
    "98101f72-00fb-4f23-a31d-93a1ed4242cc-paper-2": "405fb23b-a959-4bb4-bed3-b32aa1a95cad-paper-2",
    "98101f72-00fb-4f23-a31d-93a1ed4242cc-most-5": "405fb23b-a959-4bb4-bed3-b32aa1a95cad-most-6",
    "98101f72-00fb-4f23-a31d-93a1ed4242cc-methods-3": "405fb23b-a959-4bb4-bed3-b32aa1a95cad-method-2"
  },
  "onu_59649088185.json": {
    "NE-ORGANIZATION-Petrobras": "NE-ORGANIZATION-Petrobras"
  },
  "onu_68649086917.json": {
    "98101f72-00fb-4f23-a31d-93a1ed4242cc-exploitation-11": "452ca893-25f2-4bf0-ae58-16ca549811cd-exploration-12",
    "98101f72-00fb-4f23-a31d-93a1ed4242cc-deep-14": "452ca893-25f2-4bf0-ae58-16ca549811cd-commercial-11",
    "NE-ORGANIZATION-Petrobras": "NE-ORGANIZATION-Petrobras"
  },
  "onu_68649124056.json": {
    "98101f72-00fb-4f23-a31d-93a1ed4242cc-water-15-fields-16": "1ddb617f-5d63-4fae-b6e3-3e210eb638a3-water-28-depth-29",
    "NE-ORGANIZATION-Petrobras": "NE-ORGANIZATION-Petrobras"
  },
  "onu_68649126570.json": {},
  "onu_70449127482.json": {
    "98101f72-00fb-4f23-a31d-93a1ed4242cc-deep-14": "5082c4a7-cf6e-45cd-b5f9-5834141f90b5-deep-8",
    "NE-ORGANIZATION-Petrobras": "NE-ORGANIZATION-Petrobras"
  },
  "onu_70449650835.json": {
    "98101f72-00fb-4f23-a31d-93a1ed4242cc-main-12": "fa7eba80-2962-449f-ab5e-c7372a6dd9af-great-18",
    "NE-ORGANIZATION-Petrobras": "NE-ORGANIZATION-Petrobras"
  },
  "onu_72449143175.json": {
    "NE-ORGANIZATION-Petrobras": "NE-ORGANIZATION-Petrobras"
  },
  "onu_73349086227.json": {
    "NE-ORGANIZATION-Petrobras": "NE-ORGANIZATION-Petrobras"
  },
  "onu_77449138097.json": {
    "NE-ORGANIZATION-Petrobras": "NE-ORGANIZATION-Petrobras"
  },
  "onu_77955388680.json": {
    "98101f72-00fb-4f23-a31d-93a1ed4242cc-scenario-3": "6853be13-f2b8-4273-b0f4-b628a386d69b-scenario-11",
    "98101f72-00fb-4f23-a31d-93a1ed4242cc-paper-2": "6853be13-f2b8-4273-b0f4-b628a386d69b-paper-2",
    "98101f72-00fb-4f23-a31d-93a1ed4242cc-main-12": "6853be13-f2b8-4273-b0f4-b628a386d69b-main-26",
    "NE-ORGANIZATION-Petrobras": "NE-ORGANIZATION-Petrobras"
  },
  "onu_77955408815.json": {
    "98101f72-00fb-4f23-a31d-93a1ed4242cc-essential-9": "3fbbdd88-8638-4b37-a689-c218c2b9f313-basic-2",
    "98101f72-00fb-4f23-a31d-93a1ed4242cc-paper-2": "3fbbdd88-8638-4b37-a689-c218c2b9f313-paper-2",
    "NE-ORGANIZATION-Petrobras": "NE-ORGANIZATION-Petrobras"
  },
  "onu_77956543361.json": {
    "NE-ORGANIZATION-Petrobras": "NE-ORGANIZATION-Petrobras"
  },
  "onu_77956858304.json": {
    "NE-ORGANIZATION-Petrobras": "NE-ORGANIZATION-Petrobras",
    "98101f72-00fb-4f23-a31d-93a1ed4242cc-subsea-16-use-17": "18d1470d-7707-4546-87ab-5615cd0aeaf8-subsea-28-trees-29"
  },
  "onu_77958012173.json": {
    "98101f72-00fb-4f23-a31d-93a1ed4242cc-methods-3": "82dfb525-fe3c-44b8-a079-56355943e3c5-method-27"
  },
  "onu_78049320828.json": {
    "NE-ORGANIZATION-Petrobras": "NE-ORGANIZATION-Petrobras"
  },
  "onu_78649387727.json": {
    "NE-ORGANIZATION-Petrobras": "NE-ORGANIZATION-Petrobras"
  },
  "onu_78650855754.json": {},
  "onu_79952546010.json": {
    "98101f72-00fb-4f23-a31d-93a1ed4242cc-Artificial-1-lift-2": "b40df2ca-cdf7-4284-8597-8f166cac093a-Artificial-5-Network-7",
    "98101f72-00fb-4f23-a31d-93a1ed4242cc-deep-14": "b40df2ca-cdf7-4284-8597-8f166cac093a-deep-10",
    "98101f72-00fb-4f23-a31d-93a1ed4242cc-paper-2": "b40df2ca-cdf7-4284-8597-8f166cac093a-paper-2",
    "NE-ORGANIZATION-Petrobras": "NE-ORGANIZATION-Petrobras"
  },
  "onu_79952620223.json": {
    "98101f72-00fb-4f23-a31d-93a1ed4242cc-paper-2": "c65b6b38-5933-4677-bdf7-2b10f3833625-paper-2",
    "98101f72-00fb-4f23-a31d-93a1ed4242cc-their-11-characteristics-13": "c65b6b38-5933-4677-bdf7-2b10f3833625-their-20-surfaces-22"
  },
  "onu_79953006622.json": {
    "NE-ORGANIZATION-Petrobras": "NE-ORGANIZATION-Petrobras"
  },
  "onu_79955374293.json": {
    "98101f72-00fb-4f23-a31d-93a1ed4242cc-paper-2": "fdf01418-b90d-4c3b-8f26-604224b4b6fb-paper-2",
    "98101f72-00fb-4f23-a31d-93a1ed4242cc-main-12": "fdf01418-b90d-4c3b-8f26-604224b4b6fb-main-5",
    "NE-ORGANIZATION-Petrobras": "NE-ORGANIZATION-PETROBRAS"
  },
  "onu_79955828033.json": {
    "98101f72-00fb-4f23-a31d-93a1ed4242cc-important-7": "070900c0-3683-4838-8adf-7fc9280ff95b-significant-43",
    "98101f72-00fb-4f23-a31d-93a1ed4242cc-deep-14": "070900c0-3683-4838-8adf-7fc9280ff95b-heavy-7",
    "98101f72-00fb-4f23-a31d-93a1ed4242cc-paper-2": "070900c0-3683-4838-8adf-7fc9280ff95b-paper-2",
    "98101f72-00fb-4f23-a31d-93a1ed4242cc-important-6": "070900c0-3683-4838-8adf-7fc9280ff95b-significant-43",
    "NE-ORGANIZATION-Petrobras": "NE-ORGANIZATION-Petrobras"
  },
  "onu_79959789184.json": {
    "98101f72-00fb-4f23-a31d-93a1ed4242cc-essential-9": "2d2c89ac-c79e-412f-8293-e8fdf04c937c-needed-38",
    "NE-ORGANIZATION-Petrobras": "NE-ORGANIZATION-Petrobras"
  },
  "onu_80052069671.json": {
    "98101f72-00fb-4f23-a31d-93a1ed4242cc-essential-9": "2b16f13d-578f-4b57-afa3-30cdf33f197f-significant-25",
    "98101f72-00fb-4f23-a31d-93a1ed4242cc-most-5": "2b16f13d-578f-4b57-afa3-30cdf33f197f-most-9"
  },
  "onu_80052571318.json": {
    "98101f72-00fb-4f23-a31d-93a1ed4242cc-paper-2": "6c5a99a3-587c-4891-b93a-3283c2d031e2-paper-2",
    "NE-ORGANIZATION-Petrobras": "NE-ORGANIZATION-Petrobras"
  },
  "onu_80052582062.json": {
    "NE-ORGANIZATION-Petrobras": "NE-ORGANIZATION-Petrobras"
  },
  "onu_80052741860.json": {
    "NE-ORGANIZATION-Petrobras": "NE-ORGANIZATION-Petrobras"
  },
  "onu_80053430040.json": {},
  "onu_80053904380.json": {
    "98101f72-00fb-4f23-a31d-93a1ed4242cc-water-15-fields-16": "b3a7d84e-f49d-44a6-94ef-f5d57da13419-water-25-production-26",
    "NE-ORGANIZATION-Petrobras": "NE-ORGANIZATION-Petrobras"
  },
  "onu_80053909062.json": {
    "NE-ORGANIZATION-Petrobras": "NE-ORGANIZATION-Petrobras"
  },
  "onu_80053931244.json": {
    "NE-ORGANIZATION-Petrobras": "NE-ORGANIZATION-Petrobras"
  },
  "onu_80053961084.json": {},
  "onu_80054757255.json": {
    "98101f72-00fb-4f23-a31d-93a1ed4242cc-deep-14": "24416a9e-e5f5-4726-9db1-4193f01f1575-deep-4",
    "NE-ORGANIZATION-Petrobras": "NE-ORGANIZATION-Petrobras"
  },
  "onu_81855167522.json": {
    "NE-ORGANIZATION-Petrobras": "NE-ORGANIZATION-Petrobras",
    "98101f72-00fb-4f23-a31d-93a1ed4242cc-subsea-16-use-17": "67a11e3d-316d-4504-abb6-d3f419bb7620-subsea-28-use-29"
  },
  "onu_82555187024.json": {
    "98101f72-00fb-4f23-a31d-93a1ed4242cc-essential-9": "eb9c758a-7531-4399-b6bc-8350a275ef69-significant-7",
    "98101f72-00fb-4f23-a31d-93a1ed4242cc-important-7": "eb9c758a-7531-4399-b6bc-8350a275ef69-significant-7",
    "98101f72-00fb-4f23-a31d-93a1ed4242cc-important-6": "eb9c758a-7531-4399-b6bc-8350a275ef69-significant-7",
    "98101f72-00fb-4f23-a31d-93a1ed4242cc-methods-3": "eb9c758a-7531-4399-b6bc-8350a275ef69-methodology-10"
  },
  "onu_83155193342.json": {
    "98101f72-00fb-4f23-a31d-93a1ed4242cc-methods-3": "e3af93b2-aa60-45e5-8d24-87a91ead4a60-systems-2"
  },
  "onu_84856625676.json": {
    "98101f72-00fb-4f23-a31d-93a1ed4242cc-deep-14": "f46d89ca-ba74-4b07-984b-f55cacc7eb9d-noticeable-4",
    "98101f72-00fb-4f23-a31d-93a1ed4242cc-important-6": "f46d89ca-ba74-4b07-984b-f55cacc7eb9d-noticeable-4",
    "NE-ORGANIZATION-Petrobras": "NE-ORGANIZATION-Petrobras"
  },
  "onu_84856741449.json": {
    "98101f72-00fb-4f23-a31d-93a1ed4242cc-deep-14": "6776ee78-01b1-4f8a-8af9-5284efe9468d-deep-46",
    "NE-ORGANIZATION-Petrobras": "NE-ORGANIZATION-PETROBRAS"
  },
  "onu_84857305090.json": {
    "98101f72-00fb-4f23-a31d-93a1ed4242cc-paper-2": "6f3e4645-24e4-4349-bbd4-2d20eb367316-paper-2",
    "NE-ORGANIZATION-Petrobras": "NE-ORGANIZATION-BR-Petrobras"
  },
  "onu_84857324711.json": {
    "98101f72-00fb-4f23-a31d-93a1ed4242cc-deep-14": "2ca4e696-bb0f-4ef9-91e4-7a25d65d6ff6-deeper-10",
    "NE-ORGANIZATION-Petrobras": "NE-ORGANIZATION-Petrobras",
    "98101f72-00fb-4f23-a31d-93a1ed4242cc-their-11": "2ca4e696-bb0f-4ef9-91e4-7a25d65d6ff6-their-33"
  },
  "onu_84857483294.json": {
    "98101f72-00fb-4f23-a31d-93a1ed4242cc-important-7": "b961c7ef-4284-431b-b6b0-8870832647c0-main-2",
    "98101f72-00fb-4f23-a31d-93a1ed4242cc-deep-14": "b961c7ef-4284-431b-b6b0-8870832647c0-main-2",
    "98101f72-00fb-4f23-a31d-93a1ed4242cc-main-12": "b961c7ef-4284-431b-b6b0-8870832647c0-main-2"
  },
  "onu_84861595246.json": {
    "98101f72-00fb-4f23-a31d-93a1ed4242cc-paper-2": "204509a8-265c-4397-8149-04982bb962db-paper-2",
    "NE-ORGANIZATION-Petrobras": "NE-ORGANIZATION-Petrobras",
    "98101f72-00fb-4f23-a31d-93a1ed4242cc-following-2": "204509a8-265c-4397-8149-04982bb962db-following-31"
  },
  "onu_84864615590.json": {
    "98101f72-00fb-4f23-a31d-93a1ed4242cc-paper-2": "0b789bcb-4b6a-4e1e-8498-8f681f20a218-paper-2",
    "98101f72-00fb-4f23-a31d-93a1ed4242cc-subsea-16-use-17": "0b789bcb-4b6a-4e1e-8498-8f681f20a218-subsea-30-layout-31"
  },
  "onu_84864936265.json": {
    "98101f72-00fb-4f23-a31d-93a1ed4242cc-main-12": "5635ba94-7921-4b3b-8f49-dd87f763feb9-major-2",
    "98101f72-00fb-4f23-a31d-93a1ed4242cc-their-11": "5635ba94-7921-4b3b-8f49-dd87f763feb9-their-29"
  },
  "onu_84865218536.json": {
    "98101f72-00fb-4f23-a31d-93a1ed4242cc-paper-2": "e955921c-620b-4103-a481-8613fc75bad6-paper-21"
  },
  "onu_84865723570.json": {
    "98101f72-00fb-4f23-a31d-93a1ed4242cc-deep-14": "ee5c2e54-d5c3-4267-b45d-c2d38fa079f1-deep-10",
    "98101f72-00fb-4f23-a31d-93a1ed4242cc-paper-2": "ee5c2e54-d5c3-4267-b45d-c2d38fa079f1-paper-2"
  },
  "onu_84869199462.json": {
    "98101f72-00fb-4f23-a31d-93a1ed4242cc-water-15-fields-16": "86788da6-b594-49e1-ac23-94a6a03306a4-oil-27-fields-30"
  },
  "onu_84870604908.json": {
    "NE-ORGANIZATION-Petrobras": "NE-ORGANIZATION-Petrobras"
  },
  "onu_84877857340.json": {
    "98101f72-00fb-4f23-a31d-93a1ed4242cc-deep-14": "77b503bf-c04b-4c2f-81df-35c44d2f8f36-deep-11",
    "98101f72-00fb-4f23-a31d-93a1ed4242cc-most-5": "77b503bf-c04b-4c2f-81df-35c44d2f8f36-most-15"
  },
  "onu_84878941411.json": {
    "98101f72-00fb-4f23-a31d-93a1ed4242cc-important-7": "358ea47e-b418-4525-b65c-3998ab882728-significant-7",
    "98101f72-00fb-4f23-a31d-93a1ed4242cc-deep-14": "358ea47e-b418-4525-b65c-3998ab882728-deeper-6"
  },
  "onu_84879432080.json": {
    "98101f72-00fb-4f23-a31d-93a1ed4242cc-essential-9": "d22980f2-d1fa-4f87-94aa-ec684269aac1-significant-72",
    "98101f72-00fb-4f23-a31d-93a1ed4242cc-important-7": "d22980f2-d1fa-4f87-94aa-ec684269aac1-significant-72",
    "98101f72-00fb-4f23-a31d-93a1ed4242cc-artificial-7-lift-8-methods-9": "d22980f2-d1fa-4f87-94aa-ec684269aac1-pressure-21-applications-22",
    "98101f72-00fb-4f23-a31d-93a1ed4242cc-important-6": "d22980f2-d1fa-4f87-94aa-ec684269aac1-significant-72",
    "NE-ORGANIZATION-Petrobras": "NE-ORGANIZATION-Petrobras"
  },
  "onu_84879955769.json": {},
  "onu_84880007809.json": {
    "98101f72-00fb-4f23-a31d-93a1ed4242cc-essential-9": "d4de0e22-c401-432d-9110-81f5c296679b-significant-5",
    "98101f72-00fb-4f23-a31d-93a1ed4242cc-important-7": "d4de0e22-c401-432d-9110-81f5c296679b-significant-5"
  },
  "onu_84883765236.json": {
    "98101f72-00fb-4f23-a31d-93a1ed4242cc-paper-2": "f3fa1d9f-bec4-4fe9-a45b-abc6d74b2e5a-study-2"
  },
  "onu_84883765292.json": {},
  "onu_84887507211.json": {
    "98101f72-00fb-4f23-a31d-93a1ed4242cc-paper-2": "9aa61b6b-268d-41fb-a9cc-799d32a8079c-paper-2"
  },
  "onu_84888845935.json": {
    "98101f72-00fb-4f23-a31d-93a1ed4242cc-deep-14": "08983aea-212e-4ede-98cd-be137c97ff19-deep-3"
  },
  "onu_84888934569.json": {
    "98101f72-00fb-4f23-a31d-93a1ed4242cc-essential-9": "1cc8cc5f-b866-4794-9210-470f3608b03d-essential-18",
    "98101f72-00fb-4f23-a31d-93a1ed4242cc-important-6": "1cc8cc5f-b866-4794-9210-470f3608b03d-essential-18"
  },
  "onu_84888954344.json": {},
  "onu_84888967977.json": {},
  "onu_84889840418.json": {
    "NE-ORGANIZATION-Petrobras": "NE-ORGANIZATION-Petrobras"
  },
  "onu_84891320656.json": {
    "98101f72-00fb-4f23-a31d-93a1ed4242cc-deep-14": "1309746e-bd51-453c-8893-8fb38d7af7ab-main-2",
    "98101f72-00fb-4f23-a31d-93a1ed4242cc-main-12": "1309746e-bd51-453c-8893-8fb38d7af7ab-main-2"
  },
  "onu_84891344152.json": {},
  "onu_84892632570.json": {
    "98101f72-00fb-4f23-a31d-93a1ed4242cc-essential-9": "6dec9498-a5f9-44bc-9e98-a6457ad68d76-economical-11",
    "98101f72-00fb-4f23-a31d-93a1ed4242cc-important-7": "6dec9498-a5f9-44bc-9e98-a6457ad68d76-significant-15",
    "98101f72-00fb-4f23-a31d-93a1ed4242cc-important-6": "6dec9498-a5f9-44bc-9e98-a6457ad68d76-significant-15",
    "98101f72-00fb-4f23-a31d-93a1ed4242cc-main-12": "6dec9498-a5f9-44bc-9e98-a6457ad68d76-main-14",
    "98101f72-00fb-4f23-a31d-93a1ed4242cc-methods-3": "6dec9498-a5f9-44bc-9e98-a6457ad68d76-methodology-2"
  },
  "onu_84892860778.json": {
    "98101f72-00fb-4f23-a31d-93a1ed4242cc-most-5": "e59a2ee4-651e-4626-853a-fff67b8b6ac0-most-26"
  },
  "onu_84893052541.json": {
    "98101f72-00fb-4f23-a31d-93a1ed4242cc-essential-9": "f0e08ada-1ca4-4e31-bda9-3911eddc8016-inevitable-32",
    "98101f72-00fb-4f23-a31d-93a1ed4242cc-water-15-fields-16": "f0e08ada-1ca4-4e31-bda9-3911eddc8016-water-15-circuit-16",
    "98101f72-00fb-4f23-a31d-93a1ed4242cc-paper-2": "f0e08ada-1ca4-4e31-bda9-3911eddc8016-paper-2",
    "98101f72-00fb-4f23-a31d-93a1ed4242cc-their-11-characteristics-13": "f0e08ada-1ca4-4e31-bda9-3911eddc8016-characteristics-7",
    "NE-ORGANIZATION-Petrobras": "NE-ORGANIZATION-PETROBRAS"
  },
  "onu_84893062958.json": {
    "NE-ORGANIZATION-Petrobras": "NE-ORGANIZATION-Petrobras"
  },
  "onu_84893067779.json": {
    "98101f72-00fb-4f23-a31d-93a1ed4242cc-deep-14": "e3239ac2-996c-48c2-a4b9-5b330ad8ca86-tight-4",
    "98101f72-00fb-4f23-a31d-93a1ed4242cc-paper-2": "e3239ac2-996c-48c2-a4b9-5b330ad8ca86-paper-2",
    "NE-ORGANIZATION-Petrobras": "NE-ORGANIZATION-Petrobras"
  },
  "onu_84893090004.json": {},
  "onu_84893361208.json": {
    "NE-ORGANIZATION-Petrobras": "NE-ORGANIZATION-PETROBRAS",
    "98101f72-00fb-4f23-a31d-93a1ed4242cc-following-2": "9867dde6-b627-4c95-aa08-5793f95d79f9-following-2"
  },
  "onu_84893407222.json": {},
  "onu_84893805098.json": {
    "98101f72-00fb-4f23-a31d-93a1ed4242cc-deep-14": "c9cc11fc-8719-4e06-8c6b-99c7f538df16-deep-6",
    "98101f72-00fb-4f23-a31d-93a1ed4242cc-most-5": "c9cc11fc-8719-4e06-8c6b-99c7f538df16-most-13"
  },
  "onu_84894453276.json": {
    "98101f72-00fb-4f23-a31d-93a1ed4242cc-deep-14": "b9b6adf1-6e95-4cfa-b97a-44efcd1fe567-deep-14",
    "98101f72-00fb-4f23-a31d-93a1ed4242cc-main-12": "b9b6adf1-6e95-4cfa-b97a-44efcd1fe567-main-22"
  },
  "onu_84894470550.json": {
    "98101f72-00fb-4f23-a31d-93a1ed4242cc-essential-9": "97494f1d-5471-498f-9894-b0c7321535c4-sustainable-16",
    "98101f72-00fb-4f23-a31d-93a1ed4242cc-deep-14": "97494f1d-5471-498f-9894-b0c7321535c4-national-20"
  },
  "onu_84896824358.json": {},
  "onu_84897376128.json": {
    "98101f72-00fb-4f23-a31d-93a1ed4242cc-water-15-fields-16": "6634b230-b55b-42f5-b6bf-e9764410d504-oil-17-reserves-20",
    "98101f72-00fb-4f23-a31d-93a1ed4242cc-deep-14": "6634b230-b55b-42f5-b6bf-e9764410d504-deep-8",
    "98101f72-00fb-4f23-a31d-93a1ed4242cc-paper-2": "6634b230-b55b-42f5-b6bf-e9764410d504-paper-2"
  },
  "onu_84897381844.json": {
    "98101f72-00fb-4f23-a31d-93a1ed4242cc-essential-9": "607e16a2-24ab-44ad-a4a3-8273a81253f6-important-9",
    "98101f72-00fb-4f23-a31d-93a1ed4242cc-important-7": "607e16a2-24ab-44ad-a4a3-8273a81253f6-important-9",
    "98101f72-00fb-4f23-a31d-93a1ed4242cc-important-6": "607e16a2-24ab-44ad-a4a3-8273a81253f6-important-9",
    "NE-ORGANIZATION-Petrobras": "NE-ORGANIZATION-Petrobras"
  },
  "onu_84897392529.json": {
    "98101f72-00fb-4f23-a31d-93a1ed4242cc-exploitation-11": "21b0b660-404f-436a-867e-af9cbe7f0918-exploration-19",
    "98101f72-00fb-4f23-a31d-93a1ed4242cc-deep-14": "21b0b660-404f-436a-867e-af9cbe7f0918-Deep-1",
    "NE-ORGANIZATION-Petrobras": "NE-ORGANIZATION-Petrobras"
  },
  "onu_84897399429.json": {
    "98101f72-00fb-4f23-a31d-93a1ed4242cc-essential-9": "898c33c4-d7a3-46cc-94f0-d84c5288fee6-important-15",
    "98101f72-00fb-4f23-a31d-93a1ed4242cc-important-7": "898c33c4-d7a3-46cc-94f0-d84c5288fee6-important-15",
    "98101f72-00fb-4f23-a31d-93a1ed4242cc-important-6": "898c33c4-d7a3-46cc-94f0-d84c5288fee6-important-15",
    "NE-ORGANIZATION-Petrobras": "NE-ORGANIZATION-Petrobras"
  },
  "onu_84897408330.json": {
    "98101f72-00fb-4f23-a31d-93a1ed4242cc-paper-2": "b19e19ff-a5c9-48e8-bb16-bce5beab0ca2-paper-2"
  },
  "onu_84897441267.json": {
    "98101f72-00fb-4f23-a31d-93a1ed4242cc-paper-2": "6386a9ef-0016-45d5-9431-03b779673c2b-paper-2",
    "98101f72-00fb-4f23-a31d-93a1ed4242cc-main-12": "6386a9ef-0016-45d5-9431-03b779673c2b-main-5",
    "NE-ORGANIZATION-Petrobras": "NE-ORGANIZATION-Petrobras"
  },
  "onu_84897448998.json": {
    "98101f72-00fb-4f23-a31d-93a1ed4242cc-paper-2": "ebed93b1-9b44-42bf-a267-aebdc3f48887-paper-9"
  },
  "onu_84897449140.json": {
    "98101f72-00fb-4f23-a31d-93a1ed4242cc-essential-9": "b829cc46-eb44-4769-8923-e94eb353af76-critical-29",
    "98101f72-00fb-4f23-a31d-93a1ed4242cc-paper-2": "b829cc46-eb44-4769-8923-e94eb353af76-paper-2"
  },
  "onu_84897461830.json": {
    "98101f72-00fb-4f23-a31d-93a1ed4242cc-essential-9": "6d4e9725-03d3-4734-9822-6feb56c5d4d5-important-7",
    "98101f72-00fb-4f23-a31d-93a1ed4242cc-important-7": "6d4e9725-03d3-4734-9822-6feb56c5d4d5-important-7",
    "98101f72-00fb-4f23-a31d-93a1ed4242cc-paper-2": "6d4e9725-03d3-4734-9822-6feb56c5d4d5-paper-2",
    "98101f72-00fb-4f23-a31d-93a1ed4242cc-important-6": "6d4e9725-03d3-4734-9822-6feb56c5d4d5-important-7"
  },
  "onu_84897465328.json": {
    "98101f72-00fb-4f23-a31d-93a1ed4242cc-paper-2": "7e19d608-90b6-4fc3-afea-623202a7f587-paper-2",
    "NE-ORGANIZATION-Petrobras": "NE-ORGANIZATION-Petrobras",
    "98101f72-00fb-4f23-a31d-93a1ed4242cc-subsea-16-use-17": "7e19d608-90b6-4fc3-afea-623202a7f587-subsea-9-station-10"
  },
  "onu_84897470967.json": {
    "98101f72-00fb-4f23-a31d-93a1ed4242cc-deep-14": "7f6f47ca-cfad-4483-ba7b-011e5564f245-main-6",
    "98101f72-00fb-4f23-a31d-93a1ed4242cc-important-6": "7f6f47ca-cfad-4483-ba7b-011e5564f245-main-6",
    "98101f72-00fb-4f23-a31d-93a1ed4242cc-main-12": "7f6f47ca-cfad-4483-ba7b-011e5564f245-main-6"
  },
  "onu_84900305359.json": {},
  "onu_84901784680.json": {},
  "onu_84904394721.json": {
    "98101f72-00fb-4f23-a31d-93a1ed4242cc-scenario-3": "8e2e949b-ad5f-4570-870a-fc20ddc3c8e9-scenario-18",
    "98101f72-00fb-4f23-a31d-93a1ed4242cc-essential-9": "8e2e949b-ad5f-4570-870a-fc20ddc3c8e9-acceptable-14",
    "NE-ORGANIZATION-Petrobras": "NE-ORGANIZATION-Petrobras"
  },
  "onu_84905748711.json": {
    "98101f72-00fb-4f23-a31d-93a1ed4242cc-essential-9": "dede7ae1-618b-4e69-ba85-b9a4bf191bed-efficient-17",
    "98101f72-00fb-4f23-a31d-93a1ed4242cc-paper-2": "dede7ae1-618b-4e69-ba85-b9a4bf191bed-paper-2"
  },
  "onu_84907991224.json": {},
  "onu_84918528762.json": {
    "98101f72-00fb-4f23-a31d-93a1ed4242cc-water-15-fields-16": "521f5922-1c3e-4c36-9fd5-536f42356eaf-oil-7-generation-8"
  },
  "onu_84925638296.json": {
    "NE-ORGANIZATION-Petrobras": "NE-ORGANIZATION-PETROBRAS"
  },
  "onu_84930513772.json": {
    "98101f72-00fb-4f23-a31d-93a1ed4242cc-main-12": "fc8b94b7-0e5d-450a-9054-6f9bf272ae34-weathered-16"
  },
  "onu_84940864746.json": {
    "NE-ORGANIZATION-Petrobras": "NE-ORGANIZATION-Petrobras"
  },
  "onu_84943289484.json": {},
  "onu_84943328375.json": {
    "98101f72-00fb-4f23-a31d-93a1ed4242cc-paper-2": "959feb1f-0a32-411d-bb1a-fe07e8dd3be3-paper-2",
    "NE-ORGANIZATION-Petrobras": "NE-ORGANIZATION-Petrobras"
  },
  "onu_84943338721.json": {
    "98101f72-00fb-4f23-a31d-93a1ed4242cc-deep-14": "83c12324-c60f-4651-9cfb-69111aaba3ef-deep-40",
    "98101f72-00fb-4f23-a31d-93a1ed4242cc-paper-2": "83c12324-c60f-4651-9cfb-69111aaba3ef-article-2",
    "NE-ORGANIZATION-Petrobras": "NE-ORGANIZATION-Petrobras",
    "98101f72-00fb-4f23-a31d-93a1ed4242cc-following-2": "83c12324-c60f-4651-9cfb-69111aaba3ef-following-24"
  },
  "onu_84943339436.json": {
    "98101f72-00fb-4f23-a31d-93a1ed4242cc-paper-2": "3cd768dc-cd71-4749-a45c-61e32e4b3b06-paper-2"
  },
  "onu_84944574757.json": {
    "98101f72-00fb-4f23-a31d-93a1ed4242cc-paper-2": "d0d3f522-daa5-46df-9fd9-95491816b5d6-paper-2",
    "NE-ORGANIZATION-Petrobras": "NE-ORGANIZATION-Petrobras"
  },
  "onu_84944593501.json": {},
  "onu_84947326315.json": {},
  "onu_84947757002.json": {
    "98101f72-00fb-4f23-a31d-93a1ed4242cc-paper-2": "e4f3700a-2016-4bba-b2a4-c67750ed33d4-paper-28"
  },
  "onu_84949266932.json": {
    "98101f72-00fb-4f23-a31d-93a1ed4242cc-essential-9": "42b505ba-f41a-4c4d-afef-28084be680c7-useful-7",
    "98101f72-00fb-4f23-a31d-93a1ed4242cc-important-7": "42b505ba-f41a-4c4d-afef-28084be680c7-useful-7",
    "98101f72-00fb-4f23-a31d-93a1ed4242cc-important-6": "42b505ba-f41a-4c4d-afef-28084be680c7-useful-7"
  },
  "onu_84951918487.json": {
    "98101f72-00fb-4f23-a31d-93a1ed4242cc-scenario-3": "6d96e98c-77ad-4954-b07a-14307ad74b11-scenario-31",
    "98101f72-00fb-4f23-a31d-93a1ed4242cc-essential-9": "6d96e98c-77ad-4954-b07a-14307ad74b11-significant-30",
    "98101f72-00fb-4f23-a31d-93a1ed4242cc-important-7": "6d96e98c-77ad-4954-b07a-14307ad74b11-significant-30",
    "98101f72-00fb-4f23-a31d-93a1ed4242cc-deep-14": "6d96e98c-77ad-4954-b07a-14307ad74b11-deep-10",
    "98101f72-00fb-4f23-a31d-93a1ed4242cc-paper-2": "6d96e98c-77ad-4954-b07a-14307ad74b11-paper-2",
    "98101f72-00fb-4f23-a31d-93a1ed4242cc-most-5": "6d96e98c-77ad-4954-b07a-14307ad74b11-most-23",
    "NE-ORGANIZATION-Petrobras": "NE-ORGANIZATION-Petrobras"
  },
  "onu_84954454797.json": {},
  "onu_84955127995.json": {
    "98101f72-00fb-4f23-a31d-93a1ed4242cc-exploitation-11": "04ab6b85-447c-419a-adaf-4533eabeb71e-exploitation-17",
    "NE-ORGANIZATION-Petrobras": "NE-ORGANIZATION-PETROBRAS"
  },
  "onu_84958666405.json": {
    "98101f72-00fb-4f23-a31d-93a1ed4242cc-role-8": "0f3d745d-6980-4396-973f-ab7c18b13380-role-21",
    "98101f72-00fb-4f23-a31d-93a1ed4242cc-important-7": "0f3d745d-6980-4396-973f-ab7c18b13380-major-20",
    "NE-ORGANIZATION-Petrobras": "NE-ORGANIZATION-Petrobras"
  },
  "onu_84959478227.json": {
    "98101f72-00fb-4f23-a31d-93a1ed4242cc-paper-2": "1f3dc02a-457f-4c60-95e7-899b6c972eb8-work-2"
  },
  "onu_84959561430.json": {
    "98101f72-00fb-4f23-a31d-93a1ed4242cc-essential-9": "c9b0cc1d-e1ac-4a3e-8cb4-ffafc327a1c8-essential-2",
    "98101f72-00fb-4f23-a31d-93a1ed4242cc-paper-2": "c9b0cc1d-e1ac-4a3e-8cb4-ffafc327a1c8-paper-2",
    "98101f72-00fb-4f23-a31d-93a1ed4242cc-important-6": "c9b0cc1d-e1ac-4a3e-8cb4-ffafc327a1c8-essential-2"
  },
  "onu_84963819657.json": {
    "98101f72-00fb-4f23-a31d-93a1ed4242cc-role-8": "fcf2e6c3-d24b-4213-a006-8fb5427c6317-role-4"
  },
  "onu_84964700375.json": {
    "98101f72-00fb-4f23-a31d-93a1ed4242cc-exploitation-11": "69c6bb79-fae8-43da-8f18-3e03cea59fec-exploration-13",
    "NE-ORGANIZATION-Petrobras": "NE-ORGANIZATION-Petrobras"
  },
  "onu_84974574825.json": {},
  "onu_84975761253.json": {
    "98101f72-00fb-4f23-a31d-93a1ed4242cc-most-5": "82c101db-bc8d-45dc-b75d-18d86512befa-most-15",
    "98101f72-00fb-4f23-a31d-93a1ed4242cc-following-2": "82c101db-bc8d-45dc-b75d-18d86512befa-following-10"
  },
  "onu_84979574362.json": {},
  "onu_84983465797.json": {
    "98101f72-00fb-4f23-a31d-93a1ed4242cc-Artificial-1-lift-2": "29e71a86-d6f9-4b04-935d-d2cff0962e21-artificial-20-lift-21",
    "98101f72-00fb-4f23-a31d-93a1ed4242cc-artificial-7-lift-8-methods-9": "29e71a86-d6f9-4b04-935d-d2cff0962e21-artificial-20-lift-21"
  },
  "onu_84984596158.json": {},
  "onu_84987760544.json": {
    "98101f72-00fb-4f23-a31d-93a1ed4242cc-essential-9": "586a34af-a858-433d-9bc9-af2c7ac0d2f7-fundamental-11",
    "98101f72-00fb-4f23-a31d-93a1ed4242cc-most-5": "586a34af-a858-433d-9bc9-af2c7ac0d2f7-most-15"
  },
  "onu_84987762471.json": {
    "98101f72-00fb-4f23-a31d-93a1ed4242cc-essential-9": "840af40f-bba4-4cee-94e2-23552f1a02dd-productive-3"
  },
  "onu_84987763922.json": {
    "98101f72-00fb-4f23-a31d-93a1ed4242cc-following-2": "aaacca52-cd9d-43fb-a220-3e463dad8ed9-following-17"
  },
  "onu_84990861431.json": {},
  "onu_84990898401.json": {
    "98101f72-00fb-4f23-a31d-93a1ed4242cc-important-7": "9d3f7157-a5f4-4c28-968c-5311617f432d-valuable-30",
    "98101f72-00fb-4f23-a31d-93a1ed4242cc-water-15-fields-16": "9d3f7157-a5f4-4c28-968c-5311617f432d-water-5-masses-6",
    "98101f72-00fb-4f23-a31d-93a1ed4242cc-important-6": "9d3f7157-a5f4-4c28-968c-5311617f432d-valuable-30",
    "98101f72-00fb-4f23-a31d-93a1ed4242cc-most-5": "9d3f7157-a5f4-4c28-968c-5311617f432d-most-7"
  },
  "onu_84996602559.json": {
    "98101f72-00fb-4f23-a31d-93a1ed4242cc-paper-2": "f9da6858-73d7-45a6-a4cd-7e3dd9efc0ea-study-2",
    "98101f72-00fb-4f23-a31d-93a1ed4242cc-their-11-characteristics-13": "f9da6858-73d7-45a6-a4cd-7e3dd9efc0ea-characteristics-5"
  },
  "onu_85006339618.json": {
    "98101f72-00fb-4f23-a31d-93a1ed4242cc-deep-14": "NE-TITLE-marine"
  },
  "onu_85007282651.json": {
    "98101f72-00fb-4f23-a31d-93a1ed4242cc-deep-14": "21eb6ecf-d102-40bb-a054-1b519100613e-main-18",
    "98101f72-00fb-4f23-a31d-93a1ed4242cc-important-6": "21eb6ecf-d102-40bb-a054-1b519100613e-main-7",
    "98101f72-00fb-4f23-a31d-93a1ed4242cc-main-12": "21eb6ecf-d102-40bb-a054-1b519100613e-main-18"
  },
  "onu_85008198009.json": {
    "98101f72-00fb-4f23-a31d-93a1ed4242cc-important-7": "80129f0b-a3c4-407d-9de2-a53c1612d9dd-significant-20",
    "98101f72-00fb-4f23-a31d-93a1ed4242cc-important-6": "80129f0b-a3c4-407d-9de2-a53c1612d9dd-significant-20"
  },
  "onu_85009177497.json": {},
  "onu_85009192413.json": {
    "98101f72-00fb-4f23-a31d-93a1ed4242cc-deep-14": "1fa51d3a-829d-4c50-9899-89265ff2e400-natural-29"
  },
  "onu_85009433339.json": {},
  "onu_85012910163.json": {
    "98101f72-00fb-4f23-a31d-93a1ed4242cc-important-6": "be4b33fc-ea24-431e-800e-9069afec7afe-major-18"
  },
  "onu_85013296221.json": {
    "98101f72-00fb-4f23-a31d-93a1ed4242cc-scenario-3": "68be832a-27b4-49e7-8b72-dcc340ca62d8-ecosystem-22",
    "98101f72-00fb-4f23-a31d-93a1ed4242cc-paper-2": "68be832a-27b4-49e7-8b72-dcc340ca62d8-paper-2",
    "98101f72-00fb-4f23-a31d-93a1ed4242cc-main-12": "68be832a-27b4-49e7-8b72-dcc340ca62d8-main-8"
  },
  "onu_85013858173.json": {},
  "onu_85016298905.json": {
    "98101f72-00fb-4f23-a31d-93a1ed4242cc-essential-9": "3a1c0afe-860d-43e4-8160-8731acebad0d-significant-30",
    "98101f72-00fb-4f23-a31d-93a1ed4242cc-important-7": "3a1c0afe-860d-43e4-8160-8731acebad0d-significant-30",
    "98101f72-00fb-4f23-a31d-93a1ed4242cc-deep-14": "3a1c0afe-860d-43e4-8160-8731acebad0d-upper-15"
  },
  "onu_85016958402.json": {
    "98101f72-00fb-4f23-a31d-93a1ed4242cc-paper-2": "caf1ea25-a32b-433b-bb7d-3960560de634-paper-2"
  },
  "onu_85017468089.json": {},
  "onu_85020183362.json": {},
  "onu_85026803842.json": {
    "98101f72-00fb-4f23-a31d-93a1ed4242cc-deep-14": "1422e178-cc62-4bf3-acfe-1985781bfe49-main-16",
    "98101f72-00fb-4f23-a31d-93a1ed4242cc-paper-2": "1422e178-cc62-4bf3-acfe-1985781bfe49-paper-2",
    "98101f72-00fb-4f23-a31d-93a1ed4242cc-main-12": "1422e178-cc62-4bf3-acfe-1985781bfe49-main-16",
    "NE-ORGANIZATION-Petrobras": "NE-ORGANIZATION-Petrobras",
    "98101f72-00fb-4f23-a31d-93a1ed4242cc-subsea-16-use-17": "1422e178-cc62-4bf3-acfe-1985781bfe49-subsea-27-engineering-28-plant-34"
  },
  "onu_85027233889.json": {
    "98101f72-00fb-4f23-a31d-93a1ed4242cc-essential-9": "b47c20ef-5393-406f-b497-6f1838f49422-crucial-10",
    "98101f72-00fb-4f23-a31d-93a1ed4242cc-important-7": "b47c20ef-5393-406f-b497-6f1838f49422-crucial-10",
    "98101f72-00fb-4f23-a31d-93a1ed4242cc-important-6": "b47c20ef-5393-406f-b497-6f1838f49422-crucial-10"
  },
  "onu_85027401053.json": {
    "98101f72-00fb-4f23-a31d-93a1ed4242cc-deep-14": "53d0784c-6881-46a8-8607-8473e2e87675-shallow-18"
  },
  "onu_85028240731.json": {},
  "onu_85028278319.json": {
    "98101f72-00fb-4f23-a31d-93a1ed4242cc-essential-9": "87ea7ee8-fea4-423e-b948-4867cebcb9ad-important-18",
    "98101f72-00fb-4f23-a31d-93a1ed4242cc-important-7": "87ea7ee8-fea4-423e-b948-4867cebcb9ad-important-18",
    "98101f72-00fb-4f23-a31d-93a1ed4242cc-deep-14": "87ea7ee8-fea4-423e-b948-4867cebcb9ad-major-25",
    "98101f72-00fb-4f23-a31d-93a1ed4242cc-paper-2": "87ea7ee8-fea4-423e-b948-4867cebcb9ad-paper-2",
    "98101f72-00fb-4f23-a31d-93a1ed4242cc-important-6": "87ea7ee8-fea4-423e-b948-4867cebcb9ad-important-18",
    "98101f72-00fb-4f23-a31d-93a1ed4242cc-main-12": "87ea7ee8-fea4-423e-b948-4867cebcb9ad-primary-4",
    "NE-ORGANIZATION-Petrobras": "NE-ORGANIZATION-Petrobras"
  },
  "onu_85028950368.json": {
    "98101f72-00fb-4f23-a31d-93a1ed4242cc-paper-2": "e4dae957-4d94-4311-82ad-250e750ae287-paper-2"
  },
  "onu_85029591872.json": {},
  "onu_85030830298.json": {
    "NE-ORGANIZATION-Petrobras": "NE-ORGANIZATION-Petrobras",
    "98101f72-00fb-4f23-a31d-93a1ed4242cc-following-2": "7c4c08d7-08a1-49b5-9442-d72738d202b1-following-6"
  },
  "onu_85030842598.json": {
    "98101f72-00fb-4f23-a31d-93a1ed4242cc-paper-2": "34e8fac9-66f8-4a6c-8c9c-88ed163b72d7-paper-4"
  },
  "onu_85031996233.json": {
    "98101f72-00fb-4f23-a31d-93a1ed4242cc-paper-2": "9d056a4c-d060-45c5-9a52-c7de291d1d6a-Paper-2"
  },
  "onu_85032863710.json": {},
  "onu_85033225585.json": {
    "98101f72-00fb-4f23-a31d-93a1ed4242cc-deep-14": "7de64ed0-3f58-45d8-9cc8-eef825191710-shallow-9",
    "98101f72-00fb-4f23-a31d-93a1ed4242cc-paper-2": "7de64ed0-3f58-45d8-9cc8-eef825191710-paper-2"
  },
  "onu_85033604891.json": {},
  "onu_85034042710.json": {
    "98101f72-00fb-4f23-a31d-93a1ed4242cc-essential-9": "9ccfcbb1-6830-465f-8c28-a81ac0f15a97-necessary-11",
    "98101f72-00fb-4f23-a31d-93a1ed4242cc-most-5": "9ccfcbb1-6830-465f-8c28-a81ac0f15a97-usually-21",
    "98101f72-00fb-4f23-a31d-93a1ed4242cc-methods-3": "9ccfcbb1-6830-465f-8c28-a81ac0f15a97-methodology-4"
  },
  "onu_85035340277.json": {
    "98101f72-00fb-4f23-a31d-93a1ed4242cc-deep-14": "fadde164-41d0-44e5-aec4-1fa2a5359b66-shallow-14"
  },
  "onu_85037355639.json": {
    "98101f72-00fb-4f23-a31d-93a1ed4242cc-scenario-3": "f2532b6a-23e5-4ee4-b23c-b14a66103885-scenario-8"
  },
  "onu_85037590262.json": {},
  "onu_85039546750.json": {
    "98101f72-00fb-4f23-a31d-93a1ed4242cc-important-7": "1b5c2e54-dca5-4773-b611-862793e6f292-significant-21",
    "98101f72-00fb-4f23-a31d-93a1ed4242cc-important-6": "1b5c2e54-dca5-4773-b611-862793e6f292-significant-21"
  },
  "onu_85040381710.json": {},
  "onu_85040498521.json": {
    "98101f72-00fb-4f23-a31d-93a1ed4242cc-methods-3": "4372788a-b01b-4c08-a40d-5e901fddf4a5-procedures-3"
  },
  "onu_85040888184.json": {
    "98101f72-00fb-4f23-a31d-93a1ed4242cc-most-5": "dc91afd4-7f4f-4273-97d8-fa5739754d4a-most-8",
    "98101f72-00fb-4f23-a31d-93a1ed4242cc-subsea-16-use-17": "dc91afd4-7f4f-4273-97d8-fa5739754d4a-subsea-4-completions-5"
  },
  "onu_85041142849.json": {
    "98101f72-00fb-4f23-a31d-93a1ed4242cc-deep-14": "6b251826-cf79-4973-a63d-ae11b18be0c9-poor-29",
    "98101f72-00fb-4f23-a31d-93a1ed4242cc-paper-2": "6b251826-cf79-4973-a63d-ae11b18be0c9-paper-2"
  },
  "onu_85041154400.json": {
    "NE-ORGANIZATION-Petrobras": "NE-ORGANIZATION-Petrobras"
  },
  "onu_85041277142.json": {
    "98101f72-00fb-4f23-a31d-93a1ed4242cc-essential-9": "fb2fb4b5-91ee-4dc3-af16-1bd93d9503ce-saturated-8",
    "98101f72-00fb-4f23-a31d-93a1ed4242cc-most-5": "fb2fb4b5-91ee-4dc3-af16-1bd93d9503ce-most-18"
  },
  "onu_85041698761.json": {},
  "onu_85043311576.json": {
    "98101f72-00fb-4f23-a31d-93a1ed4242cc-essential-9": "da2b11af-b7ea-4c98-b476-6f6e9363fa80-important-4",
    "98101f72-00fb-4f23-a31d-93a1ed4242cc-important-7": "da2b11af-b7ea-4c98-b476-6f6e9363fa80-important-4",
    "98101f72-00fb-4f23-a31d-93a1ed4242cc-water-15-fields-16": "da2b11af-b7ea-4c98-b476-6f6e9363fa80-water-22-column-23",
    "98101f72-00fb-4f23-a31d-93a1ed4242cc-important-6": "da2b11af-b7ea-4c98-b476-6f6e9363fa80-important-4"
  },
  "onu_85043324954.json": {
    "98101f72-00fb-4f23-a31d-93a1ed4242cc-deep-14": "70bd8463-25b3-4fd2-8bcd-c7bc8c417fbb-shallow-49"
  },
  "onu_85044192214.json": {},
  "onu_85044397080.json": {},
  "onu_85044462127.json": {
    "98101f72-00fb-4f23-a31d-93a1ed4242cc-paper-2": "77be762f-bb9c-4142-a04f-af0145a57575-paper-2",
    "98101f72-00fb-4f23-a31d-93a1ed4242cc-main-12": "77be762f-bb9c-4142-a04f-af0145a57575-main-2"
  },
  "onu_85044530973.json": {
    "98101f72-00fb-4f23-a31d-93a1ed4242cc-artificial-7-lift-8-methods-9": "2d2c9121-9db0-47fd-913b-f722bc62e245-fluid-12-systems-13"
  },
  "onu_85044596303.json": {
    "98101f72-00fb-4f23-a31d-93a1ed4242cc-important-7": "99512cc4-b35c-4f65-be28-93092a3cf0fc-important-19",
    "98101f72-00fb-4f23-a31d-93a1ed4242cc-exploitation-11": "99512cc4-b35c-4f65-be28-93092a3cf0fc-colonization-15",
    "98101f72-00fb-4f23-a31d-93a1ed4242cc-deep-14": "99512cc4-b35c-4f65-be28-93092a3cf0fc-extensive-13",
    "98101f72-00fb-4f23-a31d-93a1ed4242cc-important-6": "99512cc4-b35c-4f65-be28-93092a3cf0fc-important-19"
  },
  "onu_85045186297.json": {},
  "onu_85046290497.json": {
    "98101f72-00fb-4f23-a31d-93a1ed4242cc-important-7": "35192ccb-675a-4bdd-a038-ce44e68614f3-major-12",
    "98101f72-00fb-4f23-a31d-93a1ed4242cc-deep-14": "35192ccb-675a-4bdd-a038-ce44e68614f3-major-12",
    "98101f72-00fb-4f23-a31d-93a1ed4242cc-important-6": "35192ccb-675a-4bdd-a038-ce44e68614f3-major-12"
  },
  "onu_85046379273.json": {
    "98101f72-00fb-4f23-a31d-93a1ed4242cc-exploitation-11": "02efe9bb-4889-4bbe-974d-5c2dff0e35fa-drilling-10",
    "98101f72-00fb-4f23-a31d-93a1ed4242cc-water-15-fields-16": "02efe9bb-4889-4bbe-974d-5c2dff0e35fa-water-15",
    "NE-ORGANIZATION-Petrobras": "NE-ORGANIZATION-PETROBRAS"
  },
  "onu_85047299670.json": {
    "98101f72-00fb-4f23-a31d-93a1ed4242cc-paper-2": "7e13bfab-9226-403e-bf1d-cce401dd3b64-paper-16",
    "98101f72-00fb-4f23-a31d-93a1ed4242cc-following-2": "7e13bfab-9226-403e-bf1d-cce401dd3b64-using-2"
  },
  "onu_85047354188.json": {
    "98101f72-00fb-4f23-a31d-93a1ed4242cc-deep-14": "f6a07423-b312-4355-bf91-78e2c50897f3-sharp-16",
    "NE-ORGANIZATION-Petrobras": "NE-ORGANIZATION-Petrobras"
  },
  "onu_85047409861.json": {
    "98101f72-00fb-4f23-a31d-93a1ed4242cc-main-12": "1f1cc693-d744-4327-ae3a-26acd92c5117-biological-3"
  },
  "onu_85048345043.json": {},
  "onu_85048862831.json": {},
  "onu_85049552088.json": {
    "98101f72-00fb-4f23-a31d-93a1ed4242cc-essential-9": "85bb1f29-6fcb-426b-abc6-5be02b46d922-important-4",
    "98101f72-00fb-4f23-a31d-93a1ed4242cc-important-7": "85bb1f29-6fcb-426b-abc6-5be02b46d922-important-4",
    "98101f72-00fb-4f23-a31d-93a1ed4242cc-deep-14": "85bb1f29-6fcb-426b-abc6-5be02b46d922-shallow-46",
    "98101f72-00fb-4f23-a31d-93a1ed4242cc-important-6": "85bb1f29-6fcb-426b-abc6-5be02b46d922-important-4",
    "98101f72-00fb-4f23-a31d-93a1ed4242cc-most-5": "85bb1f29-6fcb-426b-abc6-5be02b46d922-most-16"
  },
  "onu_85050512775.json": {
    "98101f72-00fb-4f23-a31d-93a1ed4242cc-essential-9": "d456d187-3df8-4b64-8a11-6d3acdc976bf-intrinsic-4",
    "98101f72-00fb-4f23-a31d-93a1ed4242cc-deep-14": "d456d187-3df8-4b64-8a11-6d3acdc976bf-Considerable-1",
    "98101f72-00fb-4f23-a31d-93a1ed4242cc-most-5": "d456d187-3df8-4b64-8a11-6d3acdc976bf-especially-6"
  },
  "onu_85050528173.json": {
    "98101f72-00fb-4f23-a31d-93a1ed4242cc-essential-9": "d59c3d19-b470-43cc-aef7-3fa793b9d284-important-56",
    "98101f72-00fb-4f23-a31d-93a1ed4242cc-important-7": "d59c3d19-b470-43cc-aef7-3fa793b9d284-important-56",
    "98101f72-00fb-4f23-a31d-93a1ed4242cc-deep-14": "d59c3d19-b470-43cc-aef7-3fa793b9d284-strong-8",
    "98101f72-00fb-4f23-a31d-93a1ed4242cc-important-6": "d59c3d19-b470-43cc-aef7-3fa793b9d284-important-56",
    "NE-ORGANIZATION-Petrobras": "NE-ORGANIZATION-Petrobras",
    "98101f72-00fb-4f23-a31d-93a1ed4242cc-subsea-16-use-17": "d59c3d19-b470-43cc-aef7-3fa793b9d284-Subsea-11-system-12"
  },
  "onu_85050539655.json": {
    "98101f72-00fb-4f23-a31d-93a1ed4242cc-scenario-3": "e1000620-b18e-4098-9293-16b6e83cec81-scenario-26",
    "98101f72-00fb-4f23-a31d-93a1ed4242cc-essential-9": "e1000620-b18e-4098-9293-16b6e83cec81-required-29",
    "98101f72-00fb-4f23-a31d-93a1ed4242cc-Artificial-1-lift-2": "e1000620-b18e-4098-9293-16b6e83cec81-artificial-22-lift-23-methods-24",
    "98101f72-00fb-4f23-a31d-93a1ed4242cc-important-7": "e1000620-b18e-4098-9293-16b6e83cec81-significant-4",
    "98101f72-00fb-4f23-a31d-93a1ed4242cc-exploitation-11": "e1000620-b18e-4098-9293-16b6e83cec81-drilling-35",
    "98101f72-00fb-4f23-a31d-93a1ed4242cc-water-15-fields-16": "e1000620-b18e-4098-9293-16b6e83cec81-oil-19-fields-20",
    "98101f72-00fb-4f23-a31d-93a1ed4242cc-artificial-7-lift-8-methods-9": "e1000620-b18e-4098-9293-16b6e83cec81-artificial-22-lift-23-methods-24",
    "NE-ORGANIZATION-Petrobras": "NE-ORGANIZATION-Petrobras"
  },
  "onu_85050551470.json": {
    "98101f72-00fb-4f23-a31d-93a1ed4242cc-subsea-16-use-17": "54866368-b614-4ef4-9fab-faa48a38f22d-subsea-23",
    "98101f72-00fb-4f23-a31d-93a1ed4242cc-methods-3": "54866368-b614-4ef4-9fab-faa48a38f22d-method-9"
  },
  "onu_85050561554.json": {
    "98101f72-00fb-4f23-a31d-93a1ed4242cc-paper-2": "a1d0a6b1-9550-43c9-a812-f8a99d9763d6-paper-2",
    "98101f72-00fb-4f23-a31d-93a1ed4242cc-application-15-niches-16": "a1d0a6b1-9550-43c9-a812-f8a99d9763d6-pipeline-5-design-6-optimizations-7",
    "NE-ORGANIZATION-Petrobras": "NE-ORGANIZATION-Petrobras"
  },
  "onu_85050643252.json": {
    "98101f72-00fb-4f23-a31d-93a1ed4242cc-important-6": "16159eb1-d977-41b1-977d-b5a0d90c3d46-main-2",
    "NE-ORGANIZATION-Petrobras": "NE-ORGANIZATION-Petrobras"
  },
  "onu_85050674553.json": {
    "98101f72-00fb-4f23-a31d-93a1ed4242cc-essential-9": "36dbe77c-4321-4bf2-aee4-2e7bf595abe8-crucial-19",
    "98101f72-00fb-4f23-a31d-93a1ed4242cc-important-7": "36dbe77c-4321-4bf2-aee4-2e7bf595abe8-crucial-19",
    "98101f72-00fb-4f23-a31d-93a1ed4242cc-water-15-fields-16": "36dbe77c-4321-4bf2-aee4-2e7bf595abe8-oil-10-reserves-11",
    "98101f72-00fb-4f23-a31d-93a1ed4242cc-deep-14": "36dbe77c-4321-4bf2-aee4-2e7bf595abe8-major-13",
    "98101f72-00fb-4f23-a31d-93a1ed4242cc-paper-2": "36dbe77c-4321-4bf2-aee4-2e7bf595abe8-article-2",
    "98101f72-00fb-4f23-a31d-93a1ed4242cc-important-6": "36dbe77c-4321-4bf2-aee4-2e7bf595abe8-crucial-19",
    "NE-ORGANIZATION-Petrobras": "NE-ORGANIZATION-Petrobras"
  },
  "onu_85050680089.json": {},
  "onu_85051633827.json": {
    "98101f72-00fb-4f23-a31d-93a1ed4242cc-deep-14": "c685c5a5-bc59-4451-bee6-87f7a8810b95-deep-6",
    "98101f72-00fb-4f23-a31d-93a1ed4242cc-main-12": "c685c5a5-bc59-4451-bee6-87f7a8810b95-main-7",
    "NE-ORGANIZATION-Petrobras": "NE-ORGANIZATION-Petrobras"
  },
  "onu_85051644896.json": {},
  "onu_85051649253.json": {},
  "onu_85051653660.json": {
    "98101f72-00fb-4f23-a31d-93a1ed4242cc-important-7": "9514bd0e-068b-4f1a-97f0-dc1fd3c046dc-important-3",
    "98101f72-00fb-4f23-a31d-93a1ed4242cc-important-6": "9514bd0e-068b-4f1a-97f0-dc1fd3c046dc-important-3"
  },
  "onu_85051673888.json": {},
  "onu_85052069920.json": {
    "98101f72-00fb-4f23-a31d-93a1ed4242cc-role-8": "6019aafd-17a7-4b19-be78-72fdb72b948b-role-5",
    "98101f72-00fb-4f23-a31d-93a1ed4242cc-deep-14": "6019aafd-17a7-4b19-be78-72fdb72b948b-deep-37"
  },
  "onu_85052748036.json": {
    "98101f72-00fb-4f23-a31d-93a1ed4242cc-important-7": "d5172811-4956-4cc3-bcce-2ec97a8402f1-important-18",
    "98101f72-00fb-4f23-a31d-93a1ed4242cc-important-6": "d5172811-4956-4cc3-bcce-2ec97a8402f1-important-18"
  },
  "onu_85052916893.json": {},
  "onu_85053143769.json": {
    "98101f72-00fb-4f23-a31d-93a1ed4242cc-role-8": "9e6b17de-d2c6-4ae1-9b58-a24d3e3ed90e-role-22",
    "98101f72-00fb-4f23-a31d-93a1ed4242cc-important-7": "9e6b17de-d2c6-4ae1-9b58-a24d3e3ed90e-significant-21",
    "98101f72-00fb-4f23-a31d-93a1ed4242cc-water-15-fields-16": "9e6b17de-d2c6-4ae1-9b58-a24d3e3ed90e-wind-13-resource-14",
    "98101f72-00fb-4f23-a31d-93a1ed4242cc-main-12": "9e6b17de-d2c6-4ae1-9b58-a24d3e3ed90e-main-3",
    "98101f72-00fb-4f23-a31d-93a1ed4242cc-methods-3": "9e6b17de-d2c6-4ae1-9b58-a24d3e3ed90e-methodology-3"
  },
  "onu_85053593980.json": {
    "98101f72-00fb-4f23-a31d-93a1ed4242cc-main-12": "8db3c934-1816-4c07-9f83-706b0c2a1f16-coastal-23"
  },
  "onu_85053770238.json": {
    "98101f72-00fb-4f23-a31d-93a1ed4242cc-main-12": "5d5a4a2a-3f55-45ca-bd91-6a4532bf1f9c-main-4",
    "98101f72-00fb-4f23-a31d-93a1ed4242cc-methods-3": "5d5a4a2a-3f55-45ca-bd91-6a4532bf1f9c-modifications-18"
  },
  "onu_85054086297.json": {},
  "onu_85054504118.json": {
    "98101f72-00fb-4f23-a31d-93a1ed4242cc-paper-2": "b1326d03-e928-4f17-a698-2f5bc600a0ed-paper-2",
    "NE-ORGANIZATION-Petrobras": "NE-ORGANIZATION-PETROBRAS"
  },
  "onu_85054783545.json": {
    "98101f72-00fb-4f23-a31d-93a1ed4242cc-essential-9": "54174e41-4460-4ede-8ffd-225b7817ab76-considerable-3",
    "98101f72-00fb-4f23-a31d-93a1ed4242cc-water-15-fields-16": "54174e41-4460-4ede-8ffd-225b7817ab76-oil-35-fields-36",
    "98101f72-00fb-4f23-a31d-93a1ed4242cc-important-6": "54174e41-4460-4ede-8ffd-225b7817ab76-considerable-3",
    "98101f72-00fb-4f23-a31d-93a1ed4242cc-main-12": "54174e41-4460-4ede-8ffd-225b7817ab76-considerable-3",
    "98101f72-00fb-4f23-a31d-93a1ed4242cc-methods-3": "54174e41-4460-4ede-8ffd-225b7817ab76-analyses-22"
  },
  "onu_85054941296.json": {
    "98101f72-00fb-4f23-a31d-93a1ed4242cc-essential-9": "3fd43fec-0cd0-4e70-8bf2-f1f232dda883-sustainable-16",
    "98101f72-00fb-4f23-a31d-93a1ed4242cc-deep-14": "3fd43fec-0cd0-4e70-8bf2-f1f232dda883-national-20"
  },
  "onu_85055025955.json": {
    "98101f72-00fb-4f23-a31d-93a1ed4242cc-deep-14": "6bb8a4f9-6b1c-4ed2-896e-13fd8f3d1045-shallow-22",
    "98101f72-00fb-4f23-a31d-93a1ed4242cc-paper-2": "6bb8a4f9-6b1c-4ed2-896e-13fd8f3d1045-paper-2",
    "NE-ORGANIZATION-Petrobras": "NE-ORGANIZATION-Petrobras"
  },
  "onu_85055027444.json": {
    "NE-ORGANIZATION-Petrobras": "NE-ORGANIZATION-Petrobras"
  },
  "onu_85055027692.json": {
    "98101f72-00fb-4f23-a31d-93a1ed4242cc-water-15-fields-16": "9b3bcee7-dcb0-43b2-b05a-e1658aa22322-oil-3-fields-4",
    "98101f72-00fb-4f23-a31d-93a1ed4242cc-deep-14": "9b3bcee7-dcb0-43b2-b05a-e1658aa22322-deeper-9",
    "NE-ORGANIZATION-Petrobras": "NE-ORGANIZATION-Petrobras",
    "98101f72-00fb-4f23-a31d-93a1ed4242cc-subsea-16-use-17": "9b3bcee7-dcb0-43b2-b05a-e1658aa22322-subsea-16"
  },
  "onu_85055036761.json": {
    "NE-ORGANIZATION-Petrobras": "NE-ORGANIZATION-PETROBRÁS"
  },
  "onu_85055255571.json": {
    "98101f72-00fb-4f23-a31d-93a1ed4242cc-essential-9": "ea17f87e-0664-4177-bfa0-06cf4ccdf30b-important-7",
    "98101f72-00fb-4f23-a31d-93a1ed4242cc-important-7": "ea17f87e-0664-4177-bfa0-06cf4ccdf30b-important-7",
    "98101f72-00fb-4f23-a31d-93a1ed4242cc-deep-14": "ea17f87e-0664-4177-bfa0-06cf4ccdf30b-deeper-17",
    "98101f72-00fb-4f23-a31d-93a1ed4242cc-paper-2": "ea17f87e-0664-4177-bfa0-06cf4ccdf30b-paper-2",
    "98101f72-00fb-4f23-a31d-93a1ed4242cc-important-6": "ea17f87e-0664-4177-bfa0-06cf4ccdf30b-important-7",
    "98101f72-00fb-4f23-a31d-93a1ed4242cc-main-12": "ea17f87e-0664-4177-bfa0-06cf4ccdf30b-main-14",
    "NE-ORGANIZATION-Petrobras": "NE-ORGANIZATION-PETROBRÁS"
  },
  "onu_85055263465.json": {},
  "onu_85055528846.json": {
    "98101f72-00fb-4f23-a31d-93a1ed4242cc-important-7": "2970e996-64cc-47e6-bc5c-fb3d99195396-valuable-10"
  },
  "onu_85055864923.json": {
    "98101f72-00fb-4f23-a31d-93a1ed4242cc-main-12": "c183a578-8a5f-4228-b35b-5651f319641f-main-5",
    "NE-ORGANIZATION-Petrobras": "c183a578-8a5f-4228-b35b-5651f319641f-Petrobras-7"
  },
  "onu_85055908781.json": {
    "98101f72-00fb-4f23-a31d-93a1ed4242cc-essential-9": "7791ecea-6b5a-4410-bef3-7836f667a288-significant-30",
    "98101f72-00fb-4f23-a31d-93a1ed4242cc-important-7": "7791ecea-6b5a-4410-bef3-7836f667a288-significant-30",
    "98101f72-00fb-4f23-a31d-93a1ed4242cc-important-6": "7791ecea-6b5a-4410-bef3-7836f667a288-significant-30",
    "98101f72-00fb-4f23-a31d-93a1ed4242cc-main-12": "7791ecea-6b5a-4410-bef3-7836f667a288-main-12"
  },
  "onu_85056094176.json": {
    "98101f72-00fb-4f23-a31d-93a1ed4242cc-water-15-fields-16": "0ddfca10-cdbf-4166-ae46-860624694346-water-13-oil-14-fields-15-production-16-development-17",
    "98101f72-00fb-4f23-a31d-93a1ed4242cc-deep-14": "0ddfca10-cdbf-4166-ae46-860624694346-deep-11",
    "98101f72-00fb-4f23-a31d-93a1ed4242cc-important-6": "0ddfca10-cdbf-4166-ae46-860624694346-major-8",
    "NE-ORGANIZATION-Petrobras": "NE-ORGANIZATION-Petrobras"
  },
  "onu_85056110569.json": {
    "98101f72-00fb-4f23-a31d-93a1ed4242cc-essential-9": "1a82d70b-0282-4199-a560-d0aab9c27373-important-19",
    "98101f72-00fb-4f23-a31d-93a1ed4242cc-important-7": "1a82d70b-0282-4199-a560-d0aab9c27373-important-19",
    "98101f72-00fb-4f23-a31d-93a1ed4242cc-water-15-fields-16": "1a82d70b-0282-4199-a560-d0aab9c27373-oil-13-reservoirs-14",
    "98101f72-00fb-4f23-a31d-93a1ed4242cc-deep-14": "1a82d70b-0282-4199-a560-d0aab9c27373-heavy-12",
    "98101f72-00fb-4f23-a31d-93a1ed4242cc-paper-2": "1a82d70b-0282-4199-a560-d0aab9c27373-paper-2",
    "98101f72-00fb-4f23-a31d-93a1ed4242cc-important-6": "1a82d70b-0282-4199-a560-d0aab9c27373-important-19",
    "98101f72-00fb-4f23-a31d-93a1ed4242cc-main-12": "1a82d70b-0282-4199-a560-d0aab9c27373-main-5",
    "NE-ORGANIZATION-Petrobras": "1a82d70b-0282-4199-a560-d0aab9c27373-Petrobras-2-experience-3"
  },
  "onu_85056183083.json": {
    "98101f72-00fb-4f23-a31d-93a1ed4242cc-important-6": "65c625f5-7d94-4126-a6cf-9208777c80b5-important-4"
  },
  "onu_85056566136.json": {
    "98101f72-00fb-4f23-a31d-93a1ed4242cc-main-12": "0f98ad10-7fd1-45a1-89ad-5f39f225e33c-main-5"
  },
  "onu_85056605886.json": {},
  "onu_85056605922.json": {},
  "onu_85056794099.json": {
    "98101f72-00fb-4f23-a31d-93a1ed4242cc-essential-9": "95c32260-b2d3-4c86-a803-d3bf8befb654-physiological-6",
    "98101f72-00fb-4f23-a31d-93a1ed4242cc-methods-3": "95c32260-b2d3-4c86-a803-d3bf8befb654-methods-5"
  },
  "onu_85057560805.json": {
    "98101f72-00fb-4f23-a31d-93a1ed4242cc-paper-2": "bb2572d0-017a-4510-9d70-32e7ab55c722-work-2"
  },
  "onu_85057883234.json": {
    "98101f72-00fb-4f23-a31d-93a1ed4242cc-important-7": "14e946a7-3108-404c-a068-13eb8cc66620-important-4",
    "98101f72-00fb-4f23-a31d-93a1ed4242cc-important-6": "14e946a7-3108-404c-a068-13eb8cc66620-important-4",
    "NE-ORGANIZATION-Petrobras": "NE-ORGANIZATION-PETROBRAS",
    "98101f72-00fb-4f23-a31d-93a1ed4242cc-following-2": "14e946a7-3108-404c-a068-13eb8cc66620-following-8"
  },
  "onu_85059143234.json": {
    "98101f72-00fb-4f23-a31d-93a1ed4242cc-role-8": "c547213a-e858-4f59-a98b-991221b44a08-role-8",
    "98101f72-00fb-4f23-a31d-93a1ed4242cc-application-15-niches-16": "c547213a-e858-4f59-a98b-991221b44a08-architectures-17",
    "98101f72-00fb-4f23-a31d-93a1ed4242cc-following-2": "c547213a-e858-4f59-a98b-991221b44a08-following-4"
  },
  "onu_85059218520.json": {
    "98101f72-00fb-4f23-a31d-93a1ed4242cc-essential-9": "3b82b426-f976-4040-80bc-6950dc12d3c9-important-6",
    "98101f72-00fb-4f23-a31d-93a1ed4242cc-important-7": "3b82b426-f976-4040-80bc-6950dc12d3c9-important-6",
    "98101f72-00fb-4f23-a31d-93a1ed4242cc-deep-14": "3b82b426-f976-4040-80bc-6950dc12d3c9-deep-28",
    "98101f72-00fb-4f23-a31d-93a1ed4242cc-important-6": "3b82b426-f976-4040-80bc-6950dc12d3c9-important-6",
    "NE-ORGANIZATION-Petrobras": "NE-ORGANIZATION-Petrobras"
  },
  "onu_85059436090.json": {},
  "onu_85060083816.json": {
    "98101f72-00fb-4f23-a31d-93a1ed4242cc-important-7": "1dffa5b8-1e2e-4c52-9656-c5c66af49cc3-important-19",
    "98101f72-00fb-4f23-a31d-93a1ed4242cc-deep-14": "1dffa5b8-1e2e-4c52-9656-c5c66af49cc3-distant-26",
    "98101f72-00fb-4f23-a31d-93a1ed4242cc-important-6": "1dffa5b8-1e2e-4c52-9656-c5c66af49cc3-important-19",
    "98101f72-00fb-4f23-a31d-93a1ed4242cc-most-5": "1dffa5b8-1e2e-4c52-9656-c5c66af49cc3-most-18"
  },
  "onu_85060443361.json": {},
  "onu_85061179665.json": {
    "98101f72-00fb-4f23-a31d-93a1ed4242cc-essential-9": "17e2d2d4-078d-47cf-b582-655e5774143c-significant-13",
    "98101f72-00fb-4f23-a31d-93a1ed4242cc-role-8": "17e2d2d4-078d-47cf-b582-655e5774143c-role-22",
    "98101f72-00fb-4f23-a31d-93a1ed4242cc-important-7": "17e2d2d4-078d-47cf-b582-655e5774143c-key-21"
  },
  "onu_85061498967.json": {},
  "onu_85061767810.json": {
    "98101f72-00fb-4f23-a31d-93a1ed4242cc-exploitation-11": "bdad7821-0e2d-46c7-8388-e86e3ce77f6a-exploration-25",
    "98101f72-00fb-4f23-a31d-93a1ed4242cc-main-12": "bdad7821-0e2d-46c7-8388-e86e3ce77f6a-primary-6"
  },
  "onu_85061823653.json": {
    "98101f72-00fb-4f23-a31d-93a1ed4242cc-important-7": "7ea51696-389a-44d4-ba97-778d27509475-relevant-7",
    "98101f72-00fb-4f23-a31d-93a1ed4242cc-important-6": "7ea51696-389a-44d4-ba97-778d27509475-relevant-7",
    "98101f72-00fb-4f23-a31d-93a1ed4242cc-most-5": "7ea51696-389a-44d4-ba97-778d27509475-most-6"
  },
  "onu_85062013573.json": {},
  "onu_85062607406.json": {},
  "onu_85062717506.json": {},
  "onu_85063263863.json": {
    "98101f72-00fb-4f23-a31d-93a1ed4242cc-most-5": "ab194025-e2bc-497c-a6f0-daf5e0bd615a-most-8"
  },
  "onu_85063689284.json": {},
  "onu_85064764902.json": {},
  "onu_85064808857.json": {
    "98101f72-00fb-4f23-a31d-93a1ed4242cc-important-7": "4879b8b6-7193-4b71-96e2-28fc820267e0-valuable-6",
    "98101f72-00fb-4f23-a31d-93a1ed4242cc-exploitation-11": "4879b8b6-7193-4b71-96e2-28fc820267e0-exploration-20",
    "98101f72-00fb-4f23-a31d-93a1ed4242cc-deep-14": "NE-TITLE-marine",
    "98101f72-00fb-4f23-a31d-93a1ed4242cc-important-6": "4879b8b6-7193-4b71-96e2-28fc820267e0-valuable-6",
    "98101f72-00fb-4f23-a31d-93a1ed4242cc-methods-3": "4879b8b6-7193-4b71-96e2-28fc820267e0-methods-3"
  },
  "onu_85064983703.json": {
    "98101f72-00fb-4f23-a31d-93a1ed4242cc-essential-9": "bec7d85d-54cb-44c8-9c29-2e9ea01ad31f-important-9",
    "98101f72-00fb-4f23-a31d-93a1ed4242cc-important-7": "bec7d85d-54cb-44c8-9c29-2e9ea01ad31f-important-9",
    "98101f72-00fb-4f23-a31d-93a1ed4242cc-important-6": "bec7d85d-54cb-44c8-9c29-2e9ea01ad31f-important-9",
    "98101f72-00fb-4f23-a31d-93a1ed4242cc-main-12": "bec7d85d-54cb-44c8-9c29-2e9ea01ad31f-main-10",
    "98101f72-00fb-4f23-a31d-93a1ed4242cc-most-5": "bec7d85d-54cb-44c8-9c29-2e9ea01ad31f-most-8"
  },
  "onu_85065180012.json": {
    "98101f72-00fb-4f23-a31d-93a1ed4242cc-their-11-characteristics-13": "13f75155-d6c6-4b97-9145-c113a876f2e7-their-2-values-5",
    "98101f72-00fb-4f23-a31d-93a1ed4242cc-most-5": "13f75155-d6c6-4b97-9145-c113a876f2e7-most-27"
  },
  "onu_85065623080.json": {},
  "onu_85065912337.json": {},
  "onu_85066600751.json": {
    "98101f72-00fb-4f23-a31d-93a1ed4242cc-water-15-fields-16": "1b3efd75-ecd6-4314-81c9-3d9d5c84453d-oil-8-fields-9",
    "98101f72-00fb-4f23-a31d-93a1ed4242cc-deep-14": "1b3efd75-ecd6-4314-81c9-3d9d5c84453d-deep-19",
    "98101f72-00fb-4f23-a31d-93a1ed4242cc-paper-2": "1b3efd75-ecd6-4314-81c9-3d9d5c84453d-paper-2"
  },
  "onu_85066617192.json": {
    "98101f72-00fb-4f23-a31d-93a1ed4242cc-important-7": "09790547-3df0-4ca2-b3ad-f36ed5f66b04-important-15",
    "98101f72-00fb-4f23-a31d-93a1ed4242cc-paper-2": "09790547-3df0-4ca2-b3ad-f36ed5f66b04-paper-2",
    "98101f72-00fb-4f23-a31d-93a1ed4242cc-important-6": "09790547-3df0-4ca2-b3ad-f36ed5f66b04-important-15",
    "NE-ORGANIZATION-Petrobras": "NE-ORGANIZATION-Petrobras"
  },
  "onu_85066623384.json": {
    "98101f72-00fb-4f23-a31d-93a1ed4242cc-paper-2": "63257db0-7292-4593-96e1-aae426bbf829-paper-2",
    "NE-ORGANIZATION-Petrobras": "NE-ORGANIZATION-Petrobras"
  },
  "onu_85067965170.json": {
    "98101f72-00fb-4f23-a31d-93a1ed4242cc-important-7": "4d09355a-503a-48db-a367-7c33af77071e-great-9"
  },
  "onu_85068049608.json": {
    "98101f72-00fb-4f23-a31d-93a1ed4242cc-deep-14": "198e827a-9847-428e-9646-a76213d2c09d-deep-7"
  },
  "onu_85068387773.json": {
    "98101f72-00fb-4f23-a31d-93a1ed4242cc-paper-2": "a5cffccf-1536-473d-9270-6167576d70ec-work-2"
  },
  "onu_85068453742.json": {
    "98101f72-00fb-4f23-a31d-93a1ed4242cc-essential-9": "68bdd8d5-6a51-46de-917a-9d40eb6db15d-important-14",
    "98101f72-00fb-4f23-a31d-93a1ed4242cc-important-7": "68bdd8d5-6a51-46de-917a-9d40eb6db15d-important-14",
    "98101f72-00fb-4f23-a31d-93a1ed4242cc-important-6": "68bdd8d5-6a51-46de-917a-9d40eb6db15d-important-14",
    "98101f72-00fb-4f23-a31d-93a1ed4242cc-most-5": "68bdd8d5-6a51-46de-917a-9d40eb6db15d-most-13",
    "98101f72-00fb-4f23-a31d-93a1ed4242cc-methods-3": "68bdd8d5-6a51-46de-917a-9d40eb6db15d-methodology-7"
  },
  "onu_85070554647.json": {
    "98101f72-00fb-4f23-a31d-93a1ed4242cc-water-15-fields-16": "72b63001-9050-46f3-a364-f3ec8d862ef0-oil-9-fields-10"
  },
  "onu_85070704005.json": {
    "98101f72-00fb-4f23-a31d-93a1ed4242cc-main-12": "b4a8b90d-7253-4581-99da-486e61291b69-main-7"
  },
  "onu_85070853924.json": {},
  "onu_85070991202.json": {
    "98101f72-00fb-4f23-a31d-93a1ed4242cc-essential-9": "e4582df4-682d-4820-a6cd-b5346f3f75b5-important-22",
    "98101f72-00fb-4f23-a31d-93a1ed4242cc-role-8": "e4582df4-682d-4820-a6cd-b5346f3f75b5-role-48",
    "98101f72-00fb-4f23-a31d-93a1ed4242cc-important-7": "e4582df4-682d-4820-a6cd-b5346f3f75b5-important-47",
    "98101f72-00fb-4f23-a31d-93a1ed4242cc-important-6": "e4582df4-682d-4820-a6cd-b5346f3f75b5-important-47"
  },
  "onu_85071023764.json": {
    "98101f72-00fb-4f23-a31d-93a1ed4242cc-important-7": "4b6be8a5-593e-4815-b72c-34ca1cda4d13-significant-13",
    "98101f72-00fb-4f23-a31d-93a1ed4242cc-important-6": "4b6be8a5-593e-4815-b72c-34ca1cda4d13-significant-13",
    "98101f72-00fb-4f23-a31d-93a1ed4242cc-main-12": "4b6be8a5-593e-4815-b72c-34ca1cda4d13-morphological-5"
  },
  "onu_85071488896.json": {},
  "onu_85071542084.json": {
    "98101f72-00fb-4f23-a31d-93a1ed4242cc-important-7": "03bb4e36-65c4-4faa-889c-f08a60c33d08-main-5",
    "98101f72-00fb-4f23-a31d-93a1ed4242cc-deep-14": "03bb4e36-65c4-4faa-889c-f08a60c33d08-deep-28",
    "98101f72-00fb-4f23-a31d-93a1ed4242cc-important-6": "03bb4e36-65c4-4faa-889c-f08a60c33d08-main-5",
    "98101f72-00fb-4f23-a31d-93a1ed4242cc-main-12": "03bb4e36-65c4-4faa-889c-f08a60c33d08-main-5"
  },
  "onu_85071847548.json": {
    "98101f72-00fb-4f23-a31d-93a1ed4242cc-essential-9": "22ebbe07-c4ca-45f2-a073-3b4a9bbb83f6-crucial-22",
    "98101f72-00fb-4f23-a31d-93a1ed4242cc-important-7": "22ebbe07-c4ca-45f2-a073-3b4a9bbb83f6-excellent-15",
    "98101f72-00fb-4f23-a31d-93a1ed4242cc-important-6": "22ebbe07-c4ca-45f2-a073-3b4a9bbb83f6-crucial-22",
    "98101f72-00fb-4f23-a31d-93a1ed4242cc-main-12": "22ebbe07-c4ca-45f2-a073-3b4a9bbb83f6-main-25"
  },
  "onu_85072725932.json": {
    "98101f72-00fb-4f23-a31d-93a1ed4242cc-essential-9": "1ab71fc9-c997-4543-9ccf-5bbfb6b3579e-significant-14",
    "98101f72-00fb-4f23-a31d-93a1ed4242cc-important-7": "1ab71fc9-c997-4543-9ccf-5bbfb6b3579e-significant-14",
    "98101f72-00fb-4f23-a31d-93a1ed4242cc-important-6": "1ab71fc9-c997-4543-9ccf-5bbfb6b3579e-significant-14",
    "98101f72-00fb-4f23-a31d-93a1ed4242cc-their-11-characteristics-13": "1ab71fc9-c997-4543-9ccf-5bbfb6b3579e-their-12-stages-14"
  },
  "onu_85072834829.json": {
    "98101f72-00fb-4f23-a31d-93a1ed4242cc-essential-9": "f46f17d1-e7ee-43a7-b27f-8001a220449a-fundamental-27",
    "98101f72-00fb-4f23-a31d-93a1ed4242cc-important-7": "f46f17d1-e7ee-43a7-b27f-8001a220449a-significant-11",
    "98101f72-00fb-4f23-a31d-93a1ed4242cc-deep-14": "f46f17d1-e7ee-43a7-b27f-8001a220449a-major-17"
  },
  "onu_85073705401.json": {
    "98101f72-00fb-4f23-a31d-93a1ed4242cc-essential-9": "9ba582b4-4671-4d5f-a00e-72d8370658d2-important-17",
    "98101f72-00fb-4f23-a31d-93a1ed4242cc-important-7": "9ba582b4-4671-4d5f-a00e-72d8370658d2-important-17",
    "98101f72-00fb-4f23-a31d-93a1ed4242cc-important-6": "9ba582b4-4671-4d5f-a00e-72d8370658d2-important-17"
  },
  "onu_85073706024.json": {
    "98101f72-00fb-4f23-a31d-93a1ed4242cc-main-12": "fad0be37-f5f4-4a0f-bcad-6a82a846f841-main-2",
    "NE-ORGANIZATION-Petrobras": "NE-ORGANIZATION-Petrobras"
  },
  "onu_85073935907.json": {
    "98101f72-00fb-4f23-a31d-93a1ed4242cc-essential-9": "bc946871-1090-4025-8672-8089752cc34e-sensitive-11",
    "98101f72-00fb-4f23-a31d-93a1ed4242cc-role-8": "bc946871-1090-4025-8672-8089752cc34e-role-25",
    "98101f72-00fb-4f23-a31d-93a1ed4242cc-important-7": "bc946871-1090-4025-8672-8089752cc34e-important-24",
    "98101f72-00fb-4f23-a31d-93a1ed4242cc-important-6": "bc946871-1090-4025-8672-8089752cc34e-important-24"
  },
  "onu_85074489503.json": {},
  "onu_85074632793.json": {
    "98101f72-00fb-4f23-a31d-93a1ed4242cc-essential-9": "e96160f9-afe1-4286-9ca9-11f35229455a-important-4",
    "98101f72-00fb-4f23-a31d-93a1ed4242cc-role-8": "e96160f9-afe1-4286-9ca9-11f35229455a-role-5",
    "98101f72-00fb-4f23-a31d-93a1ed4242cc-important-7": "e96160f9-afe1-4286-9ca9-11f35229455a-important-4",
    "98101f72-00fb-4f23-a31d-93a1ed4242cc-important-6": "e96160f9-afe1-4286-9ca9-11f35229455a-important-4"
  },
  "onu_85074778611.json": {
    "98101f72-00fb-4f23-a31d-93a1ed4242cc-essential-9": "87ac9c72-56d9-42ed-9706-bf7a1853f8ed-sensitive-27",
    "98101f72-00fb-4f23-a31d-93a1ed4242cc-important-7": "87ac9c72-56d9-42ed-9706-bf7a1853f8ed-important-5",
    "98101f72-00fb-4f23-a31d-93a1ed4242cc-exploitation-11": "87ac9c72-56d9-42ed-9706-bf7a1853f8ed-exploitation-30",
    "98101f72-00fb-4f23-a31d-93a1ed4242cc-deep-14": "87ac9c72-56d9-42ed-9706-bf7a1853f8ed-intense-29",
    "98101f72-00fb-4f23-a31d-93a1ed4242cc-important-6": "87ac9c72-56d9-42ed-9706-bf7a1853f8ed-important-5",
    "98101f72-00fb-4f23-a31d-93a1ed4242cc-main-12": "87ac9c72-56d9-42ed-9706-bf7a1853f8ed-biological-9",
    "98101f72-00fb-4f23-a31d-93a1ed4242cc-following-2": "87ac9c72-56d9-42ed-9706-bf7a1853f8ed-based-6"
  },
  "onu_85075350522.json": {},
  "onu_85075421341.json": {},
  "onu_85075661667.json": {},
  "onu_85075827903.json": {
    "NE-ORGANIZATION-Petrobras": "NE-ORGANIZATION-Petrobras"
  },
  "onu_85075828327.json": {
    "98101f72-00fb-4f23-a31d-93a1ed4242cc-important-7": "76be24f2-9662-45c7-a95c-63c0f1d47d2c-great-22",
    "98101f72-00fb-4f23-a31d-93a1ed4242cc-paper-2": "76be24f2-9662-45c7-a95c-63c0f1d47d2c-paper-2",
    "NE-ORGANIZATION-Petrobras": "NE-ORGANIZATION-Petrobras"
  },
  "onu_85075831363.json": {
    "98101f72-00fb-4f23-a31d-93a1ed4242cc-deep-14": "c6187c05-69fa-4993-ac86-f7154dd67053-deep-3",
    "98101f72-00fb-4f23-a31d-93a1ed4242cc-paper-2": "c6187c05-69fa-4993-ac86-f7154dd67053-paper-2",
    "98101f72-00fb-4f23-a31d-93a1ed4242cc-main-12": "c6187c05-69fa-4993-ac86-f7154dd67053-main-15"
  },
  "onu_85075835330.json": {},
  "onu_85075843438.json": {
    "98101f72-00fb-4f23-a31d-93a1ed4242cc-paper-2": "b11303f1-e8e0-4420-9932-569d3ac87ff2-paper-2"
  },
  "onu_85075879935.json": {
    "98101f72-00fb-4f23-a31d-93a1ed4242cc-their-11-characteristics-13": "9f2751f5-49bb-46b4-86f5-39c3c6ccf7ed-their-31-functions-33",
    "98101f72-00fb-4f23-a31d-93a1ed4242cc-main-12": "9f2751f5-49bb-46b4-86f5-39c3c6ccf7ed-ecological-32"
  },
  "onu_85075941856.json": {},
  "onu_85075951728.json": {
    "98101f72-00fb-4f23-a31d-93a1ed4242cc-deep-14": "ddb3c75a-c68b-4ad3-8673-4c7520fc72ba-inner-15"
  },
  "onu_85075997043.json": {},
  "onu_85076246665.json": {},
  "onu_85076560202.json": {},
  "onu_85076775401.json": {},
  "onu_85076896265.json": {
    "98101f72-00fb-4f23-a31d-93a1ed4242cc-essential-9": "f07a1b94-895b-4621-b0f2-4f24bbd8ed12-essential-11",
    "98101f72-00fb-4f23-a31d-93a1ed4242cc-important-7": "f07a1b94-895b-4621-b0f2-4f24bbd8ed12-Significant-1",
    "98101f72-00fb-4f23-a31d-93a1ed4242cc-important-6": "f07a1b94-895b-4621-b0f2-4f24bbd8ed12-Significant-1"
  },
  "onu_85077234208.json": {},
  "onu_85077945350.json": {
    "98101f72-00fb-4f23-a31d-93a1ed4242cc-important-6": "e5183355-b1b6-474b-bef3-dcc000293be4-significant-22"
  },
  "onu_85078010553.json": {
    "98101f72-00fb-4f23-a31d-93a1ed4242cc-important-7": "8b856b86-bebe-4ded-9624-c946c2d1bff7-valuable-23",
    "98101f72-00fb-4f23-a31d-93a1ed4242cc-water-15-fields-16": "8b856b86-bebe-4ded-9624-c946c2d1bff7-water-12-diversion-13-channel-14",
    "98101f72-00fb-4f23-a31d-93a1ed4242cc-deep-14": "8b856b86-bebe-4ded-9624-c946c2d1bff7-shallow-9",
    "98101f72-00fb-4f23-a31d-93a1ed4242cc-important-6": "8b856b86-bebe-4ded-9624-c946c2d1bff7-valuable-23"
  },
  "onu_85078233209.json": {
    "98101f72-00fb-4f23-a31d-93a1ed4242cc-deep-14": "d100c63f-0f5d-41fb-88da-fdd2d50ddb5f-deep-7"
  },
  "onu_85079351203.json": {},
  "onu_85079784581.json": {
    "98101f72-00fb-4f23-a31d-93a1ed4242cc-main-12": "1062b9a2-c1d7-4c95-a533-f3f7c7961c33-main-5",
    "98101f72-00fb-4f23-a31d-93a1ed4242cc-most-5": "1062b9a2-c1d7-4c95-a533-f3f7c7961c33-most-13"
  },
  "onu_85080813467.json": {
    "98101f72-00fb-4f23-a31d-93a1ed4242cc-essential-9": "9e4dd2b4-cdb0-41c5-ae48-7b455a7cfc9f-important-5",
    "98101f72-00fb-4f23-a31d-93a1ed4242cc-important-7": "9e4dd2b4-cdb0-41c5-ae48-7b455a7cfc9f-important-5",
    "98101f72-00fb-4f23-a31d-93a1ed4242cc-deep-14": "9e4dd2b4-cdb0-41c5-ae48-7b455a7cfc9f-main-8",
    "98101f72-00fb-4f23-a31d-93a1ed4242cc-important-6": "9e4dd2b4-cdb0-41c5-ae48-7b455a7cfc9f-important-5",
    "98101f72-00fb-4f23-a31d-93a1ed4242cc-main-12": "9e4dd2b4-cdb0-41c5-ae48-7b455a7cfc9f-main-8",
    "98101f72-00fb-4f23-a31d-93a1ed4242cc-most-5": "9e4dd2b4-cdb0-41c5-ae48-7b455a7cfc9f-most-20"
  },
  "onu_85083240666.json": {
    "98101f72-00fb-4f23-a31d-93a1ed4242cc-methods-3": "980011b1-e588-4f4d-83ab-b8b5f5238ca0-analysis-35"
  },
  "onu_85083341760.json": {},
  "onu_85084024263.json": {},
  "onu_85084454298.json": {
    "98101f72-00fb-4f23-a31d-93a1ed4242cc-essential-9": "3bcc13d2-58e5-46ad-9c94-b4605d24268c-ubiquitous-5"
  },
  "onu_85084634006.json": {
    "98101f72-00fb-4f23-a31d-93a1ed4242cc-scenario-3": "a407c16e-080e-4100-9fc2-914500db52e5-scenario-4",
    "98101f72-00fb-4f23-a31d-93a1ed4242cc-water-15-fields-16": "a407c16e-080e-4100-9fc2-914500db52e5-oil-9-wells-12"
  },
  "onu_85084667903.json": {
    "98101f72-00fb-4f23-a31d-93a1ed4242cc-essential-9": "ced88bac-1112-43b7-819e-42b702c4146b-important-9",
    "98101f72-00fb-4f23-a31d-93a1ed4242cc-important-7": "ced88bac-1112-43b7-819e-42b702c4146b-important-9",
    "98101f72-00fb-4f23-a31d-93a1ed4242cc-important-6": "ced88bac-1112-43b7-819e-42b702c4146b-important-9"
  },
  "onu_85084945361.json": {
    "98101f72-00fb-4f23-a31d-93a1ed4242cc-essential-9": "bb0ac139-3982-432a-8400-729a5c19c126-optimal-25"
  },
  "onu_85085054148.json": {},
  "onu_85085298469.json": {},
  "onu_85085408490.json": {
    "98101f72-00fb-4f23-a31d-93a1ed4242cc-essential-9": "47bed0cf-53f1-4cbc-8757-a9c45441f91a-important-7",
    "98101f72-00fb-4f23-a31d-93a1ed4242cc-important-7": "47bed0cf-53f1-4cbc-8757-a9c45441f91a-important-7",
    "98101f72-00fb-4f23-a31d-93a1ed4242cc-important-6": "47bed0cf-53f1-4cbc-8757-a9c45441f91a-important-7",
    "98101f72-00fb-4f23-a31d-93a1ed4242cc-most-5": "47bed0cf-53f1-4cbc-8757-a9c45441f91a-most-6",
    "NE-ORGANIZATION-Petrobras": "47bed0cf-53f1-4cbc-8757-a9c45441f91a-PETROBRÁS-1"
  },
  "onu_85085473397.json": {
    "98101f72-00fb-4f23-a31d-93a1ed4242cc-essential-9": "934e19c7-1772-4795-a581-05b674220676-important-5",
    "98101f72-00fb-4f23-a31d-93a1ed4242cc-important-7": "934e19c7-1772-4795-a581-05b674220676-important-5",
    "98101f72-00fb-4f23-a31d-93a1ed4242cc-important-6": "934e19c7-1772-4795-a581-05b674220676-important-5",
    "98101f72-00fb-4f23-a31d-93a1ed4242cc-methods-3": "934e19c7-1772-4795-a581-05b674220676-techniques-30"
  },
  "onu_85085492342.json": {
    "98101f72-00fb-4f23-a31d-93a1ed4242cc-deep-14": "9b5ef88f-0237-4d61-abb2-7580cab31fbb-coastal-2",
    "98101f72-00fb-4f23-a31d-93a1ed4242cc-most-5": "9b5ef88f-0237-4d61-abb2-7580cab31fbb-most-4"
  },
  "onu_85085773523.json": {
    "NE-ORGANIZATION-Petrobras": "NE-ORGANIZATION-Petrobras"
  },
  "onu_85085773731.json": {
    "98101f72-00fb-4f23-a31d-93a1ed4242cc-water-15-fields-16": "4b172916-f0f5-46a4-9792-7936dc9ba4f9-water-16-oil-18",
    "98101f72-00fb-4f23-a31d-93a1ed4242cc-paper-2": "4b172916-f0f5-46a4-9792-7936dc9ba4f9-paper-2",
    "NE-ORGANIZATION-Petrobras": "NE-ORGANIZATION-Petrobras"
  },
  "onu_85085773745.json": {
    "98101f72-00fb-4f23-a31d-93a1ed4242cc-water-15-fields-16": "21225434-c8fc-441d-b277-65da424c77e7-oil-18-production-19",
    "98101f72-00fb-4f23-a31d-93a1ed4242cc-methods-3": "21225434-c8fc-441d-b277-65da424c77e7-simulations-3"
  },
  "onu_85085773825.json": {
    "98101f72-00fb-4f23-a31d-93a1ed4242cc-important-6": "e9189042-c2fa-4b5e-a9da-3d50e8f4c891-crucial-7",
    "98101f72-00fb-4f23-a31d-93a1ed4242cc-most-5": "e9189042-c2fa-4b5e-a9da-3d50e8f4c891-most-10"
  },
  "onu_85085773875.json": {
    "98101f72-00fb-4f23-a31d-93a1ed4242cc-important-7": "d606c7b3-ce98-4023-8a39-196528dd3002-important-6",
    "98101f72-00fb-4f23-a31d-93a1ed4242cc-paper-2": "d606c7b3-ce98-4023-8a39-196528dd3002-paper-2",
    "98101f72-00fb-4f23-a31d-93a1ed4242cc-important-6": "d606c7b3-ce98-4023-8a39-196528dd3002-important-6"
  },
  "onu_85085774498.json": {
    "NE-ORGANIZATION-Petrobras": "NE-ORGANIZATION-Petrobras"
  },
  "onu_85085774511.json": {
    "98101f72-00fb-4f23-a31d-93a1ed4242cc-methods-3": "07bf9801-f530-468c-9921-66afca9b2b91-method-30",
    "98101f72-00fb-4f23-a31d-93a1ed4242cc-gas-7-lift-8": "07bf9801-f530-468c-9921-66afca9b2b91-combustion-10-zone-11-gas-12-sampling-13"
  },
  "onu_85085774766.json": {
    "98101f72-00fb-4f23-a31d-93a1ed4242cc-deep-14": "5c9d47d5-c3a5-4b99-97b0-f55b0ce24e97-shallow-14",
    "98101f72-00fb-4f23-a31d-93a1ed4242cc-main-12": "5c9d47d5-c3a5-4b99-97b0-f55b0ce24e97-polar-5",
    "NE-ORGANIZATION-Petrobras": "NE-ORGANIZATION-Petrobras"
  },
  "onu_85085775194.json": {
    "98101f72-00fb-4f23-a31d-93a1ed4242cc-scenario-3": "84e4f7e4-b6c1-4975-bd01-e021f5afdff1-situations-3",
    "98101f72-00fb-4f23-a31d-93a1ed4242cc-paper-2": "84e4f7e4-b6c1-4975-bd01-e021f5afdff1-paper-2",
    "NE-ORGANIZATION-Petrobras": "NE-ORGANIZATION-Petrobras"
  },
  "onu_85085775396.json": {
    "98101f72-00fb-4f23-a31d-93a1ed4242cc-essential-9": "ee817b7d-8183-4633-9141-28578ef8eeaa-significant-16",
    "98101f72-00fb-4f23-a31d-93a1ed4242cc-important-7": "ee817b7d-8183-4633-9141-28578ef8eeaa-significant-16",
    "98101f72-00fb-4f23-a31d-93a1ed4242cc-important-6": "ee817b7d-8183-4633-9141-28578ef8eeaa-significant-16"
  },
  "onu_85085775562.json": {},
  "onu_85085775753.json": {},
  "onu_85085775962.json": {
    "98101f72-00fb-4f23-a31d-93a1ed4242cc-role-8": "be473474-e9c1-4908-947b-6970a8bfa756-role-8",
    "98101f72-00fb-4f23-a31d-93a1ed4242cc-deep-14": "be473474-e9c1-4908-947b-6970a8bfa756-intense-18",
    "98101f72-00fb-4f23-a31d-93a1ed4242cc-paper-2": "be473474-e9c1-4908-947b-6970a8bfa756-paper-2",
    "98101f72-00fb-4f23-a31d-93a1ed4242cc-gas-7-lift-8": "be473474-e9c1-4908-947b-6970a8bfa756-water-15-controls-16-gas-29-mobility-31"
  },
  "onu_85085776151.json": {
    "98101f72-00fb-4f23-a31d-93a1ed4242cc-scenario-3": "5bd9eda6-5812-4578-ab2b-6a61cf688e44-scenarios-3",
    "NE-ORGANIZATION-Petrobras": "NE-ORGANIZATION-PETROBRAS"
  },
  "onu_85085776159.json": {
    "NE-ORGANIZATION-Petrobras": "NE-ORGANIZATION-Petrobras"
  },
  "onu_85085776356.json": {
    "98101f72-00fb-4f23-a31d-93a1ed4242cc-paper-2": "NE-TITLE-author",
    "NE-ORGANIZATION-Petrobras": "NE-ORGANIZATION-Petrobras"
  },
  "onu_85085776372.json": {},
  "onu_85085776540.json": {
    "98101f72-00fb-4f23-a31d-93a1ed4242cc-Artificial-1-lift-2": "544389f0-af01-489c-a71e-5e23542d32c5-artificial-10-lift-11-method-12",
    "98101f72-00fb-4f23-a31d-93a1ed4242cc-water-15-fields-16": "544389f0-af01-489c-a71e-5e23542d32c5-oil-24-fields-25",
    "98101f72-00fb-4f23-a31d-93a1ed4242cc-artificial-7-lift-8-methods-9": "544389f0-af01-489c-a71e-5e23542d32c5-artificial-10-lift-11-method-12",
    "98101f72-00fb-4f23-a31d-93a1ed4242cc-most-5": "544389f0-af01-489c-a71e-5e23542d32c5-very-8",
    "98101f72-00fb-4f23-a31d-93a1ed4242cc-gas-7-lift-8": "544389f0-af01-489c-a71e-5e23542d32c5-gas-8-lift-9-rate-10"
  },
  "onu_85085776958.json": {},
  "onu_85085777009.json": {
    "NE-ORGANIZATION-Petrobras": "NE-ORGANIZATION-Petrobras"
  },
  "onu_85085777884.json": {
    "98101f72-00fb-4f23-a31d-93a1ed4242cc-methods-3": "943cc533-ce82-452e-94d0-14fafa0d4754-method-3",
    "98101f72-00fb-4f23-a31d-93a1ed4242cc-following-2": "943cc533-ce82-452e-94d0-14fafa0d4754-based-4"
  },
  "onu_85085778037.json": {
    "98101f72-00fb-4f23-a31d-93a1ed4242cc-deep-14": "2dd1a90e-7412-4b7d-ac70-cba9b0380628-deep-8",
    "98101f72-00fb-4f23-a31d-93a1ed4242cc-artificial-7-lift-8-methods-9": "2dd1a90e-7412-4b7d-ac70-cba9b0380628-water-35-injection-36-technologies-37",
    "NE-ORGANIZATION-Petrobras": "NE-ORGANIZATION-Petrobras"
  },
  "onu_85085778412.json": {
    "98101f72-00fb-4f23-a31d-93a1ed4242cc-water-15-fields-16": "4fb375aa-30f3-49a6-9346-70a70e51f8b9-carbonate-20-reservoirs-21",
    "98101f72-00fb-4f23-a31d-93a1ed4242cc-paper-2": "4fb375aa-30f3-49a6-9346-70a70e51f8b9-paper-2"
  },
  "onu_85085778651.json": {},
  "onu_85085778850.json": {
    "98101f72-00fb-4f23-a31d-93a1ed4242cc-paper-2": "aefa100b-fd33-476c-8121-310d23ec4cbc-work-2"
  },
  "onu_85085778895.json": {
    "98101f72-00fb-4f23-a31d-93a1ed4242cc-paper-2": "b7a10045-d4c2-447e-907a-820163ea176a-paper-2",
    "NE-ORGANIZATION-Petrobras": "NE-ORGANIZATION-Petrobras"
  },
  "onu_85085779136.json": {
    "98101f72-00fb-4f23-a31d-93a1ed4242cc-scenario-3": "242b3b58-d08d-46cf-9db1-3ced34a59265-scenario-3",
    "98101f72-00fb-4f23-a31d-93a1ed4242cc-most-5": "242b3b58-d08d-46cf-9db1-3ced34a59265-most-22",
    "NE-ORGANIZATION-Petrobras": "NE-ORGANIZATION-Petrobras",
    "98101f72-00fb-4f23-a31d-93a1ed4242cc-subsea-16-use-17": "242b3b58-d08d-46cf-9db1-3ced34a59265-subsea-13-equipment-14"
  },
  "onu_85085779144.json": {},
  "onu_85085780309.json": {},
  "onu_85085850094.json": {
    "98101f72-00fb-4f23-a31d-93a1ed4242cc-essential-9": "44a03514-5795-44e8-9d1b-fd93129ad66f-crucial-19",
    "98101f72-00fb-4f23-a31d-93a1ed4242cc-role-8": "44a03514-5795-44e8-9d1b-fd93129ad66f-role-20",
    "98101f72-00fb-4f23-a31d-93a1ed4242cc-important-7": "44a03514-5795-44e8-9d1b-fd93129ad66f-crucial-19",
    "98101f72-00fb-4f23-a31d-93a1ed4242cc-deep-14": "44a03514-5795-44e8-9d1b-fd93129ad66f-massive-22",
    "98101f72-00fb-4f23-a31d-93a1ed4242cc-important-6": "44a03514-5795-44e8-9d1b-fd93129ad66f-crucial-19",
    "NE-ORGANIZATION-Petrobras": "NE-ORGANIZATION-Petrobras",
    "98101f72-00fb-4f23-a31d-93a1ed4242cc-following-2": "44a03514-5795-44e8-9d1b-fd93129ad66f-following-16"
  },
  "onu_85086232639.json": {
    "98101f72-00fb-4f23-a31d-93a1ed4242cc-most-5": "1560ca69-ffef-4249-b357-976be0472af8-particularly-30"
  },
  "onu_85086245971.json": {
    "98101f72-00fb-4f23-a31d-93a1ed4242cc-artificial-7-lift-8-methods-9": "5b314478-44cb-4cb9-a631-b9e343125cc4-Artificial-3-Networks-5"
  },
  "onu_85086248840.json": {
    "98101f72-00fb-4f23-a31d-93a1ed4242cc-water-15-fields-16": "9634cff3-f7bf-4dd4-9bdd-d4ce051d15e4-water-13-reservoirs-16",
    "98101f72-00fb-4f23-a31d-93a1ed4242cc-paper-2": "9634cff3-f7bf-4dd4-9bdd-d4ce051d15e4-paper-2",
    "NE-ORGANIZATION-Petrobras": "NE-ORGANIZATION-Petrobras"
  },
  "onu_85086257600.json": {
    "98101f72-00fb-4f23-a31d-93a1ed4242cc-important-6": "0d3a24cc-8410-46ec-8f90-b83b91c14d4f-attractive-17",
    "98101f72-00fb-4f23-a31d-93a1ed4242cc-most-5": "0d3a24cc-8410-46ec-8f90-b83b91c14d4f-most-16"
  },
  "onu_85086355916.json": {},
  "onu_85086628030.json": {
    "98101f72-00fb-4f23-a31d-93a1ed4242cc-essential-9": "a73dc049-c132-4e65-b2aa-4a929784f44d-significant-3",
    "98101f72-00fb-4f23-a31d-93a1ed4242cc-important-7": "a73dc049-c132-4e65-b2aa-4a929784f44d-significant-3",
    "98101f72-00fb-4f23-a31d-93a1ed4242cc-deep-14": "a73dc049-c132-4e65-b2aa-4a929784f44d-deep-12",
    "98101f72-00fb-4f23-a31d-93a1ed4242cc-important-6": "a73dc049-c132-4e65-b2aa-4a929784f44d-significant-3"
  },
  "onu_85086649140.json": {
    "98101f72-00fb-4f23-a31d-93a1ed4242cc-essential-9": "c9f847a3-c49c-4b1b-a35a-2782aa506380-structural-3",
    "98101f72-00fb-4f23-a31d-93a1ed4242cc-deep-14": "c9f847a3-c49c-4b1b-a35a-2782aa506380-deep-14"
  },
  "onu_85086667338.json": {},
  "onu_85086808985.json": {
    "98101f72-00fb-4f23-a31d-93a1ed4242cc-deep-14": "bf917e90-7343-4ac5-9605-4309e100073a-deeper-28",
    "98101f72-00fb-4f23-a31d-93a1ed4242cc-important-6": "bf917e90-7343-4ac5-9605-4309e100073a-major-4"
  },
  "onu_85086809805.json": {
    "98101f72-00fb-4f23-a31d-93a1ed4242cc-paper-2": "6af17be2-6207-49d6-b833-4d7a7d7f3202-paper-2",
    "NE-ORGANIZATION-Petrobras": "NE-ORGANIZATION-Petrobras"
  },
  "onu_85086829622.json": {
    "98101f72-00fb-4f23-a31d-93a1ed4242cc-deep-14": "b4397664-2f84-441a-a57c-f2048b42eb8c-deeper-20",
    "98101f72-00fb-4f23-a31d-93a1ed4242cc-methods-3": "b4397664-2f84-441a-a57c-f2048b42eb8c-analysis-4"
  },
  "onu_85086929987.json": {
    "98101f72-00fb-4f23-a31d-93a1ed4242cc-essential-9": "bf00c9a7-3a6c-4c86-8963-d608a1190c8b-relevant-11",
    "98101f72-00fb-4f23-a31d-93a1ed4242cc-important-7": "bf00c9a7-3a6c-4c86-8963-d608a1190c8b-relevant-11",
    "98101f72-00fb-4f23-a31d-93a1ed4242cc-important-6": "bf00c9a7-3a6c-4c86-8963-d608a1190c8b-relevant-11"
  },
  "onu_85087227840.json": {},
  "onu_85087228205.json": {
    "98101f72-00fb-4f23-a31d-93a1ed4242cc-paper-2": "fb7e8c11-5740-4da0-9139-e7047dada05c-paper-2"
  },
  "onu_85087345946.json": {
    "98101f72-00fb-4f23-a31d-93a1ed4242cc-water-15-fields-16": "ecbc98e9-efbb-4ae9-83bd-05ad8cc1b6e9-water-6-supply-7-facilities-8"
  }
}