{
  "onu_10228776.json": {
    "cfd050f2-67ba-42f7-a36c-18e221b0e3a7-paper-2": "8ccf6711-4359-43f1-af56-bff91be221df-paper-2",
    "NE-LOCATION-Basin": "8ccf6711-4359-43f1-af56-bff91be221df-basin-33"
  },
  "onu_11244281653.json": {
    "cfd050f2-67ba-42f7-a36c-18e221b0e3a7-flexible-4": "573197e7-feeb-4bf7-8fc7-347e79223db7-flexible-13",
    "cfd050f2-67ba-42f7-a36c-18e221b0e3a7-hanging-12": "573197e7-feeb-4bf7-8fc7-347e79223db7-bending-13"
  },
  "onu_14467639.json": {},
  "onu_14928592.json": {},
  "onu_1642522078.json": {
    "NE-LOCATION-Basin": "NE-LOCATION-Basin",
    "NE-CITY-Campos": "NE-CITY-Campos",
    "cfd050f2-67ba-42f7-a36c-18e221b0e3a7-hanging-12": "4e1ac6e0-5aee-4eb0-9ad0-694f3ac8f48a-round-13",
    "NE-ORGANIZATION-FPSO": "NE-ORGANIZATION-FPSO",
    "cfd050f2-67ba-42f7-a36c-18e221b0e3a7-system-6": "4e1ac6e0-5aee-4eb0-9ad0-694f3ac8f48a-system-2",
    "cfd050f2-67ba-42f7-a36c-18e221b0e3a7-paper-2": "4e1ac6e0-5aee-4eb0-9ad0-694f3ac8f48a-paper-2",
    "cfd050f2-67ba-42f7-a36c-18e221b0e3a7-flow-18-path-19": "4e1ac6e0-5aee-4eb0-9ad0-694f3ac8f48a-flowlines-9",
    "NE-MISC-Turret": "NE-TITLE-operator"
  },
  "onu_16964104.json": {
    "cfd050f2-67ba-42f7-a36c-18e221b0e3a7-paper-2": "e73719d8-439a-4c06-a2a0-fc90e94e87eb-article-2"
  },
  "onu_17044389842.json": {},
  "onu_17144436283.json": {
    "cfd050f2-67ba-42f7-a36c-18e221b0e3a7-paper-2": "98101f72-00fb-4f23-a31d-93a1ed4242cc-paper-2"
  },
  "onu_17344364742.json": {
    "NE-CITY-Campos": "NE-PERSON-Campos",
    "cfd050f2-67ba-42f7-a36c-18e221b0e3a7-780-22-meters-23-of-24-water-25": "9904aa2e-63e4-415c-ba81-2791b35da710-800-25-m-26-of-27-water-28"
  },
  "onu_1842589247.json": {},
  "onu_18944382016.json": {
    "cfd050f2-67ba-42f7-a36c-18e221b0e3a7-780-22-meters-23-of-24-water-25": "fb88d818-da09-4532-84e1-3afecd911792-3,540-25-feet-26-of-27-water-28",
    "cfd050f2-67ba-42f7-a36c-18e221b0e3a7-hanging-12": "fb88d818-da09-4532-84e1-3afecd911792-intelligent-2"
  },
  "onu_19586421.json": {
    "cfd050f2-67ba-42f7-a36c-18e221b0e3a7-seafloor-11": "c2834789-0a59-4f09-86f9-adf81755e9d3-seafloor-6-pipe-7-line-8",
    "cfd050f2-67ba-42f7-a36c-18e221b0e3a7-system-6": "c2834789-0a59-4f09-86f9-adf81755e9d3-system-3"
  },
  "onu_20736039.json": {
    "NE-LOCATION-Basin": "NE-LOCATION-Basin",
    "NE-CITY-Campos": "NE-CITY-Campos"
  },
  "onu_21575939.json": {
    "NE-LOCATION-Basin": "NE-LOCATION-Basin",
    "NE-CITY-Campos": "NE-CITY-Campos"
  },
  "onu_2342418572.json": {
    "cfd050f2-67ba-42f7-a36c-18e221b0e3a7-flexible-4": "dbc773c9-4c74-40cf-bad8-8cad13ba1be9-horizontal-18",
    "cfd050f2-67ba-42f7-a36c-18e221b0e3a7-hanging-12": "dbc773c9-4c74-40cf-bad8-8cad13ba1be9-horizontal-12",
    "NE-LOCATION-Basin": "NE-LOCATION-Basin",
    "NE-CITY-Campos": "NE-CITY-Campos"
  },
  "onu_2342623297.json": {},
  "onu_23699043.json": {},
  "onu_23844461981.json": {
    "NE-LOCATION-Basin": "738463bf-612b-462d-abc4-dde0497711de-basin-38",
    "NE-CITY-Campos": "NE-CITY-Campos",
    "NE-ORGANIZATION-FPSO": "NE-ORGANIZATION-FSO"
  },
  "onu_24044508291.json": {
    "cfd050f2-67ba-42f7-a36c-18e221b0e3a7-hanging-12": "172d53b1-9917-4393-8895-7e062ea5429d-tubular-10",
    "NE-ORGANIZATION-FPSO": "NE-ORGANIZATION-FPSO",
    "NE-CITY-Campos": "NE-CITY-Campos"
  },
  "onu_24050293.json": {
    "NE-CITY-Campos": "48013ad7-c8d2-4d31-94ea-36fc2cde40cb-Campos-32-basin-33",
    "cfd050f2-67ba-42f7-a36c-18e221b0e3a7-hanging-12": "48013ad7-c8d2-4d31-94ea-36fc2cde40cb-twin-19"
  },
  "onu_242694501.json": {},
  "onu_24662461.json": {
    "cfd050f2-67ba-42f7-a36c-18e221b0e3a7-system-6": "a33dbe39-f837-43e6-a660-479c5769090b-system-23",
    "NE-CITY-Campos": "a33dbe39-f837-43e6-a660-479c5769090b-Campos-38-basin-39"
  },
  "onu_24769642.json": {
    "NE-LOCATION-Basin": "42f39395-5b68-4c17-9005-43fdaf9b688d-basin-3",
    "NE-CITY-Campos": "42f39395-5b68-4c17-9005-43fdaf9b688d-Campos-2"
  },
  "onu_24867907.json": {},
  "onu_25054779.json": {},
  "onu_25144481375.json": {},
  "onu_25444510078.json": {},
  "onu_26244445255.json": {
    "NE-ORGANIZATION-FPSO": "NE-ORGANIZATION-FPSO"
  },
  "onu_26850121.json": {},
  "onu_27744595461.json": {
    "NE-CITY-Campos": "NE-CITY-Campos",
    "NE-LOCATION-Basin": "NE-LOCATION-Basin"
  },
  "onu_30311937.json": {
    "NE-ORGANIZATION-FPSO": "007fd580-5ecb-4536-a243-38b5370a241f-FPS-12-systems-13",
    "NE-LOCATION-Basin": "NE-LOCATION-Basin",
    "NE-CITY-Campos": "NE-CITY-Campos",
    "cfd050f2-67ba-42f7-a36c-18e221b0e3a7-780-22-meters-23": "007fd580-5ecb-4536-a243-38b5370a241f-910-29-meters-30",
    "cfd050f2-67ba-42f7-a36c-18e221b0e3a7-flexible-4": "007fd580-5ecb-4536-a243-38b5370a241f-flexible-8",
    "cfd050f2-67ba-42f7-a36c-18e221b0e3a7-paper-2": "007fd580-5ecb-4536-a243-38b5370a241f-paper-2"
  },
  "onu_30706349.json": {
    "cfd050f2-67ba-42f7-a36c-18e221b0e3a7-hanging-12": "c2c1112b-eb03-4a92-92fa-46cb7e40b8cc-underwater-7",
    "cfd050f2-67ba-42f7-a36c-18e221b0e3a7-flexible-4": "c2c1112b-eb03-4a92-92fa-46cb7e40b8cc-conventional-18"
  },
  "onu_31206995.json": {
    "cfd050f2-67ba-42f7-a36c-18e221b0e3a7-system-6": "860bf7ae-3012-4871-96d2-1e758b1a6d53-system-2"
  },
  "onu_31375269.json": {
    "cfd050f2-67ba-42f7-a36c-18e221b0e3a7-Thirty-1-five-3-risers-5": "5cee35a4-a50e-4d54-932a-8a8e57e575cd-34-20-risers-22",
    "cfd050f2-67ba-42f7-a36c-18e221b0e3a7-flexible-4": "5cee35a4-a50e-4d54-932a-8a8e57e575cd-flexible-21",
    "cfd050f2-67ba-42f7-a36c-18e221b0e3a7-paper-2": "5cee35a4-a50e-4d54-932a-8a8e57e575cd-paper-2",
    "cfd050f2-67ba-42f7-a36c-18e221b0e3a7-hanging-12": "5cee35a4-a50e-4d54-932a-8a8e57e575cd-floating-24",
    "cfd050f2-67ba-42f7-a36c-18e221b0e3a7-internal-2": "5cee35a4-a50e-4d54-932a-8a8e57e575cd-inner-16"
  },
  "onu_32444448833.json": {},
  "onu_33295123.json": {
    "NE-LOCATION-Basin": "NE-LOCATION-Basin",
    "NE-CITY-Campos": "NE-CITY-Campos",
    "cfd050f2-67ba-42f7-a36c-18e221b0e3a7-paper-2": "0197b3f7-4b35-4e53-9441-4ec6cc6ce4f9-paper-2",
    "cfd050f2-67ba-42f7-a36c-18e221b0e3a7-hanging-12": "0197b3f7-4b35-4e53-9441-4ec6cc6ce4f9-reliable-10"
  },
  "onu_33295407.json": {
    "cfd050f2-67ba-42f7-a36c-18e221b0e3a7-paper-2": "69bf6b3a-01bd-4e40-a6e1-94da71019c1c-paper-2",
    "NE-ORGANIZATION-FPSO": "69bf6b3a-01bd-4e40-a6e1-94da71019c1c-FPSOs-8"
  },
  "onu_33644613229.json": {},
  "onu_33645422493.json": {
    "cfd050f2-67ba-42f7-a36c-18e221b0e3a7-system-6": "f8ba7747-a203-4391-9a8f-d06b3caf167c-hose-19-system-20",
    "cfd050f2-67ba-42f7-a36c-18e221b0e3a7-internal-2": "f8ba7747-a203-4391-9a8f-d06b3caf167c-central-7",
    "NE-ORGANIZATION-FPSO": "NE-ORGANIZATION-FPSO",
    "cfd050f2-67ba-42f7-a36c-18e221b0e3a7-flexible-4": "f8ba7747-a203-4391-9a8f-d06b3caf167c-flexible-11",
    "cfd050f2-67ba-42f7-a36c-18e221b0e3a7-hanging-12": "f8ba7747-a203-4391-9a8f-d06b3caf167c-floating-18"
  },
  "onu_33646023976.json": {
    "cfd050f2-67ba-42f7-a36c-18e221b0e3a7-paper-2": "4d5d6714-e3d6-4798-a96f-5279e7b9359d-paper-2",
    "cfd050f2-67ba-42f7-a36c-18e221b0e3a7-hanging-12": "4d5d6714-e3d6-4798-a96f-5279e7b9359d-Visual-1"
  },
  "onu_33646035823.json": {},
  "onu_33646043488.json": {},
  "onu_33646056106.json": {
    "cfd050f2-67ba-42f7-a36c-18e221b0e3a7-paper-2": "3f9b434e-048b-4cc7-9f64-90faa942c0b7-paper-2"
  },
  "onu_33646056405.json": {},
  "onu_33646073069.json": {
    "cfd050f2-67ba-42f7-a36c-18e221b0e3a7-paper-2": "c34753c7-bece-49e6-8cfe-9e17f85cdefc-paper-2"
  },
  "onu_33646452775.json": {
    "NE-LOCATION-Basin": "3e889ffb-ffea-4a6d-ada5-81e76867be02-basin-40",
    "NE-CITY-Campos": "NE-CITY-Campos",
    "NE-ORGANIZATION-FPSO": "NE-ORGANIZATION-FPSO"
  },
  "onu_33745228406.json": {},
  "onu_33745354316.json": {
    "cfd050f2-67ba-42f7-a36c-18e221b0e3a7-used-25": "f284c30b-4d86-45b4-b48d-6a65d84ee416-used-12",
    "cfd050f2-67ba-42f7-a36c-18e221b0e3a7-flexible-4": "f284c30b-4d86-45b4-b48d-6a65d84ee416-ideal-5"
  },
  "onu_33745713604.json": {
    "cfd050f2-67ba-42f7-a36c-18e221b0e3a7-paper-2": "ce8af812-48d1-4148-a2b4-62388fc22f37-paper-2"
  },
  "onu_33746039693.json": {},
  "onu_33748460104.json": {
    "NE-LOCATION-Basin": "NE-LOCATION-Basin"
  },
  "onu_33749265496.json": {
    "NE-LOCATION-Basin": "0f252e1f-8e80-468b-9631-d74e26200948-basin-28"
  },
  "onu_33751312200.json": {},
  "onu_33751315219.json": {
    "NE-LOCATION-Basin": "NE-LOCATION-Basin",
    "NE-CITY-Campos": "NE-CITY-Campos",
    "cfd050f2-67ba-42f7-a36c-18e221b0e3a7-used-25": "0709a62c-a215-4068-a74c-360cc8510fa9-used-9"
  },
  "onu_34250708084.json": {},
  "onu_344309110.json": {
    "cfd050f2-67ba-42f7-a36c-18e221b0e3a7-780-22-meters-23-of-24-water-25": "8fb8097e-c81f-447a-a4d8-43a43dba6438-910-24-m-25-water-26-depth-27",
    "cfd050f2-67ba-42f7-a36c-18e221b0e3a7-paper-2": "8fb8097e-c81f-447a-a4d8-43a43dba6438-paper-2",
    "cfd050f2-67ba-42f7-a36c-18e221b0e3a7-used-25": "8fb8097e-c81f-447a-a4d8-43a43dba6438-used-17",
    "cfd050f2-67ba-42f7-a36c-18e221b0e3a7-catenary-13-configuration-14": "8fb8097e-c81f-447a-a4d8-43a43dba6438-steel-8-catenary-9-riser-10"
  },
  "onu_344741441.json": {
    "cfd050f2-67ba-42f7-a36c-18e221b0e3a7-site-5-installation-6": "1de3c47d-c84d-4a38-b042-489e5b30b72e-installation-13",
    "cfd050f2-67ba-42f7-a36c-18e221b0e3a7-paper-2": "1de3c47d-c84d-4a38-b042-489e5b30b72e-paper-19",
    "NE-MISC-Turret": "NE-TITLE-processor",
    "cfd050f2-67ba-42f7-a36c-18e221b0e3a7-internal-2": "1de3c47d-c84d-4a38-b042-489e5b30b72e-external-20",
    "NE-ORGANIZATION-FPSO": "NE-ORGANIZATION-FPSO",
    "cfd050f2-67ba-42f7-a36c-18e221b0e3a7-hanging-12": "1de3c47d-c84d-4a38-b042-489e5b30b72e-stationary-38"
  },
  "onu_345171568.json": {
    "cfd050f2-67ba-42f7-a36c-18e221b0e3a7-hanging-12": "d7e4bb8e-83ad-427b-a6a5-b4c0506bc6dc-floating-18"
  },
  "onu_34531605.json": {},
  "onu_34547893063.json": {
    "NE-LOCATION-Basin": "NE-LOCATION-Basin",
    "NE-CITY-Campos": "NE-CITY-Campos",
    "cfd050f2-67ba-42f7-a36c-18e221b0e3a7-paper-2": "be5ea7f2-eaf1-4194-82d5-01264cdce152-paper-2"
  },
  "onu_345603133.json": {
    "NE-LOCATION-Basin": "NE-LOCATION-Basin",
    "NE-CITY-Campos": "NE-CITY-Campos",
    "cfd050f2-67ba-42f7-a36c-18e221b0e3a7-system-6": "83f8226e-eaff-474f-8c4b-070d79533224-system-2",
    "cfd050f2-67ba-42f7-a36c-18e221b0e3a7-hanging-12": "83f8226e-eaff-474f-8c4b-070d79533224-Floating-6"
  },
  "onu_345603650.json": {},
  "onu_34686357.json": {},
  "onu_34984147.json": {
    "NE-LOCATION-Basin": "NE-LOCATION-Basin",
    "NE-CITY-Campos": "NE-CITY-Campos",
    "NE-MISC-Turret": "062d31d3-c60f-4bb0-b8f7-486f7164d436-structure-25",
    "cfd050f2-67ba-42f7-a36c-18e221b0e3a7-hanging-12": "062d31d3-c60f-4bb0-b8f7-486f7164d436-floating-9"
  },
  "onu_35573581.json": {
    "cfd050f2-67ba-42f7-a36c-18e221b0e3a7-paper-2": "919869c7-27ec-44eb-bc21-ebd2300438cf-paper-2"
  },
  "onu_36768397.json": {
    "NE-LOCATION-Basin": "NE-LOCATION-Basin",
    "NE-CITY-Campos": "NE-CITY-Campos"
  },
  "onu_37304895.json": {
    "NE-LOCATION-Basin": "NE-LOCATION-Basin",
    "NE-CITY-Campos": "NE-CITY-Campos",
    "cfd050f2-67ba-42f7-a36c-18e221b0e3a7-paper-2": "6bacd7ac-6903-41a6-a534-aa3361728c0d-paper-2",
    "cfd050f2-67ba-42f7-a36c-18e221b0e3a7-hanging-12": "6bacd7ac-6903-41a6-a534-aa3361728c0d-injected-15"
  },
  "onu_40349089123.json": {
    "NE-LOCATION-Basin": "NE-LOCATION-Basin",
    "NE-CITY-Campos": "NE-CITY-Campos",
    "cfd050f2-67ba-42f7-a36c-18e221b0e3a7-paper-2": "50180d4d-99ad-4416-b364-8467ab844fae-paper-2",
    "cfd050f2-67ba-42f7-a36c-18e221b0e3a7-internal-2": "50180d4d-99ad-4416-b364-8467ab844fae-internal-4"
  },
  "onu_4043182709.json": {
    "NE-LOCATION-Basin": "6c2893f1-9107-4672-832c-d8ec06508db6-basin-6",
    "NE-CITY-Campos": "NE-CITY-Campos",
    "NE-ORGANIZATION-FPSO": "NE-ORGANIZATION-FPSO"
  },
  "onu_41849140524.json": {},
  "onu_47849110025.json": {
    "NE-LOCATION-Basin": "e25e3ae6-98b4-4157-aebf-c9eed09a289f-Santos-15-basin-16"
  },
  "onu_50249174640.json": {
    "NE-ORGANIZATION-FPSO": "NE-ORGANIZATION-FPSO"
  },
  "onu_50249181836.json": {
    "NE-CITY-Campos": "NE-NATIONALITY-Brazilian",
    "NE-ORGANIZATION-FPSO": "NE-ORGANIZATION-FPSO",
    "cfd050f2-67ba-42f7-a36c-18e221b0e3a7-flexible-4": "cfd50fe9-a146-48f2-a71e-97b5100717b7-flexibility-8",
    "cfd050f2-67ba-42f7-a36c-18e221b0e3a7-hanging-12": "cfd50fe9-a146-48f2-a71e-97b5100717b7-double-13"
  },
  "onu_51649098845.json": {},
  "onu_52049093008.json": {},
  "onu_52249116622.json": {
    "NE-LOCATION-Basin": "NE-CITY-Bay",
    "cfd050f2-67ba-42f7-a36c-18e221b0e3a7-system-6": "2954cb55-b229-4b18-865f-d99a89fef52a-system-7",
    "cfd050f2-67ba-42f7-a36c-18e221b0e3a7-hanging-12": "2954cb55-b229-4b18-865f-d99a89fef52a-flexible-2"
  },
  "onu_52349109473.json": {
    "cfd050f2-67ba-42f7-a36c-18e221b0e3a7-hanging-12": "69eb9371-1b92-4f24-801d-8748c6728bc5-floating-22"
  },
  "onu_52849106027.json": {
    "cfd050f2-67ba-42f7-a36c-18e221b0e3a7-paper-2": "35a41731-8e50-4777-9d82-156d471c0ae7-paper-2"
  },
  "onu_57649139087.json": {},
  "onu_58849128774.json": {
    "cfd050f2-67ba-42f7-a36c-18e221b0e3a7-paper-2": "405fb23b-a959-4bb4-bed3-b32aa1a95cad-paper-2",
    "cfd050f2-67ba-42f7-a36c-18e221b0e3a7-hanging-12": "405fb23b-a959-4bb4-bed3-b32aa1a95cad-horizontal-9"
  },
  "onu_59649088185.json": {},
  "onu_68649086917.json": {
    "NE-LOCATION-Basin": "452ca893-25f2-4bf0-ae58-16ca549811cd-basin-26",
    "NE-CITY-Campos": "NE-CITY-Campos"
  },
  "onu_68649124056.json": {
    "NE-LOCATION-Basin": "1ddb617f-5d63-4fae-b6e3-3e210eb638a3-basin-8",
    "NE-CITY-Campos": "NE-CITY-Campos"
  },
  "onu_68649126570.json": {
    "NE-CITY-Campos": "NE-PERSON-Campos",
    "cfd050f2-67ba-42f7-a36c-18e221b0e3a7-internal-2": "7c69eb4c-e764-45a7-a7e2-9b6a99b69281-internal-18"
  },
  "onu_70449127482.json": {},
  "onu_70449650835.json": {},
  "onu_72449143175.json": {},
  "onu_73349086227.json": {
    "NE-LOCATION-Basin": "00339ccb-f0dd-47c7-aecb-ae379e27d109-basin-30",
    "NE-CITY-Campos": "NE-CITY-Campos"
  },
  "onu_77449138097.json": {
    "NE-LOCATION-Basin": "NE-LOCATION-Basin",
    "NE-CITY-Campos": "NE-PERSON-Campos"
  },
  "onu_77955388680.json": {
    "cfd050f2-67ba-42f7-a36c-18e221b0e3a7-paper-2": "6853be13-f2b8-4273-b0f4-b628a386d69b-paper-2",
    "cfd050f2-67ba-42f7-a36c-18e221b0e3a7-system-6": "6853be13-f2b8-4273-b0f4-b628a386d69b-loading-22-system-23",
    "cfd050f2-67ba-42f7-a36c-18e221b0e3a7-hanging-12": "6853be13-f2b8-4273-b0f4-b628a386d69b-bow-21"
  },
  "onu_77955408815.json": {
    "cfd050f2-67ba-42f7-a36c-18e221b0e3a7-site-5-installation-6": "3fbbdd88-8638-4b37-a689-c218c2b9f313-installation-8",
    "NE-LOCATION-Basin": "3fbbdd88-8638-4b37-a689-c218c2b9f313-basin-36",
    "NE-CITY-Campos": "NE-CITY-Campos",
    "cfd050f2-67ba-42f7-a36c-18e221b0e3a7-paper-2": "3fbbdd88-8638-4b37-a689-c218c2b9f313-paper-2",
    "NE-MISC-Turret": "3fbbdd88-8638-4b37-a689-c218c2b9f313-repair-16",
    "cfd050f2-67ba-42f7-a36c-18e221b0e3a7-flexible-4": "3fbbdd88-8638-4b37-a689-c218c2b9f313-bonded-15",
    "cfd050f2-67ba-42f7-a36c-18e221b0e3a7-hanging-12": "3fbbdd88-8638-4b37-a689-c218c2b9f313-bonded-15"
  },
  "onu_77956543361.json": {},
  "onu_77956858304.json": {},
  "onu_77958012173.json": {},
  "onu_78049320828.json": {
    "cfd050f2-67ba-42f7-a36c-18e221b0e3a7-780-22-meters-23-of-24-water-25": "b0408dc9-8c82-423c-98ff-ebbb41b36282-648-23-m-24-of-25-water-26",
    "NE-LOCATION-Basin": "NE-LOCATION-Basin",
    "NE-CITY-Campos": "NE-CITY-Campos"
  },
  "onu_78649387727.json": {
    "NE-ORGANIZATION-FPSO": "NE-ORGANIZATION-FPSO",
    "cfd050f2-67ba-42f7-a36c-18e221b0e3a7-flexible-4": "fb519079-be4d-4927-b352-9904e9f3c03f-horizontal-9"
  },
  "onu_78650855754.json": {},
  "onu_79952546010.json": {
    "cfd050f2-67ba-42f7-a36c-18e221b0e3a7-paper-2": "b40df2ca-cdf7-4284-8597-8f166cac093a-paper-2",
    "cfd050f2-67ba-42f7-a36c-18e221b0e3a7-780-22-meters-23": "b40df2ca-cdf7-4284-8597-8f166cac093a-415-14-meters-15",
    "cfd050f2-67ba-42f7-a36c-18e221b0e3a7-used-25": "b40df2ca-cdf7-4284-8597-8f166cac093a-used-8"
  },
  "onu_79952620223.json": {
    "NE-LOCATION-Basin": "NE-LOCATION-Basin",
    "NE-CITY-Campos": "NE-CITY-Campos",
    "cfd050f2-67ba-42f7-a36c-18e221b0e3a7-paper-2": "c65b6b38-5933-4677-bdf7-2b10f3833625-paper-2",
    "cfd050f2-67ba-42f7-a36c-18e221b0e3a7-seafloor-11": "c65b6b38-5933-4677-bdf7-2b10f3833625-seafloor-17",
    "cfd050f2-67ba-42f7-a36c-18e221b0e3a7-used-25": "c65b6b38-5933-4677-bdf7-2b10f3833625-used-9"
  },
  "onu_79953006622.json": {
    "NE-LOCATION-Basin": "6e0ae093-c13e-410d-9aa0-41775ea6f017-region-10"
  },
  "onu_79955374293.json": {
    "NE-LOCATION-Basin": "NE-LOCATION-Basin",
    "cfd050f2-67ba-42f7-a36c-18e221b0e3a7-paper-2": "fdf01418-b90d-4c3b-8f26-604224b4b6fb-paper-2"
  },
  "onu_79955828033.json": {
    "cfd050f2-67ba-42f7-a36c-18e221b0e3a7-paper-2": "070900c0-3683-4838-8adf-7fc9280ff95b-paper-2"
  },
  "onu_79959789184.json": {},
  "onu_80052069671.json": {},
  "onu_80052571318.json": {
    "cfd050f2-67ba-42f7-a36c-18e221b0e3a7-paper-2": "6c5a99a3-587c-4891-b93a-3283c2d031e2-paper-2",
    "cfd050f2-67ba-42f7-a36c-18e221b0e3a7-internal-2": "6c5a99a3-587c-4891-b93a-3283c2d031e2-lateral-16"
  },
  "onu_80052582062.json": {
    "NE-CITY-Campos": "NE-CITY-Campos",
    "cfd050f2-67ba-42f7-a36c-18e221b0e3a7-used-25": "7a7f6f9c-3356-4943-af08-ffb5a792d414-used-4",
    "NE-LOCATION-Basin": "NE-LOCATION-Basin"
  },
  "onu_80052741860.json": {
    "NE-ORGANIZATION-FPSO": "79779a95-9f66-41cc-8f88-c4ffb6057f28-Exquisite-25-FSRU-26",
    "cfd050f2-67ba-42f7-a36c-18e221b0e3a7-hanging-12": "79779a95-9f66-41cc-8f88-c4ffb6057f28-floating-19"
  },
  "onu_80053430040.json": {
    "cfd050f2-67ba-42f7-a36c-18e221b0e3a7-system-6": "6662d10a-a02c-4d87-88ea-e983eff2d48c-system-2",
    "NE-ORGANIZATION-FPSO": "NE-ORGANIZATION-FPSO"
  },
  "onu_80053904380.json": {
    "cfd050f2-67ba-42f7-a36c-18e221b0e3a7-780-22-meters-23-of-24-water-25": "b3a7d84e-f49d-44a6-94ef-f5d57da13419-899-15-m-16-water-17-depth-18",
    "NE-LOCATION-Basin": "b3a7d84e-f49d-44a6-94ef-f5d57da13419-basin-25",
    "NE-CITY-Campos": "NE-CITY-Campos",
    "cfd050f2-67ba-42f7-a36c-18e221b0e3a7-system-6": "b3a7d84e-f49d-44a6-94ef-f5d57da13419-system-11-contract-12"
  },
  "onu_80053909062.json": {},
  "onu_80053931244.json": {},
  "onu_80053961084.json": {
    "cfd050f2-67ba-42f7-a36c-18e221b0e3a7-used-25": "00386aed-2baf-4b8b-a186-2dcd3e2dfe13-used-3"
  },
  "onu_80054757255.json": {},
  "onu_81855167522.json": {
    "NE-LOCATION-Basin": "67a11e3d-316d-4504-abb6-d3f419bb7620-basins-10"
  },
  "onu_82555187024.json": {},
  "onu_83155193342.json": {
    "cfd050f2-67ba-42f7-a36c-18e221b0e3a7-system-6": "e3af93b2-aa60-45e5-8d24-87a91ead4a60-system-3"
  },
  "onu_84856625676.json": {
    "cfd050f2-67ba-42f7-a36c-18e221b0e3a7-used-25": "f46d89ca-ba74-4b07-984b-f55cacc7eb9d-used-3",
    "cfd050f2-67ba-42f7-a36c-18e221b0e3a7-flow-18-path-19": "f46d89ca-ba74-4b07-984b-f55cacc7eb9d-flowline-11-loop-12",
    "cfd050f2-67ba-42f7-a36c-18e221b0e3a7-flexible-4": "f46d89ca-ba74-4b07-984b-f55cacc7eb9d-approach-14"
  },
  "onu_84856741449.json": {},
  "onu_84857305090.json": {
    "cfd050f2-67ba-42f7-a36c-18e221b0e3a7-paper-2": "6f3e4645-24e4-4349-bbd4-2d20eb367316-paper-2"
  },
  "onu_84857324711.json": {
    "cfd050f2-67ba-42f7-a36c-18e221b0e3a7-flexible-4": "2ca4e696-bb0f-4ef9-91e4-7a25d65d6ff6-permanent-9",
    "cfd050f2-67ba-42f7-a36c-18e221b0e3a7-hanging-12": "2ca4e696-bb0f-4ef9-91e4-7a25d65d6ff6-permanent-9"
  },
  "onu_84857483294.json": {},
  "onu_84861595246.json": {
    "NE-LOCATION-Basin": "NE-LOCATION-Basin",
    "NE-CITY-Campos": "NE-CITY-Santos",
    "cfd050f2-67ba-42f7-a36c-18e221b0e3a7-paper-2": "204509a8-265c-4397-8149-04982bb962db-paper-2",
    "cfd050f2-67ba-42f7-a36c-18e221b0e3a7-hanging-12": "204509a8-265c-4397-8149-04982bb962db-pointing-17"
  },
  "onu_84864615590.json": {
    "cfd050f2-67ba-42f7-a36c-18e221b0e3a7-paper-2": "0b789bcb-4b6a-4e1e-8498-8f681f20a218-paper-2",
    "NE-ORGANIZATION-FPSO": "0b789bcb-4b6a-4e1e-8498-8f681f20a218-SBPSC-25",
    "cfd050f2-67ba-42f7-a36c-18e221b0e3a7-flexible-4": "0b789bcb-4b6a-4e1e-8498-8f681f20a218-flexible-29",
    "cfd050f2-67ba-42f7-a36c-18e221b0e3a7-hanging-12": "0b789bcb-4b6a-4e1e-8498-8f681f20a218-flexible-29"
  },
  "onu_84864936265.json": {
    "NE-LOCATION-Basin": "NE-LOCATION-Basin"
  },
  "onu_84865218536.json": {
    "cfd050f2-67ba-42f7-a36c-18e221b0e3a7-paper-2": "e955921c-620b-4103-a481-8613fc75bad6-paper-21",
    "cfd050f2-67ba-42f7-a36c-18e221b0e3a7-flexible-4": "e955921c-620b-4103-a481-8613fc75bad6-seismic-6",
    "cfd050f2-67ba-42f7-a36c-18e221b0e3a7-hanging-12": "e955921c-620b-4103-a481-8613fc75bad6-seismic-6"
  },
  "onu_84865723570.json": {
    "cfd050f2-67ba-42f7-a36c-18e221b0e3a7-paper-2": "ee5c2e54-d5c3-4267-b45d-c2d38fa079f1-paper-2",
    "cfd050f2-67ba-42f7-a36c-18e221b0e3a7-flexible-4": "ee5c2e54-d5c3-4267-b45d-c2d38fa079f1-efficient-2",
    "cfd050f2-67ba-42f7-a36c-18e221b0e3a7-hanging-12": "ee5c2e54-d5c3-4267-b45d-c2d38fa079f1-same-29"
  },
  "onu_84869199462.json": {
    "cfd050f2-67ba-42f7-a36c-18e221b0e3a7-flexible-4": "86788da6-b594-49e1-ac23-94a6a03306a4-passive-13",
    "cfd050f2-67ba-42f7-a36c-18e221b0e3a7-hanging-12": "86788da6-b594-49e1-ac23-94a6a03306a4-passive-13"
  },
  "onu_84870604908.json": {
    "cfd050f2-67ba-42f7-a36c-18e221b0e3a7-flexible-4": "3f1a547b-6d66-41b8-8607-95757af4c8cc-modular-11",
    "cfd050f2-67ba-42f7-a36c-18e221b0e3a7-hanging-12": "3f1a547b-6d66-41b8-8607-95757af4c8cc-modular-11"
  },
  "onu_84877857340.json": {
    "NE-LOCATION-Basin": "NE-LOCATION-Basin"
  },
  "onu_84878941411.json": {
    "cfd050f2-67ba-42f7-a36c-18e221b0e3a7-used-25": "358ea47e-b418-4525-b65c-3998ab882728-used-14"
  },
  "onu_84879432080.json": {
    "cfd050f2-67ba-42f7-a36c-18e221b0e3a7-paper-2": "d22980f2-d1fa-4f87-94aa-ec684269aac1-paper-2",
    "cfd050f2-67ba-42f7-a36c-18e221b0e3a7-used-25": "d22980f2-d1fa-4f87-94aa-ec684269aac1-using-34",
    "cfd050f2-67ba-42f7-a36c-18e221b0e3a7-flexible-4": "d22980f2-d1fa-4f87-94aa-ec684269aac1-flexible-52",
    "cfd050f2-67ba-42f7-a36c-18e221b0e3a7-hanging-12": "d22980f2-d1fa-4f87-94aa-ec684269aac1-mechanical-28"
  },
  "onu_84879955769.json": {},
  "onu_84880007809.json": {},
  "onu_84883765236.json": {},
  "onu_84883765292.json": {},
  "onu_84887507211.json": {
    "NE-LOCATION-Basin": "NE-LOCATION-Basin",
    "NE-CITY-Campos": "NE-CITY-Campos",
    "cfd050f2-67ba-42f7-a36c-18e221b0e3a7-paper-2": "9aa61b6b-268d-41fb-a9cc-799d32a8079c-paper-2",
    "cfd050f2-67ba-42f7-a36c-18e221b0e3a7-hanging-12": "9aa61b6b-268d-41fb-a9cc-799d32a8079c-Floating-24"
  },
  "onu_84888845935.json": {
    "NE-MISC-Turret": "08983aea-212e-4ede-98cd-be137c97ff19-including-27-hull-28",
    "NE-ORGANIZATION-FPSO": "NE-ORGANIZATION-FPSO"
  },
  "onu_84888934569.json": {
    "NE-LOCATION-Basin": "NE-LOCATION-Basin",
    "NE-CITY-Campos": "NE-CITY-Campos"
  },
  "onu_84888954344.json": {
    "NE-CITY-Campos": "NE-CITY-Campos",
    "cfd050f2-67ba-42f7-a36c-18e221b0e3a7-internal-2": "bede67c1-2219-4ecb-94db-aba0e79b294c-internal-37",
    "cfd050f2-67ba-42f7-a36c-18e221b0e3a7-hanging-12": "bede67c1-2219-4ecb-94db-aba0e79b294c-internal-37",
    "NE-LOCATION-Basin": "NE-LOCATION-Basin"
  },
  "onu_84888967977.json": {},
  "onu_84889840418.json": {
    "NE-LOCATION-Basin": "41959f29-a13c-4064-ae33-3e45571a9a7d-Santos-37-basin-38",
    "NE-ORGANIZATION-FPSO": "NE-ORGANIZATION-FPSO"
  },
  "onu_84891320656.json": {
    "cfd050f2-67ba-42f7-a36c-18e221b0e3a7-used-25": "1309746e-bd51-453c-8893-8fb38d7af7ab-used-6",
    "cfd050f2-67ba-42f7-a36c-18e221b0e3a7-flexible-4": "1309746e-bd51-453c-8893-8fb38d7af7ab-flexible-2",
    "cfd050f2-67ba-42f7-a36c-18e221b0e3a7-hanging-12": "1309746e-bd51-453c-8893-8fb38d7af7ab-bending-11"
  },
  "onu_84891344152.json": {
    "cfd050f2-67ba-42f7-a36c-18e221b0e3a7-system-6": "295c9de1-de4f-46df-baf3-c289fa395145-system-8"
  },
  "onu_84892632570.json": {
    "cfd050f2-67ba-42f7-a36c-18e221b0e3a7-flexible-4": "6dec9498-a5f9-44bc-9e98-a6457ad68d76-economical-11",
    "cfd050f2-67ba-42f7-a36c-18e221b0e3a7-hanging-12": "6dec9498-a5f9-44bc-9e98-a6457ad68d76-Hierarchical-22"
  },
  "onu_84892860778.json": {
    "NE-LOCATION-Basin": "NE-LOCATION-Basin",
    "NE-CITY-Campos": "NE-CITY-Campos"
  },
  "onu_84893052541.json": {
    "NE-LOCATION-Basin": "NE-LOCATION-Basin",
    "NE-CITY-Campos": "NE-CITY-Santos",
    "cfd050f2-67ba-42f7-a36c-18e221b0e3a7-paper-2": "f0e08ada-1ca4-4e31-bda9-3911eddc8016-paper-2",
    "cfd050f2-67ba-42f7-a36c-18e221b0e3a7-flow-18-path-19": "f0e08ada-1ca4-4e31-bda9-3911eddc8016-flow-31",
    "cfd050f2-67ba-42f7-a36c-18e221b0e3a7-hanging-12": "f0e08ada-1ca4-4e31-bda9-3911eddc8016-heated-14"
  },
  "onu_84893062958.json": {
    "NE-LOCATION-Basin": "541e4f99-d3c4-4b3c-9b8b-0073f1b215fc-basins-10",
    "NE-CITY-Campos": "NE-ORGANIZATION-Santos",
    "cfd050f2-67ba-42f7-a36c-18e221b0e3a7-hanging-12": "541e4f99-d3c4-4b3c-9b8b-0073f1b215fc-logistical-2"
  },
  "onu_84893067779.json": {
    "cfd050f2-67ba-42f7-a36c-18e221b0e3a7-paper-2": "e3239ac2-996c-48c2-a4b9-5b330ad8ca86-paper-2",
    "cfd050f2-67ba-42f7-a36c-18e221b0e3a7-used-25": "e3239ac2-996c-48c2-a4b9-5b330ad8ca86-used-11",
    "cfd050f2-67ba-42f7-a36c-18e221b0e3a7-flexible-4": "e3239ac2-996c-48c2-a4b9-5b330ad8ca86-innovative-5"
  },
  "onu_84893090004.json": {},
  "onu_84893361208.json": {
    "cfd050f2-67ba-42f7-a36c-18e221b0e3a7-paper-2": "9867dde6-b627-4c95-aa08-5793f95d79f9-paper-3"
  },
  "onu_84893407222.json": {
    "cfd050f2-67ba-42f7-a36c-18e221b0e3a7-internal-2": "44b1d4b9-1d34-4364-a8fe-c3fcc69d0615-prolonged-11"
  },
  "onu_84893805098.json": {
    "NE-LOCATION-Basin": "NE-LOCATION-Basin",
    "NE-CITY-Campos": "NE-CITY-Campos",
    "cfd050f2-67ba-42f7-a36c-18e221b0e3a7-internal-2": "c9cc11fc-8719-4e06-8c6b-99c7f538df16-reproductive-10",
    "cfd050f2-67ba-42f7-a36c-18e221b0e3a7-hanging-12": "c9cc11fc-8719-4e06-8c6b-99c7f538df16-reproductive-10"
  },
  "onu_84894453276.json": {
    "NE-LOCATION-Basin": "NE-LOCATION-Basin",
    "NE-CITY-Campos": "NE-CITY-Campos"
  },
  "onu_84894470550.json": {},
  "onu_84896824358.json": {
    "cfd050f2-67ba-42f7-a36c-18e221b0e3a7-system-6": "a674b86c-95d0-4e2a-aca6-37744b347071-transport-4-system-5",
    "cfd050f2-67ba-42f7-a36c-18e221b0e3a7-hanging-12": "a674b86c-95d0-4e2a-aca6-37744b347071-conceptual-19"
  },
  "onu_84897376128.json": {
    "cfd050f2-67ba-42f7-a36c-18e221b0e3a7-paper-2": "6634b230-b55b-42f5-b6bf-e9764410d504-paper-2",
    "cfd050f2-67ba-42f7-a36c-18e221b0e3a7-internal-2": "6634b230-b55b-42f5-b6bf-e9764410d504-stuck-15"
  },
  "onu_84897381844.json": {},
  "onu_84897392529.json": {
    "cfd050f2-67ba-42f7-a36c-18e221b0e3a7-used-25": "21b0b660-404f-436a-867e-af9cbe7f0918-used-4"
  },
  "onu_84897399429.json": {
    "cfd050f2-67ba-42f7-a36c-18e221b0e3a7-780-22-meters-23-of-24-water-25": "898c33c4-d7a3-46cc-94f0-d84c5288fee6-140m-15-pay-18-in-19-2,129-20-m-21-water-22-depth-23"
  },
  "onu_84897408330.json": {
    "cfd050f2-67ba-42f7-a36c-18e221b0e3a7-paper-2": "b19e19ff-a5c9-48e8-bb16-bce5beab0ca2-paper-2"
  },
  "onu_84897441267.json": {
    "cfd050f2-67ba-42f7-a36c-18e221b0e3a7-paper-2": "6386a9ef-0016-45d5-9431-03b779673c2b-paper-2",
    "NE-ORGANIZATION-FPSO": "NE-ORGANIZATION-Goliat-FPSO",
    "cfd050f2-67ba-42f7-a36c-18e221b0e3a7-hanging-12": "6386a9ef-0016-45d5-9431-03b779673c2b-same-15"
  },
  "onu_84897448998.json": {
    "cfd050f2-67ba-42f7-a36c-18e221b0e3a7-paper-2": "ebed93b1-9b44-42bf-a267-aebdc3f48887-paper-9",
    "cfd050f2-67ba-42f7-a36c-18e221b0e3a7-used-25": "ebed93b1-9b44-42bf-a267-aebdc3f48887-used-5"
  },
  "onu_84897449140.json": {
    "cfd050f2-67ba-42f7-a36c-18e221b0e3a7-paper-2": "b829cc46-eb44-4769-8923-e94eb353af76-paper-2"
  },
  "onu_84897461830.json": {
    "cfd050f2-67ba-42f7-a36c-18e221b0e3a7-paper-2": "6d4e9725-03d3-4734-9822-6feb56c5d4d5-paper-2"
  },
  "onu_84897465328.json": {
    "cfd050f2-67ba-42f7-a36c-18e221b0e3a7-paper-2": "7e19d608-90b6-4fc3-afea-623202a7f587-paper-2",
    "cfd050f2-67ba-42f7-a36c-18e221b0e3a7-flexible-4": "7e19d608-90b6-4fc3-afea-623202a7f587-innovative-9"
  },
  "onu_84897470967.json": {},
  "onu_84900305359.json": {
    "cfd050f2-67ba-42f7-a36c-18e221b0e3a7-seafloor-11": "97531c44-64fa-4fe3-bfde-d9c5843dc485-seafloor-28",
    "cfd050f2-67ba-42f7-a36c-18e221b0e3a7-used-25": "97531c44-64fa-4fe3-bfde-d9c5843dc485-used-10"
  },
  "onu_84901784680.json": {},
  "onu_84904394721.json": {
    "cfd050f2-67ba-42f7-a36c-18e221b0e3a7-hanging-12": "8e2e949b-ad5f-4570-870a-fc20ddc3c8e9-reformer-19"
  },
  "onu_84905748711.json": {
    "cfd050f2-67ba-42f7-a36c-18e221b0e3a7-paper-2": "dede7ae1-618b-4e69-ba85-b9a4bf191bed-paper-2",
    "cfd050f2-67ba-42f7-a36c-18e221b0e3a7-flexible-4": "dede7ae1-618b-4e69-ba85-b9a4bf191bed-composite-15",
    "cfd050f2-67ba-42f7-a36c-18e221b0e3a7-hanging-12": "dede7ae1-618b-4e69-ba85-b9a4bf191bed-composite-15"
  },
  "onu_84907991224.json": {},
  "onu_84918528762.json": {
    "cfd050f2-67ba-42f7-a36c-18e221b0e3a7-hanging-12": "521f5922-1c3e-4c36-9fd5-536f42356eaf-immature-15"
  },
  "onu_84925638296.json": {
    "cfd050f2-67ba-42f7-a36c-18e221b0e3a7-hanging-12": "b21e4bce-3e9b-4d90-a83b-1abdd0c22319-passive-21"
  },
  "onu_84930513772.json": {},
  "onu_84940864746.json": {},
  "onu_84943289484.json": {
    "NE-LOCATION-Basin": "a318701e-6951-43b5-ab6d-2b3deb57fa16-basin-25"
  },
  "onu_84943328375.json": {
    "cfd050f2-67ba-42f7-a36c-18e221b0e3a7-site-5-installation-6": "959feb1f-0a32-411d-bb1a-fe07e8dd3be3-installation-21",
    "NE-CITY-Campos": "NE-CITY-Santos",
    "cfd050f2-67ba-42f7-a36c-18e221b0e3a7-paper-2": "959feb1f-0a32-411d-bb1a-fe07e8dd3be3-paper-2",
    "cfd050f2-67ba-42f7-a36c-18e221b0e3a7-used-25": "959feb1f-0a32-411d-bb1a-fe07e8dd3be3-used-48",
    "cfd050f2-67ba-42f7-a36c-18e221b0e3a7-internal-2": "959feb1f-0a32-411d-bb1a-fe07e8dd3be3-clad-42",
    "NE-LOCATION-Basin": "NE-LOCATION-Basin"
  },
  "onu_84943338721.json": {
    "NE-LOCATION-Basin": "NE-LOCATION-Basin",
    "NE-CITY-Campos": "NE-CITY-Santos",
    "cfd050f2-67ba-42f7-a36c-18e221b0e3a7-used-25": "83c12324-c60f-4651-9cfb-69111aaba3ef-used-4",
    "NE-ORGANIZATION-FPSO": "83c12324-c60f-4651-9cfb-69111aaba3ef-FPSOs-27",
    "cfd050f2-67ba-42f7-a36c-18e221b0e3a7-hanging-12": "83c12324-c60f-4651-9cfb-69111aaba3ef-simultaneous-5"
  },
  "onu_84943339436.json": {
    "NE-LOCATION-Basin": "NE-LOCATION-Basin",
    "NE-CITY-Campos": "NE-CITY-Campos",
    "cfd050f2-67ba-42f7-a36c-18e221b0e3a7-paper-2": "3cd768dc-cd71-4749-a45c-61e32e4b3b06-paper-2",
    "cfd050f2-67ba-42f7-a36c-18e221b0e3a7-internal-2": "3cd768dc-cd71-4749-a45c-61e32e4b3b06-welded-15",
    "cfd050f2-67ba-42f7-a36c-18e221b0e3a7-flexible-4": "3cd768dc-cd71-4749-a45c-61e32e4b3b06-tight-5",
    "cfd050f2-67ba-42f7-a36c-18e221b0e3a7-hanging-12": "3cd768dc-cd71-4749-a45c-61e32e4b3b06-welded-15"
  },
  "onu_84944574757.json": {
    "cfd050f2-67ba-42f7-a36c-18e221b0e3a7-site-5-installation-6": "d0d3f522-daa5-46df-9fd9-95491816b5d6-installation-29",
    "NE-CITY-Campos": "NE-CITY-Campos",
    "cfd050f2-67ba-42f7-a36c-18e221b0e3a7-paper-2": "d0d3f522-daa5-46df-9fd9-95491816b5d6-paper-2",
    "cfd050f2-67ba-42f7-a36c-18e221b0e3a7-hanging-12": "d0d3f522-daa5-46df-9fd9-95491816b5d6-intelligent-3",
    "NE-LOCATION-Basin": "NE-LOCATION-Basin"
  },
  "onu_84944593501.json": {
    "cfd050f2-67ba-42f7-a36c-18e221b0e3a7-flexible-4": "ddbb976f-3682-4d4d-964c-c8f97d044879-realistic-21"
  },
  "onu_84947326315.json": {},
  "onu_84947757002.json": {
    "cfd050f2-67ba-42f7-a36c-18e221b0e3a7-paper-2": "e4f3700a-2016-4bba-b2a4-c67750ed33d4-paper-28"
  },
  "onu_84949266932.json": {
    "cfd050f2-67ba-42f7-a36c-18e221b0e3a7-used-25": "42b505ba-f41a-4c4d-afef-28084be680c7-used-9"
  },
  "onu_84951918487.json": {
    "NE-LOCATION-Basin": "NE-LOCATION-Basin",
    "NE-CITY-Campos": "NE-CITY-Santos",
    "cfd050f2-67ba-42f7-a36c-18e221b0e3a7-paper-2": "6d96e98c-77ad-4954-b07a-14307ad74b11-paper-2",
    "cfd050f2-67ba-42f7-a36c-18e221b0e3a7-system-6": "6d96e98c-77ad-4954-b07a-14307ad74b11-system-27",
    "cfd050f2-67ba-42f7-a36c-18e221b0e3a7-used-25": "6d96e98c-77ad-4954-b07a-14307ad74b11-used-28",
    "cfd050f2-67ba-42f7-a36c-18e221b0e3a7-hanging-12": "6d96e98c-77ad-4954-b07a-14307ad74b11-vertical-13"
  },
  "onu_84954454797.json": {},
  "onu_84955127995.json": {},
  "onu_84958666405.json": {},
  "onu_84959478227.json": {
    "cfd050f2-67ba-42f7-a36c-18e221b0e3a7-turret-9": "1f3dc02a-457f-4c60-95e7-899b6c972eb8-turret-27",
    "NE-MISC-Turret": "1f3dc02a-457f-4c60-95e7-899b6c972eb8-turret-18",
    "cfd050f2-67ba-42f7-a36c-18e221b0e3a7-internal-2": "1f3dc02a-457f-4c60-95e7-899b6c972eb8-central-26",
    "cfd050f2-67ba-42f7-a36c-18e221b0e3a7-hanging-12": "1f3dc02a-457f-4c60-95e7-899b6c972eb8-horizontal-10"
  },
  "onu_84959561430.json": {
    "cfd050f2-67ba-42f7-a36c-18e221b0e3a7-paper-2": "c9b0cc1d-e1ac-4a3e-8cb4-ffafc327a1c8-paper-2"
  },
  "onu_84963819657.json": {
    "cfd050f2-67ba-42f7-a36c-18e221b0e3a7-system-6": "fcf2e6c3-d24b-4213-a006-8fb5427c6317-system-47",
    "cfd050f2-67ba-42f7-a36c-18e221b0e3a7-hanging-12": "fcf2e6c3-d24b-4213-a006-8fb5427c6317-dipping-20"
  },
  "onu_84964700375.json": {
    "cfd050f2-67ba-42f7-a36c-18e221b0e3a7-flexible-4": "69c6bb79-fae8-43da-8f18-3e03cea59fec-simple-17"
  },
  "onu_84974574825.json": {
    "cfd050f2-67ba-42f7-a36c-18e221b0e3a7-used-25": "bd331931-0124-4a50-84bf-199162a52f3f-used-8",
    "cfd050f2-67ba-42f7-a36c-18e221b0e3a7-flexible-4": "bd331931-0124-4a50-84bf-199162a52f3f-seismic-8"
  },
  "onu_84975761253.json": {},
  "onu_84979574362.json": {},
  "onu_84983465797.json": {},
  "onu_84984596158.json": {},
  "onu_84987760544.json": {},
  "onu_84987762471.json": {},
  "onu_84987763922.json": {},
  "onu_84990861431.json": {},
  "onu_84990898401.json": {},
  "onu_84996602559.json": {},
  "onu_85006339618.json": {},
  "onu_85007282651.json": {},
  "onu_85008198009.json": {
    "cfd050f2-67ba-42f7-a36c-18e221b0e3a7-system-6": "80129f0b-a3c4-407d-9de2-a53c1612d9dd-system-9"
  },
  "onu_85009177497.json": {
    "cfd050f2-67ba-42f7-a36c-18e221b0e3a7-used-25": "77e3eb37-fc2c-484b-93bf-2c8e40534b57-used-8",
    "cfd050f2-67ba-42f7-a36c-18e221b0e3a7-hanging-12": "77e3eb37-fc2c-484b-93bf-2c8e40534b57-linear-10"
  },
  "onu_85009192413.json": {},
  "onu_85009433339.json": {
    "NE-CITY-Campos": "NE-CITY-Campos",
    "NE-LOCATION-Basin": "NE-LOCATION-Basin"
  },
  "onu_85012910163.json": {
    "NE-CITY-Campos": "NE-CITY-Campos",
    "cfd050f2-67ba-42f7-a36c-18e221b0e3a7-used-25": "be4b33fc-ea24-431e-800e-9069afec7afe-used-13",
    "cfd050f2-67ba-42f7-a36c-18e221b0e3a7-internal-2": "NE-COUNTRY-fold",
    "NE-LOCATION-Basin": "NE-LOCATION-Basin"
  },
  "onu_85013296221.json": {
    "cfd050f2-67ba-42f7-a36c-18e221b0e3a7-paper-2": "68be832a-27b4-49e7-8b72-dcc340ca62d8-paper-2",
    "cfd050f2-67ba-42f7-a36c-18e221b0e3a7-hanging-12": "68be832a-27b4-49e7-8b72-dcc340ca62d8-simulated-4"
  },
  "onu_85013858173.json": {
    "NE-LOCATION-Basin": "NE-LOCATION-Basin",
    "NE-CITY-Campos": "NE-CITY-Santos",
    "cfd050f2-67ba-42f7-a36c-18e221b0e3a7-seafloor-11": "9f50d251-7e41-4765-8a72-6be967b48838-seafloor-7",
    "cfd050f2-67ba-42f7-a36c-18e221b0e3a7-internal-2": "9f50d251-7e41-4765-8a72-6be967b48838-exposed-4"
  },
  "onu_85016298905.json": {},
  "onu_85016958402.json": {
    "cfd050f2-67ba-42f7-a36c-18e221b0e3a7-paper-2": "caf1ea25-a32b-433b-bb7d-3960560de634-paper-2"
  },
  "onu_85017468089.json": {
    "NE-LOCATION-Basin": "NE-LOCATION-Basin",
    "NE-CITY-Campos": "NE-CITY-Campos"
  },
  "onu_85020183362.json": {
    "NE-CITY-Campos": "b39a3cd5-61c9-463a-a2eb-9913aee3b9ca-Campos-36-basin-37"
  },
  "onu_85026803842.json": {
    "cfd050f2-67ba-42f7-a36c-18e221b0e3a7-paper-2": "1422e178-cc62-4bf3-acfe-1985781bfe49-paper-2",
    "NE-ORGANIZATION-FPSO": "1422e178-cc62-4bf3-acfe-1985781bfe49-FPSOs-2",
    "cfd050f2-67ba-42f7-a36c-18e221b0e3a7-hanging-12": "1422e178-cc62-4bf3-acfe-1985781bfe49-variable-7"
  },
  "onu_85027233889.json": {
    "NE-LOCATION-Basin": "NE-LOCATION-Basin"
  },
  "onu_85027401053.json": {
    "cfd050f2-67ba-42f7-a36c-18e221b0e3a7-hanging-12": "53d0784c-6881-46a8-8607-8473e2e87675-tidal-17"
  },
  "onu_85028240731.json": {
    "cfd050f2-67ba-42f7-a36c-18e221b0e3a7-used-25": "acaa2c9d-be80-416b-98b2-8bc5effea785-used-12",
    "cfd050f2-67ba-42f7-a36c-18e221b0e3a7-internal-2": "acaa2c9d-be80-416b-98b2-8bc5effea785-internal-6"
  },
  "onu_85028278319.json": {
    "cfd050f2-67ba-42f7-a36c-18e221b0e3a7-paper-2": "87ea7ee8-fea4-423e-b948-4867cebcb9ad-paper-2",
    "cfd050f2-67ba-42f7-a36c-18e221b0e3a7-hanging-12": "87ea7ee8-fea4-423e-b948-4867cebcb9ad-employing-23"
  },
  "onu_85028950368.json": {
    "cfd050f2-67ba-42f7-a36c-18e221b0e3a7-paper-2": "e4dae957-4d94-4311-82ad-250e750ae287-paper-2",
    "cfd050f2-67ba-42f7-a36c-18e221b0e3a7-hanging-12": "e4dae957-4d94-4311-82ad-250e750ae287-tidal-11"
  },
  "onu_85029591872.json": {
    "cfd050f2-67ba-42f7-a36c-18e221b0e3a7-system-6": "b236a4b6-2727-41c8-8cef-67a669027e7b-system-10"
  },
  "onu_85030830298.json": {
    "NE-LOCATION-Basin": "NE-LOCATION-Basin",
    "NE-CITY-Campos": "NE-CITY-Campos",
    "cfd050f2-67ba-42f7-a36c-18e221b0e3a7-internal-2": "7c4c08d7-08a1-49b5-9442-d72738d202b1-flexible-12",
    "cfd050f2-67ba-42f7-a36c-18e221b0e3a7-flexible-4": "7c4c08d7-08a1-49b5-9442-d72738d202b1-flexible-12"
  },
  "onu_85030842598.json": {
    "cfd050f2-67ba-42f7-a36c-18e221b0e3a7-paper-2": "34e8fac9-66f8-4a6c-8c9c-88ed163b72d7-paper-4",
    "cfd050f2-67ba-42f7-a36c-18e221b0e3a7-hanging-12": "34e8fac9-66f8-4a6c-8c9c-88ed163b72d7-conceptual-34"
  },
  "onu_85031996233.json": {
    "NE-CITY-Campos": "NE-CITY-Santos",
    "cfd050f2-67ba-42f7-a36c-18e221b0e3a7-paper-2": "9d056a4c-d060-45c5-9a52-c7de291d1d6a-Paper-2",
    "cfd050f2-67ba-42f7-a36c-18e221b0e3a7-used-25": "9d056a4c-d060-45c5-9a52-c7de291d1d6a-used-12",
    "cfd050f2-67ba-42f7-a36c-18e221b0e3a7-hanging-12": "9d056a4c-d060-45c5-9a52-c7de291d1d6a-requiring-30",
    "NE-LOCATION-Basin": "NE-LOCATION-Basin"
  },
  "onu_85032863710.json": {
    "cfd050f2-67ba-42f7-a36c-18e221b0e3a7-internal-2": "59d300b8-aa39-45a5-a859-541819eebb68-rigid-9",
    "cfd050f2-67ba-42f7-a36c-18e221b0e3a7-hanging-12": "59d300b8-aa39-45a5-a859-541819eebb68-remote-5"
  },
  "onu_85033225585.json": {
    "cfd050f2-67ba-42f7-a36c-18e221b0e3a7-paper-2": "7de64ed0-3f58-45d8-9cc8-eef825191710-paper-2",
    "cfd050f2-67ba-42f7-a36c-18e221b0e3a7-hanging-12": "7de64ed0-3f58-45d8-9cc8-eef825191710-conventional-16"
  },
  "onu_85033604891.json": {
    "cfd050f2-67ba-42f7-a36c-18e221b0e3a7-used-25": "19e83c8d-6a15-405b-9872-15221efe1cac-used-14"
  },
  "onu_85034042710.json": {
    "cfd050f2-67ba-42f7-a36c-18e221b0e3a7-used-25": "9ccfcbb1-6830-465f-8c28-a81ac0f15a97-used-14"
  },
  "onu_85035340277.json": {},
  "onu_85037355639.json": {
    "NE-LOCATION-Basin": "f2532b6a-23e5-4ee4-b23c-b14a66103885-basins-6"
  },
  "onu_85037590262.json": {},
  "onu_85039546750.json": {},
  "onu_85040381710.json": {},
  "onu_85040498521.json": {
    "cfd050f2-67ba-42f7-a36c-18e221b0e3a7-used-25": "4372788a-b01b-4c08-a40d-5e901fddf4a5-used-6"
  },
  "onu_85040888184.json": {},
  "onu_85041142849.json": {
    "cfd050f2-67ba-42f7-a36c-18e221b0e3a7-paper-2": "6b251826-cf79-4973-a63d-ae11b18be0c9-paper-2"
  },
  "onu_85041154400.json": {
    "NE-LOCATION-Basin": "NE-LOCATION-Basin",
    "NE-CITY-Campos": "NE-CITY-Campos"
  },
  "onu_85041277142.json": {
    "cfd050f2-67ba-42f7-a36c-18e221b0e3a7-hanging-12": "fb2fb4b5-91ee-4dc3-af16-1bd93d9503ce-intrinsic-14"
  },
  "onu_85041698761.json": {},
  "onu_85043311576.json": {},
  "onu_85043324954.json": {},
  "onu_85044192214.json": {},
  "onu_85044397080.json": {},
  "onu_85044462127.json": {
    "cfd050f2-67ba-42f7-a36c-18e221b0e3a7-paper-2": "77be762f-bb9c-4142-a04f-af0145a57575-paper-2",
    "cfd050f2-67ba-42f7-a36c-18e221b0e3a7-system-6": "77be762f-bb9c-4142-a04f-af0145a57575-system-8",
    "NE-MISC-Turret": "77be762f-bb9c-4142-a04f-af0145a57575-shelf-13",
    "cfd050f2-67ba-42f7-a36c-18e221b0e3a7-seafloor-11": "77be762f-bb9c-4142-a04f-af0145a57575-seafloor-7",
    "cfd050f2-67ba-42f7-a36c-18e221b0e3a7-internal-2": "77be762f-bb9c-4142-a04f-af0145a57575-inner-13"
  },
  "onu_85044530973.json": {
    "NE-LOCATION-Basin": "2d2c9121-9db0-47fd-913b-f722bc62e245-basin-7",
    "NE-CITY-Campos": "2d2c9121-9db0-47fd-913b-f722bc62e245-Campos-2",
    "cfd050f2-67ba-42f7-a36c-18e221b0e3a7-used-25": "2d2c9121-9db0-47fd-913b-f722bc62e245-used-29",
    "cfd050f2-67ba-42f7-a36c-18e221b0e3a7-hanging-12": "2d2c9121-9db0-47fd-913b-f722bc62e245-horizontal-13"
  },
  "onu_85044596303.json": {
    "cfd050f2-67ba-42f7-a36c-18e221b0e3a7-used-25": "99512cc4-b35c-4f65-be28-93092a3cf0fc-used-24",
    "cfd050f2-67ba-42f7-a36c-18e221b0e3a7-internal-2": "99512cc4-b35c-4f65-be28-93092a3cf0fc-starved-54",
    "cfd050f2-67ba-42f7-a36c-18e221b0e3a7-flexible-4": "99512cc4-b35c-4f65-be28-93092a3cf0fc-powerful-10",
    "cfd050f2-67ba-42f7-a36c-18e221b0e3a7-hanging-12": "99512cc4-b35c-4f65-be28-93092a3cf0fc-contrasting-2"
  },
  "onu_85045186297.json": {
    "cfd050f2-67ba-42f7-a36c-18e221b0e3a7-780-22-meters-23-of-24-water-25": "b0e39309-9053-480f-94c5-a92d9375374d-25-31-3000-33-m-34-water-35-depth-36",
    "NE-LOCATION-Basin": "NE-LOCATION-Basin",
    "NE-CITY-Campos": "NE-CITY-Campos",
    "cfd050f2-67ba-42f7-a36c-18e221b0e3a7-hanging-12": "b0e39309-9053-480f-94c5-a92d9375374d-prevailing-10"
  },
  "onu_85046290497.json": {
    "NE-LOCATION-Basin": "NE-LOCATION-Basin",
    "NE-CITY-Campos": "NE-CITY-Campos"
  },
  "onu_85046379273.json": {
    "NE-LOCATION-Basin": "NE-LOCATION-Basin",
    "NE-CITY-Campos": "NE-CITY-Campos",
    "cfd050f2-67ba-42f7-a36c-18e221b0e3a7-paper-2": "02efe9bb-4889-4bbe-974d-5c2dff0e35fa-paper-4",
    "cfd050f2-67ba-42f7-a36c-18e221b0e3a7-internal-2": "02efe9bb-4889-4bbe-974d-5c2dff0e35fa-lateral-15"
  },
  "onu_85047299670.json": {
    "cfd050f2-67ba-42f7-a36c-18e221b0e3a7-paper-2": "7e13bfab-9226-403e-bf1d-cce401dd3b64-paper-16"
  },
  "onu_85047354188.json": {},
  "onu_85047409861.json": {},
  "onu_85048345043.json": {},
  "onu_85048862831.json": {
    "cfd050f2-67ba-42f7-a36c-18e221b0e3a7-used-25": "ce5ac8f6-f3ea-41f4-9b38-2b3858cfc4b8-used-3"
  },
  "onu_85049552088.json": {
    "cfd050f2-67ba-42f7-a36c-18e221b0e3a7-internal-2": "85bb1f29-6fcb-426b-abc6-5be02b46d922-structural-15"
  },
  "onu_85050512775.json": {
    "cfd050f2-67ba-42f7-a36c-18e221b0e3a7-internal-2": "d456d187-3df8-4b64-8a11-6d3acdc976bf-bonded-10",
    "cfd050f2-67ba-42f7-a36c-18e221b0e3a7-catenary-13-configuration-14": "d456d187-3df8-4b64-8a11-6d3acdc976bf-catenary-26-configuration-27",
    "cfd050f2-67ba-42f7-a36c-18e221b0e3a7-flexible-4": "d456d187-3df8-4b64-8a11-6d3acdc976bf-bonded-10",
    "cfd050f2-67ba-42f7-a36c-18e221b0e3a7-hanging-12": "d456d187-3df8-4b64-8a11-6d3acdc976bf-bonded-10"
  },
  "onu_85050528173.json": {
    "NE-LOCATION-Basin": "NE-LOCATION-Basin",
    "NE-CITY-Campos": "NE-CITY-Campos",
    "cfd050f2-67ba-42f7-a36c-18e221b0e3a7-paper-2": "d59c3d19-b470-43cc-aef7-3fa793b9d284-paper-2",
    "cfd050f2-67ba-42f7-a36c-18e221b0e3a7-internal-2": "d59c3d19-b470-43cc-aef7-3fa793b9d284-internal-4"
  },
  "onu_85050539655.json": {
    "cfd050f2-67ba-42f7-a36c-18e221b0e3a7-hanging-12": "e1000620-b18e-4098-9293-16b6e83cec81-mature-28"
  },
  "onu_85050551470.json": {
    "NE-ORGANIZATION-FPSO": "54866368-b614-4ef4-9fab-faa48a38f22d-ESP-4-assemblies-5"
  },
  "onu_85050561554.json": {
    "NE-LOCATION-Basin": "NE-LOCATION-Basin",
    "NE-CITY-Campos": "NE-CITY-Santos",
    "cfd050f2-67ba-42f7-a36c-18e221b0e3a7-paper-2": "a1d0a6b1-9550-43c9-a812-f8a99d9763d6-paper-2"
  },
  "onu_85050643252.json": {
    "NE-LOCATION-Basin": "NE-LOCATION-Basin",
    "NE-CITY-Campos": "NE-CITY-Santos",
    "cfd050f2-67ba-42f7-a36c-18e221b0e3a7-internal-2": "16159eb1-d977-41b1-977d-b5a0d90c3d46-structural-8"
  },
  "onu_85050674553.json": {},
  "onu_85050680089.json": {
    "cfd050f2-67ba-42f7-a36c-18e221b0e3a7-hanging-12": "7736a11e-550b-4406-bcac-140ec203a8cf-contractual-9"
  },
  "onu_85051633827.json": {
    "NE-LOCATION-Basin": "c685c5a5-bc59-4451-bee6-87f7a8810b95-basin-2",
    "cfd050f2-67ba-42f7-a36c-18e221b0e3a7-hanging-12": "c685c5a5-bc59-4451-bee6-87f7a8810b95-Transitional-2"
  },
  "onu_85051644896.json": {
    "cfd050f2-67ba-42f7-a36c-18e221b0e3a7-site-5-installation-6": "12c1d79e-73bd-481c-bdb8-1d4727843a15-installation-17",
    "NE-CITY-Campos": "NE-CITY-Santos",
    "cfd050f2-67ba-42f7-a36c-18e221b0e3a7-paper-2": "12c1d79e-73bd-481c-bdb8-1d4727843a15-paper-2",
    "cfd050f2-67ba-42f7-a36c-18e221b0e3a7-system-6": "12c1d79e-73bd-481c-bdb8-1d4727843a15-system-29",
    "NE-ORGANIZATION-FPSO": "NE-ORGANIZATION-FPSO",
    "NE-LOCATION-Basin": "NE-LOCATION-Basin"
  },
  "onu_85051649253.json": {
    "cfd050f2-67ba-42f7-a36c-18e221b0e3a7-hanging-12": "676e7e95-336a-48ca-8815-930a8e2851b0-seismic-19"
  },
  "onu_85051653660.json": {},
  "onu_85051673888.json": {},
  "onu_85052069920.json": {
    "cfd050f2-67ba-42f7-a36c-18e221b0e3a7-seafloor-11": "6019aafd-17a7-4b19-be78-72fdb72b948b-seafloor-5-imagery-6",
    "cfd050f2-67ba-42f7-a36c-18e221b0e3a7-internal-2": "6019aafd-17a7-4b19-be78-72fdb72b948b-upper-9"
  },
  "onu_85052748036.json": {},
  "onu_85052916893.json": {
    "cfd050f2-67ba-42f7-a36c-18e221b0e3a7-used-25": "390e8152-252c-4c33-856b-035e5f48ed3e-used-6"
  },
  "onu_85053143769.json": {
    "cfd050f2-67ba-42f7-a36c-18e221b0e3a7-used-25": "9e6b17de-d2c6-4ae1-9b58-a24d3e3ed90e-used-16"
  },
  "onu_85053593980.json": {},
  "onu_85053770238.json": {
    "NE-LOCATION-Basin": "NE-LOCATION-Basin",
    "cfd050f2-67ba-42f7-a36c-18e221b0e3a7-seafloor-11": "5d5a4a2a-3f55-45ca-bd91-6a4532bf1f9c-seafloor-13",
    "cfd050f2-67ba-42f7-a36c-18e221b0e3a7-flexible-4": "5d5a4a2a-3f55-45ca-bd91-6a4532bf1f9c-dynamic-13",
    "cfd050f2-67ba-42f7-a36c-18e221b0e3a7-hanging-12": "5d5a4a2a-3f55-45ca-bd91-6a4532bf1f9c-dynamic-13"
  },
  "onu_85054086297.json": {},
  "onu_85054504118.json": {
    "NE-LOCATION-Basin": "NE-LOCATION-Basin",
    "cfd050f2-67ba-42f7-a36c-18e221b0e3a7-paper-2": "b1326d03-e928-4f17-a698-2f5bc600a0ed-paper-2",
    "cfd050f2-67ba-42f7-a36c-18e221b0e3a7-system-6": "b1326d03-e928-4f17-a698-2f5bc600a0ed-production-25-system-26"
  },
  "onu_85054783545.json": {
    "NE-LOCATION-Basin": "NE-LOCATION-Basin",
    "NE-CITY-Campos": "NE-ORGANIZATION-Santos",
    "cfd050f2-67ba-42f7-a36c-18e221b0e3a7-used-25": "54174e41-4460-4ede-8ffd-225b7817ab76-used-17",
    "cfd050f2-67ba-42f7-a36c-18e221b0e3a7-hanging-12": "54174e41-4460-4ede-8ffd-225b7817ab76-acoustic-11"
  },
  "onu_85054941296.json": {},
  "onu_85055025955.json": {
    "NE-LOCATION-Basin": "NE-LOCATION-Basin",
    "NE-CITY-Campos": "NE-CITY-Campos",
    "cfd050f2-67ba-42f7-a36c-18e221b0e3a7-paper-2": "6bb8a4f9-6b1c-4ed2-896e-13fd8f3d1045-paper-2"
  },
  "onu_85055027444.json": {
    "cfd050f2-67ba-42f7-a36c-18e221b0e3a7-site-5-installation-6": "efaa678b-3d7e-4113-825c-c286cad84bfd-installation-16",
    "NE-LOCATION-Basin": "NE-LOCATION-Basin",
    "NE-CITY-Campos": "NE-CITY-Campos",
    "cfd050f2-67ba-42f7-a36c-18e221b0e3a7-flow-18-path-19": "efaa678b-3d7e-4113-825c-c286cad84bfd-flow-20-meters-21"
  },
  "onu_85055027692.json": {
    "NE-CITY-Campos": "NE-CITY-Campos",
    "NE-LOCATION-Basin": "NE-LOCATION-Basin"
  },
  "onu_85055036761.json": {
    "NE-LOCATION-Basin": "NE-LOCATION-Basin",
    "NE-CITY-Campos": "NE-CITY-Campos"
  },
  "onu_85055255571.json": {
    "cfd050f2-67ba-42f7-a36c-18e221b0e3a7-paper-2": "ea17f87e-0664-4177-bfa0-06cf4ccdf30b-paper-2"
  },
  "onu_85055263465.json": {},
  "onu_85055528846.json": {
    "cfd050f2-67ba-42f7-a36c-18e221b0e3a7-system-6": "2970e996-64cc-47e6-bc5c-fb3d99195396-system-11"
  },
  "onu_85055864923.json": {
    "NE-LOCATION-Basin": "NE-LOCATION-Basin",
    "NE-CITY-Campos": "NE-CITY-Campos",
    "cfd050f2-67ba-42f7-a36c-18e221b0e3a7-hanging-12": "c183a578-8a5f-4228-b35b-5651f319641f-feasible-19"
  },
  "onu_85055908781.json": {
    "NE-LOCATION-Basin": "NE-LOCATION-Basin",
    "NE-CITY-Campos": "NE-CITY-Campos"
  },
  "onu_85056094176.json": {
    "NE-LOCATION-Basin": "NE-LOCATION-Basin",
    "NE-CITY-Campos": "NE-CITY-Campos",
    "cfd050f2-67ba-42f7-a36c-18e221b0e3a7-hanging-12": "0ddfca10-cdbf-4166-ae46-860624694346-Floating-16"
  },
  "onu_85056110569.json": {
    "NE-LOCATION-Basin": "NE-LOCATION-Basin",
    "NE-CITY-Campos": "NE-CITY-Campos",
    "cfd050f2-67ba-42f7-a36c-18e221b0e3a7-paper-2": "1a82d70b-0282-4199-a560-d0aab9c27373-paper-2",
    "cfd050f2-67ba-42f7-a36c-18e221b0e3a7-flow-18-path-19": "1a82d70b-0282-4199-a560-d0aab9c27373-flowlines-11"
  },
  "onu_85056183083.json": {
    "cfd050f2-67ba-42f7-a36c-18e221b0e3a7-paper-2": "65c625f5-7d94-4126-a6cf-9208777c80b5-paper-2"
  },
  "onu_85056566136.json": {},
  "onu_85056605886.json": {
    "NE-LOCATION-Basin": "NE-LOCATION-Basin",
    "cfd050f2-67ba-42f7-a36c-18e221b0e3a7-used-25": "15cdb331-caf0-496d-9b06-1af75ece78c3-used-5"
  },
  "onu_85056605922.json": {
    "NE-LOCATION-Basin": "NE-LOCATION-Basin",
    "NE-CITY-Campos": "NE-CITY-Campos",
    "cfd050f2-67ba-42f7-a36c-18e221b0e3a7-used-25": "0b1e47c2-f111-42c8-ab95-5bf9a8d86713-used-26",
    "cfd050f2-67ba-42f7-a36c-18e221b0e3a7-hanging-12": "0b1e47c2-f111-42c8-ab95-5bf9a8d86713-spatial-6"
  },
  "onu_85056794099.json": {},
  "onu_85057560805.json": {
    "cfd050f2-67ba-42f7-a36c-18e221b0e3a7-hanging-12": "bb2572d0-017a-4510-9d70-32e7ab55c722-continental-16"
  },
  "onu_85057883234.json": {
    "cfd050f2-67ba-42f7-a36c-18e221b0e3a7-flexible-4": "14e946a7-3108-404c-a068-13eb8cc66620-flexible-16"
  },
  "onu_85059143234.json": {
    "cfd050f2-67ba-42f7-a36c-18e221b0e3a7-internal-2": "c547213a-e858-4f59-a98b-991221b44a08-passive-2",
    "cfd050f2-67ba-42f7-a36c-18e221b0e3a7-hanging-12": "c547213a-e858-4f59-a98b-991221b44a08-reverse-2"
  },
  "onu_85059218520.json": {
    "NE-LOCATION-Basin": "NE-LOCATION-Basin",
    "NE-CITY-Campos": "NE-CITY-Campos"
  },
  "onu_85059436090.json": {
    "NE-CITY-Campos": "NE-CITY-Santos",
    "NE-LOCATION-Basin": "NE-LOCATION-Basin"
  },
  "onu_85060083816.json": {
    "NE-LOCATION-Basin": "NE-LOCATION-basin"
  },
  "onu_85060443361.json": {
    "cfd050f2-67ba-42f7-a36c-18e221b0e3a7-internal-2": "d28d3e39-9b1c-4b91-ad0e-2d9bdd1b0299-curved-14",
    "cfd050f2-67ba-42f7-a36c-18e221b0e3a7-flexible-4": "d28d3e39-9b1c-4b91-ad0e-2d9bdd1b0299-curved-14",
    "cfd050f2-67ba-42f7-a36c-18e221b0e3a7-hanging-12": "d28d3e39-9b1c-4b91-ad0e-2d9bdd1b0299-curved-14"
  },
  "onu_85061179665.json": {},
  "onu_85061498967.json": {},
  "onu_85061767810.json": {
    "NE-LOCATION-Basin": "NE-LOCATION-Basin",
    "NE-CITY-Campos": "NE-CITY-Campos"
  },
  "onu_85061823653.json": {},
  "onu_85062013573.json": {
    "NE-LOCATION-Basin": "NE-LOCATION-Basin",
    "NE-CITY-Campos": "NE-CITY-Campos",
    "NE-MISC-Turret": "28afef62-c426-44a2-9215-bf6b45551070-system-29",
    "cfd050f2-67ba-42f7-a36c-18e221b0e3a7-used-25": "28afef62-c426-44a2-9215-bf6b45551070-used-10",
    "NE-ORGANIZATION-FPSO": "NE-ORGANIZATION-FPSO"
  },
  "onu_85062607406.json": {},
  "onu_85062717506.json": {},
  "onu_85063263863.json": {
    "cfd050f2-67ba-42f7-a36c-18e221b0e3a7-used-25": "ab194025-e2bc-497c-a6f0-daf5e0bd615a-used-25"
  },
  "onu_85063689284.json": {
    "NE-LOCATION-Basin": "NE-LOCATION-Estuary"
  },
  "onu_85064764902.json": {
    "cfd050f2-67ba-42f7-a36c-18e221b0e3a7-hanging-12": "11cdb5e6-cecf-4388-bb5e-cd624208f6f9-Optimal-7"
  },
  "onu_85064808857.json": {},
  "onu_85064983703.json": {
    "cfd050f2-67ba-42f7-a36c-18e221b0e3a7-hanging-12": "bec7d85d-54cb-44c8-9c29-2e9ea01ad31f-atmospheric-11"
  },
  "onu_85065180012.json": {},
  "onu_85065623080.json": {},
  "onu_85065912337.json": {
    "NE-LOCATION-Basin": "NE-LOCATION-Basin",
    "NE-CITY-Campos": "NE-CITY-Santos",
    "cfd050f2-67ba-42f7-a36c-18e221b0e3a7-internal-2": "2143f721-d959-4556-9126-5be2b6ca65c9-internal-8",
    "cfd050f2-67ba-42f7-a36c-18e221b0e3a7-hanging-12": "2143f721-d959-4556-9126-5be2b6ca65c9-seismic-6"
  },
  "onu_85066600751.json": {
    "cfd050f2-67ba-42f7-a36c-18e221b0e3a7-site-5-installation-6": "1b3efd75-ecd6-4314-81c9-3d9d5c84453d-installation-21",
    "cfd050f2-67ba-42f7-a36c-18e221b0e3a7-paper-2": "1b3efd75-ecd6-4314-81c9-3d9d5c84453d-paper-2",
    "cfd050f2-67ba-42f7-a36c-18e221b0e3a7-system-6": "1b3efd75-ecd6-4314-81c9-3d9d5c84453d-system-24",
    "NE-ORGANIZATION-FPSO": "NE-ORGANIZATION-FPSO",
    "cfd050f2-67ba-42f7-a36c-18e221b0e3a7-flexible-4": "1b3efd75-ecd6-4314-81c9-3d9d5c84453d-innovative-11",
    "cfd050f2-67ba-42f7-a36c-18e221b0e3a7-hanging-12": "1b3efd75-ecd6-4314-81c9-3d9d5c84453d-floating-10"
  },
  "onu_85066617192.json": {
    "cfd050f2-67ba-42f7-a36c-18e221b0e3a7-paper-2": "09790547-3df0-4ca2-b3ad-f36ed5f66b04-paper-2",
    "cfd050f2-67ba-42f7-a36c-18e221b0e3a7-flexible-4": "09790547-3df0-4ca2-b3ad-f36ed5f66b04-flexible-9"
  },
  "onu_85066623384.json": {
    "cfd050f2-67ba-42f7-a36c-18e221b0e3a7-paper-2": "63257db0-7292-4593-96e1-aae426bbf829-paper-2"
  },
  "onu_85067965170.json": {},
  "onu_85068049608.json": {},
  "onu_85068387773.json": {
    "cfd050f2-67ba-42f7-a36c-18e221b0e3a7-system-6": "a5cffccf-1536-473d-9270-6167576d70ec-systems-23",
    "cfd050f2-67ba-42f7-a36c-18e221b0e3a7-used-25": "a5cffccf-1536-473d-9270-6167576d70ec-used-19"
  },
  "onu_85068453742.json": {
    "cfd050f2-67ba-42f7-a36c-18e221b0e3a7-used-25": "68bdd8d5-6a51-46de-917a-9d40eb6db15d-used-10"
  },
  "onu_85070554647.json": {
    "cfd050f2-67ba-42f7-a36c-18e221b0e3a7-system-6": "72b63001-9050-46f3-a364-f3ec8d862ef0-system-5",
    "cfd050f2-67ba-42f7-a36c-18e221b0e3a7-flexible-4": "72b63001-9050-46f3-a364-f3ec8d862ef0-innovative-6",
    "cfd050f2-67ba-42f7-a36c-18e221b0e3a7-hanging-12": "72b63001-9050-46f3-a364-f3ec8d862ef0-innovative-6"
  },
  "onu_85070704005.json": {},
  "onu_85070853924.json": {
    "NE-CITY-Campos": "NE-CITY-Campos",
    "cfd050f2-67ba-42f7-a36c-18e221b0e3a7-used-25": "6dc1853a-1825-449e-9547-d497b3114adb-used-28",
    "NE-LOCATION-Basin": "NE-LOCATION-Basin"
  },
  "onu_85070991202.json": {
    "cfd050f2-67ba-42f7-a36c-18e221b0e3a7-system-6": "e4582df4-682d-4820-a6cd-b5346f3f75b5-system-9",
    "cfd050f2-67ba-42f7-a36c-18e221b0e3a7-internal-2": "e4582df4-682d-4820-a6cd-b5346f3f75b5-continental-64",
    "cfd050f2-67ba-42f7-a36c-18e221b0e3a7-hanging-12": "e4582df4-682d-4820-a6cd-b5346f3f75b5-vertical-20"
  },
  "onu_85071023764.json": {
    "cfd050f2-67ba-42f7-a36c-18e221b0e3a7-system-6": "4b6be8a5-593e-4815-b72c-34ca1cda4d13-navigation-36-system-37",
    "cfd050f2-67ba-42f7-a36c-18e221b0e3a7-flexible-4": "4b6be8a5-593e-4815-b72c-34ca1cda4d13-sophisticated-4",
    "cfd050f2-67ba-42f7-a36c-18e221b0e3a7-hanging-12": "4b6be8a5-593e-4815-b72c-34ca1cda4d13-morphological-5"
  },
  "onu_85071488896.json": {},
  "onu_85071542084.json": {
    "NE-LOCATION-Basin": "03bb4e36-65c4-4faa-889c-f08a60c33d08-basin-13",
    "cfd050f2-67ba-42f7-a36c-18e221b0e3a7-internal-2": "03bb4e36-65c4-4faa-889c-f08a60c33d08-structural-24",
    "cfd050f2-67ba-42f7-a36c-18e221b0e3a7-hanging-12": "03bb4e36-65c4-4faa-889c-f08a60c33d08-stepped-8"
  },
  "onu_85071847548.json": {
    "NE-LOCATION-Basin": "NE-LOCATION-Basin",
    "cfd050f2-67ba-42f7-a36c-18e221b0e3a7-flexible-4": "22ebbe07-c4ca-45f2-a073-3b4a9bbb83f6-inverted-5",
    "cfd050f2-67ba-42f7-a36c-18e221b0e3a7-hanging-12": "22ebbe07-c4ca-45f2-a073-3b4a9bbb83f6-inverted-5"
  },
  "onu_85072725932.json": {},
  "onu_85072834829.json": {},
  "onu_85073705401.json": {},
  "onu_85073706024.json": {
    "cfd050f2-67ba-42f7-a36c-18e221b0e3a7-flow-18-path-19": "fad0be37-f5f4-4a0f-bcad-6a82a846f841-flow-18"
  },
  "onu_85073935907.json": {
    "cfd050f2-67ba-42f7-a36c-18e221b0e3a7-system-6": "bc946871-1090-4025-8672-8089752cc34e-system-9"
  },
  "onu_85074489503.json": {
    "cfd050f2-67ba-42f7-a36c-18e221b0e3a7-hanging-12": "e9b97ebc-e3cf-4546-849d-66298a1876a5-seismic-21"
  },
  "onu_85074632793.json": {
    "cfd050f2-67ba-42f7-a36c-18e221b0e3a7-used-25": "e96160f9-afe1-4286-9ca9-11f35229455a-used-25",
    "cfd050f2-67ba-42f7-a36c-18e221b0e3a7-internal-2": "e96160f9-afe1-4286-9ca9-11f35229455a-continental-36",
    "NE-ORGANIZATION-FPSO": "e96160f9-afe1-4286-9ca9-11f35229455a-SST-2-FPs-3",
    "cfd050f2-67ba-42f7-a36c-18e221b0e3a7-hanging-12": "e96160f9-afe1-4286-9ca9-11f35229455a-spatial-27"
  },
  "onu_85074778611.json": {},
  "onu_85075350522.json": {
    "cfd050f2-67ba-42f7-a36c-18e221b0e3a7-used-25": "51b6742c-b6b0-4387-bdcb-dd3ff80ea885-used-46",
    "cfd050f2-67ba-42f7-a36c-18e221b0e3a7-flexible-4": "51b6742c-b6b0-4387-bdcb-dd3ff80ea885-expressive-50"
  },
  "onu_85075421341.json": {},
  "onu_85075661667.json": {
    "NE-LOCATION-Basin": "NE-LOCATION-Basin",
    "NE-CITY-Campos": "NE-CITY-Campos"
  },
  "onu_85075827903.json": {
    "cfd050f2-67ba-42f7-a36c-18e221b0e3a7-internal-2": "3f2db0e2-163d-413a-826b-912433d08c8a-axial-21",
    "cfd050f2-67ba-42f7-a36c-18e221b0e3a7-hanging-12": "3f2db0e2-163d-413a-826b-912433d08c8a-buckle-7"
  },
  "onu_85075828327.json": {
    "cfd050f2-67ba-42f7-a36c-18e221b0e3a7-paper-2": "76be24f2-9662-45c7-a95c-63c0f1d47d2c-paper-2",
    "NE-ORGANIZATION-FPSO": "NE-ORGANIZATION-FPSO",
    "cfd050f2-67ba-42f7-a36c-18e221b0e3a7-hanging-12": "76be24f2-9662-45c7-a95c-63c0f1d47d2c-able-31"
  },
  "onu_85075831363.json": {
    "cfd050f2-67ba-42f7-a36c-18e221b0e3a7-paper-2": "c6187c05-69fa-4993-ac86-f7154dd67053-paper-2",
    "cfd050f2-67ba-42f7-a36c-18e221b0e3a7-hanging-12": "c6187c05-69fa-4993-ac86-f7154dd67053-metallic-30"
  },
  "onu_85075835330.json": {
    "NE-ORGANIZATION-FPSO": "NE-ORGANIZATION-FPSO",
    "cfd050f2-67ba-42f7-a36c-18e221b0e3a7-hanging-12": "f0f4bf07-c1ed-4d46-a167-48acf173b05d-floating-14"
  },
  "onu_85075843438.json": {
    "NE-LOCATION-Basin": "NE-LOCATION-Basin",
    "NE-CITY-Campos": "NE-CITY-Campos",
    "cfd050f2-67ba-42f7-a36c-18e221b0e3a7-paper-2": "b11303f1-e8e0-4420-9932-569d3ac87ff2-paper-2",
    "NE-ORGANIZATION-FPSO": "NE-ORGANIZATION-FPSO"
  },
  "onu_85075879935.json": {},
  "onu_85075941856.json": {
    "cfd050f2-67ba-42f7-a36c-18e221b0e3a7-internal-2": "5971aa89-f51c-4cd0-bb74-6b65ebf6bfe1-outer-22"
  },
  "onu_85075951728.json": {
    "cfd050f2-67ba-42f7-a36c-18e221b0e3a7-used-25": "ddb3c75a-c68b-4ad3-8673-4c7520fc72ba-used-13",
    "cfd050f2-67ba-42f7-a36c-18e221b0e3a7-internal-2": "ddb3c75a-c68b-4ad3-8673-4c7520fc72ba-inner-15"
  },
  "onu_85075997043.json": {},
  "onu_85076246665.json": {
    "NE-LOCATION-Basin": "NE-LOCATION-Basin",
    "NE-CITY-Campos": "NE-CITY-Campos",
    "cfd050f2-67ba-42f7-a36c-18e221b0e3a7-system-6": "e0b07107-d3d9-440f-ac94-05597132db4b-system-12"
  },
  "onu_85076560202.json": {
    "NE-CITY-Campos": "NE-CITY-Santos",
    "cfd050f2-67ba-42f7-a36c-18e221b0e3a7-system-6": "53c04a5e-53a6-40d4-b9a2-52a4bd0480d8-system-3"
  },
  "onu_85076775401.json": {
    "cfd050f2-67ba-42f7-a36c-18e221b0e3a7-hanging-12": "3fa508a4-4944-4cc2-a966-5bc0da835729-spatial-2"
  },
  "onu_85076896265.json": {},
  "onu_85077234208.json": {},
  "onu_85077945350.json": {
    "NE-LOCATION-Basin": "NE-LOCATION-Basin",
    "NE-CITY-Campos": "NE-CITY-Santos",
    "cfd050f2-67ba-42f7-a36c-18e221b0e3a7-hanging-12": "e5183355-b1b6-474b-bef3-dcc000293be4-contrasting-39"
  },
  "onu_85078010553.json": {
    "cfd050f2-67ba-42f7-a36c-18e221b0e3a7-internal-2": "8b856b86-bebe-4ded-9624-c946c2d1bff7-shallow-9",
    "cfd050f2-67ba-42f7-a36c-18e221b0e3a7-hanging-12": "8b856b86-bebe-4ded-9624-c946c2d1bff7-shallow-9"
  },
  "onu_85078233209.json": {
    "NE-LOCATION-Basin": "NE-LOCATION-Basin",
    "NE-MISC-Turret": "d100c63f-0f5d-41fb-88da-fdd2d50ddb5f-loading-18",
    "cfd050f2-67ba-42f7-a36c-18e221b0e3a7-used-25": "d100c63f-0f5d-41fb-88da-fdd2d50ddb5f-used-13",
    "cfd050f2-67ba-42f7-a36c-18e221b0e3a7-hanging-12": "d100c63f-0f5d-41fb-88da-fdd2d50ddb5f-volcanic-10"
  },
  "onu_85079351203.json": {
    "cfd050f2-67ba-42f7-a36c-18e221b0e3a7-internal-2": "da566f30-68dc-4ed8-990f-a0817cb9497f-internal-22",
    "cfd050f2-67ba-42f7-a36c-18e221b0e3a7-flexible-4": "da566f30-68dc-4ed8-990f-a0817cb9497f-vertical-23",
    "cfd050f2-67ba-42f7-a36c-18e221b0e3a7-hanging-12": "da566f30-68dc-4ed8-990f-a0817cb9497f-stacked-18"
  },
  "onu_85079784581.json": {
    "cfd050f2-67ba-42f7-a36c-18e221b0e3a7-used-25": "1062b9a2-c1d7-4c95-a533-f3f7c7961c33-used-9"
  },
  "onu_85080813467.json": {},
  "onu_85083240666.json": {
    "cfd050f2-67ba-42f7-a36c-18e221b0e3a7-used-25": "980011b1-e588-4f4d-83ab-b8b5f5238ca0-used-37"
  },
  "onu_85083341760.json": {},
  "onu_85084024263.json": {},
  "onu_85084454298.json": {
    "cfd050f2-67ba-42f7-a36c-18e221b0e3a7-used-25": "3bcc13d2-58e5-46ad-9c94-b4605d24268c-used-12"
  },
  "onu_85084634006.json": {
    "NE-LOCATION-Basin": "a407c16e-080e-4100-9fc2-914500db52e5-basins-16",
    "cfd050f2-67ba-42f7-a36c-18e221b0e3a7-used-25": "a407c16e-080e-4100-9fc2-914500db52e5-used-4"
  },
  "onu_85084667903.json": {
    "NE-LOCATION-Basin": "ced88bac-1112-43b7-819e-42b702c4146b-basin-18"
  },
  "onu_85084945361.json": {
    "cfd050f2-67ba-42f7-a36c-18e221b0e3a7-used-25": "bb0ac139-3982-432a-8400-729a5c19c126-used-6",
    "cfd050f2-67ba-42f7-a36c-18e221b0e3a7-flow-18-path-19": "bb0ac139-3982-432a-8400-729a5c19c126-production-19-flowline-20",
    "cfd050f2-67ba-42f7-a36c-18e221b0e3a7-hanging-12": "bb0ac139-3982-432a-8400-729a5c19c126-hydraulic-10"
  },
  "onu_85085054148.json": {
    "NE-LOCATION-Basin": "NE-LOCATION-Basin"
  },
  "onu_85085298469.json": {
    "NE-LOCATION-Basin": "NE-LOCATION-Basin",
    "NE-CITY-Campos": "NE-CITY-Campos"
  },
  "onu_85085408490.json": {
    "NE-LOCATION-Basin": "NE-LOCATION-Basin",
    "NE-CITY-Campos": "NE-CITY-Campos"
  },
  "onu_85085473397.json": {},
  "onu_85085492342.json": {},
  "onu_85085773523.json": {
    "NE-LOCATION-Basin": "NE-LOCATION-Basin",
    "NE-CITY-Campos": "NE-CITY-Santos",
    "cfd050f2-67ba-42f7-a36c-18e221b0e3a7-used-25": "ab307ab9-374d-477f-9d96-1a0fda460239-used-5"
  },
  "onu_85085773731.json": {
    "cfd050f2-67ba-42f7-a36c-18e221b0e3a7-paper-2": "4b172916-f0f5-46a4-9792-7936dc9ba4f9-paper-2"
  },
  "onu_85085773745.json": {
    "cfd050f2-67ba-42f7-a36c-18e221b0e3a7-used-25": "21225434-c8fc-441d-b277-65da424c77e7-used-9",
    "cfd050f2-67ba-42f7-a36c-18e221b0e3a7-flexible-4": "21225434-c8fc-441d-b277-65da424c77e7-optimal-2",
    "cfd050f2-67ba-42f7-a36c-18e221b0e3a7-hanging-12": "21225434-c8fc-441d-b277-65da424c77e7-optimal-2"
  },
  "onu_85085773825.json": {
    "cfd050f2-67ba-42f7-a36c-18e221b0e3a7-flexible-4": "e9189042-c2fa-4b5e-a9da-3d50e8f4c891-lazy-11",
    "cfd050f2-67ba-42f7-a36c-18e221b0e3a7-hanging-12": "e9189042-c2fa-4b5e-a9da-3d50e8f4c891-lazy-11"
  },
  "onu_85085773875.json": {
    "cfd050f2-67ba-42f7-a36c-18e221b0e3a7-used-25": "d606c7b3-ce98-4023-8a39-196528dd3002-used-6"
  },
  "onu_85085774498.json": {
    "cfd050f2-67ba-42f7-a36c-18e221b0e3a7-flow-18-path-19": "801b16ca-c991-454c-b97a-b358ab8eea75-path-18",
    "cfd050f2-67ba-42f7-a36c-18e221b0e3a7-flexible-4": "801b16ca-c991-454c-b97a-b358ab8eea75-conceptual-10",
    "cfd050f2-67ba-42f7-a36c-18e221b0e3a7-hanging-12": "801b16ca-c991-454c-b97a-b358ab8eea75-conceptual-10"
  },
  "onu_85085774511.json": {
    "cfd050f2-67ba-42f7-a36c-18e221b0e3a7-system-6": "07bf9801-f530-468c-9921-66afca9b2b91-system-12",
    "cfd050f2-67ba-42f7-a36c-18e221b0e3a7-flexible-4": "07bf9801-f530-468c-9921-66afca9b2b91-innovative-16",
    "cfd050f2-67ba-42f7-a36c-18e221b0e3a7-hanging-12": "07bf9801-f530-468c-9921-66afca9b2b91-drip-8"
  },
  "onu_85085774766.json": {
    "NE-LOCATION-Basin": "5c9d47d5-c3a5-4b99-97b0-f55b0ce24e97-reservoirs-28",
    "cfd050f2-67ba-42f7-a36c-18e221b0e3a7-used-25": "5c9d47d5-c3a5-4b99-97b0-f55b0ce24e97-used-4",
    "cfd050f2-67ba-42f7-a36c-18e221b0e3a7-hanging-12": "5c9d47d5-c3a5-4b99-97b0-f55b0ce24e97-electric-17"
  },
  "onu_85085775194.json": {
    "cfd050f2-67ba-42f7-a36c-18e221b0e3a7-paper-2": "84e4f7e4-b6c1-4975-bd01-e021f5afdff1-paper-2"
  },
  "onu_85085775396.json": {
    "cfd050f2-67ba-42f7-a36c-18e221b0e3a7-used-25": "ee817b7d-8183-4633-9141-28578ef8eeaa-used-8",
    "cfd050f2-67ba-42f7-a36c-18e221b0e3a7-catenary-13-configuration-14": "ee817b7d-8183-4633-9141-28578ef8eeaa-catenary-26-configuration-27",
    "cfd050f2-67ba-42f7-a36c-18e221b0e3a7-flexible-4": "ee817b7d-8183-4633-9141-28578ef8eeaa-hanging-16",
    "cfd050f2-67ba-42f7-a36c-18e221b0e3a7-hanging-12": "ee817b7d-8183-4633-9141-28578ef8eeaa-hanging-16"
  },
  "onu_85085775562.json": {
    "cfd050f2-67ba-42f7-a36c-18e221b0e3a7-used-25": "5e83a3a6-8e89-4b18-8ff5-f69454f22032-used-6",
    "cfd050f2-67ba-42f7-a36c-18e221b0e3a7-hanging-12": "5e83a3a6-8e89-4b18-8ff5-f69454f22032-adjusting-14"
  },
  "onu_85085775753.json": {},
  "onu_85085775962.json": {
    "cfd050f2-67ba-42f7-a36c-18e221b0e3a7-paper-2": "be473474-e9c1-4908-947b-6970a8bfa756-paper-2",
    "cfd050f2-67ba-42f7-a36c-18e221b0e3a7-flexible-4": "be473474-e9c1-4908-947b-6970a8bfa756-flexible-34"
  },
  "onu_85085776151.json": {
    "cfd050f2-67ba-42f7-a36c-18e221b0e3a7-hanging-12": "5bd9eda6-5812-4578-ab2b-6a61cf688e44-dense-15"
  },
  "onu_85085776159.json": {
    "NE-ORGANIZATION-FPSO": "NE-ORGANIZATION-FPSO"
  },
  "onu_85085776356.json": {
    "cfd050f2-67ba-42f7-a36c-18e221b0e3a7-paper-2": "NE-TITLE-author"
  },
  "onu_85085776372.json": {
    "cfd050f2-67ba-42f7-a36c-18e221b0e3a7-hanging-12": "c59dc365-dd43-4a22-8bcc-877027142262-bound-3"
  },
  "onu_85085776540.json": {
    "cfd050f2-67ba-42f7-a36c-18e221b0e3a7-flexible-4": "544389f0-af01-489c-a71e-5e23542d32c5-expressive-9",
    "cfd050f2-67ba-42f7-a36c-18e221b0e3a7-hanging-12": "544389f0-af01-489c-a71e-5e23542d32c5-expressive-9"
  },
  "onu_85085776958.json": {
    "NE-LOCATION-Basin": "NE-LOCATION-Basin",
    "NE-CITY-Campos": "NE-CITY-Santos"
  },
  "onu_85085777009.json": {
    "cfd050f2-67ba-42f7-a36c-18e221b0e3a7-hanging-12": "d32271d8-792a-4672-97e1-b4c138d6d351-ensuring-42"
  },
  "onu_85085777884.json": {
    "NE-LOCATION-Basin": "NE-LOCATION-Basin",
    "NE-CITY-Campos": "NE-CITY-Campos",
    "cfd050f2-67ba-42f7-a36c-18e221b0e3a7-flexible-4": "943cc533-ce82-452e-94d0-14fafa0d4754-rigid-15"
  },
  "onu_85085778037.json": {
    "NE-LOCATION-Basin": "NE-LOCATION-Basin",
    "NE-CITY-Campos": "NE-CITY-Santos",
    "cfd050f2-67ba-42f7-a36c-18e221b0e3a7-used-25": "2dd1a90e-7412-4b7d-ac70-cba9b0380628-used-5"
  },
  "onu_85085778412.json": {
    "NE-CITY-Campos": "NE-CITY-Santos",
    "cfd050f2-67ba-42f7-a36c-18e221b0e3a7-paper-2": "4fb375aa-30f3-49a6-9346-70a70e51f8b9-paper-2",
    "cfd050f2-67ba-42f7-a36c-18e221b0e3a7-flow-18-path-19": "4fb375aa-30f3-49a6-9346-70a70e51f8b9-Flow-22-Zone-23-Indicator-24",
    "cfd050f2-67ba-42f7-a36c-18e221b0e3a7-flexible-4": "4fb375aa-30f3-49a6-9346-70a70e51f8b9-innovative-5",
    "cfd050f2-67ba-42f7-a36c-18e221b0e3a7-hanging-12": "4fb375aa-30f3-49a6-9346-70a70e51f8b9-constructing-37",
    "NE-LOCATION-Basin": "NE-LOCATION-Basin"
  },
  "onu_85085778651.json": {
    "NE-LOCATION-Basin": "NE-LOCATION-Basin",
    "NE-CITY-Campos": "NE-CITY-Campos",
    "cfd050f2-67ba-42f7-a36c-18e221b0e3a7-hanging-12": "42684b28-71f8-41aa-ada5-b427f3c87f94-controlling-15"
  },
  "onu_85085778850.json": {
    "cfd050f2-67ba-42f7-a36c-18e221b0e3a7-used-25": "aefa100b-fd33-476c-8121-310d23ec4cbc-used-12"
  },
  "onu_85085778895.json": {
    "cfd050f2-67ba-42f7-a36c-18e221b0e3a7-paper-2": "b7a10045-d4c2-447e-907a-820163ea176a-paper-2",
    "cfd050f2-67ba-42f7-a36c-18e221b0e3a7-flexible-4": "b7a10045-d4c2-447e-907a-820163ea176a-innovative-4"
  },
  "onu_85085779136.json": {
    "cfd050f2-67ba-42f7-a36c-18e221b0e3a7-flexible-4": "242b3b58-d08d-46cf-9db1-3ced34a59265-flexible-9"
  },
  "onu_85085779144.json": {
    "cfd050f2-67ba-42f7-a36c-18e221b0e3a7-system-6": "be3e799c-8e30-4190-9f13-a88110e85837-system-10",
    "NE-MISC-Turret": "be3e799c-8e30-4190-9f13-a88110e85837-insulation-2",
    "cfd050f2-67ba-42f7-a36c-18e221b0e3a7-flexible-4": "be3e799c-8e30-4190-9f13-a88110e85837-bonded-10",
    "cfd050f2-67ba-42f7-a36c-18e221b0e3a7-hanging-12": "be3e799c-8e30-4190-9f13-a88110e85837-bonded-10"
  },
  "onu_85085780309.json": {
    "NE-ORGANIZATION-FPSO": "NE-ORGANIZATION-FPSO"
  },
  "onu_85085850094.json": {},
  "onu_85086232639.json": {},
  "onu_85086245971.json": {
    "cfd050f2-67ba-42f7-a36c-18e221b0e3a7-used-25": "5b314478-44cb-4cb9-a631-b9e343125cc4-used-9"
  },
  "onu_85086248840.json": {
    "NE-LOCATION-Basin": "NE-LOCATION-Basin",
    "NE-CITY-Campos": "NE-CITY-Campos",
    "cfd050f2-67ba-42f7-a36c-18e221b0e3a7-paper-2": "9634cff3-f7bf-4dd4-9bdd-d4ce051d15e4-paper-2",
    "NE-ORGANIZATION-FPSO": "NE-ORGANIZATION-FPSO",
    "cfd050f2-67ba-42f7-a36c-18e221b0e3a7-hanging-12": "9634cff3-f7bf-4dd4-9bdd-d4ce051d15e4-floating-3"
  },
  "onu_85086257600.json": {
    "cfd050f2-67ba-42f7-a36c-18e221b0e3a7-used-25": "0d3a24cc-8410-46ec-8f90-b83b91c14d4f-used-5",
    "cfd050f2-67ba-42f7-a36c-18e221b0e3a7-hanging-12": "0d3a24cc-8410-46ec-8f90-b83b91c14d4f-standalone-15"
  },
  "onu_85086355916.json": {
    "cfd050f2-67ba-42f7-a36c-18e221b0e3a7-internal-2": "6a84737e-7f50-43ba-b607-a9cc1e4dcfab-continental-10"
  },
  "onu_85086628030.json": {
    "NE-LOCATION-Basin": "NE-LOCATION-Basin",
    "NE-CITY-Campos": "NE-CITY-Campos"
  },
  "onu_85086649140.json": {},
  "onu_85086667338.json": {
    "cfd050f2-67ba-42f7-a36c-18e221b0e3a7-hanging-12": "c26fa3b4-e85d-44f5-a212-fecb246d8968-upward-8"
  },
  "onu_85086808985.json": {},
  "onu_85086809805.json": {
    "cfd050f2-67ba-42f7-a36c-18e221b0e3a7-paper-2": "6af17be2-6207-49d6-b833-4d7a7d7f3202-paper-2",
    "cfd050f2-67ba-42f7-a36c-18e221b0e3a7-used-25": "6af17be2-6207-49d6-b833-4d7a7d7f3202-used-24",
    "NE-ORGANIZATION-FPSO": "6af17be2-6207-49d6-b833-4d7a7d7f3202-FPSOs-11",
    "cfd050f2-67ba-42f7-a36c-18e221b0e3a7-hanging-12": "6af17be2-6207-49d6-b833-4d7a7d7f3202-floating-37"
  },
  "onu_85086829622.json": {},
  "onu_85086929987.json": {},
  "onu_85087227840.json": {},
  "onu_85087228205.json": {
    "cfd050f2-67ba-42f7-a36c-18e221b0e3a7-paper-2": "fb7e8c11-5740-4da0-9139-e7047dada05c-paper-2",
    "NE-ORGANIZATION-FPSO": "NE-ORGANIZATION-FPSO"
  },
  "onu_85087345946.json": {
    "NE-LOCATION-Basin": "NE-TITLE-river"
  }
}