{
  "onu_10228776.json": {
    "3f9b434e-048b-4cc7-9f64-90faa942c0b7-paper-2": "8ccf6711-4359-43f1-af56-bff91be221df-paper-2"
  },
  "onu_11244281653.json": {
    "NE-ORGANIZATION-PETROBRAS": "NE-ORGANIZATION-Petrobras"
  },
  "onu_14467639.json": {
    "3f9b434e-048b-4cc7-9f64-90faa942c0b7-57-5": "04fb19eb-27a3-4c60-b8e1-453f11d0e96b-120-47",
    "NE-ORGANIZATION-PETROBRAS": "NE-ORGANIZATION-Petrobras",
    "NE-TITLE-marine": "04fb19eb-27a3-4c60-b8e1-453f11d0e96b-offshore-14"
  },
  "onu_14928592.json": {
    "3f9b434e-048b-4cc7-9f64-90faa942c0b7-refinery-13": "94267b10-5a2b-4a17-9107-d48195781271-products-16",
    "NE-CITY-Bay": "NE-CITY-Bay"
  },
  "onu_1642522078.json": {
    "3f9b434e-048b-4cc7-9f64-90faa942c0b7-paper-2": "4e1ac6e0-5aee-4eb0-9ad0-694f3ac8f48a-paper-2"
  },
  "onu_16964104.json": {
    "NE-ORGANIZATION-PETROBRAS": "NE-ORGANIZATION-Petrobras"
  },
  "onu_17044389842.json": {
    "NE-ORGANIZATION-PETROBRAS": "NE-ORGANIZATION-Petrobras",
    "3f9b434e-048b-4cc7-9f64-90faa942c0b7-oil-16-terminal-17": "edebe37a-5fca-4c5b-ba53-d854c5cdba5f-oil-25-output-28"
  },
  "onu_17144436283.json": {
    "3f9b434e-048b-4cc7-9f64-90faa942c0b7-oil-16-terminal-17": "98101f72-00fb-4f23-a31d-93a1ed4242cc-water-15-fields-16",
    "3f9b434e-048b-4cc7-9f64-90faa942c0b7-paper-2": "98101f72-00fb-4f23-a31d-93a1ed4242cc-paper-2",
    "NE-ORGANIZATION-PETROBRAS": "NE-ORGANIZATION-Petrobras"
  },
  "onu_17344364742.json": {
    "3f9b434e-048b-4cc7-9f64-90faa942c0b7-57-5": "9904aa2e-63e4-415c-ba81-2791b35da710-17-6",
    "NE-TITLE-marine": "9904aa2e-63e4-415c-ba81-2791b35da710-heavy-6",
    "NE-ORGANIZATION-PETROBRAS": "NE-ORGANIZATION-Petrobras",
    "NE-CITY-Bay": "9904aa2e-63e4-415c-ba81-2791b35da710-bay-12",
    "3f9b434e-048b-4cc7-9f64-90faa942c0b7-refinery-13": "9904aa2e-63e4-415c-ba81-2791b35da710-oil-10"
  },
  "onu_1842589247.json": {
    "NE-ORGANIZATION-PETROBRAS": "NE-ORGANIZATION-Petrobras"
  },
  "onu_18944382016.json": {},
  "onu_19586421.json": {
    "NE-ORGANIZATION-PETROBRAS": "NE-ORGANIZATION-Petrobras",
    "NE-TITLE-marine": "NE-TITLE-marine"
  },
  "onu_20736039.json": {},
  "onu_21575939.json": {},
  "onu_2342418572.json": {
    "3f9b434e-048b-4cc7-9f64-90faa942c0b7-collected-8": "dbc773c9-4c74-40cf-bad8-8cad13ba1be9-collected-11"
  },
  "onu_2342623297.json": {
    "NE-ORGANIZATION-PETROBRAS": "f25f6215-5192-4162-b2e7-5bee2a7f90d8-Petróbras-1",
    "3f9b434e-048b-4cc7-9f64-90faa942c0b7-oil-16-terminal-17": "f25f6215-5192-4162-b2e7-5bee2a7f90d8-oil-10",
    "3f9b434e-048b-4cc7-9f64-90faa942c0b7-%-8": "f25f6215-5192-4162-b2e7-5bee2a7f90d8-%-6",
    "3f9b434e-048b-4cc7-9f64-90faa942c0b7-73-7": "f25f6215-5192-4162-b2e7-5bee2a7f90d8-76-5"
  },
  "onu_23699043.json": {},
  "onu_23844461981.json": {
    "NE-ORGANIZATION-PETROBRAS": "NE-ORGANIZATION-Petrobras",
    "NE-TITLE-marine": "738463bf-612b-462d-abc4-dde0497711de-crude-16"
  },
  "onu_24044508291.json": {
    "NE-TITLE-marine": "NE-TITLE-marine",
    "NE-ORGANIZATION-PETROBRAS": "NE-ORGANIZATION-Petrobras",
    "NE-CITY-Bay": "NE-CITY-Bay"
  },
  "onu_24050293.json": {
    "NE-ORGANIZATION-PETROBRAS": "NE-ORGANIZATION-Petrobras"
  },
  "onu_242694501.json": {
    "3f9b434e-048b-4cc7-9f64-90faa942c0b7-area-18": "99dd1d4b-cba2-437d-bebf-f7012dc3111a-area-20"
  },
  "onu_24662461.json": {},
  "onu_24769642.json": {
    "NE-ORGANIZATION-PETROBRAS": "NE-ORGANIZATION-Petrobras",
    "3f9b434e-048b-4cc7-9f64-90faa942c0b7-refinery-13": "42f39395-5b68-4c17-9005-43fdaf9b688d-production-20"
  },
  "onu_24867907.json": {
    "3f9b434e-048b-4cc7-9f64-90faa942c0b7-results-7": "8164277f-ad39-46b3-a9d9-da61416c08af-results-15"
  },
  "onu_25054779.json": {},
  "onu_25144481375.json": {
    "3f9b434e-048b-4cc7-9f64-90faa942c0b7-collected-8": "585f4243-2b9e-4ec6-aef4-0fe54aaaa4ba-analyzed-19",
    "NE-TITLE-marine": "NE-TITLE-marine"
  },
  "onu_25444510078.json": {
    "NE-TITLE-marine": "adad3cf5-16ae-4cec-b91d-60c5da9121ac-Shallow-1",
    "NE-CITY-Bay": "adad3cf5-16ae-4cec-b91d-60c5da9121ac-shores-15",
    "NE-ORGANIZATION-PETROBRAS": "adad3cf5-16ae-4cec-b91d-60c5da9121ac-Petrobras-18-project-19"
  },
  "onu_26244445255.json": {
    "3f9b434e-048b-4cc7-9f64-90faa942c0b7-oil-16-terminal-17": "56ff964f-2871-425b-84b1-fb6ad329d9e9-oil-10-field-11",
    "NE-ORGANIZATION-PETROBRAS": "NE-ORGANIZATION-Petrobras"
  },
  "onu_26850121.json": {},
  "onu_27744595461.json": {
    "3f9b434e-048b-4cc7-9f64-90faa942c0b7-results-7": "aaaef65d-ece5-45c4-84f7-99c65719921a-results-19",
    "NE-ORGANIZATION-PETROBRAS": "NE-ORGANIZATION-PETROBRAS"
  },
  "onu_30311937.json": {
    "NE-ORGANIZATION-PETROBRAS": "NE-ORGANIZATION-Petrobras",
    "3f9b434e-048b-4cc7-9f64-90faa942c0b7-paper-2": "007fd580-5ecb-4536-a243-38b5370a241f-paper-2",
    "3f9b434e-048b-4cc7-9f64-90faa942c0b7-results-7": "007fd580-5ecb-4536-a243-38b5370a241f-results-18"
  },
  "onu_30706349.json": {
    "3f9b434e-048b-4cc7-9f64-90faa942c0b7-impacted-17-area-18": "c2c1112b-eb03-4a92-92fa-46cb7e40b8cc-ocean-11-area-12",
    "NE-ORGANIZATION-PETROBRAS": "NE-ORGANIZATION-PETROBRAS",
    "3f9b434e-048b-4cc7-9f64-90faa942c0b7-results-5": "c2c1112b-eb03-4a92-92fa-46cb7e40b8cc-results-2"
  },
  "onu_31206995.json": {
    "3f9b434e-048b-4cc7-9f64-90faa942c0b7-GC-12-MS-14": "860bf7ae-3012-4871-96d2-1e758b1a6d53-GVF-35",
    "NE-ORGANIZATION-PETROBRAS": "NE-ORGANIZATION-Petrobras"
  },
  "onu_31375269.json": {
    "3f9b434e-048b-4cc7-9f64-90faa942c0b7-paper-2": "5cee35a4-a50e-4d54-932a-8a8e57e575cd-paper-2"
  },
  "onu_32444448833.json": {
    "NE-ORGANIZATION-PETROBRAS": "NE-ORGANIZATION-Petrobras"
  },
  "onu_33293728.json": {
    "3f9b434e-048b-4cc7-9f64-90faa942c0b7-paper-2": "cfd050f2-67ba-42f7-a36c-18e221b0e3a7-paper-2"
  },
  "onu_33295123.json": {
    "3f9b434e-048b-4cc7-9f64-90faa942c0b7-paper-2": "0197b3f7-4b35-4e53-9441-4ec6cc6ce4f9-paper-2",
    "3f9b434e-048b-4cc7-9f64-90faa942c0b7-oil-16-terminal-17": "0197b3f7-4b35-4e53-9441-4ec6cc6ce4f9-oil-19",
    "NE-ORGANIZATION-PETROBRAS": "NE-ORGANIZATION-PETROBRAS",
    "3f9b434e-048b-4cc7-9f64-90faa942c0b7-results-7": "0197b3f7-4b35-4e53-9441-4ec6cc6ce4f9-Results-1"
  },
  "onu_33295407.json": {
    "NE-ORGANIZATION-PETROBRAS": "NE-ORGANIZATION-Petrobras",
    "3f9b434e-048b-4cc7-9f64-90faa942c0b7-paper-2": "69bf6b3a-01bd-4e40-a6e1-94da71019c1c-paper-2"
  },
  "onu_33644613229.json": {
    "3f9b434e-048b-4cc7-9f64-90faa942c0b7-oil-16-terminal-17": "20e89570-d632-400e-b304-ad0e644f1a32-oil-11-resources-12",
    "NE-ORGANIZATION-PETROBRAS": "NE-ORGANIZATION-Petrobras"
  },
  "onu_33645422493.json": {
    "3f9b434e-048b-4cc7-9f64-90faa942c0b7-refinery-13": "f8ba7747-a203-4391-9a8f-d06b3caf167c-operations-17",
    "NE-ORGANIZATION-PETROBRAS": "NE-ORGANIZATION-Petrobras",
    "3f9b434e-048b-4cc7-9f64-90faa942c0b7-pipeline-9": "NE-TITLE-tanker"
  },
  "onu_33646023976.json": {
    "3f9b434e-048b-4cc7-9f64-90faa942c0b7-paper-2": "4d5d6714-e3d6-4798-a96f-5279e7b9359d-paper-2",
    "3f9b434e-048b-4cc7-9f64-90faa942c0b7-oil-16-terminal-17": "4d5d6714-e3d6-4798-a96f-5279e7b9359d-oil-34-contamination-35",
    "3f9b434e-048b-4cc7-9f64-90faa942c0b7-refinery-13": "NE-TITLE-River",
    "3f9b434e-048b-4cc7-9f64-90faa942c0b7-vicinity-50": "4d5d6714-e3d6-4798-a96f-5279e7b9359d-area-41",
    "NE-ORGANIZATION-PETROBRAS": "NE-ORGANIZATION-Petrobras",
    "3f9b434e-048b-4cc7-9f64-90faa942c0b7-chemical-2-analysis-3": "4d5d6714-e3d6-4798-a96f-5279e7b9359d-Chemical-1-analysis-2",
    "3f9b434e-048b-4cc7-9f64-90faa942c0b7-performed-10": "4d5d6714-e3d6-4798-a96f-5279e7b9359d-performed-5",
    "NE-CITY-Bay": "NE-CITY-Bay",
    "NE-LOCATION-Guanabara": "NE-LOCATION-Guanabara",
    "3f9b434e-048b-4cc7-9f64-90faa942c0b7-area-18": "4d5d6714-e3d6-4798-a96f-5279e7b9359d-mainly-6"
  },
  "onu_33646035823.json": {
    "3f9b434e-048b-4cc7-9f64-90faa942c0b7-pipeline-9": "fdf24c0d-8db3-43be-b74d-b05c1bdf85a5-pipeline-5",
    "3f9b434e-048b-4cc7-9f64-90faa942c0b7-oil-16-terminal-17": "fdf24c0d-8db3-43be-b74d-b05c1bdf85a5-fuel-18-oil-19",
    "NE-LOCATION-Guanabara": "NE-LOCATION-Guanabara",
    "NE-CITY-Bay": "NE-CITY-Bay",
    "3f9b434e-048b-4cc7-9f64-90faa942c0b7-January-2-18-3-2000-5": "fdf24c0d-8db3-43be-b74d-b05c1bdf85a5-January-27-18-28-2000-30",
    "3f9b434e-048b-4cc7-9f64-90faa942c0b7-1,300-11-m3-12": "fdf24c0d-8db3-43be-b74d-b05c1bdf85a5-1,300-15-m3-16",
    "NE-ORGANIZATION-PETROBRAS": "NE-ORGANIZATION-PETROBRAS"
  },
  "onu_33646043488.json": {
    "3f9b434e-048b-4cc7-9f64-90faa942c0b7-refinery-13": "39c4c261-18a8-4b03-aca4-45d607c671ce-refinery-17",
    "NE-TITLE-marine": "39c4c261-18a8-4b03-aca4-45d607c671ce-free-9"
  },
  "onu_33646056405.json": {
    "NE-CITY-Bay": "NE-CITY-Bay",
    "NE-LOCATION-Guanabara": "NE-LOCATION-Guanabara",
    "3f9b434e-048b-4cc7-9f64-90faa942c0b7-pipeline-9": "84216c5e-4b64-4443-b98d-66b70adb98df-pipeline-8",
    "NE-ORGANIZATION-PETROBRAS": "NE-ORGANIZATION-Petrobras"
  },
  "onu_33646073069.json": {
    "3f9b434e-048b-4cc7-9f64-90faa942c0b7-January-2-18-3-2000-5": "c34753c7-bece-49e6-8cfe-9e17f85cdefc-July-2-16-3-2000-5",
    "3f9b434e-048b-4cc7-9f64-90faa942c0b7-refinery-13": "c34753c7-bece-49e6-8cfe-9e17f85cdefc-refinery-15",
    "NE-ORGANIZATION-PETROBRAS": "NE-ORGANIZATION-PETROBRAS",
    "3f9b434e-048b-4cc7-9f64-90faa942c0b7-paper-2": "c34753c7-bece-49e6-8cfe-9e17f85cdefc-paper-2"
  },
  "onu_33646452775.json": {
    "NE-ORGANIZATION-PETROBRAS": "NE-ORGANIZATION-Petrobras",
    "3f9b434e-048b-4cc7-9f64-90faa942c0b7-57-5": "3e889ffb-ffea-4a6d-ada5-81e76867be02-50-4"
  },
  "onu_33745228406.json": {
    "NE-ORGANIZATION-PETROBRAS": "NE-ORGANIZATION-Petrobras",
    "3f9b434e-048b-4cc7-9f64-90faa942c0b7-results-7": "d3db82f4-2fdf-42aa-a482-edab5edcb94e-results-2"
  },
  "onu_33745354316.json": {
    "NE-TITLE-marine": "NE-TITLE-marine",
    "NE-ORGANIZATION-PETROBRAS": "NE-ORGANIZATION-PETROBRAS"
  },
  "onu_33745713604.json": {
    "NE-ORGANIZATION-PETROBRAS": "NE-ORGANIZATION-Petrobras",
    "3f9b434e-048b-4cc7-9f64-90faa942c0b7-paper-2": "ce8af812-48d1-4148-a2b4-62388fc22f37-paper-2",
    "3f9b434e-048b-4cc7-9f64-90faa942c0b7-results-7": "ce8af812-48d1-4148-a2b4-62388fc22f37-results-4",
    "3f9b434e-048b-4cc7-9f64-90faa942c0b7-73-7": "ce8af812-48d1-4148-a2b4-62388fc22f37-117-4"
  },
  "onu_33746039693.json": {
    "NE-ORGANIZATION-PETROBRAS": "NE-ORGANIZATION-Petrobras"
  },
  "onu_33748460104.json": {
    "NE-ORGANIZATION-PETROBRAS": "NE-ORGANIZATION-Petrobras",
    "3f9b434e-048b-4cc7-9f64-90faa942c0b7-oil-16-terminal-17": "920d8eef-1ebb-4cab-8288-cea4cd878488-oil-8-field-9"
  },
  "onu_33749265496.json": {
    "3f9b434e-048b-4cc7-9f64-90faa942c0b7-pipeline-9": "0f252e1f-8e80-468b-9631-d74e26200948-pipeline-2",
    "NE-ORGANIZATION-PETROBRAS": "NE-ORGANIZATION-Petrobras",
    "3f9b434e-048b-4cc7-9f64-90faa942c0b7-refinery-13": "0f252e1f-8e80-468b-9631-d74e26200948-platform-20"
  },
  "onu_33751312200.json": {
    "NE-ORGANIZATION-PETROBRAS": "NE-ORGANIZATION-PETROBRAS"
  },
  "onu_33751315219.json": {
    "NE-ORGANIZATION-PETROBRAS": "NE-ORGANIZATION-PETROBRAS",
    "3f9b434e-048b-4cc7-9f64-90faa942c0b7-results-5": "0709a62c-a215-4068-a74c-360cc8510fa9-results-11"
  },
  "onu_34250708084.json": {
    "NE-ORGANIZATION-PETROBRAS": "NE-ORGANIZATION-Petrobras",
    "3f9b434e-048b-4cc7-9f64-90faa942c0b7-performed-10": "e644eed9-934d-4395-bd32-6726e3dee36b-will-4-performed-6"
  },
  "onu_344309110.json": {
    "NE-ORGANIZATION-PETROBRAS": "NE-ORGANIZATION-Petrobras",
    "3f9b434e-048b-4cc7-9f64-90faa942c0b7-paper-2": "8fb8097e-c81f-447a-a4d8-43a43dba6438-paper-2"
  },
  "onu_344741441.json": {
    "NE-ORGANIZATION-PETROBRAS": "NE-ORGANIZATION-Petrobras",
    "3f9b434e-048b-4cc7-9f64-90faa942c0b7-oil-16-terminal-17": "1de3c47d-c84d-4a38-b042-489e5b30b72e-oil-15-process-16-plants-17",
    "3f9b434e-048b-4cc7-9f64-90faa942c0b7-paper-2": "1de3c47d-c84d-4a38-b042-489e5b30b72e-paper-19"
  },
  "onu_345171568.json": {
    "NE-ORGANIZATION-PETROBRAS": "NE-ORGANIZATION-Petrobras"
  },
  "onu_34531605.json": {
    "NE-ORGANIZATION-PETROBRAS": "NE-ORGANIZATION-Petrobras"
  },
  "onu_34547893063.json": {
    "NE-ORGANIZATION-PETROBRAS": "NE-ORGANIZATION-Petrobras",
    "3f9b434e-048b-4cc7-9f64-90faa942c0b7-paper-2": "be5ea7f2-eaf1-4194-82d5-01264cdce152-paper-2"
  },
  "onu_345603133.json": {
    "3f9b434e-048b-4cc7-9f64-90faa942c0b7-results-10": "83f8226e-eaff-474f-8c4b-070d79533224-results-6",
    "3f9b434e-048b-4cc7-9f64-90faa942c0b7-GC-12-MS-14": "NE-ORGANIZATION-VLCC"
  },
  "onu_345603650.json": {
    "NE-ORGANIZATION-PETROBRAS": "NE-ORGANIZATION-PETROBRAS"
  },
  "onu_34686357.json": {
    "NE-ORGANIZATION-PETROBRAS": "NE-ORGANIZATION-Petrobras"
  },
  "onu_34984147.json": {
    "NE-ORGANIZATION-PETROBRAS": "NE-ORGANIZATION-Petrobras"
  },
  "onu_35573581.json": {
    "NE-CITY-Bay": "NE-CITY-Bay",
    "NE-LOCATION-Guanabara": "NE-LOCATION-Guanabara",
    "NE-ORGANIZATION-PETROBRAS": "NE-ORGANIZATION-PETROBRAS",
    "3f9b434e-048b-4cc7-9f64-90faa942c0b7-paper-2": "919869c7-27ec-44eb-bc21-ebd2300438cf-paper-2"
  },
  "onu_36768397.json": {
    "NE-ORGANIZATION-PETROBRAS": "NE-ORGANIZATION-Petrobras",
    "3f9b434e-048b-4cc7-9f64-90faa942c0b7-oil-16-terminal-17": "20e46fa4-f273-41b1-ba72-0f62ac329290-oil-27"
  },
  "onu_37304895.json": {
    "NE-ORGANIZATION-PETROBRAS": "NE-ORGANIZATION-Petrobras",
    "3f9b434e-048b-4cc7-9f64-90faa942c0b7-paper-2": "6bacd7ac-6903-41a6-a534-aa3361728c0d-paper-2"
  },
  "onu_40349089123.json": {
    "3f9b434e-048b-4cc7-9f64-90faa942c0b7-1,300-11-m3-12": "50180d4d-99ad-4416-b364-8467ab844fae-600,000-9-bbl-10",
    "NE-TITLE-marine": "50180d4d-99ad-4416-b364-8467ab844fae-crude-10",
    "3f9b434e-048b-4cc7-9f64-90faa942c0b7-pipeline-9": "50180d4d-99ad-4416-b364-8467ab844fae-export-8-pipeline-9",
    "NE-ORGANIZATION-PETROBRAS": "NE-ORGANIZATION-PETROBRAS",
    "3f9b434e-048b-4cc7-9f64-90faa942c0b7-oil-16-terminal-17": "50180d4d-99ad-4416-b364-8467ab844fae-oil-11",
    "3f9b434e-048b-4cc7-9f64-90faa942c0b7-paper-2": "50180d4d-99ad-4416-b364-8467ab844fae-paper-2"
  },
  "onu_4043182709.json": {
    "NE-ORGANIZATION-PETROBRAS": "NE-ORGANIZATION-Petrobras"
  },
  "onu_41849140524.json": {
    "NE-CITY-Bay": "d5ee487c-3b46-46fc-a521-837aed5b9969-bay-97",
    "3f9b434e-048b-4cc7-9f64-90faa942c0b7-vicinity-50": "d5ee487c-3b46-46fc-a521-837aed5b9969-vicinity-34"
  },
  "onu_47849110025.json": {
    "NE-ORGANIZATION-PETROBRAS": "NE-ORGANIZATION-Petrobras"
  },
  "onu_50249174640.json": {
    "NE-ORGANIZATION-PETROBRAS": "NE-ORGANIZATION-Petrobras"
  },
  "onu_50249181836.json": {
    "3f9b434e-048b-4cc7-9f64-90faa942c0b7-1,300-11-m3-12": "cfd50fe9-a146-48f2-a71e-97b5100717b7-1,000-5-1,600-7-m-8",
    "NE-TITLE-marine": "cfd50fe9-a146-48f2-a71e-97b5100717b7-light-13",
    "NE-ORGANIZATION-PETROBRAS": "NE-ORGANIZATION-Petrobras",
    "3f9b434e-048b-4cc7-9f64-90faa942c0b7-refinery-13": "cfd50fe9-a146-48f2-a71e-97b5100717b7-oil-27"
  },
  "onu_51649098845.json": {},
  "onu_52049093008.json": {
    "NE-ORGANIZATION-PETROBRAS": "NE-ORGANIZATION-Petrobras"
  },
  "onu_52249116622.json": {
    "NE-CITY-Bay": "NE-CITY-Bay",
    "NE-LOCATION-Guanabara": "NE-LOCATION-of-Guanabara",
    "3f9b434e-048b-4cc7-9f64-90faa942c0b7-oil-16-terminal-17": "2954cb55-b229-4b18-865f-d99a89fef52a-gas-21-pipeline-22",
    "NE-ORGANIZATION-PETROBRAS": "NE-ORGANIZATION-Petrobras"
  },
  "onu_52349109473.json": {
    "NE-ORGANIZATION-PETROBRAS": "NE-ORGANIZATION-Petrobras"
  },
  "onu_52849106027.json": {
    "3f9b434e-048b-4cc7-9f64-90faa942c0b7-paper-2": "35a41731-8e50-4777-9d82-156d471c0ae7-paper-2"
  },
  "onu_57649139087.json": {
    "NE-ORGANIZATION-PETROBRAS": "NE-ORGANIZATION-Petrobras"
  },
  "onu_58849128774.json": {
    "3f9b434e-048b-4cc7-9f64-90faa942c0b7-paper-2": "405fb23b-a959-4bb4-bed3-b32aa1a95cad-paper-2",
    "3f9b434e-048b-4cc7-9f64-90faa942c0b7-results-5": "405fb23b-a959-4bb4-bed3-b32aa1a95cad-results-21"
  },
  "onu_59649088185.json": {
    "NE-CITY-Bay": "NE-CITY-Bay",
    "NE-LOCATION-Guanabara": "NE-LOCATION-Guanabara",
    "NE-ORGANIZATION-PETROBRAS": "NE-ORGANIZATION-Petrobras"
  },
  "onu_68649086917.json": {
    "NE-TITLE-marine": "452ca893-25f2-4bf0-ae58-16ca549811cd-giant-7",
    "NE-ORGANIZATION-PETROBRAS": "NE-ORGANIZATION-Petrobras"
  },
  "onu_68649124056.json": {
    "3f9b434e-048b-4cc7-9f64-90faa942c0b7-1,300-11-m3-12": "1ddb617f-5d63-4fae-b6e3-3e210eb638a3-2,000-12-m-13",
    "NE-ORGANIZATION-PETROBRAS": "NE-ORGANIZATION-Petrobras"
  },
  "onu_68649126570.json": {
    "3f9b434e-048b-4cc7-9f64-90faa942c0b7-1,300-11-m3-12": "7c69eb4c-e764-45a7-a7e2-9b6a99b69281-180,000-15-bpd-16",
    "3f9b434e-048b-4cc7-9f64-90faa942c0b7-refinery-13": "7c69eb4c-e764-45a7-a7e2-9b6a99b69281-petroleum-18",
    "3f9b434e-048b-4cc7-9f64-90faa942c0b7-57-5": "7c69eb4c-e764-45a7-a7e2-9b6a99b69281-51-7"
  },
  "onu_70449127482.json": {
    "NE-ORGANIZATION-PETROBRAS": "NE-ORGANIZATION-Petrobras",
    "3f9b434e-048b-4cc7-9f64-90faa942c0b7-paper-2": "5082c4a7-cf6e-45cd-b5f9-5834141f90b5-paper-2",
    "3f9b434e-048b-4cc7-9f64-90faa942c0b7-GC-12-MS-14": "5082c4a7-cf6e-45cd-b5f9-5834141f90b5-GeDIg-10-BRC-12-solution-13"
  },
  "onu_70449650835.json": {
    "NE-ORGANIZATION-PETROBRAS": "NE-ORGANIZATION-Petrobras"
  },
  "onu_72449143175.json": {
    "NE-ORGANIZATION-PETROBRAS": "NE-ORGANIZATION-Petrobras"
  },
  "onu_73349086227.json": {
    "NE-ORGANIZATION-PETROBRAS": "NE-ORGANIZATION-Petrobras"
  },
  "onu_77449138097.json": {
    "NE-ORGANIZATION-PETROBRAS": "NE-ORGANIZATION-Petrobras"
  },
  "onu_77955388680.json": {
    "NE-TITLE-marine": "6853be13-f2b8-4273-b0f4-b628a386d69b-offshore-52",
    "NE-ORGANIZATION-PETROBRAS": "NE-ORGANIZATION-Petrobras",
    "3f9b434e-048b-4cc7-9f64-90faa942c0b7-paper-2": "6853be13-f2b8-4273-b0f4-b628a386d69b-paper-2",
    "3f9b434e-048b-4cc7-9f64-90faa942c0b7-impacted-17-area-18": "6853be13-f2b8-4273-b0f4-b628a386d69b-deck-20-area-21"
  },
  "onu_77955408815.json": {
    "NE-TITLE-marine": "3fbbdd88-8638-4b37-a689-c218c2b9f313-offshore-16",
    "NE-ORGANIZATION-PETROBRAS": "NE-ORGANIZATION-Petrobras",
    "3f9b434e-048b-4cc7-9f64-90faa942c0b7-paper-2": "3fbbdd88-8638-4b37-a689-c218c2b9f313-paper-2"
  },
  "onu_77956543361.json": {
    "NE-ORGANIZATION-PETROBRAS": "NE-ORGANIZATION-Petrobras"
  },
  "onu_77956858304.json": {
    "NE-TITLE-marine": "18d1470d-7707-4546-87ab-5615cd0aeaf8-offshore-40",
    "NE-ORGANIZATION-PETROBRAS": "NE-ORGANIZATION-Petrobras"
  },
  "onu_77958012173.json": {
    "3f9b434e-048b-4cc7-9f64-90faa942c0b7-results-5": "82dfb525-fe3c-44b8-a079-56355943e3c5-results-2",
    "3f9b434e-048b-4cc7-9f64-90faa942c0b7-results-7": "82dfb525-fe3c-44b8-a079-56355943e3c5-results-2"
  },
  "onu_78049320828.json": {
    "NE-ORGANIZATION-PETROBRAS": "NE-ORGANIZATION-Petrobras"
  },
  "onu_78649387727.json": {
    "NE-ORGANIZATION-PETROBRAS": "NE-ORGANIZATION-Petrobras"
  },
  "onu_78650855754.json": {},
  "onu_79952546010.json": {
    "NE-ORGANIZATION-PETROBRAS": "NE-ORGANIZATION-Petrobras",
    "3f9b434e-048b-4cc7-9f64-90faa942c0b7-paper-2": "b40df2ca-cdf7-4284-8597-8f166cac093a-paper-2"
  },
  "onu_79952620223.json": {
    "3f9b434e-048b-4cc7-9f64-90faa942c0b7-paper-2": "c65b6b38-5933-4677-bdf7-2b10f3833625-paper-2"
  },
  "onu_79953006622.json": {
    "NE-ORGANIZATION-PETROBRAS": "NE-ORGANIZATION-Petrobras"
  },
  "onu_79955374293.json": {
    "NE-ORGANIZATION-PETROBRAS": "NE-ORGANIZATION-PETROBRAS",
    "3f9b434e-048b-4cc7-9f64-90faa942c0b7-paper-2": "fdf01418-b90d-4c3b-8f26-604224b4b6fb-paper-2"
  },
  "onu_79955828033.json": {
    "NE-ORGANIZATION-PETROBRAS": "NE-ORGANIZATION-Petrobras",
    "3f9b434e-048b-4cc7-9f64-90faa942c0b7-paper-2": "070900c0-3683-4838-8adf-7fc9280ff95b-paper-2",
    "3f9b434e-048b-4cc7-9f64-90faa942c0b7-GC-12-MS-14": "070900c0-3683-4838-8adf-7fc9280ff95b-VLCC-9"
  },
  "onu_79959789184.json": {
    "NE-ORGANIZATION-PETROBRAS": "NE-ORGANIZATION-Petrobras"
  },
  "onu_80052069671.json": {},
  "onu_80052571318.json": {
    "NE-ORGANIZATION-PETROBRAS": "NE-ORGANIZATION-Petrobras",
    "3f9b434e-048b-4cc7-9f64-90faa942c0b7-oil-16-terminal-17": "6c5a99a3-587c-4891-b93a-3283c2d031e2-oil-7-production-8",
    "3f9b434e-048b-4cc7-9f64-90faa942c0b7-paper-2": "6c5a99a3-587c-4891-b93a-3283c2d031e2-paper-2"
  },
  "onu_80052582062.json": {
    "NE-ORGANIZATION-PETROBRAS": "NE-ORGANIZATION-Petrobras",
    "3f9b434e-048b-4cc7-9f64-90faa942c0b7-results-5": "7a7f6f9c-3356-4943-af08-ffb5a792d414-results-10"
  },
  "onu_80052741860.json": {
    "NE-TITLE-marine": "79779a95-9f66-41cc-8f88-c4ffb6057f28-floating-19",
    "NE-CITY-Bay": "NE-CITY-Bay",
    "NE-LOCATION-Guanabara": "NE-LOCATION-Guanabara",
    "NE-ORGANIZATION-PETROBRAS": "NE-ORGANIZATION-Petrobras"
  },
  "onu_80053430040.json": {
    "NE-TITLE-marine": "6662d10a-a02c-4d87-88ea-e983eff2d48c-natural-7",
    "NE-LOCATION-Guanabara": "NE-CITY-Guara"
  },
  "onu_80053904380.json": {
    "NE-ORGANIZATION-PETROBRAS": "NE-ORGANIZATION-Petrobras"
  },
  "onu_80053909062.json": {
    "NE-ORGANIZATION-PETROBRAS": "NE-ORGANIZATION-Petrobras"
  },
  "onu_80053931244.json": {
    "NE-ORGANIZATION-PETROBRAS": "NE-ORGANIZATION-Petrobras"
  },
  "onu_80053961084.json": {
    "3f9b434e-048b-4cc7-9f64-90faa942c0b7-results-7": "00386aed-2baf-4b8b-a186-2dcd3e2dfe13-results-8"
  },
  "onu_80054757255.json": {
    "NE-ORGANIZATION-PETROBRAS": "NE-ORGANIZATION-Petrobras"
  },
  "onu_81855167522.json": {
    "NE-ORGANIZATION-PETROBRAS": "NE-ORGANIZATION-Petrobras"
  },
  "onu_82555187024.json": {},
  "onu_83155193342.json": {},
  "onu_84856625676.json": {
    "NE-TITLE-marine": "f46d89ca-ba74-4b07-984b-f55cacc7eb9d-mixed-8",
    "NE-ORGANIZATION-PETROBRAS": "NE-ORGANIZATION-Petrobras"
  },
  "onu_84856741449.json": {
    "NE-ORGANIZATION-PETROBRAS": "NE-ORGANIZATION-PETROBRAS"
  },
  "onu_84857305090.json": {
    "NE-ORGANIZATION-PETROBRAS": "NE-ORGANIZATION-BR-Petrobras",
    "3f9b434e-048b-4cc7-9f64-90faa942c0b7-paper-2": "6f3e4645-24e4-4349-bbd4-2d20eb367316-paper-2"
  },
  "onu_84857324711.json": {
    "NE-ORGANIZATION-PETROBRAS": "NE-ORGANIZATION-Petrobras"
  },
  "onu_84857483294.json": {
    "3f9b434e-048b-4cc7-9f64-90faa942c0b7-results-7": "b961c7ef-4284-431b-b6b0-8870832647c0-results-2"
  },
  "onu_84861595246.json": {
    "NE-ORGANIZATION-PETROBRAS": "NE-ORGANIZATION-Petrobras",
    "3f9b434e-048b-4cc7-9f64-90faa942c0b7-paper-2": "204509a8-265c-4397-8149-04982bb962db-paper-2",
    "3f9b434e-048b-4cc7-9f64-90faa942c0b7-results-5": "204509a8-265c-4397-8149-04982bb962db-results-7"
  },
  "onu_84864615590.json": {
    "NE-ORGANIZATION-PETROBRAS": "NE-ORGANIZATION-Petrobras-Business-Plan",
    "3f9b434e-048b-4cc7-9f64-90faa942c0b7-GC-12-MS-14": "0b789bcb-4b6a-4e1e-8498-8f681f20a218-SBPSC-25"
  },
  "onu_84864936265.json": {
    "3f9b434e-048b-4cc7-9f64-90faa942c0b7-chemical-2-analysis-3": "5635ba94-7921-4b3b-8f49-dd87f763feb9-chemical-2-index-3",
    "3f9b434e-048b-4cc7-9f64-90faa942c0b7-collected-8": "5635ba94-7921-4b3b-8f49-dd87f763feb9-analyzed-34"
  },
  "onu_84865218536.json": {
    "3f9b434e-048b-4cc7-9f64-90faa942c0b7-paper-2": "e955921c-620b-4103-a481-8613fc75bad6-paper-21",
    "3f9b434e-048b-4cc7-9f64-90faa942c0b7-results-5": "e955921c-620b-4103-a481-8613fc75bad6-results-6"
  },
  "onu_84865723570.json": {
    "3f9b434e-048b-4cc7-9f64-90faa942c0b7-paper-2": "ee5c2e54-d5c3-4267-b45d-c2d38fa079f1-paper-2",
    "3f9b434e-048b-4cc7-9f64-90faa942c0b7-chemical-2-analysis-3": "ee5c2e54-d5c3-4267-b45d-c2d38fa079f1-validation-2-analysis-3"
  },
  "onu_84869199462.json": {
    "NE-TITLE-marine": "NE-TITLE-marine"
  },
  "onu_84870604908.json": {
    "NE-ORGANIZATION-PETROBRAS": "NE-ORGANIZATION-Petrobras"
  },
  "onu_84877857340.json": {},
  "onu_84878941411.json": {},
  "onu_84879432080.json": {
    "NE-ORGANIZATION-PETROBRAS": "NE-ORGANIZATION-Petrobras",
    "3f9b434e-048b-4cc7-9f64-90faa942c0b7-paper-2": "d22980f2-d1fa-4f87-94aa-ec684269aac1-paper-2"
  },
  "onu_84879955769.json": {
    "NE-TITLE-marine": "NE-TITLE-marine",
    "3f9b434e-048b-4cc7-9f64-90faa942c0b7-results-7": "bd8c4b54-df1d-43f0-9195-6d54c4148a62-results-2"
  },
  "onu_84880007809.json": {
    "3f9b434e-048b-4cc7-9f64-90faa942c0b7-area-18": "d4de0e22-c401-432d-9110-81f5c296679b-area-17",
    "3f9b434e-048b-4cc7-9f64-90faa942c0b7-samples-6": "d4de0e22-c401-432d-9110-81f5c296679b-Samples-1",
    "3f9b434e-048b-4cc7-9f64-90faa942c0b7-collected-8": "d4de0e22-c401-432d-9110-81f5c296679b-collected-3",
    "3f9b434e-048b-4cc7-9f64-90faa942c0b7-GC-12-MS-14": "NE-ORGANIZATION-DRC"
  },
  "onu_84883765236.json": {
    "NE-CITY-Bay": "NE-CITY-Bay",
    "3f9b434e-048b-4cc7-9f64-90faa942c0b7-samples-6": "f3fa1d9f-bec4-4fe9-a45b-abc6d74b2e5a-Samples-1",
    "3f9b434e-048b-4cc7-9f64-90faa942c0b7-collected-8": "f3fa1d9f-bec4-4fe9-a45b-abc6d74b2e5a-collected-3",
    "3f9b434e-048b-4cc7-9f64-90faa942c0b7-results-7": "f3fa1d9f-bec4-4fe9-a45b-abc6d74b2e5a-results-2"
  },
  "onu_84883765292.json": {
    "NE-TITLE-marine": "afb5c7d8-4be9-4783-93d0-e20924ca5129-freshwater-26",
    "NE-CITY-Bay": "NE-CITY-Bay",
    "3f9b434e-048b-4cc7-9f64-90faa942c0b7-samples-6": "afb5c7d8-4be9-4783-93d0-e20924ca5129-Samples-38",
    "3f9b434e-048b-4cc7-9f64-90faa942c0b7-collected-8": "afb5c7d8-4be9-4783-93d0-e20924ca5129-collected-40"
  },
  "onu_84887507211.json": {
    "3f9b434e-048b-4cc7-9f64-90faa942c0b7-paper-2": "9aa61b6b-268d-41fb-a9cc-799d32a8079c-paper-2"
  },
  "onu_84888845935.json": {
    "NE-TITLE-marine": "08983aea-212e-4ede-98cd-be137c97ff19-offshore-4",
    "3f9b434e-048b-4cc7-9f64-90faa942c0b7-paper-2": "08983aea-212e-4ede-98cd-be137c97ff19-paper-2",
    "3f9b434e-048b-4cc7-9f64-90faa942c0b7-results-5": "08983aea-212e-4ede-98cd-be137c97ff19-results-5"
  },
  "onu_84888934569.json": {},
  "onu_84888954344.json": {
    "NE-ORGANIZATION-PETROBRAS": "NE-ORGANIZATION-PETROBRÁS-Production-Department"
  },
  "onu_84888967977.json": {},
  "onu_84889840418.json": {
    "NE-ORGANIZATION-PETROBRAS": "NE-ORGANIZATION-Petrobras"
  },
  "onu_84891320656.json": {
    "NE-TITLE-marine": "NE-TITLE-marine"
  },
  "onu_84891344152.json": {
    "NE-TITLE-marine": "NE-TITLE-marine",
    "3f9b434e-048b-4cc7-9f64-90faa942c0b7-0.04-13-11.56-15-μg-16-1-20": "295c9de1-de4f-46df-baf3-c289fa395145-0.21-9-0.1-11-μM-12"
  },
  "onu_84892632570.json": {},
  "onu_84892860778.json": {
    "3f9b434e-048b-4cc7-9f64-90faa942c0b7-range-28": "e59a2ee4-651e-4626-853a-fff67b8b6ac0-core-5"
  },
  "onu_84893052541.json": {
    "3f9b434e-048b-4cc7-9f64-90faa942c0b7-leak-6": "f0e08ada-1ca4-4e31-bda9-3911eddc8016-flow-31",
    "NE-ORGANIZATION-PETROBRAS": "NE-ORGANIZATION-PETROBRAS",
    "3f9b434e-048b-4cc7-9f64-90faa942c0b7-paper-2": "f0e08ada-1ca4-4e31-bda9-3911eddc8016-paper-2"
  },
  "onu_84893062958.json": {
    "NE-ORGANIZATION-PETROBRAS": "NE-ORGANIZATION-Petrobras"
  },
  "onu_84893067779.json": {
    "NE-TITLE-marine": "e3239ac2-996c-48c2-a4b9-5b330ad8ca86-offshore-15",
    "NE-ORGANIZATION-PETROBRAS": "NE-ORGANIZATION-Petrobras",
    "3f9b434e-048b-4cc7-9f64-90faa942c0b7-paper-2": "e3239ac2-996c-48c2-a4b9-5b330ad8ca86-paper-2"
  },
  "onu_84893090004.json": {},
  "onu_84893361208.json": {
    "NE-ORGANIZATION-PETROBRAS": "NE-ORGANIZATION-PETROBRAS",
    "3f9b434e-048b-4cc7-9f64-90faa942c0b7-paper-2": "9867dde6-b627-4c95-aa08-5793f95d79f9-paper-3",
    "3f9b434e-048b-4cc7-9f64-90faa942c0b7-area-18": "9867dde6-b627-4c95-aa08-5793f95d79f9-region-7"
  },
  "onu_84893407222.json": {
    "NE-ORGANIZATION-PETROBRAS": "NE-ORGANIZATION-Geochemistry-Network-PETROBRAS",
    "3f9b434e-048b-4cc7-9f64-90faa942c0b7-results-5": "44b1d4b9-1d34-4364-a8fe-c3fcc69d0615-results-2",
    "3f9b434e-048b-4cc7-9f64-90faa942c0b7-Chemical-1": "44b1d4b9-1d34-4364-a8fe-c3fcc69d0615-scan-2",
    "3f9b434e-048b-4cc7-9f64-90faa942c0b7-samples-6": "44b1d4b9-1d34-4364-a8fe-c3fcc69d0615-cores-6",
    "3f9b434e-048b-4cc7-9f64-90faa942c0b7-collected-8": "44b1d4b9-1d34-4364-a8fe-c3fcc69d0615-collected-7",
    "3f9b434e-048b-4cc7-9f64-90faa942c0b7-results-7": "44b1d4b9-1d34-4364-a8fe-c3fcc69d0615-results-2"
  },
  "onu_84893805098.json": {
    "NE-TITLE-marine": "c9cc11fc-8719-4e06-8c6b-99c7f538df16-deep-6",
    "3f9b434e-048b-4cc7-9f64-90faa942c0b7-samples-6": "c9cc11fc-8719-4e06-8c6b-99c7f538df16-Samples-1"
  },
  "onu_84894453276.json": {
    "3f9b434e-048b-4cc7-9f64-90faa942c0b7-results-7": "b9b6adf1-6e95-4cfa-b97a-44efcd1fe567-Results-1"
  },
  "onu_84894470550.json": {
    "NE-TITLE-marine": "NE-TITLE-marine"
  },
  "onu_84896824358.json": {
    "3f9b434e-048b-4cc7-9f64-90faa942c0b7-intertidal-10": "a674b86c-95d0-4e2a-aca6-37744b347071-intermodality-10"
  },
  "onu_84897376128.json": {
    "3f9b434e-048b-4cc7-9f64-90faa942c0b7-oil-16-terminal-17": "6634b230-b55b-42f5-b6bf-e9764410d504-oil-17-reserves-20",
    "3f9b434e-048b-4cc7-9f64-90faa942c0b7-paper-2": "6634b230-b55b-42f5-b6bf-e9764410d504-paper-2",
    "3f9b434e-048b-4cc7-9f64-90faa942c0b7-results-5": "6634b230-b55b-42f5-b6bf-e9764410d504-results-5",
    "3f9b434e-048b-4cc7-9f64-90faa942c0b7-water-8-column-9": "6634b230-b55b-42f5-b6bf-e9764410d504-water-10"
  },
  "onu_84897381844.json": {
    "NE-ORGANIZATION-PETROBRAS": "NE-ORGANIZATION-Petrobras",
    "3f9b434e-048b-4cc7-9f64-90faa942c0b7-results-5": "607e16a2-24ab-44ad-a4a3-8273a81253f6-results-11",
    "3f9b434e-048b-4cc7-9f64-90faa942c0b7-results-7": "607e16a2-24ab-44ad-a4a3-8273a81253f6-results-11"
  },
  "onu_84897392529.json": {
    "NE-TITLE-marine": "21b0b660-404f-436a-867e-af9cbe7f0918-offshore-38",
    "NE-ORGANIZATION-PETROBRAS": "NE-ORGANIZATION-Petrobras",
    "3f9b434e-048b-4cc7-9f64-90faa942c0b7-oil-16-terminal-17": "21b0b660-404f-436a-867e-af9cbe7f0918-potential-5-oil-6-block-7",
    "3f9b434e-048b-4cc7-9f64-90faa942c0b7-performed-10": "21b0b660-404f-436a-867e-af9cbe7f0918-performed-4",
    "3f9b434e-048b-4cc7-9f64-90faa942c0b7-area-18": "21b0b660-404f-436a-867e-af9cbe7f0918-reservoir-19"
  },
  "onu_84897399429.json": {
    "NE-ORGANIZATION-PETROBRAS": "NE-ORGANIZATION-Petrobras",
    "3f9b434e-048b-4cc7-9f64-90faa942c0b7-sites-13": "898c33c4-d7a3-46cc-94f0-d84c5288fee6-environments-43"
  },
  "onu_84897408330.json": {
    "3f9b434e-048b-4cc7-9f64-90faa942c0b7-paper-2": "b19e19ff-a5c9-48e8-bb16-bce5beab0ca2-paper-2"
  },
  "onu_84897441267.json": {
    "NE-ORGANIZATION-PETROBRAS": "NE-ORGANIZATION-Petrobras",
    "3f9b434e-048b-4cc7-9f64-90faa942c0b7-paper-2": "6386a9ef-0016-45d5-9431-03b779673c2b-paper-2"
  },
  "onu_84897448998.json": {
    "3f9b434e-048b-4cc7-9f64-90faa942c0b7-paper-2": "ebed93b1-9b44-42bf-a267-aebdc3f48887-paper-9"
  },
  "onu_84897449140.json": {
    "NE-ORGANIZATION-PETROBRAS": "NE-ORGANIZATION-Petrobras-Pre-Salt",
    "3f9b434e-048b-4cc7-9f64-90faa942c0b7-paper-2": "b829cc46-eb44-4769-8923-e94eb353af76-paper-2"
  },
  "onu_84897461830.json": {
    "NE-TITLE-marine": "NE-TITLE-marine",
    "3f9b434e-048b-4cc7-9f64-90faa942c0b7-paper-2": "6d4e9725-03d3-4734-9822-6feb56c5d4d5-paper-2"
  },
  "onu_84897465328.json": {
    "NE-ORGANIZATION-PETROBRAS": "NE-ORGANIZATION-Petrobras",
    "3f9b434e-048b-4cc7-9f64-90faa942c0b7-paper-2": "7e19d608-90b6-4fc3-afea-623202a7f587-paper-2",
    "3f9b434e-048b-4cc7-9f64-90faa942c0b7-results-5": "7e19d608-90b6-4fc3-afea-623202a7f587-results-5",
    "3f9b434e-048b-4cc7-9f64-90faa942c0b7-results-7": "7e19d608-90b6-4fc3-afea-623202a7f587-results-5"
  },
  "onu_84897470967.json": {
    "NE-TITLE-marine": "7f6f47ca-cfad-4483-ba7b-011e5564f245-offshore-18",
    "3f9b434e-048b-4cc7-9f64-90faa942c0b7-30-3-sediments-5": "7f6f47ca-cfad-4483-ba7b-011e5564f245-sediments-19"
  },
  "onu_84900305359.json": {
    "3f9b434e-048b-4cc7-9f64-90faa942c0b7-range-28": "97531c44-64fa-4fe3-bfde-d9c5843dc485-size-68"
  },
  "onu_84901784680.json": {},
  "onu_84904394721.json": {
    "NE-TITLE-marine": "8e2e949b-ad5f-4570-870a-fc20ddc3c8e9-natural-13",
    "NE-ORGANIZATION-PETROBRAS": "NE-ORGANIZATION-Petrobras",
    "3f9b434e-048b-4cc7-9f64-90faa942c0b7-refinery-13": "8e2e949b-ad5f-4570-870a-fc20ddc3c8e9-reservoirs-17"
  },
  "onu_84905748711.json": {
    "3f9b434e-048b-4cc7-9f64-90faa942c0b7-paper-2": "dede7ae1-618b-4e69-ba85-b9a4bf191bed-paper-2",
    "3f9b434e-048b-4cc7-9f64-90faa942c0b7-results-5": "dede7ae1-618b-4e69-ba85-b9a4bf191bed-results-6",
    "3f9b434e-048b-4cc7-9f64-90faa942c0b7-results-7": "dede7ae1-618b-4e69-ba85-b9a4bf191bed-results-6"
  },
  "onu_84907991224.json": {},
  "onu_84918528762.json": {
    "NE-TITLE-marine": "NE-TITLE-marine",
    "3f9b434e-048b-4cc7-9f64-90faa942c0b7-oil-16-terminal-17": "521f5922-1c3e-4c36-9fd5-536f42356eaf-oil-7-generation-8",
    "3f9b434e-048b-4cc7-9f64-90faa942c0b7-results-5": "521f5922-1c3e-4c36-9fd5-536f42356eaf-results-7"
  },
  "onu_84925638296.json": {
    "NE-TITLE-marine": "b21e4bce-3e9b-4d90-a83b-1abdd0c22319-oceanic-21",
    "NE-ORGANIZATION-PETROBRAS": "NE-ORGANIZATION-PETROBRAS"
  },
  "onu_84930513772.json": {
    "NE-CITY-Bay": "NE-CITY-Bay",
    "3f9b434e-048b-4cc7-9f64-90faa942c0b7-range-11": "fc8b94b7-0e5d-450a-9054-6f9bf272ae34-range-19"
  },
  "onu_84940864746.json": {
    "NE-ORGANIZATION-PETROBRAS": "NE-ORGANIZATION-Petrobras"
  },
  "onu_84943289484.json": {
    "3f9b434e-048b-4cc7-9f64-90faa942c0b7-samples-6": "a318701e-6951-43b5-ab6d-2b3deb57fa16-measurements-3",
    "3f9b434e-048b-4cc7-9f64-90faa942c0b7-collected-8": "a318701e-6951-43b5-ab6d-2b3deb57fa16-generated-5"
  },
  "onu_84943328375.json": {
    "NE-ORGANIZATION-PETROBRAS": "NE-ORGANIZATION-Petrobras",
    "3f9b434e-048b-4cc7-9f64-90faa942c0b7-paper-2": "959feb1f-0a32-411d-bb1a-fe07e8dd3be3-paper-2"
  },
  "onu_84943338721.json": {
    "NE-ORGANIZATION-PETROBRAS": "NE-ORGANIZATION-Petrobras",
    "3f9b434e-048b-4cc7-9f64-90faa942c0b7-range-28": "83c12324-c60f-4651-9cfb-69111aaba3ef-spotlight-30"
  },
  "onu_84943339436.json": {
    "3f9b434e-048b-4cc7-9f64-90faa942c0b7-paper-2": "3cd768dc-cd71-4749-a45c-61e32e4b3b06-paper-2"
  },
  "onu_84944574757.json": {
    "NE-ORGANIZATION-PETROBRAS": "NE-ORGANIZATION-Petrobras",
    "3f9b434e-048b-4cc7-9f64-90faa942c0b7-paper-2": "d0d3f522-daa5-46df-9fd9-95491816b5d6-paper-2"
  },
  "onu_84944593501.json": {},
  "onu_84947326315.json": {},
  "onu_84947757002.json": {},
  "onu_84949266932.json": {},
  "onu_84951918487.json": {
    "NE-ORGANIZATION-PETROBRAS": "NE-ORGANIZATION-Petrobras",
    "3f9b434e-048b-4cc7-9f64-90faa942c0b7-paper-2": "6d96e98c-77ad-4954-b07a-14307ad74b11-paper-2"
  },
  "onu_84954454797.json": {
    "NE-TITLE-marine": "45dea8c7-5987-4120-9906-0be4e1b2fa35-aquatic-2",
    "3f9b434e-048b-4cc7-9f64-90faa942c0b7-0.04-13-11.56-15-μg-16-1-20": "45dea8c7-5987-4120-9906-0be4e1b2fa35-7.93-16-μg-17-g-18-1-20-sediment-22",
    "3f9b434e-048b-4cc7-9f64-90faa942c0b7-sites-13": "45dea8c7-5987-4120-9906-0be4e1b2fa35-sites-19",
    "3f9b434e-048b-4cc7-9f64-90faa942c0b7-intertidal-10": "45dea8c7-5987-4120-9906-0be4e1b2fa35-intertidal-4-surface-5-sediments-6",
    "3f9b434e-048b-4cc7-9f64-90faa942c0b7-2-17-μg-18": "45dea8c7-5987-4120-9906-0be4e1b2fa35-7.93-16-μg-17-g-18-1-20-sediment-22",
    "3f9b434e-048b-4cc7-9f64-90faa942c0b7-2-29-5-31-μg-32-1-36": "45dea8c7-5987-4120-9906-0be4e1b2fa35-7.93-16-μg-17-g-18-1-20-sediment-22"
  },
  "onu_84955127995.json": {
    "NE-ORGANIZATION-PETROBRAS": "NE-ORGANIZATION-PETROBRAS",
    "3f9b434e-048b-4cc7-9f64-90faa942c0b7-refinery-13": "04ab6b85-447c-419a-adaf-4533eabeb71e-oil-51"
  },
  "onu_84958666405.json": {
    "NE-ORGANIZATION-PETROBRAS": "NE-ORGANIZATION-Petrobras"
  },
  "onu_84959478227.json": {},
  "onu_84959561430.json": {
    "3f9b434e-048b-4cc7-9f64-90faa942c0b7-paper-2": "c9b0cc1d-e1ac-4a3e-8cb4-ffafc327a1c8-paper-2"
  },
  "onu_84963819657.json": {
    "3f9b434e-048b-4cc7-9f64-90faa942c0b7-sites-13": "fcf2e6c3-d24b-4213-a006-8fb5427c6317-structures-14"
  },
  "onu_84964700375.json": {
    "3f9b434e-048b-4cc7-9f64-90faa942c0b7-pipeline-9": "69c6bb79-fae8-43da-8f18-3e03cea59fec-oil-17",
    "NE-ORGANIZATION-PETROBRAS": "NE-ORGANIZATION-Petrobras",
    "3f9b434e-048b-4cc7-9f64-90faa942c0b7-range-11": "69c6bb79-fae8-43da-8f18-3e03cea59fec-range-12"
  },
  "onu_84974574825.json": {
    "NE-TITLE-marine": "NE-TITLE-marine"
  },
  "onu_84975761253.json": {
    "NE-TITLE-marine": "NE-TITLE-marine",
    "3f9b434e-048b-4cc7-9f64-90faa942c0b7-sediments-3": "82c101db-bc8d-45dc-b75d-18d86512befa-sediments-7",
    "3f9b434e-048b-4cc7-9f64-90faa942c0b7-57-5": "82c101db-bc8d-45dc-b75d-18d86512befa-50-17"
  },
  "onu_84979574362.json": {
    "3f9b434e-048b-4cc7-9f64-90faa942c0b7-samples-6": "6cc2891a-f7a7-4b12-a67e-029947346f7a-Sediment-1-samples-2",
    "3f9b434e-048b-4cc7-9f64-90faa942c0b7-collected-8": "6cc2891a-f7a7-4b12-a67e-029947346f7a-collected-4"
  },
  "onu_84983465797.json": {
    "NE-TITLE-marine": "29e71a86-d6f9-4b04-935d-d2cff0962e21-heavy-23",
    "3f9b434e-048b-4cc7-9f64-90faa942c0b7-%-8": "29e71a86-d6f9-4b04-935d-d2cff0962e21-%-13",
    "3f9b434e-048b-4cc7-9f64-90faa942c0b7-73-7": "29e71a86-d6f9-4b04-935d-d2cff0962e21-100-12",
    "3f9b434e-048b-4cc7-9f64-90faa942c0b7-range-28": "29e71a86-d6f9-4b04-935d-d2cff0962e21-range-27"
  },
  "onu_84984596158.json": {
    "NE-TITLE-marine": "NE-TITLE-marine",
    "NE-CITY-Bay": "NE-CITY-Bay",
    "3f9b434e-048b-4cc7-9f64-90faa942c0b7-intertidal-10": "b94c540f-6bf7-42af-8b1e-5a148c0defb1-subtidal-10",
    "3f9b434e-048b-4cc7-9f64-90faa942c0b7-subtidal-4": "b94c540f-6bf7-42af-8b1e-5a148c0defb1-subtidal-10"
  },
  "onu_84987760544.json": {
    "NE-TITLE-marine": "586a34af-a858-433d-9bc9-af2c7ac0d2f7-mass-8",
    "3f9b434e-048b-4cc7-9f64-90faa942c0b7-samples-6": "586a34af-a858-433d-9bc9-af2c7ac0d2f7-data-5"
  },
  "onu_84987762471.json": {},
  "onu_84987763922.json": {},
  "onu_84990861431.json": {
    "3f9b434e-048b-4cc7-9f64-90faa942c0b7-samples-6": "668f68ee-8de7-45d9-9784-b0893545fc9d-samples-5",
    "3f9b434e-048b-4cc7-9f64-90faa942c0b7-collected-8": "668f68ee-8de7-45d9-9784-b0893545fc9d-performed-7",
    "3f9b434e-048b-4cc7-9f64-90faa942c0b7-%-8": "668f68ee-8de7-45d9-9784-b0893545fc9d-%-8",
    "3f9b434e-048b-4cc7-9f64-90faa942c0b7-73-7": "668f68ee-8de7-45d9-9784-b0893545fc9d-97-7"
  },
  "onu_84990898401.json": {
    "NE-TITLE-marine": "NE-TITLE-marine"
  },
  "onu_84996602559.json": {},
  "onu_85006339618.json": {
    "NE-TITLE-marine": "NE-TITLE-marine"
  },
  "onu_85007282651.json": {
    "NE-TITLE-marine": "NE-TITLE-marine"
  },
  "onu_85008198009.json": {},
  "onu_85009177497.json": {
    "NE-TITLE-marine": "77e3eb37-fc2c-484b-93bf-2c8e40534b57-coastal-43",
    "NE-DURATION-10-days": "NE-DURATION-30-days",
    "3f9b434e-048b-4cc7-9f64-90faa942c0b7-57-5": "77e3eb37-fc2c-484b-93bf-2c8e40534b57-62-9",
    "3f9b434e-048b-4cc7-9f64-90faa942c0b7-73-7": "77e3eb37-fc2c-484b-93bf-2c8e40534b57-62-9",
    "NE-CITY-Bay": "NE-CITY-Bay"
  },
  "onu_85009192413.json": {
    "3f9b434e-048b-4cc7-9f64-90faa942c0b7-results-5": "1fa51d3a-829d-4c50-9899-89265ff2e400-results-16",
    "3f9b434e-048b-4cc7-9f64-90faa942c0b7-sediments-3": "1fa51d3a-829d-4c50-9899-89265ff2e400-samples-16",
    "3f9b434e-048b-4cc7-9f64-90faa942c0b7-results-7": "1fa51d3a-829d-4c50-9899-89265ff2e400-results-16"
  },
  "onu_85009433339.json": {
    "3f9b434e-048b-4cc7-9f64-90faa942c0b7-results-7": "8d6a27c2-4247-424d-bab0-1524fae72b95-results-2"
  },
  "onu_85012910163.json": {
    "3f9b434e-048b-4cc7-9f64-90faa942c0b7-oil-16-terminal-17": "be4b33fc-ea24-431e-800e-9069afec7afe-salt-18-flow-19"
  },
  "onu_85013296221.json": {
    "3f9b434e-048b-4cc7-9f64-90faa942c0b7-paper-2": "68be832a-27b4-49e7-8b72-dcc340ca62d8-paper-2"
  },
  "onu_85013858173.json": {
    "3f9b434e-048b-4cc7-9f64-90faa942c0b7-water-8-column-9": "9f50d251-7e41-4765-8a72-6be967b48838-water-33-column-34"
  },
  "onu_85016298905.json": {
    "3f9b434e-048b-4cc7-9f64-90faa942c0b7-area-18": "3a1c0afe-860d-43e4-8160-8731acebad0d-area-44",
    "3f9b434e-048b-4cc7-9f64-90faa942c0b7-sediments-3": "3a1c0afe-860d-43e4-8160-8731acebad0d-slope-20-sediments-21",
    "3f9b434e-048b-4cc7-9f64-90faa942c0b7-sites-13": "3a1c0afe-860d-43e4-8160-8731acebad0d-areas-26",
    "3f9b434e-048b-4cc7-9f64-90faa942c0b7-results-7": "3a1c0afe-860d-43e4-8160-8731acebad0d-Results-1"
  },
  "onu_85016958402.json": {
    "3f9b434e-048b-4cc7-9f64-90faa942c0b7-paper-2": "caf1ea25-a32b-433b-bb7d-3960560de634-paper-2",
    "3f9b434e-048b-4cc7-9f64-90faa942c0b7-57-5": "caf1ea25-a32b-433b-bb7d-3960560de634-59-2",
    "3f9b434e-048b-4cc7-9f64-90faa942c0b7-73-7": "caf1ea25-a32b-433b-bb7d-3960560de634-59-2"
  },
  "onu_85017468089.json": {},
  "onu_85020183362.json": {},
  "onu_85026803842.json": {
    "NE-ORGANIZATION-PETROBRAS": "NE-ORGANIZATION-Petrobras",
    "3f9b434e-048b-4cc7-9f64-90faa942c0b7-paper-2": "1422e178-cc62-4bf3-acfe-1985781bfe49-paper-2",
    "3f9b434e-048b-4cc7-9f64-90faa942c0b7-results-7": "1422e178-cc62-4bf3-acfe-1985781bfe49-results-3"
  },
  "onu_85027233889.json": {
    "NE-TITLE-marine": "NE-TITLE-marine"
  },
  "onu_85027401053.json": {
    "NE-TITLE-marine": "53d0784c-6881-46a8-8607-8473e2e87675-shallow-18",
    "NE-CITY-Bay": "53d0784c-6881-46a8-8607-8473e2e87675-bay-37",
    "3f9b434e-048b-4cc7-9f64-90faa942c0b7-results-5": "53d0784c-6881-46a8-8607-8473e2e87675-results-21",
    "3f9b434e-048b-4cc7-9f64-90faa942c0b7-results-10": "53d0784c-6881-46a8-8607-8473e2e87675-results-21",
    "3f9b434e-048b-4cc7-9f64-90faa942c0b7-results-7": "53d0784c-6881-46a8-8607-8473e2e87675-results-21"
  },
  "onu_85028240731.json": {
    "3f9b434e-048b-4cc7-9f64-90faa942c0b7-sediments-3": "acaa2c9d-be80-416b-98b2-8bc5effea785-sediments-8",
    "3f9b434e-048b-4cc7-9f64-90faa942c0b7-sites-13": "acaa2c9d-be80-416b-98b2-8bc5effea785-areas-7"
  },
  "onu_85028278319.json": {
    "NE-TITLE-marine": "87ea7ee8-fea4-423e-b948-4867cebcb9ad-hazardous-13",
    "NE-ORGANIZATION-PETROBRAS": "NE-ORGANIZATION-Petrobras",
    "3f9b434e-048b-4cc7-9f64-90faa942c0b7-paper-2": "87ea7ee8-fea4-423e-b948-4867cebcb9ad-paper-2"
  },
  "onu_85028950368.json": {
    "NE-TITLE-marine": "e4dae957-4d94-4311-82ad-250e750ae287-tidal-12",
    "3f9b434e-048b-4cc7-9f64-90faa942c0b7-paper-2": "e4dae957-4d94-4311-82ad-250e750ae287-paper-2"
  },
  "onu_85029591872.json": {
    "3f9b434e-048b-4cc7-9f64-90faa942c0b7-results-5": "b236a4b6-2727-41c8-8cef-67a669027e7b-results-2",
    "3f9b434e-048b-4cc7-9f64-90faa942c0b7-collected-8": "b236a4b6-2727-41c8-8cef-67a669027e7b-collected-7",
    "3f9b434e-048b-4cc7-9f64-90faa942c0b7-results-7": "b236a4b6-2727-41c8-8cef-67a669027e7b-results-2"
  },
  "onu_85030830298.json": {
    "3f9b434e-048b-4cc7-9f64-90faa942c0b7-1,300-11-m3-12": "7c4c08d7-08a1-49b5-9442-d72738d202b1-1,200-36-meters-37",
    "NE-TITLE-marine": "7c4c08d7-08a1-49b5-9442-d72738d202b1-crude-5",
    "NE-ORGANIZATION-PETROBRAS": "NE-ORGANIZATION-Petrobras",
    "3f9b434e-048b-4cc7-9f64-90faa942c0b7-results-7": "7c4c08d7-08a1-49b5-9442-d72738d202b1-results-2"
  },
  "onu_85030842598.json": {
    "3f9b434e-048b-4cc7-9f64-90faa942c0b7-paper-2": "34e8fac9-66f8-4a6c-8c9c-88ed163b72d7-paper-4",
    "3f9b434e-048b-4cc7-9f64-90faa942c0b7-chemical-2-analysis-3": "34e8fac9-66f8-4a6c-8c9c-88ed163b72d7-analysis-10"
  },
  "onu_85031996233.json": {
    "3f9b434e-048b-4cc7-9f64-90faa942c0b7-paper-2": "9d056a4c-d060-45c5-9a52-c7de291d1d6a-Paper-2",
    "3f9b434e-048b-4cc7-9f64-90faa942c0b7-area-18": "9d056a4c-d060-45c5-9a52-c7de291d1d6a-well-13"
  },
  "onu_85032863710.json": {
    "3f9b434e-048b-4cc7-9f64-90faa942c0b7-range-28": "NE-MISC-Configurations"
  },
  "onu_85033225585.json": {
    "NE-TITLE-marine": "NE-TITLE-marine",
    "3f9b434e-048b-4cc7-9f64-90faa942c0b7-paper-2": "7de64ed0-3f58-45d8-9cc8-eef825191710-paper-2"
  },
  "onu_85033604891.json": {
    "3f9b434e-048b-4cc7-9f64-90faa942c0b7-0.04-13-11.56-15-μg-16-1-20": "19e83c8d-6a15-405b-9872-15221efe1cac-0.3-25-to-26-15.2-27-ng-28-UV-29-Fs-31",
    "3f9b434e-048b-4cc7-9f64-90faa942c0b7-range-28": "19e83c8d-6a15-405b-9872-15221efe1cac-study-3"
  },
  "onu_85034042710.json": {},
  "onu_85035340277.json": {
    "NE-TITLE-marine": "fadde164-41d0-44e5-aec4-1fa2a5359b66-coastal-13",
    "NE-CITY-Bay": "NE-CITY-Bay",
    "NE-LOCATION-Guanabara": "NE-LOCATION-Guanabara",
    "3f9b434e-048b-4cc7-9f64-90faa942c0b7-sites-13": "fadde164-41d0-44e5-aec4-1fa2a5359b66-regions-15",
    "3f9b434e-048b-4cc7-9f64-90faa942c0b7-GC-12-MS-14": "NE-ORGANIZATION-POC"
  },
  "onu_85037355639.json": {
    "NE-TITLE-marine": "f2532b6a-23e5-4ee4-b23c-b14a66103885-offshore-4",
    "3f9b434e-048b-4cc7-9f64-90faa942c0b7-chrysene-22-equivalents-23": "f2532b6a-23e5-4ee4-b23c-b14a66103885-rich-43-palynoflora-44",
    "3f9b434e-048b-4cc7-9f64-90faa942c0b7-samples-6": "f2532b6a-23e5-4ee4-b23c-b14a66103885-Samples-1",
    "3f9b434e-048b-4cc7-9f64-90faa942c0b7-collected-8": "f2532b6a-23e5-4ee4-b23c-b14a66103885-collected-3"
  },
  "onu_85037590262.json": {
    "NE-TITLE-marine": "NE-TITLE-marine",
    "NE-CITY-Bay": "89b62d5c-0c1f-4db0-8d6f-319dc39bffde-bay-10"
  },
  "onu_85039546750.json": {
    "3f9b434e-048b-4cc7-9f64-90faa942c0b7-collected-8": "1b5c2e54-dca5-4773-b611-862793e6f292-collected-23"
  },
  "onu_85040381710.json": {
    "3f9b434e-048b-4cc7-9f64-90faa942c0b7-range-28": "342a0635-fe75-43e7-baff-7051c191187f-waters-15"
  },
  "onu_85040498521.json": {},
  "onu_85040888184.json": {
    "3f9b434e-048b-4cc7-9f64-90faa942c0b7-57-5": "dc91afd4-7f4f-4273-97d8-fa5739754d4a-53-4",
    "3f9b434e-048b-4cc7-9f64-90faa942c0b7-73-7": "dc91afd4-7f4f-4273-97d8-fa5739754d4a-53-4"
  },
  "onu_85041142849.json": {
    "3f9b434e-048b-4cc7-9f64-90faa942c0b7-paper-2": "6b251826-cf79-4973-a63d-ae11b18be0c9-paper-2",
    "3f9b434e-048b-4cc7-9f64-90faa942c0b7-sites-13": "6b251826-cf79-4973-a63d-ae11b18be0c9-sites-17"
  },
  "onu_85041154400.json": {
    "NE-ORGANIZATION-PETROBRAS": "NE-ORGANIZATION-Petrobras"
  },
  "onu_85041277142.json": {},
  "onu_85041698761.json": {
    "NE-DURATION-10-days": "NE-DURATION-Fifteen-months"
  },
  "onu_85043311576.json": {
    "NE-TITLE-marine": "NE-TITLE-marine",
    "3f9b434e-048b-4cc7-9f64-90faa942c0b7-oil-16-terminal-17": "da2b11af-b7ea-4c98-b476-6f6e9363fa80-water-22-column-23",
    "3f9b434e-048b-4cc7-9f64-90faa942c0b7-results-5": "da2b11af-b7ea-4c98-b476-6f6e9363fa80-results-2",
    "3f9b434e-048b-4cc7-9f64-90faa942c0b7-chemical-2-analysis-3": "da2b11af-b7ea-4c98-b476-6f6e9363fa80-Analysis-1",
    "3f9b434e-048b-4cc7-9f64-90faa942c0b7-results-7": "da2b11af-b7ea-4c98-b476-6f6e9363fa80-results-2"
  },
  "onu_85043324954.json": {},
  "onu_85044192214.json": {},
  "onu_85044397080.json": {
    "NE-LOCATION-Guanabara": "NE-LOCATION-Guanabara",
    "NE-ORGANIZATION-PETROBRAS": "76c80483-4d1b-4d0c-a46e-c47ac52d12dd-one-22-PETROBRAS-23-oil-24-pipeline-25",
    "NE-CITY-Bay": "NE-CITY-Bay"
  },
  "onu_85044462127.json": {
    "NE-TITLE-marine": "NE-TITLE-marine",
    "3f9b434e-048b-4cc7-9f64-90faa942c0b7-paper-2": "77be762f-bb9c-4142-a04f-af0145a57575-paper-2",
    "3f9b434e-048b-4cc7-9f64-90faa942c0b7-samples-6": "77be762f-bb9c-4142-a04f-af0145a57575-samples-5",
    "3f9b434e-048b-4cc7-9f64-90faa942c0b7-sediments-3": "77be762f-bb9c-4142-a04f-af0145a57575-sediments-10",
    "3f9b434e-048b-4cc7-9f64-90faa942c0b7-57-5": "77be762f-bb9c-4142-a04f-af0145a57575-72-4",
    "3f9b434e-048b-4cc7-9f64-90faa942c0b7-collected-8": "77be762f-bb9c-4142-a04f-af0145a57575-collected-7",
    "3f9b434e-048b-4cc7-9f64-90faa942c0b7-73-7": "77be762f-bb9c-4142-a04f-af0145a57575-72-4"
  },
  "onu_85044530973.json": {},
  "onu_85044596303.json": {
    "NE-TITLE-marine": "NE-TITLE-marine",
    "3f9b434e-048b-4cc7-9f64-90faa942c0b7-samples-6": "99512cc4-b35c-4f65-be28-93092a3cf0fc-sediment-21-samples-22"
  },
  "onu_85045186297.json": {},
  "onu_85046290497.json": {},
  "onu_85046379273.json": {
    "NE-ORGANIZATION-PETROBRAS": "NE-ORGANIZATION-PETROBRAS",
    "3f9b434e-048b-4cc7-9f64-90faa942c0b7-oil-16-terminal-17": "02efe9bb-4889-4bbe-974d-5c2dff0e35fa-oil-15",
    "3f9b434e-048b-4cc7-9f64-90faa942c0b7-paper-2": "02efe9bb-4889-4bbe-974d-5c2dff0e35fa-paper-4"
  },
  "onu_85047299670.json": {
    "3f9b434e-048b-4cc7-9f64-90faa942c0b7-paper-2": "7e13bfab-9226-403e-bf1d-cce401dd3b64-paper-16"
  },
  "onu_85047354188.json": {
    "NE-TITLE-marine": "NE-TITLE-marine",
    "NE-ORGANIZATION-PETROBRAS": "NE-ORGANIZATION-Petrobras",
    "3f9b434e-048b-4cc7-9f64-90faa942c0b7-chemical-2-analysis-3": "f6a07423-b312-4355-bf91-78e2c50897f3-analysis-7"
  },
  "onu_85047409861.json": {},
  "onu_85048345043.json": {},
  "onu_85048862831.json": {
    "3f9b434e-048b-4cc7-9f64-90faa942c0b7-results-5": "ce5ac8f6-f3ea-41f4-9b38-2b3858cfc4b8-results-12",
    "3f9b434e-048b-4cc7-9f64-90faa942c0b7-results-7": "ce5ac8f6-f3ea-41f4-9b38-2b3858cfc4b8-results-12"
  },
  "onu_85049552088.json": {
    "NE-TITLE-marine": "NE-TITLE-marine",
    "3f9b434e-048b-4cc7-9f64-90faa942c0b7-GC-12-MS-14": "85bb1f29-6fcb-426b-abc6-5be02b46d922-following-19-WNW-21-SSE-23-trend-24"
  },
  "onu_85050512775.json": {},
  "onu_85050528173.json": {
    "NE-ORGANIZATION-PETROBRAS": "NE-ORGANIZATION-Petrobras",
    "3f9b434e-048b-4cc7-9f64-90faa942c0b7-paper-2": "d59c3d19-b470-43cc-aef7-3fa793b9d284-paper-2"
  },
  "onu_85050539655.json": {
    "NE-ORGANIZATION-PETROBRAS": "NE-ORGANIZATION-Petrobras",
    "3f9b434e-048b-4cc7-9f64-90faa942c0b7-results-5": "e1000620-b18e-4098-9293-16b6e83cec81-results-12",
    "3f9b434e-048b-4cc7-9f64-90faa942c0b7-results-7": "e1000620-b18e-4098-9293-16b6e83cec81-results-12"
  },
  "onu_85050551470.json": {
    "3f9b434e-048b-4cc7-9f64-90faa942c0b7-1,300-11-m3-12": "54866368-b614-4ef4-9fab-faa48a38f22d-7,500-10-psi-11",
    "3f9b434e-048b-4cc7-9f64-90faa942c0b7-%-8": "54866368-b614-4ef4-9fab-faa48a38f22d-%-18"
  },
  "onu_85050561554.json": {
    "NE-ORGANIZATION-PETROBRAS": "NE-ORGANIZATION-Petrobras",
    "3f9b434e-048b-4cc7-9f64-90faa942c0b7-oil-16-terminal-17": "a1d0a6b1-9550-43c9-a812-f8a99d9763d6-export-26-gas-27-network-28",
    "3f9b434e-048b-4cc7-9f64-90faa942c0b7-paper-2": "a1d0a6b1-9550-43c9-a812-f8a99d9763d6-paper-2",
    "3f9b434e-048b-4cc7-9f64-90faa942c0b7-vicinity-50": "a1d0a6b1-9550-43c9-a812-f8a99d9763d6-area-19"
  },
  "onu_85050643252.json": {
    "NE-ORGANIZATION-PETROBRAS": "NE-ORGANIZATION-Petrobras"
  },
  "onu_85050674553.json": {
    "NE-TITLE-marine": "36dbe77c-4321-4bf2-aee4-2e7bf595abe8-offshore-7",
    "NE-ORGANIZATION-PETROBRAS": "NE-ORGANIZATION-Petrobras",
    "3f9b434e-048b-4cc7-9f64-90faa942c0b7-results-5": "36dbe77c-4321-4bf2-aee4-2e7bf595abe8-results-9",
    "3f9b434e-048b-4cc7-9f64-90faa942c0b7-results-10": "36dbe77c-4321-4bf2-aee4-2e7bf595abe8-results-9",
    "3f9b434e-048b-4cc7-9f64-90faa942c0b7-results-7": "36dbe77c-4321-4bf2-aee4-2e7bf595abe8-results-9"
  },
  "onu_85050680089.json": {},
  "onu_85051633827.json": {
    "NE-ORGANIZATION-PETROBRAS": "NE-ORGANIZATION-Petrobras"
  },
  "onu_85051644896.json": {
    "3f9b434e-048b-4cc7-9f64-90faa942c0b7-oil-16-terminal-17": "12c1d79e-73bd-481c-bdb8-1d4727843a15-oil-13",
    "3f9b434e-048b-4cc7-9f64-90faa942c0b7-paper-2": "12c1d79e-73bd-481c-bdb8-1d4727843a15-paper-22"
  },
  "onu_85051649253.json": {},
  "onu_85051653660.json": {
    "3f9b434e-048b-4cc7-9f64-90faa942c0b7-results-5": "9514bd0e-068b-4f1a-97f0-dc1fd3c046dc-results-13",
    "3f9b434e-048b-4cc7-9f64-90faa942c0b7-results-7": "9514bd0e-068b-4f1a-97f0-dc1fd3c046dc-results-13"
  },
  "onu_85051673888.json": {},
  "onu_85052069920.json": {
    "3f9b434e-048b-4cc7-9f64-90faa942c0b7-samples-6": "6019aafd-17a7-4b19-be78-72fdb72b948b-samples-42",
    "3f9b434e-048b-4cc7-9f64-90faa942c0b7-sediments-3": "6019aafd-17a7-4b19-be78-72fdb72b948b-sediments-11"
  },
  "onu_85052748036.json": {
    "NE-CITY-Bay": "d5172811-4956-4cc3-bcce-2ec97a8402f1-estuary-9",
    "3f9b434e-048b-4cc7-9f64-90faa942c0b7-pipeline-9": "d5172811-4956-4cc3-bcce-2ec97a8402f1-estuary-9"
  },
  "onu_85052916893.json": {
    "NE-TITLE-marine": "390e8152-252c-4c33-856b-035e5f48ed3e-coastal-12"
  },
  "onu_85053143769.json": {
    "3f9b434e-048b-4cc7-9f64-90faa942c0b7-results-5": "9e6b17de-d2c6-4ae1-9b58-a24d3e3ed90e-results-12",
    "3f9b434e-048b-4cc7-9f64-90faa942c0b7-results-7": "9e6b17de-d2c6-4ae1-9b58-a24d3e3ed90e-results-2"
  },
  "onu_85053593980.json": {},
  "onu_85053770238.json": {},
  "onu_85054086297.json": {},
  "onu_85054504118.json": {
    "3f9b434e-048b-4cc7-9f64-90faa942c0b7-1,300-11-m3-12": "b1326d03-e928-4f17-a698-2f5bc600a0ed-1,900-14-m-15",
    "NE-ORGANIZATION-PETROBRAS": "NE-ORGANIZATION-PETROBRAS",
    "3f9b434e-048b-4cc7-9f64-90faa942c0b7-paper-2": "b1326d03-e928-4f17-a698-2f5bc600a0ed-paper-2"
  },
  "onu_85054783545.json": {
    "3f9b434e-048b-4cc7-9f64-90faa942c0b7-refinery-13": "NE-LOCATION-Basin",
    "3f9b434e-048b-4cc7-9f64-90faa942c0b7-results-5": "54174e41-4460-4ede-8ffd-225b7817ab76-results-12",
    "3f9b434e-048b-4cc7-9f64-90faa942c0b7-range-28": "NE-TITLE-layer",
    "3f9b434e-048b-4cc7-9f64-90faa942c0b7-results-7": "54174e41-4460-4ede-8ffd-225b7817ab76-results-12"
  },
  "onu_85054941296.json": {
    "NE-TITLE-marine": "NE-TITLE-marine"
  },
  "onu_85055025955.json": {
    "NE-ORGANIZATION-PETROBRAS": "NE-ORGANIZATION-Petrobras",
    "3f9b434e-048b-4cc7-9f64-90faa942c0b7-paper-2": "6bb8a4f9-6b1c-4ed2-896e-13fd8f3d1045-paper-2"
  },
  "onu_85055027444.json": {
    "NE-ORGANIZATION-PETROBRAS": "NE-ORGANIZATION-Petrobras"
  },
  "onu_85055027692.json": {
    "NE-TITLE-marine": "9b3bcee7-dcb0-43b2-b05a-e1658aa22322-offshore-2",
    "NE-ORGANIZATION-PETROBRAS": "NE-ORGANIZATION-Petrobras"
  },
  "onu_85055036761.json": {
    "NE-ORGANIZATION-PETROBRAS": "NE-ORGANIZATION-PETROBRÁS",
    "3f9b434e-048b-4cc7-9f64-90faa942c0b7-range-28": "e4070cc6-2e30-4f1c-8fad-1f83ee7d5d90-field-6"
  },
  "onu_85055255571.json": {
    "NE-TITLE-marine": "ea17f87e-0664-4177-bfa0-06cf4ccdf30b-offshore-17",
    "NE-ORGANIZATION-PETROBRAS": "NE-ORGANIZATION-PETROBRÁS",
    "3f9b434e-048b-4cc7-9f64-90faa942c0b7-paper-2": "ea17f87e-0664-4177-bfa0-06cf4ccdf30b-paper-2"
  },
  "onu_85055263465.json": {},
  "onu_85055528846.json": {},
  "onu_85055864923.json": {
    "NE-ORGANIZATION-PETROBRAS": "c183a578-8a5f-4228-b35b-5651f319641f-Petrobras-7",
    "3f9b434e-048b-4cc7-9f64-90faa942c0b7-results-5": "c183a578-8a5f-4228-b35b-5651f319641f-results-14",
    "3f9b434e-048b-4cc7-9f64-90faa942c0b7-range-28": "c183a578-8a5f-4228-b35b-5651f319641f-platform-26"
  },
  "onu_85055908781.json": {
    "3f9b434e-048b-4cc7-9f64-90faa942c0b7-oil-16-terminal-17": "7791ecea-6b5a-4410-bef3-7836f667a288-oilfield-13",
    "3f9b434e-048b-4cc7-9f64-90faa942c0b7-sediments-3": "7791ecea-6b5a-4410-bef3-7836f667a288-sediments-24",
    "3f9b434e-048b-4cc7-9f64-90faa942c0b7-30-3-sediments-5": "7791ecea-6b5a-4410-bef3-7836f667a288-investigated-23-sediments-24"
  },
  "onu_85056094176.json": {
    "3f9b434e-048b-4cc7-9f64-90faa942c0b7-1,300-11-m3-12": "0ddfca10-cdbf-4166-ae46-860624694346-approximately-31-1,1-32-billion-33-oil-34-barrels-35",
    "NE-ORGANIZATION-PETROBRAS": "NE-ORGANIZATION-Petrobras",
    "3f9b434e-048b-4cc7-9f64-90faa942c0b7-GC-12-MS-14": "NE-ORGANIZATION-VLCC"
  },
  "onu_85056110569.json": {
    "NE-TITLE-marine": "1a82d70b-0282-4199-a560-d0aab9c27373-light-4",
    "NE-ORGANIZATION-PETROBRAS": "1a82d70b-0282-4199-a560-d0aab9c27373-Petrobras-2-experience-3",
    "3f9b434e-048b-4cc7-9f64-90faa942c0b7-oil-16-terminal-17": "1a82d70b-0282-4199-a560-d0aab9c27373-oil-13-reservoirs-14",
    "3f9b434e-048b-4cc7-9f64-90faa942c0b7-paper-2": "1a82d70b-0282-4199-a560-d0aab9c27373-paper-2"
  },
  "onu_85056183083.json": {
    "3f9b434e-048b-4cc7-9f64-90faa942c0b7-paper-2": "65c625f5-7d94-4126-a6cf-9208777c80b5-paper-2",
    "3f9b434e-048b-4cc7-9f64-90faa942c0b7-results-5": "65c625f5-7d94-4126-a6cf-9208777c80b5-results-2",
    "3f9b434e-048b-4cc7-9f64-90faa942c0b7-results-7": "65c625f5-7d94-4126-a6cf-9208777c80b5-results-2"
  },
  "onu_85056566136.json": {},
  "onu_85056605886.json": {},
  "onu_85056605922.json": {},
  "onu_85056794099.json": {
    "NE-DURATION-10-days": "NE-DURATION-7-days",
    "3f9b434e-048b-4cc7-9f64-90faa942c0b7-2-17-μg-18": "95c32260-b2d3-4c86-a803-d3bf8befb654-2mgkg-16-1-18"
  },
  "onu_85057560805.json": {
    "NE-TITLE-marine": "bb2572d0-017a-4510-9d70-32e7ab55c722-oceanic-20",
    "3f9b434e-048b-4cc7-9f64-90faa942c0b7-sites-13": "bb2572d0-017a-4510-9d70-32e7ab55c722-sequences-14"
  },
  "onu_85057883234.json": {
    "NE-ORGANIZATION-PETROBRAS": "NE-ORGANIZATION-PETROBRAS"
  },
  "onu_85059143234.json": {},
  "onu_85059218520.json": {
    "NE-TITLE-marine": "3b82b426-f976-4040-80bc-6950dc12d3c9-offshore-37",
    "NE-ORGANIZATION-PETROBRAS": "NE-ORGANIZATION-Petrobras"
  },
  "onu_85059436090.json": {
    "3f9b434e-048b-4cc7-9f64-90faa942c0b7-results-7": "132c6e60-d817-4725-b4ba-810203ca0e70-results-2"
  },
  "onu_85060083816.json": {
    "NE-TITLE-marine": "1dffa5b8-1e2e-4c52-9656-c5c66af49cc3-distant-26",
    "NE-CITY-Bay": "NE-CITY-Bay",
    "NE-LOCATION-Guanabara": "NE-LOCATION-Guanabara",
    "3f9b434e-048b-4cc7-9f64-90faa942c0b7-intertidal-10": "1dffa5b8-1e2e-4c52-9656-c5c66af49cc3-intertidal-12",
    "3f9b434e-048b-4cc7-9f64-90faa942c0b7-subtidal-4": "1dffa5b8-1e2e-4c52-9656-c5c66af49cc3-intertidal-12"
  },
  "onu_85060443361.json": {
    "NE-TITLE-marine": "NE-TITLE-marine"
  },
  "onu_85061179665.json": {
    "3f9b434e-048b-4cc7-9f64-90faa942c0b7-sediments-3": "17e2d2d4-078d-47cf-b582-655e5774143c-sediments-28"
  },
  "onu_85061498967.json": {
    "NE-TITLE-marine": "NE-TITLE-marine"
  },
  "onu_85061767810.json": {
    "3f9b434e-048b-4cc7-9f64-90faa942c0b7-Chemical-1": "bdad7821-0e2d-46c7-8388-e86e3ce77f6a-study-2",
    "3f9b434e-048b-4cc7-9f64-90faa942c0b7-range-28": "bdad7821-0e2d-46c7-8388-e86e3ce77f6a-rift-9"
  },
  "onu_85061823653.json": {},
  "onu_85062013573.json": {
    "3f9b434e-048b-4cc7-9f64-90faa942c0b7-results-5": "28afef62-c426-44a2-9215-bf6b45551070-results-4",
    "3f9b434e-048b-4cc7-9f64-90faa942c0b7-results-7": "28afef62-c426-44a2-9215-bf6b45551070-results-4"
  },
  "onu_85062607406.json": {
    "NE-CITY-Bay": "NE-CITY-Bay"
  },
  "onu_85062717506.json": {
    "3f9b434e-048b-4cc7-9f64-90faa942c0b7-paper-2": "bcabff6e-52d1-41ef-96da-c7a9bc0a3423-article-2"
  },
  "onu_85063263863.json": {
    "NE-CITY-Bay": "NE-CITY-Bay",
    "3f9b434e-048b-4cc7-9f64-90faa942c0b7-results-7": "ab194025-e2bc-497c-a6f0-daf5e0bd615a-Results-1"
  },
  "onu_85063689284.json": {
    "NE-CITY-Bay": "NE-CITY-Bay",
    "3f9b434e-048b-4cc7-9f64-90faa942c0b7-paper-2": "67b5ee09-3e9b-4ee7-8c97-16a32349a345-study-2",
    "3f9b434e-048b-4cc7-9f64-90faa942c0b7-results-5": "67b5ee09-3e9b-4ee7-8c97-16a32349a345-results-4",
    "3f9b434e-048b-4cc7-9f64-90faa942c0b7-sediments-3": "67b5ee09-3e9b-4ee7-8c97-16a32349a345-sediments-27",
    "3f9b434e-048b-4cc7-9f64-90faa942c0b7-GC-12-MS-14": "67b5ee09-3e9b-4ee7-8c97-16a32349a345-Hg-20-contamination-21",
    "3f9b434e-048b-4cc7-9f64-90faa942c0b7-results-7": "67b5ee09-3e9b-4ee7-8c97-16a32349a345-results-4"
  },
  "onu_85064764902.json": {},
  "onu_85064808857.json": {
    "NE-TITLE-marine": "NE-TITLE-marine"
  },
  "onu_85064983703.json": {},
  "onu_85065180012.json": {
    "NE-CITY-Bay": "NE-CITY-Bay",
    "3f9b434e-048b-4cc7-9f64-90faa942c0b7-57-5": "13f75155-d6c6-4b97-9145-c113a876f2e7-244-4",
    "3f9b434e-048b-4cc7-9f64-90faa942c0b7-sites-13": "13f75155-d6c6-4b97-9145-c113a876f2e7-sites-14"
  },
  "onu_85065623080.json": {
    "NE-TITLE-marine": "NE-TITLE-marine",
    "3f9b434e-048b-4cc7-9f64-90faa942c0b7-sites-13": "bf6993e6-8f4e-4b68-8ce1-f51cc4cacd95-environments-17"
  },
  "onu_85065912337.json": {},
  "onu_85066600751.json": {
    "3f9b434e-048b-4cc7-9f64-90faa942c0b7-oil-16-terminal-17": "1b3efd75-ecd6-4314-81c9-3d9d5c84453d-Oil-12-Loading-13-Terminal-14",
    "3f9b434e-048b-4cc7-9f64-90faa942c0b7-paper-2": "1b3efd75-ecd6-4314-81c9-3d9d5c84453d-paper-2",
    "3f9b434e-048b-4cc7-9f64-90faa942c0b7-results-5": "1b3efd75-ecd6-4314-81c9-3d9d5c84453d-results-15"
  },
  "onu_85066617192.json": {
    "NE-ORGANIZATION-PETROBRAS": "NE-ORGANIZATION-Petrobras",
    "3f9b434e-048b-4cc7-9f64-90faa942c0b7-paper-2": "09790547-3df0-4ca2-b3ad-f36ed5f66b04-paper-2"
  },
  "onu_85066623384.json": {
    "NE-ORGANIZATION-PETROBRAS": "NE-ORGANIZATION-Petrobras",
    "3f9b434e-048b-4cc7-9f64-90faa942c0b7-paper-2": "63257db0-7292-4593-96e1-aae426bbf829-paper-2"
  },
  "onu_85067965170.json": {
    "NE-TITLE-marine": "NE-TITLE-marine"
  },
  "onu_85068049608.json": {},
  "onu_85068387773.json": {},
  "onu_85068453742.json": {
    "3f9b434e-048b-4cc7-9f64-90faa942c0b7-results-7": "68bdd8d5-6a51-46de-917a-9d40eb6db15d-results-3"
  },
  "onu_85070554647.json": {
    "NE-TITLE-marine": "72b63001-9050-46f3-a364-f3ec8d862ef0-offshore-8",
    "3f9b434e-048b-4cc7-9f64-90faa942c0b7-oil-16-terminal-17": "72b63001-9050-46f3-a364-f3ec8d862ef0-oil-9-fields-10"
  },
  "onu_85070704005.json": {
    "NE-TITLE-marine": "NE-TITLE-marine"
  },
  "onu_85070853924.json": {},
  "onu_85070991202.json": {},
  "onu_85071023764.json": {
    "3f9b434e-048b-4cc7-9f64-90faa942c0b7-results-7": "4b6be8a5-593e-4815-b72c-34ca1cda4d13-results-2"
  },
  "onu_85071488896.json": {
    "NE-TITLE-marine": "NE-TITLE-marine",
    "3f9b434e-048b-4cc7-9f64-90faa942c0b7-collected-8": "e1dda441-4298-491b-bdb2-2ecdaa8e7a55-collected-13",
    "3f9b434e-048b-4cc7-9f64-90faa942c0b7-%-8": "e1dda441-4298-491b-bdb2-2ecdaa8e7a55-%-6"
  },
  "onu_85071542084.json": {
    "NE-TITLE-marine": "03bb4e36-65c4-4faa-889c-f08a60c33d08-structural-24"
  },
  "onu_85071847548.json": {},
  "onu_85072725932.json": {
    "3f9b434e-048b-4cc7-9f64-90faa942c0b7-results-5": "1ab71fc9-c997-4543-9ccf-5bbfb6b3579e-results-2",
    "3f9b434e-048b-4cc7-9f64-90faa942c0b7-results-7": "1ab71fc9-c997-4543-9ccf-5bbfb6b3579e-results-2"
  },
  "onu_85072834829.json": {},
  "onu_85073705401.json": {
    "NE-CITY-Bay": "NE-CITY-Bay"
  },
  "onu_85073706024.json": {
    "NE-ORGANIZATION-PETROBRAS": "NE-ORGANIZATION-Petrobras",
    "3f9b434e-048b-4cc7-9f64-90faa942c0b7-oil-16-terminal-17": "fad0be37-f5f4-4a0f-bcad-6a82a846f841-oil-4-ages-6"
  },
  "onu_85073935907.json": {
    "NE-TITLE-marine": "bc946871-1090-4025-8672-8089752cc34e-shallow-9"
  },
  "onu_85074489503.json": {
    "3f9b434e-048b-4cc7-9f64-90faa942c0b7-results-5": "e9b97ebc-e3cf-4546-849d-66298a1876a5-results-26"
  },
  "onu_85074632793.json": {},
  "onu_85074778611.json": {},
  "onu_85075350522.json": {
    "NE-TITLE-marine": "51b6742c-b6b0-4387-bdcb-dd3ff80ea885-coastal-2"
  },
  "onu_85075421341.json": {},
  "onu_85075661667.json": {
    "NE-TITLE-marine": "NE-TITLE-marine",
    "3f9b434e-048b-4cc7-9f64-90faa942c0b7-sediments-3": "8eb22610-755f-4d77-aaca-50d08c2064c5-sediments-7",
    "3f9b434e-048b-4cc7-9f64-90faa942c0b7-30-3-sediments-5": "8eb22610-755f-4d77-aaca-50d08c2064c5-46-9-sediments-13",
    "3f9b434e-048b-4cc7-9f64-90faa942c0b7-27-3-sediments-5": "8eb22610-755f-4d77-aaca-50d08c2064c5-46-9-sediments-13"
  },
  "onu_85075827903.json": {
    "NE-ORGANIZATION-PETROBRAS": "NE-ORGANIZATION-Petrobras",
    "3f9b434e-048b-4cc7-9f64-90faa942c0b7-results-5": "3f2db0e2-163d-413a-826b-912433d08c8a-results-2"
  },
  "onu_85075828327.json": {
    "NE-ORGANIZATION-PETROBRAS": "NE-ORGANIZATION-Petrobras",
    "3f9b434e-048b-4cc7-9f64-90faa942c0b7-paper-2": "76be24f2-9662-45c7-a95c-63c0f1d47d2c-paper-2"
  },
  "onu_85075831363.json": {
    "NE-TITLE-marine": "c6187c05-69fa-4993-ac86-f7154dd67053-offshore-3",
    "3f9b434e-048b-4cc7-9f64-90faa942c0b7-paper-2": "c6187c05-69fa-4993-ac86-f7154dd67053-paper-2"
  },
  "onu_85075835330.json": {
    "3f9b434e-048b-4cc7-9f64-90faa942c0b7-1,300-11-m3-12": "f0f4bf07-c1ed-4d46-a167-48acf173b05d-1,200-11-tonnes-12",
    "3f9b434e-048b-4cc7-9f64-90faa942c0b7-refinery-13": "f0f4bf07-c1ed-4d46-a167-48acf173b05d-Oil-1",
    "3f9b434e-048b-4cc7-9f64-90faa942c0b7-oil-16-terminal-17": "f0f4bf07-c1ed-4d46-a167-48acf173b05d-oil-17-production-18",
    "3f9b434e-048b-4cc7-9f64-90faa942c0b7-GC-12-MS-14": "NE-ORGANIZATION-VLCC"
  },
  "onu_85075843438.json": {
    "3f9b434e-048b-4cc7-9f64-90faa942c0b7-paper-2": "b11303f1-e8e0-4420-9932-569d3ac87ff2-paper-2",
    "3f9b434e-048b-4cc7-9f64-90faa942c0b7-range-28": "b11303f1-e8e0-4420-9932-569d3ac87ff2-inspections-23",
    "3f9b434e-048b-4cc7-9f64-90faa942c0b7-results-7": "b11303f1-e8e0-4420-9932-569d3ac87ff2-Results-1"
  },
  "onu_85075879935.json": {},
  "onu_85075941856.json": {
    "NE-TITLE-marine": "5971aa89-f51c-4cd0-bb74-6b65ebf6bfe1-coarse-2",
    "3f9b434e-048b-4cc7-9f64-90faa942c0b7-chemical-2-analysis-3": "5971aa89-f51c-4cd0-bb74-6b65ebf6bfe1-analysis-3",
    "3f9b434e-048b-4cc7-9f64-90faa942c0b7-sediments-3": "5971aa89-f51c-4cd0-bb74-6b65ebf6bfe1-sediments-8",
    "3f9b434e-048b-4cc7-9f64-90faa942c0b7-30-3-sediments-5": "5971aa89-f51c-4cd0-bb74-6b65ebf6bfe1-sediments-8"
  },
  "onu_85075951728.json": {
    "NE-TITLE-marine": "ddb3c75a-c68b-4ad3-8673-4c7520fc72ba-continental-16"
  },
  "onu_85075997043.json": {},
  "onu_85076246665.json": {
    "3f9b434e-048b-4cc7-9f64-90faa942c0b7-oil-16-terminal-17": "e0b07107-d3d9-440f-ac94-05597132db4b-oil-8-generation-9"
  },
  "onu_85076560202.json": {},
  "onu_85076775401.json": {
    "NE-CITY-Bay": "NE-CITY-Bay",
    "3f9b434e-048b-4cc7-9f64-90faa942c0b7-57-5": "3fa508a4-4944-4cc2-a966-5bc0da835729-60-28",
    "3f9b434e-048b-4cc7-9f64-90faa942c0b7-%-8": "3fa508a4-4944-4cc2-a966-5bc0da835729-%-29",
    "3f9b434e-048b-4cc7-9f64-90faa942c0b7-73-7": "3fa508a4-4944-4cc2-a966-5bc0da835729-60-28"
  },
  "onu_85076896265.json": {
    "NE-CITY-Bay": "NE-CITY-Bay",
    "NE-LOCATION-Guanabara": "NE-LOCATION-Guanabara"
  },
  "onu_85077234208.json": {},
  "onu_85077945350.json": {
    "NE-TITLE-marine": "e5183355-b1b6-474b-bef3-dcc000293be4-continental-16",
    "3f9b434e-048b-4cc7-9f64-90faa942c0b7-samples-6": "e5183355-b1b6-474b-bef3-dcc000293be4-samples-2"
  },
  "onu_85078010553.json": {
    "NE-CITY-Bay": "NE-CITY-Bay"
  },
  "onu_85078233209.json": {},
  "onu_85079351203.json": {},
  "onu_85079784581.json": {},
  "onu_85080813467.json": {
    "NE-TITLE-marine": "NE-TITLE-marine"
  },
  "onu_85083240666.json": {
    "NE-CITY-Bay": "NE-CITY-Bay",
    "3f9b434e-048b-4cc7-9f64-90faa942c0b7-performed-10": "980011b1-e588-4f4d-83ab-b8b5f5238ca0-performed-10",
    "3f9b434e-048b-4cc7-9f64-90faa942c0b7-collected-8": "980011b1-e588-4f4d-83ab-b8b5f5238ca0-collected-13"
  },
  "onu_85083341760.json": {
    "3f9b434e-048b-4cc7-9f64-90faa942c0b7-samples-6": "9393b61e-5555-44d0-943e-1eb43fe808ac-samples-10",
    "3f9b434e-048b-4cc7-9f64-90faa942c0b7-collected-8": "9393b61e-5555-44d0-943e-1eb43fe808ac-analyzed-9"
  },
  "onu_85084024263.json": {
    "3f9b434e-048b-4cc7-9f64-90faa942c0b7-results-5": "2dd50057-73e9-4a0c-ab13-8ba9fd0d20d0-tests-10-results-11"
  },
  "onu_85084454298.json": {
    "NE-TITLE-marine": "3bcc13d2-58e5-46ad-9c94-b4605d24268c-aquatic-17",
    "NE-CITY-Bay": "NE-CITY-Bay",
    "3f9b434e-048b-4cc7-9f64-90faa942c0b7-results-5": "3bcc13d2-58e5-46ad-9c94-b4605d24268c-results-2",
    "3f9b434e-048b-4cc7-9f64-90faa942c0b7-0.04-13-11.56-15-μg-16-1-20": "3bcc13d2-58e5-46ad-9c94-b4605d24268c-0.8-9-L-13-−1-14",
    "3f9b434e-048b-4cc7-9f64-90faa942c0b7-results-7": "3bcc13d2-58e5-46ad-9c94-b4605d24268c-results-2"
  },
  "onu_85084634006.json": {
    "NE-TITLE-marine": "a407c16e-080e-4100-9fc2-914500db52e5-offshore-15",
    "3f9b434e-048b-4cc7-9f64-90faa942c0b7-oil-16-terminal-17": "a407c16e-080e-4100-9fc2-914500db52e5-oil-9-wells-12",
    "3f9b434e-048b-4cc7-9f64-90faa942c0b7-results-7": "a407c16e-080e-4100-9fc2-914500db52e5-results-11"
  },
  "onu_85084667903.json": {},
  "onu_85084945361.json": {},
  "onu_85085054148.json": {
    "3f9b434e-048b-4cc7-9f64-90faa942c0b7-samples-6": "2bcf1f59-1fcf-489f-a631-354d435acfe1-samples-10",
    "3f9b434e-048b-4cc7-9f64-90faa942c0b7-collected-8": "2bcf1f59-1fcf-489f-a631-354d435acfe1-taken-11",
    "NE-TITLE-marine": "NE-TITLE-marine"
  },
  "onu_85085298469.json": {
    "3f9b434e-048b-4cc7-9f64-90faa942c0b7-sediments-3": "4519eb5f-aa7d-4b0a-9a81-fe0bce2be361-strata-42"
  },
  "onu_85085408490.json": {
    "NE-CITY-Bay": "47bed0cf-53f1-4cbc-8757-a9c45441f91a-coast-22",
    "NE-ORGANIZATION-PETROBRAS": "47bed0cf-53f1-4cbc-8757-a9c45441f91a-PETROBRÁS-1",
    "3f9b434e-048b-4cc7-9f64-90faa942c0b7-paper-2": "47bed0cf-53f1-4cbc-8757-a9c45441f91a-paper-2"
  },
  "onu_85085473397.json": {},
  "onu_85085492342.json": {
    "NE-TITLE-marine": "9b5ef88f-0237-4d61-abb2-7580cab31fbb-coastal-2",
    "3f9b434e-048b-4cc7-9f64-90faa942c0b7-samples-6": "9b5ef88f-0237-4d61-abb2-7580cab31fbb-Sediment-1-samples-2",
    "3f9b434e-048b-4cc7-9f64-90faa942c0b7-%-8": "9b5ef88f-0237-4d61-abb2-7580cab31fbb-%-12"
  },
  "onu_85085773523.json": {
    "NE-ORGANIZATION-PETROBRAS": "NE-ORGANIZATION-Petrobras",
    "3f9b434e-048b-4cc7-9f64-90faa942c0b7-results-5": "ab307ab9-374d-477f-9d96-1a0fda460239-results-9"
  },
  "onu_85085773731.json": {
    "NE-ORGANIZATION-PETROBRAS": "NE-ORGANIZATION-Petrobras",
    "3f9b434e-048b-4cc7-9f64-90faa942c0b7-oil-16-terminal-17": "4b172916-f0f5-46a4-9792-7936dc9ba4f9-water-16-oil-18",
    "3f9b434e-048b-4cc7-9f64-90faa942c0b7-paper-2": "4b172916-f0f5-46a4-9792-7936dc9ba4f9-paper-2",
    "3f9b434e-048b-4cc7-9f64-90faa942c0b7-results-5": "4b172916-f0f5-46a4-9792-7936dc9ba4f9-results-5",
    "3f9b434e-048b-4cc7-9f64-90faa942c0b7-samples-6": "4b172916-f0f5-46a4-9792-7936dc9ba4f9-Samples-1",
    "3f9b434e-048b-4cc7-9f64-90faa942c0b7-collected-8": "4b172916-f0f5-46a4-9792-7936dc9ba4f9-collected-3",
    "3f9b434e-048b-4cc7-9f64-90faa942c0b7-results-7": "4b172916-f0f5-46a4-9792-7936dc9ba4f9-results-5"
  },
  "onu_85085773745.json": {
    "3f9b434e-048b-4cc7-9f64-90faa942c0b7-oil-16-terminal-17": "21225434-c8fc-441d-b277-65da424c77e7-oil-18-production-19"
  },
  "onu_85085773825.json": {
    "3f9b434e-048b-4cc7-9f64-90faa942c0b7-results-5": "e9189042-c2fa-4b5e-a9da-3d50e8f4c891-results-14",
    "3f9b434e-048b-4cc7-9f64-90faa942c0b7-results-7": "e9189042-c2fa-4b5e-a9da-3d50e8f4c891-results-14"
  },
  "onu_85085773875.json": {
    "3f9b434e-048b-4cc7-9f64-90faa942c0b7-oil-16-terminal-17": "d606c7b3-ce98-4023-8a39-196528dd3002-oil-16-production-17",
    "3f9b434e-048b-4cc7-9f64-90faa942c0b7-results-7": "d606c7b3-ce98-4023-8a39-196528dd3002-results-3"
  },
  "onu_85085774498.json": {
    "NE-TITLE-marine": "801b16ca-c991-454c-b97a-b358ab8eea75-offshore-11",
    "NE-ORGANIZATION-PETROBRAS": "NE-ORGANIZATION-Petrobras",
    "3f9b434e-048b-4cc7-9f64-90faa942c0b7-paper-2": "801b16ca-c991-454c-b97a-b358ab8eea75-paper-5"
  },
  "onu_85085774511.json": {
    "3f9b434e-048b-4cc7-9f64-90faa942c0b7-1,300-11-m3-12": "07bf9801-f530-468c-9921-66afca9b2b91-6,700-6-bbls-7",
    "3f9b434e-048b-4cc7-9f64-90faa942c0b7-refinery-13": "07bf9801-f530-468c-9921-66afca9b2b91-oil-9",
    "3f9b434e-048b-4cc7-9f64-90faa942c0b7-oil-16-terminal-17": "07bf9801-f530-468c-9921-66afca9b2b91-oil-9",
    "3f9b434e-048b-4cc7-9f64-90faa942c0b7-performed-10": "07bf9801-f530-468c-9921-66afca9b2b91-performed-7",
    "3f9b434e-048b-4cc7-9f64-90faa942c0b7-57-5": "07bf9801-f530-468c-9921-66afca9b2b91-32-4",
    "3f9b434e-048b-4cc7-9f64-90faa942c0b7-range-11": "07bf9801-f530-468c-9921-66afca9b2b91-range-3"
  },
  "onu_85085774766.json": {
    "NE-TITLE-marine": "5c9d47d5-c3a5-4b99-97b0-f55b0ce24e97-evaluating-14",
    "NE-ORGANIZATION-PETROBRAS": "NE-ORGANIZATION-Petrobras"
  },
  "onu_85085775194.json": {
    "NE-ORGANIZATION-PETROBRAS": "NE-ORGANIZATION-Petrobras",
    "3f9b434e-048b-4cc7-9f64-90faa942c0b7-paper-2": "84e4f7e4-b6c1-4975-bd01-e021f5afdff1-paper-2",
    "3f9b434e-048b-4cc7-9f64-90faa942c0b7-results-5": "84e4f7e4-b6c1-4975-bd01-e021f5afdff1-results-26"
  },
  "onu_85085775396.json": {},
  "onu_85085775562.json": {
    "3f9b434e-048b-4cc7-9f64-90faa942c0b7-results-5": "5e83a3a6-8e89-4b18-8ff5-f69454f22032-results-6",
    "3f9b434e-048b-4cc7-9f64-90faa942c0b7-results-10": "5e83a3a6-8e89-4b18-8ff5-f69454f22032-results-6"
  },
  "onu_85085775753.json": {
    "NE-TITLE-marine": "72eacda2-592b-43b1-a3c6-ae79db1d0a06-natural-30",
    "NE-CITY-Bay": "72eacda2-592b-43b1-a3c6-ae79db1d0a06-beach-6",
    "3f9b434e-048b-4cc7-9f64-90faa942c0b7-performed-10": "72eacda2-592b-43b1-a3c6-ae79db1d0a06-performed-6",
    "3f9b434e-048b-4cc7-9f64-90faa942c0b7-collected-8": "72eacda2-592b-43b1-a3c6-ae79db1d0a06-collected-3"
  },
  "onu_85085775962.json": {
    "3f9b434e-048b-4cc7-9f64-90faa942c0b7-paper-2": "be473474-e9c1-4908-947b-6970a8bfa756-paper-2",
    "3f9b434e-048b-4cc7-9f64-90faa942c0b7-performed-10": "be473474-e9c1-4908-947b-6970a8bfa756-performed-13",
    "3f9b434e-048b-4cc7-9f64-90faa942c0b7-results-7": "be473474-e9c1-4908-947b-6970a8bfa756-results-3"
  },
  "onu_85085776151.json": {
    "3f9b434e-048b-4cc7-9f64-90faa942c0b7-leak-6": "5bd9eda6-5812-4578-ab2b-6a61cf688e44-fluids-6",
    "NE-ORGANIZATION-PETROBRAS": "NE-ORGANIZATION-PETROBRAS",
    "3f9b434e-048b-4cc7-9f64-90faa942c0b7-oil-16-terminal-17": "5bd9eda6-5812-4578-ab2b-6a61cf688e44-Gas-9-Oil-11-Ratio-12"
  },
  "onu_85085776159.json": {
    "NE-ORGANIZATION-PETROBRAS": "NE-ORGANIZATION-Petrobras"
  },
  "onu_85085776356.json": {
    "NE-TITLE-marine": "2a540db1-9714-4a1f-b95b-65922ff9ef32-offshore-3",
    "NE-ORGANIZATION-PETROBRAS": "NE-ORGANIZATION-Petrobras"
  },
  "onu_85085776372.json": {
    "3f9b434e-048b-4cc7-9f64-90faa942c0b7-samples-6": "c59dc365-dd43-4a22-8bcc-877027142262-data-2",
    "3f9b434e-048b-4cc7-9f64-90faa942c0b7-results-7": "c59dc365-dd43-4a22-8bcc-877027142262-results-27"
  },
  "onu_85085776540.json": {
    "3f9b434e-048b-4cc7-9f64-90faa942c0b7-oil-16-terminal-17": "544389f0-af01-489c-a71e-5e23542d32c5-oil-24-fields-25"
  },
  "onu_85085776958.json": {},
  "onu_85085777009.json": {
    "NE-ORGANIZATION-PETROBRAS": "NE-ORGANIZATION-Petrobras"
  },
  "onu_85085777884.json": {
    "NE-TITLE-marine": "NE-TITLE-marine",
    "3f9b434e-048b-4cc7-9f64-90faa942c0b7-pipeline-9": "943cc533-ce82-452e-94d0-14fafa0d4754-pipeline-16",
    "3f9b434e-048b-4cc7-9f64-90faa942c0b7-refinery-13": "943cc533-ce82-452e-94d0-14fafa0d4754-pipeline-16",
    "3f9b434e-048b-4cc7-9f64-90faa942c0b7-oil-16-terminal-17": "943cc533-ce82-452e-94d0-14fafa0d4754-pipeline-16"
  },
  "onu_85085778037.json": {
    "NE-ORGANIZATION-PETROBRAS": "NE-ORGANIZATION-Petrobras",
    "3f9b434e-048b-4cc7-9f64-90faa942c0b7-oil-16-terminal-17": "2dd1a90e-7412-4b7d-ac70-cba9b0380628-oilfield-45"
  },
  "onu_85085778412.json": {
    "3f9b434e-048b-4cc7-9f64-90faa942c0b7-paper-2": "4fb375aa-30f3-49a6-9346-70a70e51f8b9-paper-2"
  },
  "onu_85085778651.json": {
    "3f9b434e-048b-4cc7-9f64-90faa942c0b7-samples-6": "42684b28-71f8-41aa-ada5-b427f3c87f94-samples-6"
  },
  "onu_85085778850.json": {
    "3f9b434e-048b-4cc7-9f64-90faa942c0b7-results-5": "aefa100b-fd33-476c-8121-310d23ec4cbc-results-71"
  },
  "onu_85085778895.json": {
    "NE-ORGANIZATION-PETROBRAS": "NE-ORGANIZATION-Petrobras",
    "3f9b434e-048b-4cc7-9f64-90faa942c0b7-paper-2": "b7a10045-d4c2-447e-907a-820163ea176a-paper-2"
  },
  "onu_85085779136.json": {
    "NE-ORGANIZATION-PETROBRAS": "NE-ORGANIZATION-Petrobras"
  },
  "onu_85085779144.json": {},
  "onu_85085780309.json": {},
  "onu_85085850094.json": {
    "NE-TITLE-marine": "44a03514-5795-44e8-9d1b-fd93129ad66f-offshore-3",
    "NE-ORGANIZATION-PETROBRAS": "NE-ORGANIZATION-Petrobras"
  },
  "onu_85086232639.json": {},
  "onu_85086245971.json": {
    "3f9b434e-048b-4cc7-9f64-90faa942c0b7-performed-10": "5b314478-44cb-4cb9-a631-b9e343125cc4-performed-10"
  },
  "onu_85086248840.json": {
    "NE-ORGANIZATION-PETROBRAS": "NE-ORGANIZATION-Petrobras",
    "3f9b434e-048b-4cc7-9f64-90faa942c0b7-paper-2": "9634cff3-f7bf-4dd4-9bdd-d4ce051d15e4-paper-2"
  },
  "onu_85086257600.json": {},
  "onu_85086355916.json": {
    "3f9b434e-048b-4cc7-9f64-90faa942c0b7-collected-8": "6a84737e-7f50-43ba-b607-a9cc1e4dcfab-collected-18"
  },
  "onu_85086628030.json": {
    "NE-TITLE-marine": "a73dc049-c132-4e65-b2aa-4a929784f44d-deep-12",
    "3f9b434e-048b-4cc7-9f64-90faa942c0b7-sediments-3": "a73dc049-c132-4e65-b2aa-4a929784f44d-sediments-21"
  },
  "onu_85086649140.json": {},
  "onu_85086667338.json": {
    "3f9b434e-048b-4cc7-9f64-90faa942c0b7-leak-6": "c26fa3b4-e85d-44f5-a212-fecb246d8968-deposition-13"
  },
  "onu_85086808985.json": {
    "3f9b434e-048b-4cc7-9f64-90faa942c0b7-refinery-13": "bf917e90-7343-4ac5-9605-4309e100073a-reservoirs-22"
  },
  "onu_85086809805.json": {
    "NE-ORGANIZATION-PETROBRAS": "NE-ORGANIZATION-Petrobras",
    "3f9b434e-048b-4cc7-9f64-90faa942c0b7-paper-2": "6af17be2-6207-49d6-b833-4d7a7d7f3202-paper-2"
  },
  "onu_85086829622.json": {
    "NE-TITLE-marine": "b4397664-2f84-441a-a57c-f2048b42eb8c-chemical-11",
    "3f9b434e-048b-4cc7-9f64-90faa942c0b7-chemical-2-analysis-3": "b4397664-2f84-441a-a57c-f2048b42eb8c-analysis-4",
    "3f9b434e-048b-4cc7-9f64-90faa942c0b7-results-7": "b4397664-2f84-441a-a57c-f2048b42eb8c-Results-1"
  },
  "onu_85086929987.json": {
    "NE-TITLE-marine": "NE-TITLE-marine",
    "3f9b434e-048b-4cc7-9f64-90faa942c0b7-sediments-3": "bf00c9a7-3a6c-4c86-8963-d608a1190c8b-sediments-13",
    "3f9b434e-048b-4cc7-9f64-90faa942c0b7-PAHs-10": "NE-MISC-PAHs",
    "3f9b434e-048b-4cc7-9f64-90faa942c0b7-GC-12-MS-14": "bf00c9a7-3a6c-4c86-8963-d608a1190c8b-GC-33"
  },
  "onu_85087227840.json": {},
  "onu_85087228205.json": {
    "3f9b434e-048b-4cc7-9f64-90faa942c0b7-paper-2": "fb7e8c11-5740-4da0-9139-e7047dada05c-paper-2"
  },
  "onu_85087345946.json": {
    "3f9b434e-048b-4cc7-9f64-90faa942c0b7-results-5": "ecbc98e9-efbb-4ae9-83bd-05ad8cc1b6e9-results-49",
    "3f9b434e-048b-4cc7-9f64-90faa942c0b7-0.04-13-11.56-15-μg-16-1-20": "ecbc98e9-efbb-4ae9-83bd-05ad8cc1b6e9-ΔH-7-0.25-9-m-10"
  }
}